deal_id,company_name,crm_account_id,opportunity_name,segment,industry,region,rep_name,rep_id,account_owner,sdr_name,product_line,contract_type,lead_source,competitor_primary,competitor_secondary,acv_usd,net_acv_usd,tcv_usd,discount_pct,budget_confirmed,budget_range_stated,created_date,close_date,sales_cycle_days,days_in_current_stage,stage_change_count,stage_regression_count,days_to_proposal,days_to_first_exec_engagement,current_stage,champion_name,champion_title,champion_seniority,champion_tenure_at_company_yrs,economic_buyer_name,economic_buyer_title,executive_sponsor_engaged,economic_buyer_meetings,unique_stakeholders_total,unique_stakeholders_at_midpoint,it_security_contact_identified,legal_contact_identified,finance_contact_identified,email_response_latency_start_days,email_response_latency_end_days,email_response_latency_delta_days,email_response_rate,total_emails_sent,total_emails_received,days_since_last_rep_touch,days_since_last_activity,last_email_subject,total_calls,call_frequency_per_week,meeting_count_total,meeting_count_last_30d,demo_count,last_meeting_type,days_since_multithread_touch,multithread_attempt_count,champion_engagement_score,champion_engagement_score_delta,stakeholder_breadth_trend,competitive_mentions_count,pricing_objection_raised,pricing_objection_count,feature_gap_flagged,security_objection_raised,proposal_sent,technical_validation_complete,security_review_complete,legal_review_started,legal_review_complete,procurement_engaged,msa_redlines_received,sow_sent,product_trial_active,trial_days_active,trial_feature_adoption_score,integration_poc_complete,open_support_tickets,intent_score,website_visits_last_30d,g2_profile_viewed,content_downloads_count,linkedin_engagement_score,rep_notes,last_call_notes_snippet,nps_score,forecast_category,next_step_defined,next_step_due_date,mutual_action_plan_shared,outcome,stated_loss_reason,injected_stall_signature
PIPE-2088,Barnes-Hensley,ACC-41209,Anderson Inc - Analytics Suite Multi-Year,Enterprise,Technology,Southeast,Marcus Chen,REP-102,Amara Osei,,Analytics Suite,Multi-Year,Event / Conference,Alation,,653500.0,457400.0,1064200.0,0.35,True,<$50k,02/23/2026,,,7,2,3,41.0,5.0,Prospecting,Michael Vasquez,Head of Data Engineering,Manager,4.4,Kristin Freeman,CTO,True,2,7,6,,False,True,2.3,2.5,0.2,0.83,60,50,8,19,,7,2.4,9,2,1,POC Review,3,4,94,9,,5,True,4,True,False,True,False,True,True,,False,False,True,False,,76.0,False,2,95.0,3,,6.0,,Lost — price / budget. No additional detail.,Town indicate five think get technology former husband discuss.,7.0,Pipeline,False,03-May-2026,True,,,Competitor Displacement
PIPE-2126,"Hall,TaylorandBuchanan",ACC-14144,Crawford and Sons - Analytics Suite Monthly,SMB,Technology,APAC,Priya Shah,REP-101,Jordan Blake,Jaylen Ford,Analytics Suite,Monthly,Outbound SDR,Atlan,,16800.0,15500.0,42800.0,0.08,False,,"March 09, 2026",,,10,6,1,23.0,,Prospecting,Paul Clark,Analytics Engineer,IC,11.9,Robert Love,VP Engineering,False,0,2,1,True,False,True,0.7,1.9,1.2,0.51,45,23,2,10,,9,2.8,2,4,2,Executive QBR,9,3,82,-7,Contracting,1,True,2,True,False,True,False,True,False,False,False,False,True,True,5.0,,False,1,59.0,6,True,2.0,,Lost — champion left. No additional detail.,According realize fine pressure economy to daughter knowledge environment.,10.0,Omitted,,,False,,,Exec Vacuum
PIPE-2045,"HUNT, RIOS AND LEE",ACC-75584,Wade-Bennett - Core Platform Annual,SMB,Insurance,Midwest,Sophia Nguyen,REP-105,Hana Takeda,Grace Okonkwo,Core Platform,Annual,Cold Email Sequence,Monte Carlo,,28200.0,28200.0,28200.0,0.0,,$50k–$150k,2026-01-22,,,7,5,1,,,Prospecting,Amber Becker,Data Platform Lead,Manager,,Susan Wilkins,Chief Data Officer,False,2,5,1,True,True,True,1.7,7.28,5.58,0.86,14,12,3,3,Checking in,15,0.7,12,3,1,Discovery,34,3,39,-34,Contracting,1,True,1,False,True,False,True,True,True,False,,False,False,False,,,,2,77.0,4,False,,,Lost — champion left. No additional detail.,Long cultural usually available enough energy by put want letter physical physical include too guy.,9.0,Best Case,False,"May 19, 2026",False,,,Champion Collapse
PIPE-2011,TURNER-VILLARREAL,ACC-10907,Melendez-Evans - Governance Module Multi-Year,SMB,Retail,Northeast,Tyler Brooks,REP-108,Hana Takeda,Jaylen Ford,Governance Module,Multi-Year,LinkedIn Outbound,None / Greenfield,,20300.0,20300.0,57900.0,0.0,,$50k–$150k,2026-03-20,,,16,4,0,40.0,29.0,Negotiation,Samantha Aguilar,Data Platform Lead,Manager,3.4,Carlos Burke,VP Operations,True,1,6,6,,True,True,1.1,2.8,1.7,0.41,58,24,8,6,Re: Follow up from our call,5,1.6,2,2,1,,8,1,78,0,Expanding,2,False,0,False,False,True,False,False,False,True,,True,False,False,,27.0,True,0,81.0,6,,3.0,98.0,Lost — wrong timing. No additional detail.,,8.0,Omitted,False,05-May-2026,False,,,
PIPE-2052,Dixon and Sons Inc,ACC-39591,Lloyd Inc - Governance Module Annual,Enterprise,Financial Services,APAC,David Park,REP-104,Hana Takeda,,Governance Module,Annual,Cold Email Sequence,Snowflake,,500800.0,365600.0,365600.0,0.27,False,$150k–$500k,2026-04-01,,,6,5,0,,9.0,Prospecting,Melanie Boyd,Head of Data Engineering,Manager,3.8,Christopher Alexander,COO,True,1,6,4,False,False,False,2.1,1.5,-0.6,0.9,21,19,3,5,Checking in,7,2.8,9,4,4,Executive QBR,8,1,58,-5,Expanding,0,False,0,True,True,False,True,True,False,False,False,True,False,True,21.0,,False,0,69.0,22,,4.0,,Lost — no decision / stalled. No additional detail.,Word several fact give contain line according pay suddenly nearly case like stop attorney radio.,6.0,Pipeline,False,"April 27, 2026",,,,
PIPE-2128,"Phillips-Richard, Inc.",ACC-17958,Parker-Luna - Full Bundle Monthly,Mid-Market,Media,APAC,Rachel Kim,REP-107,Amara Osei,Jaylen Ford,Full Bundle,Monthly,Event / Conference,Databricks,,60800.0,43200.0,118600.0,0.29,False,,03/29/2026,,,11,6,0,44.0,,Discovery,Anne Burns,Head of Data Engineering,Manager,4.9,Rebecca Ford,CTO,False,1,7,1,,False,True,1.0,6.47,5.47,0.41,34,14,4,10,Checking in,19,2.4,4,1,2,POC Review,35,5,48,-31,Contracting,0,False,0,False,False,True,True,False,True,True,False,False,True,False,,31.0,,0,82.0,9,True,,98.0,Lost — security / compliance failed. No additional detail.,Itself air deal certainly station cup wide why investment more pattern.,9.0,,,,True,,,Champion Collapse
PIPE-2115,wheeler llc,ACC-77354,Mitchell-Curry - Core Platform Annual,Enterprise,Logistics,West,Nina Petrov,REP-109,,Jaylen Ford,Core Platform,Annual,Partner Referral,Atlan,,545200.0,441600.0,441600.0,0.31,,>$500k,"March 22, 2026",,,15,4,2,,14.0,Proposal Sent,Gary Taylor,Analytics Engineer,IC,8.5,Patrick Horton,CFO,True,3,3,1,True,False,False,1.6,1.7,0.1,0.19,54,10,8,18,Checking in,13,0.8,8,5,4,Technical Review,6,1,92,6,Expanding,4,True,4,False,True,False,True,True,False,False,False,True,True,False,,67.0,True,1,63.0,19,,,,lost to fivetran on connector breadth.. they had 200+ native connectors..,,9.0,Pipeline,False,05/09/2026,False,,,Competitor Displacement
PIPE-2066,DAVIS-MORSE,ACC-36555,"Heath, Stewart and Johnson - Full Bundle Annual",Mid-Market,Manufacturing,West,David Park,REP-104,Liam Sutherland,,Full Bundle,Annual,Partner Referral,dbt Labs,,63500.0,63500.0,63500.0,0.0,True,<$50k,02/20/2026,,,13,5,1,,6.0,Prospecting,Katherine Nichols,Data Engineer,IC,3.1,Christopher Lee,Director of IT,True,5,3,2,False,False,False,1.7,2.1,0.4,0.73,22,16,2,1,Checking in,16,1.0,12,2,2,Technical Review,5,4,92,13,Stable,1,False,0,False,False,False,True,False,False,,False,,False,True,30.0,,True,1,93.0,12,True,,,Lost — no decision / stalled. No additional detail.,Focus add tough impact onto future west four she road difference share while upon raise hotel crime.,9.0,Commit,False,"April 26, 2026",True,,,
PIPE-2037,"WILLIAMS, BURNS AND GOULD",ACC-31816,Miller Inc - Core Platform Pilot,Mid-Market,Manufacturing,Southwest,James O'Brien,REP-106,Hana Takeda,Jaylen Ford,Core Platform,Pilot,Outbound SDR,None / Greenfield,Fivetran,73300.0,54200.0,152900.0,0.26,False,<$50k,2026-02-12,,,17,2,0,38.0,,Negotiation,Zachary Morrison,VP of Data,VP,5.3,Elizabeth Buchanan,Director of IT,False,0,6,1,True,False,False,1.7,7.6,5.9,0.17,29,5,5,0,Re: Follow up from our call,16,2.2,2,2,4,Discovery,28,5,49,-21,Expanding,2,False,0,False,True,True,False,True,False,,False,,False,True,11.0,,False,2,77.0,13,,6.0,,Our champion got moved to a different team mid-deal. Lost access.,Focus how home eye article kid week hundred outside theory her.,8.0,Pipeline,False,,True,,,Champion Collapse
PIPE-2004-DUP,"Sanchez-Wilson, Inc.",ACC-44660,"Welch, Duran and Meyer - Governance Module Multi-Year",Mid-Market,Logistics,EMEA,Nina Petrov,REP-109,Benjamin Cross,Frankie Hale,Governance Module,Multi-Year,Inbound - Website,Alation,,59200.0,56800.0,132900.0,0.04,True,,2026-02-14,,,3,4,0,12.0,,Discovery,Christopher Bell,BI Lead,Manager,2.0,Charles Pham,Chief Data Officer,False,0,2,1,True,,,1.2,7.08,5.88,0.76,17,13,7,8,Checking in,3,2.4,3,4,3,,25,1,28,-26,Stable,1,False,0,False,True,True,False,False,True,False,True,False,False,True,18.0,92.0,,0,74.0,9,,2.0,,Lost — no decision / stalled. No additional detail.,Easy know set few car four ahead news wife interest morning whether name agree.,9.0,Omitted,False,"April 26, 2026",True,,,Champion Collapse
PIPE-2148,"fernandez, graham and tate",ACC-75705,Carlson-Anderson - Analytics Suite Annual,SMB,Energy,Midwest,Rachel Kim,REP-107,Jordan Blake,Grace Okonkwo,Analytics Suite,Annual,Partner Referral,Starburst,Snowflake,26400.0,23200.0,,0.12,False,$150k–$500k,"January 28, 2026",,,15,4,1,,,Proposal Sent,Jennifer Kelley,Senior Data Engineer,IC,3.3,,VP Operations,False,0,4,2,,,False,1.1,2.3,1.2,0.86,51,44,2,2,Introduction: Taylor <> Tiger Data,20,1.2,11,1,4,,7,0,80,-3,Expanding,2,True,2,False,True,False,False,True,True,True,False,False,False,True,23.0,55.0,False,2,66.0,6,False,8.0,66.0,Lost — security / compliance failed. No additional detail.,Practice by hard church marriage make raise and as hair various weight deal response challenge challenge.,7.0,Best Case,True,01-May-2026,False,,,Exec Vacuum
PIPE-2041,"Silva, Cruz and Powell, Inc.",ACC-40931,,SMB,Manufacturing,APAC,David Park,REP-104,Benjamin Cross,,Full Bundle,Annual,LinkedIn Outbound,Starburst,,23700.0,21100.0,21100.0,0.11,True,$150k–$500k,01-Feb-2026,,,6,6,0,19.0,,Technical Validation,Patrick Woods,Data Platform Lead,Manager,5.4,Cynthia Vang,CFO,False,0,5,3,True,True,,2.3,1.3,-1.0,0.33,18,6,8,6,following up again...,18,1.9,4,5,3,Executive QBR,3,0,76,8,Stable,2,True,2,False,True,True,True,False,False,True,False,True,True,False,,31.0,,2,50.0,11,False,2.0,,Lost — no decision / stalled. No additional detail.,Which than shake reason choice media response charge truth society speech state.,9.0,Commit,False,2026-05-14,False,,,
PIPE-2090,murphy inc,ACC-35806,,Mid-Market,Retail,Midwest,Rachel Kim,REP-107,Amara Osei,Jaylen Ford,Governance Module,Monthly,PLG Expansion,Databricks,Databricks,53100.0,45100.0,92800.0,0.15,,$50k–$150k,2026-04-09,,,20,5,0,17.0,,Proposal Sent,Carol Jensen,VP of Data,VP,4.4,Summer Davis,Head of Product,False,0,4,2,False,True,False,1.2,2.3,1.1,0.14,50,7,8,9,Re: Follow up from our call,8,0.7,6,4,3,POC Review,12,1,84,-6,Stable,1,True,1,True,False,True,False,False,False,False,False,,True,False,,,True,2,,4,True,8.0,,lost — price / budget.. no additional detail..,Decide city admit test war mission woman camera kind their lose.,7.0,Omitted,True,"May 15, 2026",True,,,
PIPE-2060,Mcdonald-Mata,ACC-95966,Sawyer-Nguyen - Full Bundle Monthly,Mid-Market,Healthcare,Midwest,Emily Rodriguez,REP-103,Jordan Blake,,Full Bundle,Monthly,Executive Referral,Collibra,Alation,117200.0,117200.0,261400.0,0.0,False,>$500k,20-Feb-2026,,,10,2,0,,,Proposal Sent,Ashley Osborn,BI Lead,Manager,,Kelly Mcclain,VP Operations,False,0,7,5,True,False,,1.3,2.2,0.9,0.59,46,27,6,6,,4,2.9,5,1,4,Demo,4,0,75,-1,Stable,0,False,0,True,False,False,False,True,False,,,False,True,False,,51.0,True,2,90.0,20,,,,Lost — price / budget. No additional detail.,,10.0,Omitted,True,,True,,,
PIPE-2024,"Reyes, Holder and Blake, Inc.",ACC-21656,"Blake, James and Thompson - Full Bundle Pilot",Mid-Market,Healthcare,Northeast,James O'Brien,REP-106,Hana Takeda,Isla Berg,Full Bundle,Pilot,PLG Expansion,dbt Labs,Starburst,80300.0,62600.0,126900.0,0.22,True,>$500k,26-Feb-2026,,,9,5,1,,,Prospecting,John Moore,Analytics Engineer,IC,10.9,,CFO,False,0,7,5,True,True,True,2.3,0.9,-1.4,0.22,41,9,8,2,Re: Follow up from our call,10,1.5,5,3,2,Demo,10,2,72,9,Stable,0,True,3,True,,False,False,True,False,,True,False,False,False,,84.0,,2,84.0,24,False,5.0,,no exec sponsor.. deal died when q4 budgets froze..,Pull want face child cover decision information adult middle road.,8.0,Best Case,False,2026-05-16,True,,,Exec Vacuum
PIPE-2085,harvey-gordon,ACC-51434,"Montgomery, Lawrence and Weaver - Governance Module Multi-Year",Mid-Market,Energy,West,Alex Morgan,REP-100,Amara Osei,Isla Berg,Governance Module,Multi-Year,Cold Email Sequence,Alation,,47100.0,38600.0,96400.0,0.18,True,<$50k,12-Feb-2026,,,18,5,1,,,Negotiation,John Carter,Data Engineer,IC,4.1,David Hayes,CTO,False,0,7,5,True,True,False,2.5,2.7,0.2,0.61,51,31,5,6,Quick question on the proposal,13,1.2,6,5,4,Demo,4,3,75,14,Contracting,1,True,2,True,True,False,False,True,False,False,,,True,True,6.0,,,0,86.0,11,False,3.0,13.0,Lost — wrong timing. No additional detail.,,9.0,Best Case,False,,False,,,
PIPE-2084,"Scott, Daniel and Ramirez, Inc.",ACC-62403,Hughes-Phillips - Full Bundle Annual,Enterprise,Financial Services,Southeast,Alex Morgan,REP-100,Benjamin Cross,Grace Okonkwo,Full Bundle,Annual,Cold Email Sequence,Atlan,,634100.0,634100.0,634100.0,0.0,False,$150k–$500k,03/19/2026,,,4,6,1,,,Prospecting,Taylor Mullen,Lead Data Engineer,IC,4.6,,COO,False,0,3,1,True,False,,1.2,8.72,7.52,0.56,27,15,6,3,,4,1.4,2,5,1,,18,0,24,-20,Stable,2,False,0,False,False,False,False,False,True,,True,True,False,True,5.0,,,2,95.0,5,True,,40.0,lost — security / compliance failed.. no additional detail..,,6.0,Omitted,False,05-May-2026,True,,,Champion Collapse
PIPE-2086,"Graham, Dominguez and Cook LLC",ACC-93179,Travis PLC - Governance Module Annual,Mid-Market,Media,APAC,Priya Shah,REP-101,Benjamin Cross,Frankie Hale,Governance Module,Annual,Event / Conference,Collibra,None / Greenfield,148200.0,108200.0,108200.0,0.27,False,,2026-03-03,,,12,2,0,,,Technical Validation,James Wright,Data Engineer,IC,7.3,Ashley Pittman,COO,False,0,8,8,True,False,False,0.5,2.3,1.8,0.69,16,11,7,9,Quick question on the proposal,18,2.9,10,1,1,Pricing,2,0,63,-10,Stable,0,True,3,False,True,False,False,True,False,,,,True,True,10.0,91.0,False,1,74.0,22,True,7.0,93.0,Lost — missing feature. No additional detail.,Expert far page instead small glass budget thought wonder important sound carry car TV test artist walk.,,Pipeline,,"April 22, 2026",,,,Exec Vacuum
PIPE-2145,Scott-Hogan,ACC-81213,Larsen-Walter - Core Platform Pilot,SMB,Insurance,West,Marcus Chen,REP-102,Amara Osei,Elena Ruiz,Core Platform,Pilot,Cold Email Sequence,Fivetran,,31600.0,26900.0,60800.0,0.15,False,,25-Jan-2026,,,19,5,0,,32.0,Prospecting,Melissa Porter,VP of Data,VP,2.2,,SVP Technology,True,4,3,3,,,False,1.1,1.7,0.6,0.76,17,13,1,2,fwd: technical review docs,3,0.5,3,1,4,Executive QBR,13,1,63,-3,Stable,2,True,2,True,True,False,True,True,True,,,False,True,False,,,True,0,73.0,15,True,,8.0,Lost — price / budget. No additional detail.,Event nor enjoy not good star activity quite sure forward training may.,10.0,Commit,True,2026-05-10,True,,,
PIPE-2129,Swanson-Anderson,ACC-65007,"Lewis, Lang and Johnson - Governance Module Annual",Mid-Market,Technology,Northeast,Tyler Brooks,REP-108,Jordan Blake,Isla Berg,Governance Module,Annual,Partner Referral,Fivetran,,93400.0,86900.0,86900.0,0.24,False,<$50k,12-Mar-2026,,,3,5,3,20.0,,Discovery,Lisa Lawson,Senior Data Engineer,IC,8.7,,VP Engineering,False,0,7,5,True,False,False,0.5,2.2,1.7,0.29,49,14,2,12,[External] Re: Tiger Data POC,12,1.7,12,1,1,Pricing,8,4,61,0,Contracting,6,True,4,True,False,True,False,True,True,,False,True,,False,,,False,0,85.0,24,False,1.0,82.0,Lost — chose competitor. No additional detail.,Question bag head draw behind member serious station inside generation guy ball.,6.0,Commit,True,,True,,,Competitor Displacement
PIPE-2065,"Walsh, Atkins and Yang LLC",ACC-40107,Burnett-Padilla - Analytics Suite Multi-Year,Enterprise,Media,Southwest,Rachel Kim,REP-107,Liam Sutherland,Grace Okonkwo,Analytics Suite,Multi-Year,Event / Conference,Collibra,dbt Labs,224200.0,224200.0,575100.0,0.0,False,$150k–$500k,2026-02-07,,,11,2,1,,29.0,Prospecting,Jessica Hunter,Data Platform Lead,Manager,,,VP Engineering,True,4,3,2,False,True,,0.6,0.9,0.3,0.63,38,24,1,6,fwd: technical review docs,8,0.8,2,4,1,Demo,6,1,88,1,Stable,2,False,0,True,False,False,False,False,True,False,False,True,False,False,,49.0,False,0,79.0,24,True,,,lost — no decision / stalled.. no additional detail..,Form program something author local finally statement yard quality major western decision you present better rather letter.,10.0,Best Case,,,True,,,
PIPE-2132,Robinson-Brown LLC,ACC-20109,"Phelps, Smith and Thomas - Analytics Suite Pilot",Enterprise,Retail,APAC,Sophia Nguyen,REP-105,Benjamin Cross,Grace Okonkwo,Analytics Suite,Pilot,LinkedIn Outbound,Databricks,,541400.0,422300.0,848500.0,0.22,False,<$50k,03/31/2026,,,14,2,0,24.0,,Negotiation,Julie Harris,Data Architect,IC,7.5,Connie Paul,COO,False,0,7,7,,False,False,2.2,2.0,-0.2,0.27,22,6,1,3,Quick question on the proposal,13,1.7,3,4,1,Technical Review,2,3,86,0,Contracting,0,False,0,True,True,True,True,False,False,,False,False,False,True,21.0,75.0,True,0,74.0,4,True,3.0,,Lost — missing feature. No additional detail.,Go hospital some daughter relate control water daughter truth later nor.,10.0,Pipeline,True,08-May-2026,False,,,
PIPE-2137-DUP,RICE-LARSON,ACC-91238,Barajas and Sons - Full Bundle Annual,Enterprise,Media,Southeast,James O'Brien,REP-106,Amara Osei,Grace Okonkwo,Full Bundle,Annual,Outbound SDR,Starburst,Databricks,526500.0,526500.0,526500.0,0.0,,>$500k,05-Apr-2026,,,60,2,0,19.0,22.0,Technical Validation,Melissa Price,Data Platform Lead,Manager,,Kathy Brown,Director of IT,True,4,5,5,True,,,0.6,1.9,1.3,0.25,35,8,14,20,,10,1.3,5,0,3,Executive QBR,15,0,60,15,Expanding,2,False,0,False,True,True,False,True,False,,True,True,False,False,,82.0,False,2,69.0,25,True,1.0,58.0,"just went dark.. last email 3 weeks ago, no response..",,6.0,Best Case,True,"May 21, 2026",False,,,Ghost Stall
PIPE-2028,HUNTER LTD,ACC-87364,"Johnson, Elliott and Hull - Analytics Suite Monthly",Mid-Market,Logistics,EMEA,David Park,REP-104,,Grace Okonkwo,Analytics Suite,Monthly,Outbound SDR,Snowflake,,109600.0,109600.0,220200.0,0.22,,>$500k,2026-02-06,,,11,5,1,11.0,,Discovery,Laura Crawford,Data Architect,IC,8.1,Cynthia Hicks,Head of Product,False,0,4,3,True,True,False,1.9,1.6,-0.3,0.73,26,19,7,18,,13,1.0,8,1,2,POC Review,9,0,82,10,Expanding,3,True,1,True,False,True,True,True,True,False,,True,,True,25.0,75.0,False,0,87.0,13,,3.0,,Snowflake offered a massive discount at the last minute. We couldn't match.,Finally best Democrat dark soldier example moment significant arrive air.,10.0,Omitted,False,"April 27, 2026",,,,Competitor Displacement
PIPE-2032,Richardson-Perez,ACC-38317,Monroe Inc - Core Platform Multi-Year,Enterprise,Logistics,Southwest,Emily Rodriguez,REP-103,Benjamin Cross,,Core Platform,Multi-Year,Outbound SDR,Alation,,426300.0,302700.0,748500.0,0.29,False,$50k–$150k,13-Feb-2026,,,15,6,1,,16.0,Technical Validation,Amanda Hernandez,Data Architect,IC,1.5,Lynn Burnett,Chief Data Officer,True,2,4,3,True,False,False,1.7,1.6,-0.1,0.8,10,8,7,7,,14,1.2,8,5,1,Executive QBR,4,4,88,7,Stable,0,True,2,,False,False,False,False,True,,,,True,False,,100.0,,1,,22,,8.0,57.0,Lost — missing feature. No additional detail.,Small page eat off according be enough us small them nothing season store.,9.0,Commit,True,"April 26, 2026",False,,,
PIPE-2040,PEREZ-HALL,ACC-28120,"Stone, Alvarado and Cross - Core Platform Annual",Mid-Market,Retail,Southeast,Emily Rodriguez,REP-103,,Isla Berg,Core Platform,Annual,Executive Referral,Fivetran,Snowflake,59600.0,59600.0,59600.0,0.0,False,>$500k,01-Mar-2026,,,6,5,1,24.0,,Prospecting,Dr. Jacqueline Martin,Lead Data Engineer,IC,11.2,,SVP Technology,False,0,2,1,True,,False,0.8,1.9,1.1,1.0,53,53,5,1,Q4 pricing — URGENT,18,1.0,10,2,1,Technical Review,13,4,92,14,Expanding,0,True,1,True,True,True,True,False,True,True,True,False,False,False,,24.0,True,2,64.0,5,True,0.0,74.0,lost — security / compliance failed.. no additional detail..,Stand risk growth trade theory serious find reason.,10.0,,False,2026-05-10,True,,,
PIPE-2070,Ray PLC Inc,ACC-87213,Baker Group - Analytics Suite Annual,Enterprise,Technology,EMEA,Marcus Chen,REP-102,Hana Takeda,Elena Ruiz,Analytics Suite,Annual,LinkedIn Outbound,Alation,,192700.0,192700.0,192700.0,0.21,True,<$50k,07-Apr-2026,,,11,2,1,,,Discovery,Joseph Benson,Head of Data Engineering,Manager,,Jennifer Bennett,CTO,False,0,6,6,False,False,False,2.4,3.0,0.6,0.93,14,13,7,19,,12,0.9,9,4,3,Discovery,1,2,93,5,Expanding,3,True,3,True,True,False,True,False,False,False,False,,True,False,,48.0,True,0,84.0,10,,,29.0,Lost — chose competitor. No additional detail.,Way interest upon admit water contain artist know we put.,7.0,Omitted,False,2026-04-30,True,,,Competitor Displacement
PIPE-2108,"The Jackson, Mcdonald and Greene",ACC-38634,,Enterprise,Logistics,Southwest,Alex Morgan,REP-100,Jordan Blake,Isla Berg,Governance Module,Pilot,Partner Referral,Monte Carlo,,279400.0,279400.0,748500.0,0.0,False,$50k–$150k,04-Mar-2026,,,15,5,1,,,Negotiation,Joseph Small,Senior Data Engineer,IC,4.0,,CTO,False,5,5,1,True,True,True,1.1,7.95,6.85,0.16,44,7,2,8,,7,2.5,12,1,3,Technical Review,34,2,29,-23,Stable,2,False,0,,True,False,False,False,False,False,False,False,True,True,24.0,33.0,True,2,87.0,18,,,,lost — price / budget.. no additional detail..,,7.0,Pipeline,False,,,,,Champion Collapse
PIPE-2106,"chandler, davis and compton",ACC-17700,"Garner, Hammond and Stewart - Governance Module Monthly",Enterprise,Technology,APAC,Sophia Nguyen,REP-105,Jordan Blake,Henry Vasquez,Governance Module,Monthly,PLG Expansion,dbt Labs,,546500.0,513700.0,,0.06,False,$50k–$150k,2026-02-25,,,7,5,1,35.0,,Prospecting,Nicole Bray,VP of Data,VP,6.2,Tiffany Malone,CFO,False,1,8,1,True,False,,1.5,9.15,7.65,0.71,38,27,2,7,fwd: technical review docs,15,2.1,2,2,3,POC Review,22,5,39,-25,,2,False,0,False,False,True,True,False,True,True,True,,,True,11.0,,False,0,88.0,5,,,24.0,Lost — no decision / stalled. No additional detail.,Partner teacher day interesting thank age generation parent I others study however rather early resource would easy real.,8.0,Omitted,True,03-May-2026,False,,,Champion Collapse
PIPE-2143,The Jackson Inc,ACC-67844,"Reynolds, Decker and Brown - Core Platform Multi-Year",Enterprise,Manufacturing,EMEA,Tyler Brooks,REP-108,Hana Takeda,Danny Patel,Core Platform,Multi-Year,Partner Referral,Snowflake,,679100.0,624800.0,1873500.0,0.08,True,$50k–$150k,10-Mar-2026,,,7,5,1,,33.0,Negotiation,Bryan Blair,Analytics Manager,Manager,,Michelle Chan,Director of IT,True,4,6,5,True,True,False,2.4,2.2,-0.2,0.47,36,17,0,2,Introduction: Henry <> Tiger Data,3,0.9,9,1,4,,15,5,66,-8,,2,True,4,False,True,False,False,True,False,,True,False,False,False,,,True,1,55.0,20,True,,,Lost — price / budget. No additional detail.,,10.0,Omitted,True,2026-05-12,,,,
PIPE-2117,The Sawyer-Osborne,ACC-44780,"Turner, Campbell and Hale - Governance Module Pilot",Mid-Market,Insurance,Northeast,David Park,REP-104,Hana Takeda,Elena Ruiz,Governance Module,Pilot,Event / Conference,Alation,,145400.0,145400.0,316200.0,0.32,True,<$50k,2026-01-31,,,12,2,1,37.0,6.0,Negotiation,Carrie Thornton,Data Platform Lead,Manager,6.1,Stacy Sanchez,VP Operations,True,2,8,6,False,True,False,2.3,1.6,-0.7,0.76,45,34,5,10,Quick question on the proposal,12,0.9,10,1,2,Demo,10,2,58,4,Contracting,6,True,2,,True,True,False,False,False,,False,True,False,False,,,True,1,53.0,2,True,,,Lost to Fivetran on connector breadth. They had 200+ native connectors.,,7.0,Commit,,05/11/2026,,,,Competitor Displacement
PIPE-2046,hardy-jones,ACC-99355,,SMB,Financial Services,West,Priya Shah,REP-101,Hana Takeda,Grace Okonkwo,Governance Module,Annual,Event / Conference,Databricks,Databricks,33000.0,33000.0,33000.0,0.32,False,>$500k,02/17/2026,,,20,3,2,44.0,16.0,Prospecting,Kerri Taylor,Director of Data,Director,,Jason Christensen,SVP Technology,True,4,2,2,,False,False,2.2,0.7,-1.5,0.76,41,31,3,10,RE: RE: RE: Next steps??,3,0.6,5,5,3,Technical Review,1,4,68,-1,Stable,4,True,2,True,,True,False,True,False,False,False,,False,True,30.0,,True,1,57.0,5,False,4.0,51.0,Lost — wrong timing. No additional detail.,Road huge explain lose as picture window development ahead couple energy break physical parent interest country tree.,6.0,,True,,,,,Competitor Displacement
PIPE-2123,"Alexander,OrtizandSutton",ACC-32414,"Ortiz, Brown and Wells - Full Bundle Pilot",Enterprise,Manufacturing,Southeast,Nina Petrov,REP-109,Hana Takeda,Isla Berg,Full Bundle,Pilot,PLG Expansion,dbt Labs,Snowflake,427200.0,427200.0,1011600.0,0.0,False,$150k–$500k,23-Mar-2026,,,5,4,0,,,Technical Validation,Scott Burnett,Analytics Engineer,IC,4.7,Jeremy Simmons,Chief Data Officer,False,0,4,1,False,False,True,2.0,8.03,6.03,0.44,50,22,4,2,Re: Follow up from our call,8,2.2,12,5,2,Demo,19,1,46,-33,Stable,1,False,0,False,True,False,False,False,True,False,False,False,True,False,,,True,2,81.0,15,True,6.0,48.0,Lost — chose competitor. No additional detail.,Growth everybody significant member maybe land one marriage officer about try American film share senior.,7.0,Omitted,False,2026-05-10,True,,,Champion Collapse
PIPE-2049,"Harrington, Brown and Bowman",ACC-23200,Hale-Jackson - Full Bundle Multi-Year,SMB,Healthcare,West,Rachel Kim,REP-107,Liam Sutherland,,Full Bundle,Multi-Year,Partner Referral,Collibra,,24300.0,19200.0,42600.0,0.21,True,,03/12/2026,,,18,3,0,20.0,,Proposal Sent,Mr. Leonard Jackson,Lead Data Engineer,IC,7.2,Brent Hernandez,VP Operations,False,0,8,6,False,False,True,2.3,2.2,-0.1,1.0,41,41,7,7,RE: RE: RE: Next steps??,9,1.2,3,3,2,,10,4,67,13,Stable,2,True,4,True,True,True,True,False,False,False,False,False,False,True,21.0,22.0,False,2,50.0,19,,5.0,,Lost — price / budget. No additional detail.,,7.0,Best Case,True,,,,,
PIPE-2022,The Snow-Moran,ACC-32084,Stewart Inc - Analytics Suite Pilot,Enterprise,Manufacturing,Southwest,James O'Brien,REP-106,Liam Sutherland,,Analytics Suite,Pilot,Inbound - Website,Fivetran,Starburst,661500.0,641700.0,1886500.0,0.03,True,>$500k,2026-02-20,,,15,3,0,18.0,,Prospecting,April Graham,Senior Data Engineer,IC,4.7,Andrew Moore,CTO,False,0,6,6,False,True,True,1.7,0.9,-0.8,0.31,16,5,0,4,RE: RE: RE: Next steps??,11,2.5,10,5,2,Executive QBR,4,3,89,-10,Expanding,2,False,0,,False,True,False,False,False,,False,True,True,True,24.0,96.0,True,1,56.0,17,False,5.0,,No exec sponsor. Deal died when Q4 budgets froze.,Parent process may grow present other leave back couple democratic who agency value among.,6.0,Best Case,True,05/07/2026,False,,,Exec Vacuum
PIPE-2138,Lopez Inc LLC,ACC-20064,Williams-Webster - Governance Module Multi-Year,Mid-Market,Insurance,Southeast,Sophia Nguyen,REP-105,Liam Sutherland,Henry Vasquez,Governance Module,Multi-Year,PLG Expansion,Databricks,Atlan,77300.0,77300.0,217300.0,0.0,False,$150k–$500k,22-Mar-2026,,,43,5,0,,8.0,Discovery,Rose Sullivan,Chief Data Officer,C-Suite,,Gregory Kramer,Head of Product,True,2,3,3,False,True,True,0.9,0.7,-0.2,0.22,19,4,13,15,Re: Follow up from our call,3,0.7,11,0,3,Demo,4,4,57,5,Stable,2,True,4,False,False,False,True,False,True,False,True,False,False,True,11.0,,False,2,78.0,10,,5.0,70.0,lost — champion left.. no additional detail..,Represent reduce point total and skin few finish own Democrat head suddenly indeed resource husband beyond development.,9.0,Best Case,False,22-Apr-2026,True,,,Ghost Stall
PIPE-2102,Roberts and Sons LLC,ACC-33076,Tate and Sons - Analytics Suite Pilot,SMB,Education,Northeast,Emily Rodriguez,REP-103,Liam Sutherland,Henry Vasquez,Analytics Suite,Pilot,Inbound - Website,Atlan,Snowflake,19300.0,19300.0,39700.0,0.26,False,<$50k,25-Jan-2026,,,6,5,3,28.0,8.0,Negotiation,Christopher Miller,BI Lead,Manager,10.0,Christina Miller,COO,True,4,8,8,False,True,True,2.1,1.0,-1.1,0.08,60,5,5,15,Checking in,15,1.2,10,3,2,Discovery,14,4,91,13,Contracting,5,True,1,True,True,True,False,False,False,False,,True,False,False,,89.0,,2,70.0,4,True,,49.0,Lost — missing feature. No additional detail.,,10.0,,True,,True,,,Competitor Displacement
PIPE-2121,"Acosta,PetersandJohnson",ACC-47555,Fischer Group - Core Platform Annual,Mid-Market,Energy,APAC,Sophia Nguyen,REP-105,Hana Takeda,Grace Okonkwo,Core Platform,Annual,LinkedIn Outbound,Atlan,Starburst,116200.0,94100.0,94100.0,0.19,True,,"February 06, 2026",,,49,6,1,28.0,29.0,Technical Validation,,Head of Data Engineering,Manager,6.3,Nicholas Hernandez,Director of IT,True,5,6,4,False,False,False,1.8,2.8,1.0,0.21,42,8,32,40,,19,2.5,3,0,1,Demo,4,0,59,-10,Expanding,0,False,0,False,True,True,False,True,True,True,,True,False,False,,63.0,False,0,63.0,17,False,6.0,63.0,"Just went dark. Last email 3 weeks ago, no response.",Guess rest data yeah stock position guess as film serious protect card board response stop country.,9.0,Omitted,False,,False,,,Ghost Stall
PIPE-2036,"CARPENTER, MORSE AND FOX",ACC-59201,Munoz and Sons - Core Platform Pilot,Mid-Market,Logistics,Northeast,James O'Brien,REP-106,,,Core Platform,Pilot,Outbound SDR,Fivetran,,86700.0,63300.0,158400.0,0.27,True,,2026-02-23,,,29,4,1,32.0,5.0,Technical Validation,Brian Perez,VP of Data,VP,1.2,Yvonne Roberts,COO,True,5,5,3,False,,False,1.9,2.0,0.1,0.05,13,1,17,13,following up again...,8,1.9,2,0,1,Demo,8,4,90,9,Expanding,2,False,0,False,False,True,False,False,True,False,,True,False,False,,76.0,True,2,71.0,2,True,,,Lost — wrong timing. No additional detail.,Staff identify feel above history difference interview speak go wait reflect.,7.0,Best Case,False,05/12/2026,True,,,Ghost Stall
PIPE-2005,The Bowen and Sons,ACC-66154,Martinez Inc - Analytics Suite Monthly,Mid-Market,Manufacturing,Southwest,Nina Petrov,REP-109,Benjamin Cross,,Analytics Suite,Monthly,Outbound SDR,Starburst,,148800.0,107100.0,234200.0,0.33,True,$150k–$500k,"March 31, 2026",,,20,2,1,34.0,,Discovery,Amanda Lam,Senior Data Engineer,IC,7.3,Michelle Nguyen,CFO,False,0,5,3,False,,True,0.5,2.9,2.4,0.28,58,16,6,20,Introduction: White <> Tiger Data,9,1.6,10,5,1,Technical Review,1,4,79,11,Expanding,4,True,2,False,True,True,False,False,True,,False,,True,False,,,False,0,84.0,25,True,,74.0,Lost to Fivetran on connector breadth. They had 200+ native connectors.,Who two week simply product music line modern low turn mind data something baby soon.,9.0,Commit,True,,False,,,Competitor Displacement
PIPE-2017,RamseyLtd,ACC-54829,Navarro Group - Governance Module Multi-Year,Enterprise,Media,Southwest,Tyler Brooks,REP-108,Jordan Blake,Isla Berg,Governance Module,Multi-Year,Cold Email Sequence,Snowflake,,665100.0,658400.0,1790500.0,0.01,False,>$500k,28-Jan-2026,,,15,5,0,,16.0,Negotiation,Roberta Adams,Data Architect,IC,4.5,Lisa Torres,Chief Data Officer,True,3,7,5,True,,False,1.8,0.8,-1.0,0.92,13,12,6,4,Checking in,7,2.3,3,4,3,POC Review,14,4,88,12,Stable,2,True,4,False,False,False,False,False,False,,True,True,True,True,25.0,,,0,51.0,9,False,,43.0,lost — price / budget.. no additional detail..,,9.0,Best Case,,04/28/2026,True,,,
PIPE-2101,,ACC-73331,Miller PLC - Full Bundle Monthly,Enterprise,Media,APAC,Priya Shah,REP-101,Amara Osei,,Full Bundle,Monthly,Event / Conference,Monte Carlo,,598700.0,502900.0,1043500.0,0.22,False,,"February 28, 2026",,,20,5,2,26.0,32.0,Technical Validation,Vincent Wilson,Data Engineer,IC,1.0,,VP Engineering,True,1,8,8,True,False,,2.0,0.6,-1.4,0.59,51,30,5,16,RE: RE: RE: Next steps??,17,1.0,3,2,2,,10,0,82,6,Expanding,6,True,3,True,True,True,True,True,False,True,False,True,False,False,,97.0,True,0,76.0,10,True,6.0,46.0,Lost to Fivetran on connector breadth. They had 200+ native connectors.,Energy maybe happen attention Democrat short perhaps reality throughout into indeed control.,9.0,Best Case,False,03-May-2026,True,,,Competitor Displacement
PIPE-2120,"Li, Lambert and Stark LLC",ACC-95074,"Cannon, Cordova and Lopez - Governance Module Annual",Enterprise,Media,Northeast,David Park,REP-104,Benjamin Cross,Frankie Hale,Governance Module,Annual,Event / Conference,Monte Carlo,None / Greenfield,481300.0,481300.0,481300.0,0.29,False,$50k–$150k,2026-02-07,,,18,4,2,,18.0,Proposal Sent,Nathan Webb IV,Head of Data Engineering,Manager,,Valerie Simpson,CTO,True,1,7,7,False,True,False,1.5,1.5,0.0,0.22,59,13,2,10,[External] Re: Tiger Data POC,7,1.4,4,4,4,Pricing,1,1,91,-6,Contracting,3,True,3,,,False,False,False,False,,True,,True,False,,,False,1,72.0,13,True,4.0,,Lost to Fivetran on connector breadth. They had 200+ native connectors.,Argue night thought plan future common use church.,,Best Case,True,26-Apr-2026,True,,,Competitor Displacement
PIPE-2080,The Alexander Inc,ACC-31259,"Rosales, Davis and Villanueva - Core Platform Annual",Mid-Market,Manufacturing,APAC,Tyler Brooks,REP-108,Benjamin Cross,Casey Wu,Core Platform,Annual,Partner Referral,Alation,Snowflake,85600.0,77000.0,77000.0,0.1,False,$150k–$500k,"March 21, 2026",,,42,5,1,,,Prospecting,Jimmy Norman,Data Platform Lead,Manager,11.6,Crystal Wallace,VP Operations,False,0,5,4,False,False,False,1.6,0.7,-0.9,0.23,30,6,27,38,,5,2.9,3,0,1,Pricing,4,4,85,13,Contracting,0,True,4,False,False,False,True,False,True,,True,,True,True,19.0,,False,1,61.0,12,True,4.0,,Lost — champion left. No additional detail.,Someone how of situation part here boy put heavy true study floor market because somebody.,9.0,Best Case,,,True,,,Ghost Stall
PIPE-2139,Stewart-Smith Inc,ACC-50088,Jackson LLC - Analytics Suite Pilot,Mid-Market,Healthcare,Midwest,Rachel Kim,REP-107,Amara Osei,,Analytics Suite,Pilot,PLG Expansion,Monte Carlo,Atlan,64000.0,45400.0,126300.0,0.29,True,$150k–$500k,29-Jan-2026,,,4,5,0,16.0,,Prospecting,Karen Clarke,Analytics Engineer,IC,4.8,William Wilkerson,SVP Technology,False,0,8,6,True,False,False,1.2,1.9,0.7,0.46,13,6,7,10,following up again...,19,2.9,2,2,4,Discovery,6,1,76,-10,Expanding,1,True,2,False,True,True,False,True,False,True,True,True,,False,,,True,0,54.0,3,True,8.0,,No exec sponsor. Deal died when Q4 budgets froze.,Continue family government letter white begin hear area section.,8.0,Omitted,True,05/16/2026,True,,,Exec Vacuum
PIPE-2125,HollandLLC,ACC-41727,Ross-Mendoza - Governance Module Multi-Year,Enterprise,Technology,APAC,Alex Morgan,REP-100,Liam Sutherland,Casey Wu,Governance Module,Multi-Year,LinkedIn Outbound,Collibra,,335800.0,295500.0,721700.0,0.12,True,<$50k,2026-03-14,,,20,5,1,,22.0,Negotiation,Grant Grant,Data Engineer,IC,8.9,Mr. Kevin Johnson,Director of IT,True,2,5,5,False,False,False,1.1,1.7,0.6,0.58,12,7,6,7,Checking in,9,2.3,7,1,2,Pricing,10,4,62,8,Stable,1,True,4,False,False,False,True,True,False,True,False,,True,True,8.0,,False,2,84.0,24,False,,72.0,Lost — chose competitor. No additional detail.,Subject they human under impact us create manage discover year can mouth great hundred.,7.0,Best Case,False,"May 03, 2026",False,,,
PIPE-2062,"Mendoza,HensonandSingleton",ACC-69335,,Enterprise,Financial Services,Southwest,Alex Morgan,REP-100,Amara Osei,Casey Wu,Analytics Suite,Multi-Year,Inbound - Website,Collibra,Fivetran,732500.0,732500.0,1573000.0,0.0,True,,20-Feb-2026,,,20,6,0,40.0,16.0,Proposal Sent,Erin Long,Analytics Engineer,IC,7.7,Richard Sweeney,Head of Product,True,1,7,5,False,False,True,2.2,2.4,0.2,0.8,25,20,8,2,following up again...,19,2.5,11,5,3,,13,3,69,-7,Contracting,2,True,1,,True,True,False,True,True,True,True,True,,True,7.0,48.0,False,2,67.0,15,True,0.0,21.0,Lost — security / compliance failed. No additional detail.,Minute magazine must million good stock message safe white night pass however.,10.0,Best Case,True,,True,,,
PIPE-2051,The Long-Delgado,ACC-58464,Garcia-Martin - Full Bundle Monthly,Mid-Market,Healthcare,EMEA,Priya Shah,REP-101,Amara Osei,Grace Okonkwo,Full Bundle,Monthly,Partner Referral,Starburst,,135600.0,96300.0,197500.0,0.29,True,>$500k,02-Feb-2026,,,14,5,0,,9.0,Proposal Sent,Dorothy Horn,Lead Data Engineer,IC,10.2,,CTO,True,1,3,2,True,False,,1.2,1.6,0.4,0.56,52,29,7,2,Checking in,6,1.9,5,2,4,,12,2,90,15,Expanding,2,True,4,True,False,False,True,False,False,False,,True,True,False,,,False,0,65.0,15,True,,,Lost — price / budget. No additional detail.,,10.0,Pipeline,True,30-Apr-2026,True,,,
PIPE-2141,Smith-Hull Inc,ACC-26002,,SMB,Energy,APAC,Tyler Brooks,REP-108,Benjamin Cross,,Analytics Suite,Pilot,Partner Referral,Collibra,Fivetran,25600.0,22000.0,60000.0,0.25,True,$150k–$500k,23-Mar-2026,,,15,3,1,11.0,34.0,Discovery,Christine Taylor,Director of Data,Director,9.3,Diana Gomez,VP Operations,True,3,8,7,False,False,False,2.0,2.2,0.2,0.57,46,26,0,17,Re: Follow up from our call,11,2.0,4,1,1,Discovery,11,5,92,12,Expanding,5,True,2,True,False,True,True,False,True,False,False,,False,False,,76.0,,1,64.0,4,True,1.0,,lost — wrong timing.. no additional detail..,,7.0,Pipeline,False,24-Apr-2026,True,,,Competitor Displacement
PIPE-2118,Williams and Sons,ACC-31676,Mcclure-Gray - Analytics Suite Annual,Enterprise,Retail,Midwest,Nina Petrov,REP-109,Benjamin Cross,,Analytics Suite,Annual,Cold Email Sequence,Databricks,Snowflake,379300.0,379300.0,379300.0,0.0,False,>$500k,"February 01, 2026",,,7,4,0,,11.0,Proposal Sent,Tiffany Kennedy,Head of Data Engineering,Manager,1.0,,Chief Data Officer,True,3,6,4,False,False,True,1.9,1.5,-0.4,0.63,19,12,2,0,Q4 pricing — URGENT,5,0.8,3,1,2,Discovery,1,0,90,4,Contracting,0,False,0,True,True,False,False,False,True,,False,False,False,True,25.0,,False,0,69.0,10,,,,Lost — security / compliance failed. No additional detail.,,6.0,Omitted,True,2026-05-10,True,,,
PIPE-2074,ChavezGroup,ACC-11956,"King, Simpson and Escobar - Full Bundle Multi-Year",SMB,Energy,West,Rachel Kim,REP-107,,Jaylen Ford,Full Bundle,Multi-Year,LinkedIn Outbound,Snowflake,None / Greenfield,26600.0,26600.0,73000.0,0.0,False,,"March 01, 2026",,,8,2,1,,,Prospecting,Jeremy Cochran,Director of Data,Director,0.6,Denise Stewart,SVP Technology,False,0,6,1,,True,True,1.3,7.98,6.68,0.64,50,32,0,6,fwd: technical review docs,9,2.5,5,1,4,,19,5,46,-32,Stable,0,True,2,False,False,False,True,False,False,False,False,False,False,False,,90.0,True,2,81.0,11,True,0.0,,Lost — missing feature. No additional detail.,Leader test yes beat toward method parent well check fill human article out mention writer throw.,9.0,Omitted,False,05/06/2026,,,,Champion Collapse
PIPE-2029,"Carter LLC, Inc.",ACC-75506,Gilbert PLC - Governance Module Pilot,SMB,Education,Southeast,Emily Rodriguez,REP-103,Benjamin Cross,Elena Ruiz,Governance Module,Pilot,Cold Email Sequence,dbt Labs,Snowflake,22400.0,22400.0,54600.0,0.0,True,>$500k,"January 25, 2026",,,10,5,0,25.0,,Prospecting,Victoria Vasquez,Lead Data Engineer,IC,5.9,,COO,False,0,3,1,,False,False,1.7,2.6,0.9,0.71,34,24,5,8,,6,2.5,9,2,3,Technical Review,1,2,87,-9,Contracting,2,True,1,True,False,True,False,False,False,True,True,True,False,False,,31.0,True,0,,9,True,7.0,,Lost — chose competitor. No additional detail.,Not popular finish even senior check people really grow miss sometimes church front laugh force identify above camera.,,Omitted,False,2026-05-12,True,,,
PIPE-2003,"Mercer,GreenandPerez",ACC-97363,Ross LLC - Governance Module Annual,Enterprise,Retail,Southeast,Rachel Kim,REP-107,,,Governance Module,Annual,Cold Email Sequence,Collibra,,529700.0,529700.0,529700.0,0.0,,<$50k,"February 25, 2026",,,10,6,1,35.0,,Negotiation,Cheryl Kim,Analytics Engineer,IC,9.9,,VP Operations,False,0,3,2,,True,,2.2,0.8,-1.4,0.54,26,14,1,1,,5,0.7,10,1,3,Executive QBR,3,0,59,-1,Stable,0,True,4,False,True,True,True,True,False,False,True,True,,True,9.0,62.0,,2,67.0,5,True,2.0,4.0,Lost — security / compliance failed. No additional detail.,Bed media drug resource any size technology enter most stock from mother sister.,7.0,Pipeline,True,05/18/2026,True,,,Exec Vacuum
PIPE-2039,WALLACE INC,ACC-89876,Huynh Inc - Core Platform Multi-Year,SMB,Logistics,EMEA,James O'Brien,REP-106,Benjamin Cross,Elena Ruiz,Core Platform,Multi-Year,LinkedIn Outbound,Fivetran,Alation,32500.0,32500.0,76100.0,0.0,,$150k–$500k,2026-03-26,,,17,4,0,15.0,,Prospecting,Kenneth Blake,Head of Data Engineering,Manager,11.8,Wendy Ramirez,COO,False,0,3,1,,False,False,2.0,7.34,5.34,0.91,35,32,8,8,fwd: technical review docs,13,1.1,8,1,3,Discovery,39,4,48,-33,,1,False,0,True,False,True,True,True,False,,True,,,True,21.0,,False,0,95.0,11,False,,,Lost — chose competitor. No additional detail.,Color behavior expert beat will ground support institution.,6.0,Commit,,06-May-2026,False,,,Champion Collapse
PIPE-2082,"Garza, Davis and Wilson",ACC-96636,"Estes, Bartlett and Holmes - Full Bundle Multi-Year",SMB,Insurance,Southeast,Priya Shah,REP-101,Jordan Blake,,Full Bundle,Multi-Year,Event / Conference,Databricks,Starburst,26900.0,19600.0,44100.0,0.27,False,>$500k,14-Mar-2026,,,37,6,1,,6.0,Discovery,Shannon Hayden,Analytics Engineer,IC,11.8,Michael Prince,CFO,True,1,8,8,True,True,False,1.7,1.6,-0.1,0.17,56,9,24,25,following up again...,8,1.6,9,0,4,Pricing,6,0,93,-3,Expanding,2,True,1,True,False,False,False,True,True,,,True,False,True,15.0,,True,1,90.0,22,True,1.0,41.0,lost — champion left.. no additional detail..,Network yet focus develop coach drug step include matter decide stand law reason practice really surface across service those.,6.0,Commit,False,2026-04-29,False,,,Ghost Stall
PIPE-2013,"LIN, WOODWARD AND SIMS",ACC-56025,,Enterprise,Media,EMEA,Emily Rodriguez,REP-103,Jordan Blake,Danny Patel,Governance Module,Multi-Year,Cold Email Sequence,Collibra,Snowflake,164100.0,121400.0,322200.0,0.26,,,04/08/2026,,,18,4,1,,25.0,Prospecting,Hector Perez,Data Engineer,IC,6.6,Dwayne Jackson,VP Engineering,True,1,6,5,,False,True,1.1,2.1,1.0,0.8,15,12,2,6,fwd: technical review docs,5,2.9,4,3,1,Discovery,10,5,69,0,Contracting,1,False,0,,,False,False,False,False,True,False,False,True,True,13.0,51.0,True,1,52.0,23,True,2.0,78.0,Lost — champion left. No additional detail.,Reason why street call energy child almost include outside apply set responsibility environmental store window.,6.0,Pipeline,False,05/07/2026,True,,,
PIPE-2100,Lutz Group Inc,ACC-21130,Roberts Inc - Core Platform Annual,Enterprise,Media,EMEA,Sophia Nguyen,REP-105,Jordan Blake,Casey Wu,Core Platform,Annual,Inbound - Website,Atlan,,678500.0,488500.0,,0.28,False,$150k–$500k,2026-03-12,,,10,4,1,17.0,,Technical Validation,,VP of Data,VP,2.1,Juan Williams,Head of Product,False,0,2,1,True,False,False,1.6,1.1,-0.5,0.34,47,16,6,8,,14,0.9,10,3,4,Discovery,7,3,79,-8,Stable,1,True,2,False,False,True,False,False,False,False,True,False,True,False,,,False,1,51.0,22,False,2.0,32.0,Lost — price / budget. No additional detail.,Government occur on article agree understand long tree because song pretty.,7.0,Commit,True,"April 30, 2026",,,,
PIPE-2076,juarez llc,ACC-46033,Hawkins LLC - Analytics Suite Pilot,Mid-Market,Insurance,Southeast,Marcus Chen,REP-102,Jordan Blake,Elena Ruiz,Analytics Suite,Pilot,Outbound SDR,Atlan,,144300.0,121200.0,344800.0,0.16,False,<$50k,2026-02-22,,,5,5,0,39.0,,Proposal Sent,,Data Platform Lead,Manager,2.4,James Smith,Director of IT,False,4,6,1,True,False,True,1.8,8.07,6.27,0.54,26,14,1,7,Quick question on the proposal,13,1.9,2,1,1,Technical Review,21,2,38,-35,Expanding,1,True,2,False,True,True,False,True,False,True,False,True,True,True,26.0,89.0,,1,61.0,14,,8.0,,champion left teh company.. couldn't rebuild teh relationship in time..,Page with news energy after key us budget ability method rich hundred the bill color look power right.,7.0,Pipeline,False,04/27/2026,False,,,Champion Collapse
PIPE-2063,,ACC-24716,Costa Group - Core Platform Multi-Year,SMB,Insurance,APAC,Tyler Brooks,REP-108,Liam Sutherland,,Core Platform,Multi-Year,Outbound SDR,Collibra,,27400.0,27400.0,58500.0,0.31,,>$500k,"March 26, 2026",,,19,4,2,,,Proposal Sent,David Joseph,Senior Data Engineer,IC,,Alexa Smith,Director of IT,False,0,8,6,,False,True,1.2,1.4,0.2,0.74,39,29,8,18,following up again...,9,0.5,11,4,4,Discovery,9,2,59,6,Expanding,7,True,3,False,False,False,True,False,True,,True,,False,True,11.0,,False,2,88.0,12,False,5.0,67.0,Lost — no decision / stalled. No additional detail.,Market expect old particularly situation road statement site fine range politics education.,9.0,Pipeline,False,2026-04-29,False,,,Competitor Displacement
PIPE-2054,Patterson and Sons Inc,ACC-36366,Vaughn Inc - Core Platform Pilot,Enterprise,Technology,Southeast,Rachel Kim,REP-107,Liam Sutherland,Danny Patel,Core Platform,Pilot,PLG Expansion,Starburst,,464500.0,464500.0,1351500.0,0.0,True,$150k–$500k,"March 25, 2026",,,60,5,0,,32.0,Negotiation,Adam Hayes,Head of Data Engineering,Manager,,Frank Hernandez,VP Operations,True,1,8,6,True,,True,0.9,1.2,0.3,0.23,35,8,17,20,Re: Follow up from our call,17,2.9,11,0,2,Pricing,8,0,89,-6,Expanding,2,True,3,True,True,False,True,False,True,,False,,False,True,21.0,74.0,False,0,59.0,19,False,2.0,62.0,Prospect stopped engaging after the proposal. No explanation given.,Discuss relate couple even central standard ever yet former daughter boy itself of support night ten born.,9.0,Commit,False,05/04/2026,False,,,Ghost Stall
PIPE-2077,Ruiz LLC Inc,ACC-37423,Mitchell and Sons - Full Bundle Monthly,Enterprise,Technology,Southeast,Priya Shah,REP-101,Liam Sutherland,Casey Wu,Full Bundle,Monthly,Partner Referral,Collibra,,276700.0,224100.0,545300.0,0.19,True,$150k–$500k,2026-03-27,,,8,3,1,41.0,6.0,Proposal Sent,Joshua Watson,Data Platform Lead,Manager,1.9,James Lyons,VP Operations,True,5,7,6,,False,False,2.3,1.6,-0.7,0.43,28,12,0,10,following up again...,7,0.9,11,3,4,Demo,4,4,94,10,Expanding,1,True,4,False,False,True,False,True,False,False,False,True,False,True,8.0,38.0,False,1,83.0,21,,,,lost — price / budget.. no additional detail..,Include prove foreign attack alone stock understand anything light spring many say agreement.,7.0,Pipeline,True,2026-05-02,,,,
PIPE-2026,Barry-Miller,ACC-27353,Gomez-Williams - Analytics Suite Annual,Mid-Market,Insurance,West,Sophia Nguyen,REP-105,Benjamin Cross,Frankie Hale,Analytics Suite,Annual,LinkedIn Outbound,Starburst,Databricks,42500.0,41200.0,41200.0,0.03,,$50k–$150k,17-Feb-2026,,,12,5,0,37.0,,Proposal Sent,Rebecca Nicholson,Analytics Engineer,IC,6.4,Eric Howe,VP Operations,False,0,8,8,True,,,0.9,1.3,0.4,0.62,56,35,1,9,following up again...,15,2.7,3,3,1,Pricing,15,5,66,-1,Stable,1,True,2,True,True,True,True,False,False,,False,False,,False,,,True,2,54.0,10,False,,65.0,Lost — no decision / stalled. No additional detail.,Mean trouble pretty decide use administration allow glass strong.,,Pipeline,True,2026-05-03,False,,,Exec Vacuum
PIPE-2008,"BECKER, WEST AND HILL",ACC-67498,Hall Ltd - Governance Module Annual,Enterprise,Media,APAC,Priya Shah,REP-101,Jordan Blake,Danny Patel,Governance Module,Annual,Event / Conference,None / Greenfield,,614100.0,515800.0,515800.0,0.16,,<$50k,2026-03-04,,,5,2,1,10.0,10.0,Prospecting,John Kerr,Director of Data,Director,0.5,Nicholas Frederick,VP Engineering,True,3,5,3,True,False,True,2.4,1.6,-0.8,0.25,57,14,2,7,following up again...,13,1.9,9,5,2,,6,1,82,-5,Contracting,1,False,0,False,False,True,True,False,True,,False,True,False,False,,,,1,66.0,18,,,77.0,Lost — champion left. No additional detail.,Cut of head weight center draw new huge religious action any.,6.0,Pipeline,False,2026-04-25,True,,,
PIPE-2043,"Cain, Grant and Lopez",ACC-85926,Christensen-Long - Governance Module Annual,Mid-Market,Healthcare,Southeast,James O'Brien,REP-106,Liam Sutherland,Grace Okonkwo,Governance Module,Annual,Outbound SDR,Alation,Fivetran,146500.0,146500.0,146500.0,0.0,True,$50k–$150k,02/06/2026,,,11,6,0,,16.0,Prospecting,Robert Nichols,Analytics Engineer,IC,11.4,Alexis Mcmillan,SVP Technology,True,3,2,1,False,True,False,2.0,1.8,-0.2,0.38,13,5,2,1,,16,1.6,5,1,3,POC Review,10,1,62,6,Contracting,0,False,0,False,False,False,True,False,False,False,True,,True,True,5.0,32.0,,0,85.0,19,True,7.0,,Lost — chose competitor. No additional detail.,Position guess above them out down product little style between must house west on character focus page system area.,8.0,Best Case,True,23-Apr-2026,False,,,
PIPE-2094,"smith, maynard and ramirez",ACC-52701,"Pennington, Baker and Lambert - Full Bundle Annual",Mid-Market,Technology,Northeast,Sophia Nguyen,REP-105,Hana Takeda,Frankie Hale,Full Bundle,Annual,Inbound - Website,Alation,,128600.0,100300.0,100300.0,0.22,True,>$500k,2026-02-10,,,5,5,1,38.0,22.0,Technical Validation,Mr. Cody White PhD,VP of Data,VP,2.7,,Chief Data Officer,True,5,8,7,True,False,True,0.8,0.5,-0.3,0.24,37,9,2,9,Introduction: Cooper <> Tiger Data,19,0.6,7,5,3,Pricing,14,5,62,11,Stable,2,True,1,True,True,True,False,False,True,False,False,True,True,True,10.0,50.0,False,1,57.0,22,True,7.0,40.0,Lost — security / compliance failed. No additional detail.,Good let ready ahead process institution claim quality energy fine style quality everything civil.,10.0,Pipeline,False,2026-05-16,True,,,
PIPE-2116,carpenter-logan,ACC-33139,"Potter, Richards and Young - Governance Module Pilot",SMB,Insurance,Southeast,Sophia Nguyen,REP-105,Amara Osei,Frankie Hale,Governance Module,Pilot,Inbound - Website,Collibra,,18100.0,13200.0,30400.0,0.27,False,<$50k,2026-02-24,,,4,6,1,,,Technical Validation,Rose Dawson,BI Lead,Manager,9.2,,Director of IT,False,0,4,1,,False,True,0.6,7.55,6.95,0.66,35,23,7,6,,17,0.6,5,5,1,POC Review,32,0,33,-35,Expanding,2,False,0,True,True,False,True,True,False,True,True,,,False,,49.0,True,1,74.0,17,False,5.0,72.0,lost — champion left.. no additional detail..,Paper responsibility rather raise animal bed actually news watch by Republican exist prevent large weight scene dream.,10.0,,True,04-May-2026,True,,,Champion Collapse
PIPE-2098,Thomas-Fitzpatrick LLC,ACC-23624,Shannon-Ayala - Full Bundle Multi-Year,Mid-Market,Education,APAC,Sophia Nguyen,REP-105,Amara Osei,Henry Vasquez,Full Bundle,Multi-Year,Event / Conference,Starburst,Databricks,149700.0,149700.0,383600.0,0.0,False,,"March 20, 2026",,,18,6,0,21.0,23.0,Prospecting,Kathryn Hampton,Lead Data Engineer,IC,,Matthew Davis,Director of IT,True,5,5,5,True,False,True,2.2,1.8,-0.4,0.45,22,10,7,0,fwd: technical review docs,19,1.3,6,5,4,Pricing,11,1,93,5,Expanding,0,True,4,True,True,True,True,False,False,,False,,True,False,,,True,2,72.0,20,True,4.0,,lost — missing feature.. no additional detail..,Particular report begin strategy hear far fast chance sound.,7.0,Commit,True,"April 24, 2026",False,,,
PIPE-2059,"Serrano-Anderson, Inc.",ACC-78409,"Frey, Robinson and Bernard - Analytics Suite Pilot",Mid-Market,Education,Southeast,Priya Shah,REP-101,Liam Sutherland,,Analytics Suite,Pilot,PLG Expansion,Fivetran,,134000.0,134000.0,386300.0,0.0,True,$50k–$150k,03/21/2026,,,14,2,0,40.0,,Discovery,Michael Phillips,VP of Data,VP,12.0,,Chief Data Officer,False,0,5,4,True,False,True,1.2,2.5,1.3,0.7,50,35,8,1,Quick question on the proposal,10,1.8,11,2,4,Executive QBR,13,1,83,7,Stable,0,True,4,False,True,True,False,True,True,,True,True,False,True,17.0,,False,0,57.0,13,False,,27.0,Lost — chose competitor. No additional detail.,,8.0,Omitted,False,"May 14, 2026",True,,,
PIPE-2015,The Johnston Ltd,ACC-99817,Flowers Ltd - Governance Module Multi-Year,Mid-Market,Manufacturing,EMEA,Emily Rodriguez,REP-103,Benjamin Cross,Frankie Hale,Governance Module,Multi-Year,Event / Conference,Atlan,Monte Carlo,147200.0,119200.0,293700.0,0.19,,>$500k,17-Mar-2026,,,14,3,1,,11.0,Negotiation,Lisa Cohen,BI Lead,Manager,8.8,Karen Woods,VP Operations,True,1,3,3,True,True,False,1.4,1.8,0.4,0.95,55,52,2,10,Q4 pricing — URGENT,5,2.3,6,3,1,,1,4,78,12,Expanding,0,True,2,False,True,False,False,False,True,,False,,True,False,,,False,1,60.0,17,,,28.0,Lost — no decision / stalled. No additional detail.,Work eat organization smile coach shoulder clear feeling rock.,9.0,,,"April 25, 2026",,,,
PIPE-2053,Burns Ltd,ACC-53617,Gill-Clark - Analytics Suite Pilot,Mid-Market,Healthcare,Southwest,David Park,REP-104,Jordan Blake,Frankie Hale,Analytics Suite,Pilot,Event / Conference,Monte Carlo,dbt Labs,81000.0,81000.0,206400.0,0.0,False,>$500k,03/22/2026,,,49,2,1,14.0,22.0,Proposal Sent,Austin Weber,Data Platform Lead,Manager,8.2,Heather Davis,Director of IT,True,5,7,7,False,False,False,0.5,0.5,0.0,0.12,13,1,33,28,[External] Re: Tiger Data POC,18,1.4,12,0,4,Discovery,8,2,94,-10,Expanding,1,True,3,True,False,True,True,False,False,,,True,,False,,,True,1,78.0,2,True,5.0,68.0,Lost — champion left. No additional detail.,Adult guy ball message peace read shoulder report.,6.0,Omitted,True,,,,,Ghost Stall
PIPE-2020,Hernandez Ltd,ACC-12324,"Leonard, Shah and Long - Analytics Suite Annual",Enterprise,Healthcare,Southwest,Sophia Nguyen,REP-105,Benjamin Cross,Jaylen Ford,Analytics Suite,Annual,Partner Referral,Databricks,,754900.0,754900.0,754900.0,0.0,False,,2026-04-07,,,11,2,0,30.0,,Technical Validation,Kirk Moore,Senior Data Engineer,IC,2.2,Savannah Anderson,SVP Technology,False,0,3,1,True,False,True,0.9,2.9,2.0,0.91,11,10,1,8,[External] Re: Tiger Data POC,8,1.8,5,5,4,Executive QBR,5,5,75,-2,Expanding,0,False,0,True,False,True,True,False,True,True,True,False,,False,,,False,2,52.0,10,False,0.0,52.0,Lost — champion left. No additional detail.,Member spend walk side away before economic with wind generation again resource.,10.0,Commit,False,"May 10, 2026",True,,,Exec Vacuum
PIPE-2014,SHELTON AND SONS,ACC-37249,Allen-Raymond - Governance Module Pilot,Mid-Market,Education,Southeast,David Park,REP-104,Benjamin Cross,,Governance Module,Pilot,Outbound SDR,Databricks,Collibra,74100.0,62200.0,165100.0,0.28,False,>$500k,06-Apr-2026,,,11,4,1,26.0,12.0,Discovery,Joe Weiss,Lead Data Engineer,IC,5.7,,CFO,True,4,8,8,True,False,False,0.8,0.9,0.1,0.81,36,29,2,19,,5,0.5,12,4,3,Technical Review,12,3,80,-7,Expanding,4,True,1,,False,True,True,True,False,False,False,,True,True,26.0,57.0,True,0,71.0,18,True,6.0,,Lost to Fivetran on connector breadth. They had 200+ native connectors.,Inside wide actually activity assume entire truth something design form month say large fill.,6.0,Commit,False,,,,,Competitor Displacement
PIPE-2079,"Murray, Schwartz and Alvarado Inc",ACC-75409,Bowman-Parrish - Full Bundle Monthly,SMB,Logistics,Southwest,Alex Morgan,REP-100,Amara Osei,Casey Wu,Full Bundle,Monthly,Cold Email Sequence,Databricks,,22300.0,22300.0,,0.0,False,<$50k,"March 11, 2026",,,9,5,0,,26.0,Proposal Sent,Kurt Goodman,Analytics Manager,Manager,11.7,Eric Guerra,CTO,True,5,2,1,False,True,,0.7,1.9,1.2,0.81,21,17,4,2,,7,1.0,12,5,2,Discovery,12,0,81,1,Stable,1,True,4,False,False,False,False,False,False,False,True,,True,False,,54.0,False,0,63.0,12,,,51.0,Lost — price / budget. No additional detail.,,7.0,Commit,True,04/25/2026,True,,,
PIPE-2122,"Kennedy, Collier and Curry LLC",ACC-73569,,Enterprise,Logistics,Southwest,Nina Petrov,REP-109,Liam Sutherland,Elena Ruiz,Core Platform,Annual,Outbound SDR,Alation,Collibra,700200.0,700200.0,700200.0,0.0,,,"April 11, 2026",,,13,4,0,,,Discovery,Dr. Joseph Hunt,Lead Data Engineer,IC,,Tamara Thornton,Chief Data Officer,False,0,4,4,False,False,False,1.7,1.2,-0.5,0.83,24,20,2,7,fwd: technical review docs,14,2.9,2,5,3,Executive QBR,14,0,67,10,Contracting,2,True,4,True,False,False,False,False,True,True,True,True,,False,,,True,1,94.0,25,,8.0,,Lost — missing feature. No additional detail.,,10.0,Omitted,False,04/23/2026,False,,,
PIPE-2012,soto llc,ACC-89052,Dean-Ford - Governance Module Monthly,Enterprise,Manufacturing,EMEA,Sophia Nguyen,REP-105,Amara Osei,Frankie Hale,Governance Module,Monthly,Inbound - Website,Alation,,311700.0,283600.0,605000.0,0.34,,,10-Feb-2026,,,16,5,1,27.0,,Technical Validation,Larry Camacho MD,Director of Data,Director,7.7,Stuart Goodwin,Chief Data Officer,False,0,4,4,,True,False,2.1,1.1,-1.0,0.98,53,52,0,18,Quick question on the proposal,8,1.0,6,5,3,Demo,15,4,94,-6,Expanding,4,True,3,True,False,True,True,False,True,True,False,True,True,True,6.0,,True,0,66.0,24,False,,99.0,They went with Databricks. Had deeper existing footprint.,Development million put amount church trouble another south establish move affect father fall.,10.0,Best Case,False,05/18/2026,False,,,Competitor Displacement
PIPE-2113,"Garcia, Vincent and Church Inc",ACC-76345,Manning-Pratt - Core Platform Annual,Enterprise,Financial Services,Northeast,Tyler Brooks,REP-108,Liam Sutherland,Grace Okonkwo,Core Platform,Annual,Event / Conference,None / Greenfield,Atlan,159300.0,116300.0,116300.0,0.27,True,$50k–$150k,"March 21, 2026",,,6,2,1,17.0,,Prospecting,Joseph Nichols,Director of Data,Director,7.9,Shelly Dunlap,COO,False,0,6,1,False,False,False,1.1,8.27,7.17,0.85,27,23,7,10,,8,2.8,4,5,3,Executive QBR,35,3,47,-30,Stable,2,True,4,False,True,True,True,True,False,False,True,True,False,True,19.0,,,1,,14,,5.0,,New data lead came in and had a prior relationship with Snowflake.,Study piece again so create ahead respond of image try guess myself attorney in.,6.0,Omitted,False,2026-05-06,False,,,Champion Collapse
PIPE-2047,"Garza, Gutierrez and Ford LLC",ACC-60027,Smith-Sanchez - Analytics Suite Pilot,SMB,Manufacturing,APAC,Priya Shah,REP-101,Hana Takeda,Henry Vasquez,Analytics Suite,Pilot,Inbound - Website,Starburst,None / Greenfield,34700.0,28100.0,66200.0,0.31,,$50k–$150k,"March 26, 2026",,,13,6,3,,5.0,Prospecting,Kenneth Jones,Analytics Manager,Manager,5.9,Crystal White,Head of Product,True,1,7,7,True,True,False,2.5,2.7,0.2,0.94,16,15,3,14,,5,1.1,6,4,3,,1,2,71,-9,Stable,5,True,3,,False,False,True,True,True,False,True,True,,False,,,,0,61.0,3,,5.0,4.0,Lost — security / compliance failed. No additional detail.,Cause tonight chance thought source source treatment company thousand drive on painting person fly.,6.0,Omitted,False,05/06/2026,True,,,Competitor Displacement
PIPE-2058,Ingram Inc LLC,ACC-74239,Melendez and Sons - Full Bundle Annual,Enterprise,Technology,APAC,Rachel Kim,REP-107,Hana Takeda,Elena Ruiz,Full Bundle,Annual,Partner Referral,Collibra,,281700.0,231000.0,231000.0,0.18,False,$150k–$500k,2026-02-03,,,50,5,1,42.0,12.0,Technical Validation,Emma Jennings,Director of Data,Director,,Julie Padilla,CFO,True,2,6,6,False,,False,1.7,2.0,0.3,0.15,10,1,31,38,Checking in,20,1.5,12,0,1,Discovery,4,2,82,-5,,2,False,0,True,False,True,True,False,True,True,,True,True,False,,79.0,False,0,80.0,6,,6.0,23.0,Lost — chose competitor. No additional detail.,,9.0,Commit,True,2026-05-15,True,,,Ghost Stall
PIPE-2137,RICE-LARSON,ACC-91238,Barajas and Sons - Full Bundle Annual,Enterprise,Media,Southeast,James O'Brien,REP-106,Amara Osei,Grace Okonkwo,Full Bundle,Annual,Outbound SDR,Starburst,Databricks,526500.0,526500.0,526500.0,0.0,,>$500k,05-Apr-2026,,,60,2,0,19.0,22.0,Technical Validation,Melissa Price,Data Platform Lead,Manager,,Kathy Brown,Director of IT,True,4,5,5,True,,,0.6,1.9,1.3,0.25,35,8,14,20,,10,1.3,5,0,3,Executive QBR,15,0,60,15,Expanding,2,False,0,False,True,True,False,True,False,,True,True,False,False,,82.0,False,2,69.0,25,True,1.0,58.0,"just went dark.. last email 3 weeks ago, no response..",,6.0,Best Case,True,"May 21, 2026",False,,,Ghost Stall
PIPE-2095,Johnson-Gutierrez,ACC-19280,"Peters, Morris and Brown - Governance Module Pilot",SMB,Energy,West,David Park,REP-104,Liam Sutherland,Henry Vasquez,Governance Module,Pilot,LinkedIn Outbound,Starburst,,34500.0,29300.0,61100.0,0.15,True,$50k–$150k,"April 11, 2026",,,12,5,1,14.0,,Technical Validation,Nathan Perez,Lead Data Engineer,IC,9.3,,Director of IT,False,0,3,1,False,False,False,0.8,8.14,7.34,0.79,34,27,0,9,Quick question on the proposal,18,1.5,4,2,3,Technical Review,18,1,29,-22,Stable,0,False,0,False,False,True,False,False,False,,,True,False,True,23.0,54.0,False,1,83.0,17,False,6.0,96.0,Lost — wrong timing. No additional detail.,Drop war material term heavy name easy interest person fly.,7.0,Best Case,True,30-Apr-2026,,,,Champion Collapse
PIPE-2097,"Contreras,PhillipsandYu",ACC-81445,Carroll-Carr - Governance Module Multi-Year,SMB,Healthcare,West,James O'Brien,REP-106,Amara Osei,Grace Okonkwo,Governance Module,Multi-Year,PLG Expansion,Fivetran,,9000.0,8300.0,21100.0,0.08,True,>$500k,"March 16, 2026",,,9,3,1,37.0,17.0,Negotiation,Jacob Vance,Data Engineer,IC,1.7,Matthew Barker,Director of IT,True,1,8,7,False,True,True,1.0,1.5,0.5,0.41,29,12,5,4,Introduction: Terry <> Tiger Data,13,2.2,8,1,3,Technical Review,10,4,76,-1,Contracting,0,True,1,True,True,True,True,False,False,,True,True,True,True,18.0,67.0,True,1,82.0,24,True,,,Lost — chose competitor. No additional detail.,Care report bar boy method themselves whatever experience avoid difference general civil fine school production.,7.0,Best Case,False,,True,,,
PIPE-2018,The Cook and Sons,ACC-28668,Wilcox PLC - Governance Module Multi-Year,Enterprise,Retail,APAC,Marcus Chen,REP-102,Jordan Blake,Grace Okonkwo,Governance Module,Multi-Year,Executive Referral,Collibra,Snowflake,359900.0,338300.0,992600.0,0.06,True,$150k–$500k,03/08/2026,,,3,3,0,,,Technical Validation,Daniel Smith,Data Platform Lead,Manager,10.8,Mr. David Villanueva,SVP Technology,False,1,7,1,False,True,True,1.5,7.06,5.56,0.37,35,13,1,6,Re: Follow up from our call,16,2.6,3,1,2,Executive QBR,30,5,36,-27,Expanding,1,False,0,True,False,False,True,False,False,,False,,False,False,,94.0,False,1,94.0,16,False,,84.0,Lost — missing feature. No additional detail.,Anything worry institution big condition fall little effect plant much course standard.,10.0,Best Case,False,"May 07, 2026",True,,,Champion Collapse
PIPE-2050,dean llc,ACC-95389,"Harvey, Bradley and Burns - Analytics Suite Monthly",Mid-Market,Logistics,Southeast,Tyler Brooks,REP-108,Hana Takeda,,Analytics Suite,Monthly,Outbound SDR,Snowflake,,77300.0,61800.0,179200.0,0.2,False,,27-Mar-2026,,,4,3,1,34.0,,Technical Validation,Mikayla Cordova,Data Engineer,IC,11.9,Christina Rivas,VP Operations,False,0,6,4,True,True,True,0.6,2.6,2.0,0.31,35,11,2,3,following up again...,12,0.8,6,1,1,Discovery,13,2,81,-4,Expanding,2,True,1,False,False,True,False,True,True,True,False,,False,True,11.0,42.0,,1,94.0,19,False,1.0,33.0,Lost — chose competitor. No additional detail.,,8.0,Pipeline,False,04/22/2026,False,,,Exec Vacuum
PIPE-2002,GUERRERO INC,ACC-26636,Fernandez-Santana - Governance Module Multi-Year,SMB,Retail,EMEA,Emily Rodriguez,REP-103,Benjamin Cross,Henry Vasquez,Governance Module,Multi-Year,PLG Expansion,Collibra,Collibra,28600.0,28000.0,68300.0,0.02,True,$50k–$150k,"February 16, 2026",,,12,5,1,24.0,23.0,Negotiation,Donna Martin,Lead Data Engineer,IC,6.6,,CTO,True,2,3,3,,False,False,1.6,2.2,0.6,0.5,42,21,6,10,Re: Follow up from our call,4,2.5,5,1,4,Executive QBR,14,5,75,12,Expanding,0,True,4,True,True,True,True,False,True,False,True,,False,True,27.0,25.0,True,0,79.0,23,True,3.0,,Lost — price / budget. No additional detail.,Democratic operation discover evidence against husband remain agree summer way.,9.0,Best Case,False,,False,,,
PIPE-2130,"Luna, Anderson and Smith",ACC-98313,Hamilton-Buck - Analytics Suite Monthly,Enterprise,Retail,Midwest,Nina Petrov,REP-109,Hana Takeda,Danny Patel,Analytics Suite,Monthly,Event / Conference,Snowflake,,554400.0,504500.0,1304000.0,0.09,True,$150k–$500k,02/14/2026,,,6,3,0,,,Negotiation,Jennifer Lambert,Senior Data Engineer,IC,,Matthew Walker,SVP Technology,False,3,2,1,,,False,2.1,7.79,5.69,0.72,54,39,4,8,Re: Follow up from our call,18,0.8,2,3,1,POC Review,35,1,44,-30,Expanding,2,False,0,True,False,False,True,True,False,True,True,True,True,False,,97.0,True,1,63.0,20,,3.0,55.0,lost — security / compliance failed.. no additional detail..,Management likely that stock officer mother east nice group past three a month.,8.0,Best Case,False,23-Apr-2026,False,,,Champion Collapse
PIPE-2081,The George-Williams,ACC-67307,Meyer-Gilbert - Core Platform Annual,SMB,Logistics,APAC,James O'Brien,REP-106,Hana Takeda,Henry Vasquez,Core Platform,Annual,Outbound SDR,Databricks,,27600.0,21800.0,21800.0,0.21,,,2026-03-14,,,7,3,1,,,Proposal Sent,Jordan Hill,Data Architect,IC,7.7,Amanda Brown,CTO,False,4,8,1,True,True,True,1.3,8.28,6.98,0.33,18,6,2,0,[External] Re: Tiger Data POC,12,1.6,9,5,3,Demo,38,1,27,-26,Stable,2,True,2,True,True,False,True,True,True,True,True,,True,False,,80.0,,0,59.0,17,True,,65.0,Our champion got moved to a different team mid-deal. Lost access.,Me color same purpose know enter agree pay newspaper decide election share fish wind.,10.0,Omitted,False,14-May-2026,True,,,Champion Collapse
PIPE-2140,"Stokes, Harper and Lawson LLC",ACC-42493,"Wilson, Gentry and Garrett - Core Platform Pilot",SMB,Manufacturing,Southeast,Marcus Chen,REP-102,Liam Sutherland,Elena Ruiz,Core Platform,Pilot,Event / Conference,Alation,Snowflake,14600.0,14200.0,39200.0,0.03,False,,01/24/2026,,,45,6,0,20.0,17.0,Prospecting,Amanda Kelly,Data Architect,IC,5.6,Brandon Hess,Chief Data Officer,True,3,7,5,True,True,True,2.4,1.5,-0.9,0.12,11,1,17,17,Q4 pricing — URGENT,19,2.0,12,0,3,Pricing,7,1,75,14,Expanding,0,False,0,True,False,True,True,False,True,,True,,True,True,30.0,,False,2,88.0,18,,1.0,95.0,Lost — missing feature. No additional detail.,,8.0,Best Case,,"May 19, 2026",,,,Ghost Stall
PIPE-2057,Simon and Sons LLC,ACC-23195,Rivera and Sons - Analytics Suite Pilot,Mid-Market,Insurance,Southwest,Sophia Nguyen,REP-105,Hana Takeda,Frankie Hale,Analytics Suite,Pilot,Cold Email Sequence,Collibra,,69600.0,50100.0,103900.0,0.28,True,,2026-03-12,,,14,3,1,35.0,14.0,Technical Validation,Jacqueline Wolfe,BI Lead,Manager,11.2,Brandi Mcguire,COO,True,5,2,1,True,True,False,2.1,2.0,-0.1,0.75,59,44,5,0,Quick question on the proposal,11,1.0,9,2,4,POC Review,13,3,83,10,Stable,0,True,3,False,,True,True,False,True,True,True,False,False,True,25.0,,False,2,67.0,16,,,,Lost — security / compliance failed. No additional detail.,,9.0,,True,14-May-2026,False,,,
PIPE-2030,"Anderson LLC, Inc.",ACC-67862,Watson Ltd - Analytics Suite Monthly,SMB,Technology,Southeast,Priya Shah,REP-101,Amara Osei,Grace Okonkwo,Analytics Suite,Monthly,Inbound - Website,Monte Carlo,None / Greenfield,30800.0,30800.0,87300.0,0.0,False,,2026-03-01,,,6,6,1,28.0,8.0,Discovery,Samuel Cantrell,BI Lead,Manager,,Ian Hopkins,SVP Technology,True,5,6,5,False,False,,0.5,1.0,0.5,0.55,31,17,2,8,Checking in,19,1.2,6,1,1,Discovery,11,3,86,-8,Expanding,1,False,0,True,False,True,True,True,True,,False,,True,True,19.0,85.0,False,1,53.0,25,True,,,Lost — chose competitor. No additional detail.,Nor analysis energy type surface coach television think activity attorney I analysis my boy conference often maintain.,10.0,,False,05/10/2026,True,,,
PIPE-2033,"BROCK, GILBERT AND GROSS",ACC-24889,Huber-Rhodes - Analytics Suite Annual,Enterprise,Logistics,Midwest,Priya Shah,REP-101,Amara Osei,Jaylen Ford,Analytics Suite,Annual,Outbound SDR,Databricks,,419000.0,356200.0,356200.0,0.15,True,,03/10/2026,,,10,2,0,,,Discovery,Eric Tucker,Analytics Engineer,IC,11.4,Maureen Lewis,CTO,False,0,3,1,,False,True,2.3,1.7,-0.6,0.62,37,23,4,8,,13,2.1,9,5,3,,2,3,87,10,Contracting,1,True,1,,True,False,False,True,True,True,True,True,True,True,15.0,39.0,False,1,93.0,10,,8.0,,"Champion was IC level, couldn't drive the purchase alone.",Why determine bad behavior sense middle book tax talk.,10.0,Commit,False,"May 08, 2026",False,,,Exec Vacuum
PIPE-2111,,ACC-67869,Heath Group - Analytics Suite Pilot,Mid-Market,Healthcare,Southwest,Emily Rodriguez,REP-103,Amara Osei,Elena Ruiz,Analytics Suite,Pilot,Partner Referral,Databricks,,118200.0,118200.0,321100.0,0.0,True,$50k–$150k,"March 31, 2026",,,26,2,1,23.0,33.0,Proposal Sent,,Senior Data Engineer,IC,11.3,,Head of Product,True,5,7,7,,True,,1.7,2.6,0.9,0.09,14,1,34,19,following up again...,6,1.3,2,0,2,Technical Review,15,1,80,15,Stable,1,True,3,True,False,True,True,True,False,,False,False,True,False,,66.0,False,0,89.0,21,False,4.0,58.0,Lost — wrong timing. No additional detail.,Remember especially will travel compare huge wide here send understand wall wife yard matter.,6.0,Pipeline,False,2026-05-02,False,,,Ghost Stall
PIPE-2124,The Lopez and Sons,ACC-98500,Carr-Davila - Analytics Suite Multi-Year,Enterprise,Financial Services,Midwest,David Park,REP-104,Jordan Blake,Danny Patel,Analytics Suite,Multi-Year,LinkedIn Outbound,Atlan,,764400.0,764400.0,2164900.0,0.0,True,>$500k,07-Mar-2026,,,43,6,0,,9.0,Negotiation,Calvin Paul,Data Architect,IC,10.4,Sue Reed,CFO,True,1,8,8,,True,False,1.2,1.4,0.2,0.1,23,2,35,13,following up again...,18,1.2,11,0,2,Demo,2,5,95,14,Expanding,2,False,0,False,False,False,False,True,True,False,False,False,False,True,28.0,,False,0,76.0,6,False,6.0,46.0,Lost — missing feature. No additional detail.,Weight development act treat serve yourself left simple election set run dinner beautiful middle.,10.0,Pipeline,True,,True,,,Ghost Stall
PIPE-2027,Patterson-Chang LLC,ACC-30672,Allen Group - Governance Module Monthly,Mid-Market,Media,West,Rachel Kim,REP-107,Benjamin Cross,Isla Berg,Governance Module,Monthly,Inbound - Website,Alation,,96300.0,80900.0,213900.0,0.16,True,>$500k,06-Apr-2026,,,9,5,1,,5.0,Discovery,Karen Allen,Lead Data Engineer,IC,11.3,Ariana Simpson,VP Operations,True,4,2,1,True,True,False,1.0,1.2,0.2,0.57,28,16,8,4,Q4 pricing — URGENT,11,2.5,4,1,1,Demo,3,3,87,-10,Expanding,0,True,4,False,True,False,True,False,True,True,False,False,True,True,7.0,59.0,True,1,82.0,10,True,2.0,85.0,Lost — champion left. No additional detail.,,8.0,Commit,True,,False,,,
PIPE-2134,"Burton, Gonzalez and Harrison, Inc.",ACC-34995,Mendez-Mccoy - Full Bundle Pilot,SMB,Insurance,West,Emily Rodriguez,REP-103,Jordan Blake,Elena Ruiz,Full Bundle,Pilot,Partner Referral,Fivetran,,27000.0,27000.0,70900.0,0.0,,$150k–$500k,03/05/2026,,,6,4,1,,33.0,Negotiation,John Jordan,Data Architect,IC,11.6,Robert Lambert,Director of IT,True,2,7,7,,False,False,2.2,2.5,0.3,0.23,40,9,3,10,,20,1.0,12,3,3,,4,1,57,4,Stable,1,False,0,False,False,False,True,False,True,,False,False,,False,,36.0,,0,70.0,23,True,1.0,,Lost — security / compliance failed. No additional detail.,Cup benefit increase trip side prevent hand wear blue experience seem sport respond industry which structure effort management degree.,9.0,Best Case,,05/03/2026,True,,,
PIPE-2091,Taylor-Duffy LLC,ACC-65415,"Alvarado, Morgan and Ruiz - Core Platform Pilot",Mid-Market,Logistics,West,Rachel Kim,REP-107,Hana Takeda,,Core Platform,Pilot,Executive Referral,Databricks,,138800.0,120800.0,309000.0,0.13,False,,"February 19, 2026",,,17,6,1,28.0,7.0,Technical Validation,Nancy Jarvis,BI Lead,Manager,1.5,Brittany Wagner,SVP Technology,True,4,3,2,True,,True,1.4,1.6,0.2,0.28,18,5,6,2,,9,1.4,4,4,4,,4,5,72,-7,Stable,0,False,0,,False,True,True,True,False,False,False,False,False,False,,36.0,True,2,70.0,17,False,2.0,92.0,lost — no decision / stalled.. no additional detail..,Large difficult environmental wide what account consider Mr statement entire plan spend senior without PM happy.,,Best Case,True,2026-04-22,False,,,
PIPE-2119,"Freeman PLC, Inc.",ACC-87265,Wilson Group - Core Platform Multi-Year,Enterprise,Education,EMEA,Rachel Kim,REP-107,Hana Takeda,Danny Patel,Core Platform,Multi-Year,Cold Email Sequence,None / Greenfield,,621000.0,459500.0,1037700.0,0.26,False,$150k–$500k,03/13/2026,,,54,2,0,,,Proposal Sent,Eric Morales,Data Platform Lead,Manager,7.6,Micheal Miller,Chief Data Officer,False,0,6,5,True,False,False,2.0,1.8,-0.2,0.12,33,3,27,31,Q4 pricing — URGENT,13,0.7,9,0,4,POC Review,10,2,89,2,Stable,0,False,0,False,,False,True,True,False,False,True,False,False,True,10.0,55.0,False,2,78.0,16,,,,Prospect stopped engaging after the proposal. No explanation given.,Yourself task drop serve leader song common should their majority.,,Omitted,False,"April 26, 2026",True,,,Ghost Stall
PIPE-2104,The Smith Ltd,ACC-46145,Vazquez PLC - Analytics Suite Pilot,Mid-Market,Energy,Southwest,David Park,REP-104,Jordan Blake,,Analytics Suite,Pilot,Cold Email Sequence,Databricks,Alation,57100.0,57100.0,,0.0,True,$50k–$150k,23-Mar-2026,,,13,6,0,11.0,,Technical Validation,Brian Hunter,BI Lead,Manager,,Donna Morris,SVP Technology,False,0,6,1,True,True,True,1.3,8.12,6.82,0.14,35,5,6,5,,14,1.6,2,5,4,Executive QBR,20,4,45,-31,,0,False,0,,,True,False,True,False,True,True,,,True,19.0,,False,0,92.0,20,,6.0,,Lost — price / budget. No additional detail.,,6.0,Commit,False,05/12/2026,True,,,Champion Collapse
PIPE-2021,DanielLLC,ACC-74081,"Woodward, Huynh and Dickson - Governance Module Pilot",SMB,Energy,APAC,Priya Shah,REP-101,Benjamin Cross,Isla Berg,Governance Module,Pilot,Partner Referral,Starburst,,16300.0,15500.0,42200.0,0.05,True,$50k–$150k,24-Feb-2026,,,15,6,0,,,Prospecting,Shelly Rodriguez,Analytics Engineer,IC,7.7,Shannon Edwards,COO,False,0,6,4,True,False,True,1.0,0.5,-0.5,0.86,58,50,4,4,,11,1.3,3,2,1,Technical Review,12,1,61,12,Expanding,2,True,3,True,True,False,True,True,False,False,True,False,True,False,,,False,0,52.0,21,False,,,Lost — price / budget. No additional detail.,We thus hot something community method power wonder important admit six build improve suddenly avoid prove movie.,8.0,Pipeline,,12-May-2026,,,,Exec Vacuum
PIPE-2096,"hampton, jones and fernandez",ACC-18427,Potts LLC - Full Bundle Multi-Year,Enterprise,Manufacturing,Southwest,Emily Rodriguez,REP-103,Jordan Blake,Jaylen Ford,Full Bundle,Multi-Year,Executive Referral,None / Greenfield,,180900.0,155600.0,384600.0,0.14,False,>$500k,02/05/2026,,,19,4,1,,,Prospecting,Christine Ramirez,Director of Data,Director,4.5,Erika Ellis,CTO,False,0,5,5,True,False,,1.5,2.3,0.8,0.24,34,8,5,2,fwd: technical review docs,8,1.9,11,4,4,Pricing,9,5,83,13,Expanding,0,True,3,True,,False,True,True,True,,True,False,True,False,,94.0,,2,65.0,11,False,,78.0,Lost — wrong timing. No additional detail.,Player last close short audience five herself part process happy.,8.0,Omitted,True,"April 27, 2026",False,,,
PIPE-2109,Simpson-Castro,ACC-88198,,Enterprise,Healthcare,Midwest,Sophia Nguyen,REP-105,Jordan Blake,,Full Bundle,Multi-Year,Inbound - Website,None / Greenfield,,190500.0,154300.0,435100.0,0.19,True,,2026-03-26,,,19,4,0,37.0,,Discovery,Shawn Randall,Data Engineer,IC,2.7,Troy Patel,VP Engineering,False,0,3,2,True,False,True,1.2,1.6,0.4,0.25,40,10,5,1,Introduction: Potter <> Tiger Data,8,1.9,4,3,4,Technical Review,11,2,60,-10,Stable,0,True,3,False,False,True,False,False,True,True,True,False,,True,18.0,79.0,True,0,95.0,13,True,2.0,52.0,Lost — chose competitor. No additional detail.,Election dog effort hair find inside son military.,8.0,Best Case,False,,False,,,Exec Vacuum
PIPE-2107,JohnsonInc,ACC-42466,"Maldonado, Mills and Smith - Governance Module Annual",Enterprise,Education,West,James O'Brien,REP-106,Jordan Blake,Grace Okonkwo,Governance Module,Annual,Inbound - Website,Alation,,173600.0,126700.0,126700.0,0.27,True,<$50k,"January 25, 2026",,,12,2,0,,9.0,Prospecting,Jon Gentry,BI Lead,Manager,0.8,Anthony Fisher,CFO,True,3,5,5,False,True,False,1.5,0.6,-0.9,0.26,19,5,5,2,Quick question on the proposal,6,1.4,6,5,3,Demo,2,2,78,14,Stable,0,False,0,True,True,False,True,True,True,True,False,True,,False,,39.0,False,0,63.0,7,False,,,lost — wrong timing.. no additional detail..,,7.0,Commit,False,2026-05-15,True,,,
PIPE-2007,"MOORE, WARNER AND GOODWIN",ACC-59564,Cummings Group - Analytics Suite Annual,Mid-Market,Healthcare,EMEA,Marcus Chen,REP-102,,Jaylen Ford,Analytics Suite,Annual,Executive Referral,Fivetran,,119500.0,109900.0,109900.0,0.08,False,,31-Mar-2026,,,47,6,1,,,Prospecting,Jacob Nelson,Data Platform Lead,Manager,2.1,Joseph Harvey,Chief Data Officer,False,0,5,5,False,True,False,2.4,2.2,-0.2,0.06,21,1,35,16,Q4 pricing — URGENT,3,1.0,2,0,1,Executive QBR,8,5,92,11,Stable,2,True,3,True,False,False,True,False,True,True,True,True,,False,,48.0,True,0,81.0,11,True,,44.0,"just went dark.. last email 3 weeks ago, no response..",Area thousand image capital letter practice adult best commercial.,7.0,Commit,True,04/27/2026,True,,,Ghost Stall
PIPE-2061,sexton and sons,ACC-46541,Ellis-Becker - Governance Module Monthly,Mid-Market,Financial Services,West,Marcus Chen,REP-102,Liam Sutherland,Frankie Hale,Governance Module,Monthly,LinkedIn Outbound,Fivetran,Starburst,136200.0,136200.0,277000.0,0.0,True,$150k–$500k,01/29/2026,,,27,5,1,,,Negotiation,Michael Reid,Senior Data Engineer,IC,2.0,Laurie Griffith,Head of Product,False,0,2,2,,False,True,0.8,1.7,0.9,0.06,50,3,18,12,fwd: technical review docs,18,2.9,2,0,4,,15,0,64,2,Contracting,2,False,0,True,True,False,False,True,False,True,False,,True,True,29.0,24.0,False,2,92.0,15,False,,46.0,Lost — missing feature. No additional detail.,Rather turn exactly total science security room occur.,7.0,Commit,False,04-May-2026,True,,,Ghost Stall
PIPE-2114,"Gibbs, Chase and Molina",ACC-18224,Allen PLC - Governance Module Pilot,SMB,Retail,Northeast,David Park,REP-104,Jordan Blake,Grace Okonkwo,Governance Module,Pilot,Inbound - Website,Databricks,,30000.0,29700.0,60600.0,0.01,True,$50k–$150k,03/25/2026,,,41,2,1,,30.0,Proposal Sent,Kristina Lopez,Data Platform Lead,Manager,5.5,Kara Ford,VP Engineering,True,4,6,6,False,False,False,0.7,1.0,0.3,0.25,34,8,20,12,,14,0.7,5,0,1,Discovery,15,2,94,0,Expanding,1,True,2,,True,False,True,False,False,False,,True,,False,,26.0,False,1,50.0,4,True,7.0,,Prospect stopped engaging after the proposal. No explanation given.,Real common main now Republican office then buy.,6.0,Omitted,False,"May 18, 2026",True,,,Ghost Stall
PIPE-2035,"Roth, Ellis and Lewis LLC",ACC-86463,Gonzalez LLC - Governance Module Multi-Year,Mid-Market,Energy,EMEA,Alex Morgan,REP-100,,,Governance Module,Multi-Year,Outbound SDR,Atlan,Starburst,131400.0,131400.0,332300.0,0.23,True,>$500k,22-Feb-2026,,,17,2,2,,19.0,Discovery,Heather Lozano,Head of Data Engineering,Manager,11.9,John Potts,SVP Technology,True,5,4,4,False,True,False,2.5,3.0,0.5,0.44,36,16,7,14,fwd: technical review docs,10,0.8,12,5,1,Technical Review,8,1,77,-5,Contracting,3,True,4,False,False,False,False,False,True,True,True,True,True,False,,,False,1,70.0,15,False,8.0,13.0,Lost — missing feature. No additional detail.,Leader product line environmental area rise agree Democrat year last election.,8.0,Commit,True,,True,,,Competitor Displacement
PIPE-2105,jordan-rubio,ACC-18451,Scott PLC - Analytics Suite Annual,Mid-Market,Education,APAC,Priya Shah,REP-101,Liam Sutherland,,Analytics Suite,Annual,Partner Referral,Alation,,70200.0,51900.0,51900.0,0.23,False,$150k–$500k,2026-02-19,,,18,6,2,14.0,18.0,Negotiation,James Brown,Data Engineer,IC,4.6,Jordan Potter,SVP Technology,True,3,4,4,False,True,True,1.0,1.4,0.4,0.39,51,20,4,10,,16,2.4,2,4,3,Executive QBR,7,0,90,15,Expanding,6,True,2,False,False,True,False,False,True,True,False,True,False,True,5.0,,False,1,77.0,19,,3.0,17.0,Lost — wrong timing. No additional detail.,Group teacher learn difficult stay sense decade hour structure product where.,9.0,Commit,False,,False,,,Competitor Displacement
PIPE-2010,The Montes Group,ACC-15863,Guerra PLC - Core Platform Annual,Mid-Market,Retail,Southwest,Nina Petrov,REP-109,Liam Sutherland,,Core Platform,Annual,Inbound - Website,Snowflake,,142400.0,108200.0,108200.0,0.24,True,,02/22/2026,,,10,3,1,41.0,20.0,Prospecting,Christina Woods,Analytics Engineer,IC,,,SVP Technology,True,3,7,5,True,True,False,1.5,1.7,0.2,0.75,12,9,4,3,Re: Follow up from our call,18,2.2,6,5,2,Executive QBR,8,4,63,7,Stable,2,True,2,True,True,True,True,False,False,,True,False,False,True,10.0,41.0,False,2,84.0,7,True,3.0,,Lost — missing feature. No additional detail.,Movement visit training trial specific back success soon position bar own wind tough level.,7.0,Commit,True,2026-05-13,,,,
PIPE-2147,jacobs-humphrey,ACC-63120,Lee-Davis - Governance Module Pilot,Mid-Market,Manufacturing,Southwest,Sophia Nguyen,REP-105,Liam Sutherland,Isla Berg,Governance Module,Pilot,PLG Expansion,Atlan,,47100.0,47100.0,131400.0,0.0,,,02/19/2026,,,20,2,0,28.0,,Discovery,Tracy Simpson,Analytics Manager,Manager,8.9,Lorraine Martinez,Director of IT,False,0,2,1,False,,,1.7,0.9,-0.8,0.32,19,6,7,0,Quick question on the proposal,4,0.7,7,1,2,POC Review,10,4,59,-5,Expanding,1,False,0,,False,True,False,True,False,False,False,False,False,True,20.0,,,0,94.0,3,False,3.0,35.0,lost — security / compliance failed.. no additional detail..,Public heart million old add whom while hold participant land hold building hope.,7.0,Omitted,True,"April 30, 2026",False,,,
PIPE-2071,GARCIA-MEJIA,ACC-26009,Reynolds Group - Governance Module Monthly,Mid-Market,Healthcare,Northeast,David Park,REP-104,Benjamin Cross,,Governance Module,Monthly,Executive Referral,dbt Labs,,92100.0,92100.0,214800.0,0.0,False,,07-Apr-2026,,,7,2,1,,22.0,Discovery,Nathan Blanchard,Chief Data Officer,C-Suite,1.1,Carrie Brown,VP Engineering,True,2,8,7,False,True,,1.1,1.6,0.5,0.45,60,27,0,7,[External] Re: Tiger Data POC,10,1.3,8,2,2,Demo,14,0,59,6,Contracting,1,True,4,True,True,False,False,False,True,True,False,True,,True,12.0,56.0,False,0,,10,True,7.0,1.0,Lost — price / budget. No additional detail.,Summer education particularly lead out thus treatment him rock necessary create down rather discuss same talk authority other.,9.0,Pipeline,True,2026-05-10,False,,,
PIPE-2149,WoodwardLLC,ACC-21985,Peterson Ltd - Full Bundle Monthly,Mid-Market,Financial Services,Southeast,James O'Brien,REP-106,Benjamin Cross,Elena Ruiz,Full Bundle,Monthly,Inbound - Website,Monte Carlo,Databricks,87600.0,87600.0,211100.0,0.0,True,,02-Feb-2026,,,59,2,1,,19.0,Technical Validation,Andrew Meyer,Director of Data,Director,,Kelly Harvey,Director of IT,True,5,4,3,False,True,True,2.1,2.7,0.6,0.1,13,1,27,31,following up again...,16,1.9,5,0,2,Technical Review,15,4,64,0,Contracting,1,False,0,,True,False,True,False,True,True,,True,True,True,11.0,30.0,,1,60.0,21,,8.0,8.0,Multiple follow-ups with no reply. Probably went internal.,Hospital artist conference gun support fund change personal traditional today form should could budget evening truth admit partner stop.,9.0,Commit,False,,True,,,Ghost Stall
PIPE-2133,Simmons Group Inc,ACC-60901,,Enterprise,Healthcare,Midwest,Nina Petrov,REP-109,Liam Sutherland,Casey Wu,Governance Module,Monthly,Executive Referral,Fivetran,None / Greenfield,570300.0,570300.0,,0.0,False,$50k–$150k,2026-02-27,,,7,5,0,,26.0,Technical Validation,Larry Turner,Lead Data Engineer,IC,2.6,Jennifer Cordova,COO,True,1,5,3,False,True,True,2.3,2.2,-0.1,0.72,43,31,5,10,Introduction: George <> Tiger Data,19,1.7,10,3,3,POC Review,14,1,94,-1,Expanding,2,False,0,False,True,False,True,False,False,,False,False,True,False,,,True,2,58.0,13,True,4.0,88.0,Lost — wrong timing. No additional detail.,,8.0,Omitted,False,05/07/2026,True,,,
PIPE-2093,rivera llc,ACC-59861,Odonnell-Boyd - Governance Module Monthly,Enterprise,Financial Services,Southeast,Alex Morgan,REP-100,Benjamin Cross,Elena Ruiz,Governance Module,Monthly,Outbound SDR,Alation,,210400.0,210400.0,591500.0,0.0,True,,"February 07, 2026",,,19,6,0,,27.0,Negotiation,Melody Walker,Chief Data Officer,C-Suite,11.4,,CFO,True,3,4,4,True,,True,2.5,1.4,-1.1,0.51,45,23,6,10,,10,1.7,7,3,1,,5,1,65,-1,,0,False,0,True,False,False,False,False,False,True,True,False,False,True,15.0,,True,2,72.0,2,,7.0,100.0,Lost — wrong timing. No additional detail.,,8.0,Commit,False,,,,,
PIPE-2031,"carter, hill and reid",ACC-62269,Silva Group - Governance Module Multi-Year,Mid-Market,Insurance,Southeast,Tyler Brooks,REP-108,Benjamin Cross,,Governance Module,Multi-Year,PLG Expansion,Collibra,,118700.0,106800.0,242300.0,0.24,False,$50k–$150k,02/02/2026,,,19,6,3,33.0,,Proposal Sent,Jennifer Nguyen,VP of Data,VP,3.5,,SVP Technology,False,0,8,8,True,,False,2.3,1.3,-1.0,0.38,29,11,0,11,[External] Re: Tiger Data POC,13,1.3,12,3,1,Demo,13,4,62,13,Stable,4,True,3,True,False,True,False,False,True,True,False,False,,False,,80.0,True,1,93.0,13,,5.0,,lost to fivetran on connector breadth.. they had 200+ native connectors..,Few choice certain son else new economy name hotel right each left left.,6.0,,,"May 03, 2026",True,,,Competitor Displacement
PIPE-2016,The Smith-Cortez,ACC-76027,Jacobs Inc - Full Bundle Monthly,Enterprise,Financial Services,Southwest,Nina Petrov,REP-109,Hana Takeda,Casey Wu,Full Bundle,Monthly,Partner Referral,Collibra,,344900.0,255200.0,545200.0,0.26,True,,02/10/2026,,,13,4,3,,20.0,Prospecting,Michele Fields,Head of Data Engineering,Manager,10.3,Ryan Russell,VP Operations,True,2,4,3,True,True,True,1.5,0.7,-0.8,0.67,21,14,6,15,Introduction: Young <> Tiger Data,14,0.8,12,1,4,Discovery,2,1,69,9,Stable,7,True,2,True,True,False,False,True,True,True,True,False,False,False,,,,0,68.0,25,True,1.0,,Lost to Fivetran on connector breadth. They had 200+ native connectors.,Feeling later major success relationship fish probably appear TV compare eat hundred manage.,7.0,Omitted,True,05/19/2026,False,,,Competitor Displacement
PIPE-2064,Rodriguez-Mccarty,ACC-76642,Powell-Whitehead - Full Bundle Multi-Year,Enterprise,Financial Services,APAC,Rachel Kim,REP-107,Amara Osei,Jaylen Ford,Full Bundle,Multi-Year,Partner Referral,None / Greenfield,,334200.0,304100.0,833400.0,0.09,False,,04/11/2026,,,14,6,1,19.0,,Discovery,Jeffery Cruz,Data Engineer,IC,,Gwendolyn Pena,VP Operations,False,5,6,1,,True,True,1.1,6.87,5.77,0.78,55,43,1,10,Introduction: Marsh <> Tiger Data,11,1.9,5,4,2,Pricing,40,2,28,-26,Stable,0,True,1,True,False,True,False,False,True,False,True,False,True,False,,45.0,False,2,95.0,7,True,0.0,,Lost — missing feature. No additional detail.,Shoulder store year board hospital view safe economic often try decide particularly forget.,6.0,Best Case,True,,,,,Champion Collapse
PIPE-2001,Johnson-Saunders Inc,ACC-40969,Ware-Zamora - Core Platform Annual,SMB,Energy,Southwest,Marcus Chen,REP-102,Benjamin Cross,,Core Platform,Annual,Partner Referral,Databricks,,28700.0,24700.0,24700.0,0.14,False,,03/16/2026,,,3,4,1,44.0,,Proposal Sent,James Williams,Data Engineer,IC,9.0,Laura Orozco,Chief Data Officer,False,0,5,1,True,True,True,1.0,7.65,6.65,0.66,35,23,5,2,fwd: technical review docs,18,2.2,5,2,2,Discovery,40,3,37,-26,Contracting,2,True,1,False,False,True,False,False,False,,False,False,,False,,,,1,57.0,7,False,4.0,,Lost — security / compliance failed. No additional detail.,Certain development life contain seat serve know prove be watch service write but network information.,7.0,Best Case,True,2026-05-03,False,,,Champion Collapse
PIPE-2048,Mayer LLC LLC,ACC-89885,Meadows Group - Full Bundle Multi-Year,Mid-Market,Manufacturing,Southwest,Marcus Chen,REP-102,Hana Takeda,,Full Bundle,Multi-Year,Inbound - Website,Fivetran,Collibra,143100.0,143100.0,328300.0,0.0,True,<$50k,2026-01-31,,,17,6,1,,,Negotiation,Deanna Sutton,Data Engineer,IC,5.7,Tyrone Solis,CFO,False,0,5,3,True,,True,0.6,0.7,0.1,0.26,23,6,5,2,RE: RE: RE: Next steps??,13,2.4,5,3,3,,3,3,73,11,Contracting,0,False,0,True,,False,True,True,False,True,True,True,False,False,,96.0,True,1,58.0,15,,0.0,,"Champion was IC level, couldn't drive the purchase alone.",Investment region my medical the this avoid situation development animal election painting mind fly matter be free reflect order.,10.0,Commit,True,05/15/2026,,,,Exec Vacuum
PIPE-2083,DouglasGroup,ACC-11133,Moore-Jensen - Full Bundle Pilot,Enterprise,Technology,Southeast,Nina Petrov,REP-109,,,Full Bundle,Pilot,Inbound - Website,Monte Carlo,,314200.0,257600.0,681100.0,0.18,False,$50k–$150k,"April 10, 2026",,,7,2,1,,,Proposal Sent,Mary Anderson,Analytics Engineer,IC,7.8,Gary Payne,VP Operations,False,0,6,4,,False,False,1.5,1.5,0.0,0.61,38,23,6,5,,6,0.9,12,5,1,Executive QBR,5,0,77,10,Expanding,1,False,0,False,True,False,False,False,True,False,True,False,True,True,24.0,54.0,True,0,73.0,24,,7.0,,Lost — wrong timing. No additional detail.,State military this machine social ten responsibility cell ask serve example.,8.0,Omitted,True,2026-05-12,True,,,Exec Vacuum
PIPE-2146,"Schwartz Group, Inc.",ACC-19476,Peterson-Reynolds - Analytics Suite Annual,SMB,Media,APAC,Sophia Nguyen,REP-105,Amara Osei,,Analytics Suite,Annual,Partner Referral,Snowflake,Fivetran,9500.0,9400.0,9400.0,0.01,False,,02/28/2026,,,19,4,1,,,Technical Validation,Melinda Little,Chief Data Officer,C-Suite,9.1,Hannah Valdez,SVP Technology,False,0,3,1,True,False,,2.0,2.0,0.0,0.38,13,5,0,5,Introduction: Gutierrez <> Tiger Data,13,2.2,5,5,2,,10,3,63,3,Expanding,0,False,0,False,True,False,False,False,False,,False,True,True,False,,,True,2,59.0,4,True,1.0,62.0,lost — champion left.. no additional detail..,Election part ever figure professor price face grow upon you kitchen issue first course seven move law.,8.0,Omitted,False,"May 14, 2026",False,,,
PIPE-2063-DUP,,ACC-24716,Costa Group - Core Platform Multi-Year,SMB,Insurance,APAC,Tyler Brooks,REP-108,Liam Sutherland,,Core Platform,Multi-Year,Outbound SDR,Collibra,,27400.0,27400.0,58500.0,0.31,,>$500k,"March 26, 2026",,,19,4,2,,,Proposal Sent,David Joseph,Senior Data Engineer,IC,,Alexa Smith,Director of IT,False,0,8,6,,False,True,1.2,1.4,0.2,0.74,39,29,8,18,following up again...,9,0.5,11,4,4,Discovery,9,2,59,6,Expanding,7,True,3,False,False,False,True,False,True,,True,,False,True,11.0,,False,2,88.0,12,False,5.0,67.0,Lost — no decision / stalled. No additional detail.,Market expect old particularly situation road statement site fine range politics education.,9.0,Pipeline,False,2026-04-29,False,,,Competitor Displacement
PIPE-2099,The Clarke Ltd,ACC-62966,Wells Group - Full Bundle Multi-Year,SMB,Logistics,EMEA,Sophia Nguyen,REP-105,Jordan Blake,Henry Vasquez,Full Bundle,Multi-Year,Cold Email Sequence,Starburst,,17200.0,14100.0,40500.0,0.23,False,<$50k,2026-03-04,,,16,3,3,28.0,,Technical Validation,Sierra Ford,Analytics Engineer,IC,11.3,Nicholas Payne,VP Engineering,False,0,7,6,False,True,True,2.2,2.4,0.2,0.57,47,27,6,12,Q4 pricing — URGENT,5,1.4,4,5,1,Discovery,11,0,76,15,Contracting,5,True,2,,False,True,False,False,True,,False,,True,False,,91.0,True,1,88.0,20,,,,Lost — security / compliance failed. No additional detail.,Week country rock raise drop rich before collection yeah there experience say common.,8.0,Pipeline,False,2026-05-09,False,,,Competitor Displacement
PIPE-2087,Johnson-Barnes,ACC-91536,"King, Johnson and Stewart - Governance Module Annual",Mid-Market,Education,West,Sophia Nguyen,REP-105,Benjamin Cross,Jaylen Ford,Governance Module,Annual,Executive Referral,Starburst,Fivetran,71800.0,68200.0,,0.05,False,>$500k,"March 15, 2026",,,11,3,0,,,Negotiation,James Anderson,Data Engineer,IC,1.2,Mark Evans,Head of Product,False,0,5,3,True,False,True,2.1,0.8,-1.3,0.89,27,24,7,5,,20,2.6,9,1,3,Demo,11,0,76,14,Stable,0,False,0,True,True,False,False,False,False,True,True,,False,True,8.0,,False,2,85.0,8,True,4.0,99.0,Lost — champion left. No additional detail.,,8.0,Commit,False,,False,,,Exec Vacuum
PIPE-2009,Lin LLC LLC,ACC-46765,,SMB,Retail,APAC,Sophia Nguyen,REP-105,Amara Osei,Frankie Hale,Core Platform,Multi-Year,LinkedIn Outbound,Fivetran,,21600.0,19400.0,49300.0,0.27,True,,2026-03-20,,,15,5,2,,29.0,Prospecting,John Adams,Chief Data Officer,C-Suite,1.0,,Chief Data Officer,True,4,7,5,True,True,,1.9,1.2,-0.7,0.85,39,33,7,19,,19,0.9,4,1,4,Discovery,11,5,75,1,Contracting,7,True,1,True,False,False,False,True,False,False,,False,True,True,26.0,30.0,False,2,84.0,2,True,2.0,21.0,They went with Databricks. Had deeper existing footprint.,,10.0,Commit,False,,False,,,Competitor Displacement
PIPE-2144,Singleton PLC LLC,ACC-44167,,SMB,Education,West,David Park,REP-104,Jordan Blake,Isla Berg,Full Bundle,Monthly,Outbound SDR,Alation,Databricks,19600.0,14500.0,34600.0,0.26,True,$150k–$500k,2026-04-03,,,9,3,1,12.0,,Negotiation,Amber Roberts,Data Engineer,IC,,Christopher Brown,Head of Product,False,0,4,4,True,False,False,2.0,2.2,0.2,0.5,22,11,5,3,Checking in,3,1.5,2,5,4,POC Review,10,4,87,5,Contracting,2,False,0,False,False,True,False,True,True,True,True,,,True,10.0,26.0,False,2,54.0,6,,0.0,92.0,Lost — champion left. No additional detail.,,10.0,Best Case,True,03-May-2026,True,,,Exec Vacuum
PIPE-2004,"Sanchez-Wilson, Inc.",ACC-44660,"Welch, Duran and Meyer - Governance Module Multi-Year",Mid-Market,Logistics,EMEA,Nina Petrov,REP-109,Benjamin Cross,Frankie Hale,Governance Module,Multi-Year,Inbound - Website,Alation,,59200.0,56800.0,132900.0,0.04,True,,2026-02-14,,,3,4,0,12.0,,Discovery,Christopher Bell,BI Lead,Manager,2.0,Charles Pham,Chief Data Officer,False,0,2,1,True,,,1.2,7.08,5.88,0.76,17,13,7,8,Checking in,3,2.4,3,4,3,,25,1,28,-26,Stable,1,False,0,False,True,True,False,False,True,False,True,False,False,True,18.0,92.0,,0,74.0,9,,2.0,,Lost — no decision / stalled. No additional detail.,Easy know set few car four ahead news wife interest morning whether name agree.,9.0,Omitted,False,"April 26, 2026",True,,,Champion Collapse
PIPE-2038,"Fields, Velasquez and Garza Inc",ACC-97133,"King, Jones and Smith - Governance Module Monthly",SMB,Manufacturing,Midwest,Sophia Nguyen,REP-105,Jordan Blake,Casey Wu,Governance Module,Monthly,Executive Referral,Starburst,dbt Labs,16400.0,12600.0,27900.0,0.23,False,,"March 12, 2026",,,33,4,0,,,Prospecting,Jennifer Rodriguez,VP of Data,VP,11.9,Tammy Bryant DDS,CTO,False,0,4,2,True,False,True,2.1,2.5,0.4,0.12,17,2,13,37,,20,0.9,8,0,2,POC Review,4,3,60,-2,Expanding,1,False,0,True,False,False,True,False,True,,True,,True,True,29.0,,True,2,84.0,23,True,8.0,,Lost — chose competitor. No additional detail.,Know wear she develop lose off finally culture dark.,6.0,Pipeline,True,05/10/2026,True,,,Ghost Stall
PIPE-2078,Smith Inc Inc,ACC-44978,Bailey LLC - Full Bundle Pilot,Mid-Market,Retail,Southeast,James O'Brien,REP-106,Liam Sutherland,,Full Bundle,Pilot,Outbound SDR,Snowflake,Monte Carlo,130000.0,130000.0,335200.0,0.0,False,$50k–$150k,01/29/2026,,,14,5,1,,,Prospecting,Carla Farmer,Analytics Manager,Manager,7.9,Michele Williamson,CFO,False,0,8,1,,False,,0.6,6.19,5.59,0.76,51,39,5,1,,13,2.5,12,2,1,Technical Review,22,4,21,-27,Expanding,1,True,2,False,False,False,True,False,True,,False,True,False,True,21.0,43.0,True,1,70.0,17,False,7.0,,Lost — champion left. No additional detail.,Bank wrong common top likely toward so list.,9.0,Commit,True,05/19/2026,,,,Champion Collapse
PIPE-2073,"Keller, Rivas and Burgess",ACC-62852,Choi and Sons - Core Platform Pilot,Enterprise,Retail,Southwest,Marcus Chen,REP-102,Hana Takeda,,Core Platform,Pilot,Cold Email Sequence,None / Greenfield,,316000.0,316000.0,804100.0,0.0,,,2026-02-10,,,15,5,0,13.0,,Technical Validation,Kenneth Brown,Director of Data,Director,6.0,Jason Barnes,CFO,False,5,4,1,,,False,1.5,7.3,5.8,0.33,39,13,7,4,,16,2.3,5,4,3,Pricing,36,2,21,-32,Contracting,2,True,1,True,False,True,False,False,True,False,True,,False,False,,,False,0,77.0,17,True,,41.0,lost — chose competitor.. no additional detail..,Often case thing make actually nothing stand state position though week key reason either staff garden gun.,7.0,Pipeline,True,15-May-2026,False,,,Champion Collapse
PIPE-2131,GATES GROUP,ACC-19697,Hernandez LLC - Governance Module Multi-Year,Enterprise,Insurance,Midwest,Rachel Kim,REP-107,Amara Osei,Frankie Hale,Governance Module,Multi-Year,Inbound - Website,Snowflake,,583700.0,583700.0,1683200.0,0.0,False,<$50k,07-Mar-2026,,,44,4,1,,,Negotiation,Peter Allen,Chief Data Officer,C-Suite,6.0,Elizabeth Armstrong,VP Engineering,False,0,5,3,False,,True,1.6,2.0,0.4,0.05,13,1,20,12,Introduction: Lopez <> Tiger Data,15,2.8,8,0,2,Discovery,13,0,67,1,Expanding,2,True,4,False,True,False,True,False,False,False,False,,False,True,7.0,85.0,False,1,91.0,25,,0.0,9.0,Lost — champion left. No additional detail.,,,Omitted,True,05-May-2026,False,,,Ghost Stall
PIPE-2034,"GARCIA, SMITH AND LUCERO",ACC-88510,Terry and Sons - Core Platform Pilot,SMB,Logistics,West,Marcus Chen,REP-102,Amara Osei,,Core Platform,Pilot,PLG Expansion,Databricks,,26100.0,23800.0,55900.0,0.09,,,08-Feb-2026,,,17,5,1,40.0,14.0,Discovery,Mark Wallace,Data Platform Lead,Manager,5.3,April Collins,Head of Product,True,5,6,6,True,,False,1.1,1.0,-0.1,0.5,12,6,2,8,following up again...,8,2.7,5,4,1,Pricing,14,1,62,-9,Contracting,0,False,0,False,True,True,False,False,True,,True,False,False,True,27.0,,False,2,90.0,17,False,8.0,83.0,lost — champion left.. no additional detail..,,7.0,Commit,False,"May 13, 2026",,,,
PIPE-2112,Hinton Inc Inc,ACC-97799,Roberts Ltd - Governance Module Annual,Mid-Market,Manufacturing,EMEA,Priya Shah,REP-101,Liam Sutherland,Elena Ruiz,Governance Module,Annual,Inbound - Website,Databricks,,134400.0,134400.0,134400.0,0.0,True,,"April 10, 2026",,,6,3,1,,,Technical Validation,Michael Campbell,Analytics Manager,Manager,9.5,Keith Craig,CFO,False,0,7,5,False,True,True,1.3,1.2,-0.1,0.58,43,25,0,8,[External] Re: Tiger Data POC,8,2.3,5,1,2,POC Review,10,4,84,-10,,2,True,3,False,True,False,True,True,False,,True,False,,True,14.0,,False,2,65.0,22,,6.0,60.0,Lost — champion left. No additional detail.,,7.0,Best Case,False,"April 28, 2026",True,,,
PIPE-2056,JenningsLLC,ACC-21740,,Enterprise,Retail,Northeast,Marcus Chen,REP-102,Benjamin Cross,,Analytics Suite,Multi-Year,Cold Email Sequence,Atlan,dbt Labs,553600.0,448400.0,1236800.0,0.3,True,$150k–$500k,25-Mar-2026,,,20,5,3,,,Prospecting,Gary Rios,Data Platform Lead,Manager,,Edwin Carpenter MD,Director of IT,False,0,4,2,False,True,,1.4,0.7,-0.7,0.73,15,11,4,10,RE: RE: RE: Next steps??,14,1.6,3,5,2,Technical Review,2,4,68,-6,Contracting,7,True,4,,True,False,False,False,False,True,,False,,True,15.0,,,2,57.0,24,True,0.0,72.0,they went with databricks.. had deeper existing footprint..,,7.0,Omitted,True,2026-05-17,,,,Competitor Displacement
PIPE-2069,"Banks, Douglas and Chen LLC",ACC-92482,Hughes-Campbell - Full Bundle Pilot,Enterprise,Manufacturing,Northeast,Priya Shah,REP-101,,Jaylen Ford,Full Bundle,Pilot,Partner Referral,Alation,Atlan,392400.0,337500.0,,0.14,False,$50k–$150k,2026-03-06,,,5,3,0,31.0,,Negotiation,Heather Lambert,Senior Data Engineer,IC,3.7,Jacqueline Nguyen,Head of Product,False,0,7,5,,,False,1.4,1.4,0.0,0.29,31,9,3,7,,7,1.4,10,5,1,Discovery,8,5,95,-9,Stable,0,False,0,False,True,True,False,True,False,True,False,,,True,11.0,47.0,False,2,63.0,19,False,5.0,22.0,Lost — missing feature. No additional detail.,Oil anything wide defense four according marriage should paper public type describe position major.,9.0,Commit,False,05/07/2026,True,,,Exec Vacuum
PIPE-2044,Howell and Sons,ACC-55147,Mercer-Smith - Analytics Suite Multi-Year,Enterprise,Manufacturing,Southwest,James O'Brien,REP-106,Liam Sutherland,Elena Ruiz,Analytics Suite,Multi-Year,Inbound - Website,Snowflake,,387300.0,286600.0,,0.26,False,$150k–$500k,02/08/2026,,,58,2,1,,,Prospecting,Rachel Hogan,Lead Data Engineer,IC,,Randy Brown,CTO,False,0,3,1,True,False,True,2.2,1.9,-0.3,0.07,46,3,18,29,RE: RE: RE: Next steps??,9,1.1,2,0,2,,4,5,55,15,Contracting,2,False,0,,True,False,False,False,True,False,True,,False,False,,54.0,True,1,92.0,14,False,3.0,,lost — security / compliance failed.. no additional detail..,Interest indeed suffer least no skin whose section phone bank way talk ability pull.,9.0,Pipeline,False,"May 18, 2026",,,,Ghost Stall
PIPE-2019,BROWN AND SONS,ACC-99722,Williams-Moon - Full Bundle Pilot,SMB,Education,Southeast,David Park,REP-104,Benjamin Cross,,Full Bundle,Pilot,Event / Conference,Monte Carlo,Databricks,24100.0,24100.0,54800.0,0.0,False,>$500k,25-Mar-2026,,,20,3,0,40.0,,Technical Validation,Calvin Underwood,Data Engineer,IC,9.2,Robert Freeman,VP Engineering,False,0,2,1,,,,1.1,1.1,0.0,0.46,41,19,7,10,,18,1.2,7,4,4,Demo,2,3,92,15,Expanding,2,False,0,False,False,True,False,False,False,False,,True,True,True,5.0,84.0,True,2,69.0,10,True,,,Lost — security / compliance failed. No additional detail.,Hand ground move material sound what environment young appear.,10.0,Pipeline,False,"May 17, 2026",False,,,Exec Vacuum
PIPE-2006,The Bradley-Robles,ACC-81612,Johnston Inc - Analytics Suite Monthly,SMB,Retail,Northeast,David Park,REP-104,Liam Sutherland,Grace Okonkwo,Analytics Suite,Monthly,LinkedIn Outbound,Monte Carlo,,27000.0,27000.0,64100.0,0.0,,$50k–$150k,2026-03-31,,,33,3,0,26.0,20.0,Technical Validation,Melvin Long,Head of Data Engineering,Manager,,Jeffery Young,Head of Product,True,3,3,3,True,False,,2.1,2.8,0.7,0.11,53,5,32,29,fwd: technical review docs,9,2.4,5,0,4,POC Review,2,2,81,11,Expanding,2,True,4,False,True,True,False,False,True,False,False,False,True,True,24.0,,,0,52.0,4,False,,35.0,Lost — price / budget. No additional detail.,My media likely affect bad among money fine range change again.,,Commit,True,,False,,,Ghost Stall
PIPE-2055,Fletcher-Walker LLC,ACC-52540,,SMB,Healthcare,Northeast,Marcus Chen,REP-102,Amara Osei,Grace Okonkwo,Analytics Suite,Multi-Year,LinkedIn Outbound,Databricks,,8700.0,7400.0,17200.0,0.15,True,$150k–$500k,03/24/2026,,,3,2,1,,,Prospecting,Sara Ruiz,Data Platform Lead,Manager,1.7,Alexandra Clark,CFO,False,4,5,1,,True,True,2.1,8.06,5.96,0.62,34,21,5,7,,10,2.0,9,5,3,Technical Review,40,4,44,-35,Expanding,0,True,2,True,True,False,True,False,False,True,False,,,True,23.0,,True,1,74.0,21,,3.0,76.0,Lost — chose competitor. No additional detail.,Effect everything education wall hope job enough less.,7.0,Best Case,True,05/02/2026,,,,Champion Collapse
PIPE-2075,"Ball, Zimmerman and Campos Inc",ACC-60108,Wilson-Johnson - Core Platform Annual,Enterprise,Energy,Midwest,Priya Shah,REP-101,Liam Sutherland,Isla Berg,Core Platform,Annual,Cold Email Sequence,Starburst,Atlan,184400.0,129100.0,129100.0,0.3,,>$500k,02/02/2026,,,10,4,1,33.0,,Prospecting,Sean Jones,Senior Data Engineer,IC,3.2,Jessica Cook,COO,False,0,3,1,False,False,False,2.2,2.4,0.2,0.97,60,58,7,4,Re: Follow up from our call,11,0.5,8,1,1,Technical Review,11,4,66,9,Contracting,1,False,0,,False,True,False,True,True,True,False,True,,False,,46.0,,1,60.0,23,False,0.0,,Never got above the data team. Budget decision was above champion's level.,Myself action cut ready white husband figure line thank study player certain old course but.,7.0,Commit,,2026-04-23,False,,,Exec Vacuum
PIPE-2000,The Hunt Group,ACC-74521,Jackson Ltd - Core Platform Multi-Year,Enterprise,Energy,Midwest,David Park,REP-104,,Jaylen Ford,Core Platform,Multi-Year,Outbound SDR,Starburst,Snowflake,546100.0,453300.0,942200.0,0.17,True,$50k–$150k,27-Jan-2026,,,7,3,0,27.0,,Proposal Sent,Elizabeth Morgan,Data Engineer,IC,4.5,Melanie Chang,CTO,False,0,7,5,,False,False,1.0,1.4,0.4,0.33,51,17,5,5,,17,0.8,8,1,1,Demo,9,2,86,-5,,0,True,4,True,False,True,True,True,True,False,,True,True,False,,93.0,True,1,62.0,20,,,,Never got above the data team. Budget decision was above champion's level.,Action medical what herself teach score activity its rich rock consider tend practice television attack mind use site.,6.0,Best Case,,,,,,Exec Vacuum
PIPE-2135,Ryan PLC LLC,ACC-56311,Manning Ltd - Full Bundle Multi-Year,Mid-Market,Insurance,APAC,Alex Morgan,REP-100,Jordan Blake,Jaylen Ford,Full Bundle,Multi-Year,PLG Expansion,Snowflake,,96000.0,96000.0,,0.0,True,$150k–$500k,"February 16, 2026",,,19,4,1,,6.0,Prospecting,Jonathan Armstrong,Data Architect,IC,1.4,,Head of Product,True,1,2,2,True,True,True,1.2,1.6,0.4,0.12,56,7,1,6,Q4 pricing — URGENT,5,0.8,10,5,1,Pricing,9,4,56,-6,,0,True,1,False,True,False,False,True,True,True,False,False,True,False,,38.0,True,0,,20,True,2.0,72.0,Lost — chose competitor. No additional detail.,Network kind sometimes field last bed more send maybe.,6.0,Commit,True,,,,,
PIPE-2127,hall and sons,ACC-72254,"Martinez, Sims and Eaton - Core Platform Annual",Mid-Market,Energy,Southwest,Tyler Brooks,REP-108,,Isla Berg,Core Platform,Annual,Partner Referral,Monte Carlo,,59600.0,53600.0,53600.0,0.1,True,,28-Mar-2026,,,9,5,0,,35.0,Prospecting,Kim Richardson,Chief Data Officer,C-Suite,9.5,Tracy Anderson,VP Engineering,True,1,8,7,False,,,1.4,3.0,1.6,0.5,10,5,7,10,,16,2.6,5,3,2,Demo,7,3,55,-2,Contracting,0,False,0,True,False,False,True,True,True,,True,False,True,True,7.0,100.0,True,2,51.0,23,,5.0,64.0,Lost — chose competitor. No additional detail.,Through personal actually let key or song politics he very quality local inside probably music throw present.,7.0,Commit,False,05/11/2026,True,,,
PIPE-2068,Giles-Mcguire LLC,ACC-56275,"Hill, Harrison and Myers - Analytics Suite Multi-Year",Mid-Market,Manufacturing,West,Emily Rodriguez,REP-103,Benjamin Cross,Frankie Hale,Analytics Suite,Multi-Year,Inbound - Website,dbt Labs,,43200.0,32800.0,,0.24,True,$50k–$150k,04/07/2026,,,46,2,1,22.0,30.0,Proposal Sent,Ashley Elliott,Director of Data,Director,7.4,Linda Frye,CTO,True,1,2,1,,False,False,0.6,2.9,2.3,0.24,56,13,35,27,Q4 pricing — URGENT,18,2.5,8,0,2,Discovery,13,5,70,3,Expanding,1,True,1,True,False,True,False,True,True,False,,False,True,False,,51.0,False,0,55.0,16,False,1.0,,Multiple follow-ups with no reply. Probably went internal.,,8.0,Commit,True,2026-04-27,False,,,Ghost Stall
PIPE-2136,Hill-Ochoa LLC,ACC-12432,Williams-Weiss - Analytics Suite Multi-Year,Enterprise,Technology,Northeast,James O'Brien,REP-106,Jordan Blake,Casey Wu,Analytics Suite,Multi-Year,Executive Referral,dbt Labs,,596000.0,500600.0,1041900.0,0.16,True,$150k–$500k,2026-03-27,,,49,4,0,29.0,27.0,Negotiation,Lisa Gordon,Data Architect,IC,6.9,Paul Brown,Chief Data Officer,True,5,2,1,False,False,False,1.7,2.5,0.8,0.15,30,4,14,32,RE: RE: RE: Next steps??,11,2.8,11,0,1,Demo,9,3,82,-7,Contracting,0,False,0,True,True,True,True,False,False,False,,False,False,False,,,,2,85.0,6,True,,26.0,Lost — missing feature. No additional detail.,,9.0,Best Case,True,,True,,,Ghost Stall
PIPE-2042,"Bennett, Rivera and Stanley",ACC-17097,"Hernandez, Mendoza and Burnett - Governance Module Pilot",SMB,Technology,APAC,Alex Morgan,REP-100,Hana Takeda,Elena Ruiz,Governance Module,Pilot,PLG Expansion,Snowflake,Collibra,19300.0,19300.0,44800.0,0.22,,<$50k,"March 12, 2026",,,15,5,3,25.0,,Proposal Sent,Mary Green,Director of Data,Director,1.1,,Head of Product,False,0,3,3,False,False,True,1.8,2.9,1.1,0.56,18,10,5,10,,14,1.0,7,4,3,POC Review,4,3,94,11,Expanding,3,True,2,False,False,True,True,True,False,False,False,True,,True,7.0,65.0,True,0,95.0,18,,1.0,1.0,They went with Databricks. Had deeper existing footprint.,Customer buy share true hospital visit involve half next big their station leg by thing building carry agency.,6.0,Best Case,True,05/15/2026,,,,Competitor Displacement
PIPE-2110,"Mendoza,JosephandGarcia",ACC-32063,Henry Inc - Governance Module Annual,Enterprise,Education,EMEA,Emily Rodriguez,REP-103,Benjamin Cross,Elena Ruiz,Governance Module,Annual,Executive Referral,Starburst,Fivetran,558700.0,558700.0,558700.0,0.0,True,,03/18/2026,,,18,4,1,25.0,,Negotiation,James Garcia,Analytics Engineer,IC,11.0,Steve Andrews,Director of IT,False,1,2,1,,False,False,2.5,10.29,7.79,0.65,31,20,1,6,,16,2.0,5,2,4,Technical Review,34,3,44,-28,Expanding,2,True,3,,,True,True,False,True,False,True,False,False,False,,,False,1,57.0,2,True,,,New data lead came in and had a prior relationship with Snowflake.,Hundred business group few mention book simply education bag keep name religious represent reflect through authority.,10.0,Best Case,True,,True,,,Champion Collapse
PIPE-2089,"Nguyen-Whitaker, Inc.",ACC-59734,Mills Inc - Analytics Suite Annual,SMB,Energy,West,Marcus Chen,REP-102,,,Analytics Suite,Annual,Outbound SDR,Monte Carlo,,11700.0,8400.0,8400.0,0.28,False,<$50k,10-Feb-2026,,,27,2,1,,9.0,Technical Validation,Scott Becker,Data Architect,IC,,Charles Hurley,CTO,True,1,7,6,True,True,True,1.7,2.9,1.2,0.2,11,2,12,35,RE: RE: RE: Next steps??,5,2.8,7,0,4,Technical Review,8,2,65,-4,,2,False,0,False,True,False,False,False,False,,True,False,True,True,15.0,,True,2,68.0,19,False,8.0,,Multiple follow-ups with no reply. Probably went internal.,,9.0,Pipeline,False,2026-05-03,False,,,Ghost Stall
PIPE-2072,"Gillespie,LoganandLynch",ACC-27736,Smith LLC - Full Bundle Monthly,SMB,Manufacturing,Southeast,Nina Petrov,REP-109,Hana Takeda,Jaylen Ford,Full Bundle,Monthly,Cold Email Sequence,Atlan,,24200.0,24200.0,57200.0,0.0,False,>$500k,2026-04-02,,,16,6,0,34.0,,Negotiation,John Moore,Head of Data Engineering,Manager,4.0,Amanda Brown,VP Engineering,False,0,5,5,True,True,,1.4,2.4,1.0,0.73,33,24,3,2,[External] Re: Tiger Data POC,9,1.6,3,5,1,Executive QBR,7,4,67,7,Contracting,2,False,0,True,False,True,False,True,False,False,,,,True,26.0,,False,0,52.0,22,,,,Lost — missing feature. No additional detail.,Call certainly do leg security consider single firm per food save movement knowledge coach natural certainly hundred character.,9.0,Pipeline,True,,False,,,
PIPE-2023,"Johnson,WilliamsandHendricks",ACC-99301,Oconnor-Atkinson - Core Platform Multi-Year,Enterprise,Logistics,Midwest,David Park,REP-104,Liam Sutherland,Henry Vasquez,Core Platform,Multi-Year,Cold Email Sequence,Alation,Fivetran,675100.0,533300.0,1383000.0,0.21,,,"March 11, 2026",,,13,5,0,26.0,,Technical Validation,Lindsay Washington,Senior Data Engineer,IC,3.4,Kathryn Garcia,VP Engineering,False,0,3,2,True,True,True,1.8,2.2,0.4,0.32,37,12,4,1,following up again...,14,1.0,11,3,4,POC Review,4,5,64,-5,Expanding,2,True,4,False,False,True,True,False,True,False,False,,True,False,,,False,0,73.0,17,False,,50.0,Lost — security / compliance failed. No additional detail.,,8.0,Pipeline,True,2026-05-08,False,,,Exec Vacuum
PIPE-2142,Crawford-Boyd LLC,ACC-10684,Cruz-Moran - Core Platform Multi-Year,Enterprise,Logistics,Southeast,David Park,REP-104,Benjamin Cross,,Core Platform,Multi-Year,Executive Referral,Starburst,,177100.0,177100.0,518000.0,0.0,False,$50k–$150k,"March 07, 2026",,,6,4,1,,15.0,Negotiation,Adam Ross,Lead Data Engineer,IC,8.2,Thomas Valentine,Chief Data Officer,True,3,4,2,False,False,True,1.4,0.7,-0.7,0.92,24,22,0,9,Quick question on the proposal,13,2.8,6,1,4,Pricing,10,2,62,-10,,2,True,2,False,False,False,True,False,True,True,True,True,,False,,,False,2,74.0,7,,5.0,97.0,Lost — security / compliance failed. No additional detail.,Toward smile scientist result power true yes option store wall investment.,7.0,Omitted,True,2026-05-14,True,,,
PIPE-2092,The Peterson Group,ACC-63987,Lee Ltd - Analytics Suite Pilot,Mid-Market,Retail,Midwest,Rachel Kim,REP-107,Liam Sutherland,Grace Okonkwo,Analytics Suite,Pilot,Event / Conference,Starburst,Databricks,134500.0,134500.0,297600.0,0.0,,<$50k,03/24/2026,,,5,4,1,21.0,27.0,Discovery,Robert Combs,Senior Data Engineer,IC,4.6,,VP Engineering,True,2,4,3,True,,True,1.6,1.1,-0.5,0.77,56,43,7,1,Quick question on the proposal,16,2.9,6,1,4,Demo,6,4,76,12,Expanding,1,False,0,False,False,True,True,False,False,False,True,,False,False,,35.0,,2,90.0,8,False,8.0,4.0,Lost — security / compliance failed. No additional detail.,,10.0,Commit,True,2026-05-17,True,,,
PIPE-2103,The Pacheco-Moore,ACC-57281,,Mid-Market,Retail,Midwest,David Park,REP-104,Benjamin Cross,Danny Patel,Analytics Suite,Multi-Year,Executive Referral,dbt Labs,,145500.0,122200.0,257400.0,0.16,False,$150k–$500k,2026-04-03,,,19,3,1,11.0,20.0,Proposal Sent,Sheila Johnson,Chief Data Officer,C-Suite,,Michael Lee,COO,True,4,4,3,False,False,True,1.3,2.4,1.1,0.96,48,46,1,0,Re: Follow up from our call,19,1.3,11,2,3,Discovery,8,3,83,-1,Expanding,1,True,4,False,,True,False,True,True,False,False,True,False,True,6.0,49.0,False,2,95.0,5,True,,50.0,Lost — wrong timing. No additional detail.,,8.0,,True,05/04/2026,False,,,
PIPE-2067,young-benson,ACC-60555,,SMB,Insurance,Midwest,Priya Shah,REP-101,Amara Osei,Danny Patel,Analytics Suite,Annual,PLG Expansion,Databricks,,21800.0,17200.0,17200.0,0.21,False,>$500k,"March 05, 2026",,,19,5,0,,,Proposal Sent,Kristopher Brown,Senior Data Engineer,IC,7.6,Carl Adams,CTO,False,0,6,6,False,False,True,1.8,1.1,-0.7,0.53,15,8,3,6,fwd: technical review docs,7,2.1,2,3,3,Pricing,5,0,66,8,Expanding,1,False,0,False,False,False,False,False,True,False,False,True,,False,,,False,2,71.0,5,,3.0,91.0,Lost — no decision / stalled. No additional detail.,Avoid interest partner though one report finish general later write tree chance American box edge create window.,7.0,Best Case,True,2026-05-08,False,,,
PIPE-2025,"norman, chung and walker",ACC-53466,Munoz-Farley - Governance Module Multi-Year,Enterprise,Insurance,Southeast,James O'Brien,REP-106,,Jaylen Ford,Governance Module,Multi-Year,Partner Referral,Monte Carlo,,618300.0,618300.0,1520700.0,0.0,True,,09-Mar-2026,,,16,5,0,,,Discovery,Linda Fuller,Senior Data Engineer,IC,1.7,Ashley Scott,Head of Product,False,0,5,3,True,False,True,1.7,2.5,0.8,0.76,54,41,6,5,Re: Follow up from our call,9,2.4,2,4,4,POC Review,11,5,57,-5,,0,False,0,True,False,False,True,False,False,True,True,True,,True,12.0,69.0,False,1,70.0,5,True,8.0,29.0,Lost — wrong timing. No additional detail.,Parent daughter left bag hold enjoy along itself money rich last attention night.,7.0,Commit,True,2026-04-25,,,,Exec Vacuum
