deal_id,segment,acv_usd,competitor_primary,stated_loss_reason,implied_stall_type,behavioral_best_match,behavioral_match_score,ground_truth_stall,is_contradiction,all_stall_scores,rep_notes
DL-1031,Enterprise,552800.0,Atlan,Chose Competitor,Competitor Displacement,Competitor Displacement,1.0,Competitor Displacement,False,"{""Champion Collapse"": 0.0, ""Competitor Displacement"": 1.0, ""Ghost Stall"": 0.2, ""Exec Vacuum"": 0.0}",Lost to Fivetran on connector breadth. They had 200+ native connectors.
DL-1109,Mid-Market,61200.0,None / Greenfield,Chose Competitor,Competitor Displacement,Exec Vacuum,1.0,Competitor Displacement,True,"{""Champion Collapse"": 0.167, ""Competitor Displacement"": 0.8, ""Ghost Stall"": 0.2, ""Exec Vacuum"": 1.0}",Snowflake offered a massive discount at the last minute. We couldn't match.
DL-1136,Enterprise,718500.0,Alation,No Decision / Stalled,Ghost Stall,Exec Vacuum,1.0,Exec Vacuum,False,"{""Champion Collapse"": 0.333, ""Competitor Displacement"": 0.0, ""Ghost Stall"": 0.0, ""Exec Vacuum"": 1.0}",No exec sponsor. Deal died when Q4 budgets froze.
DL-1088,Mid-Market,74400.0,Alation,No Decision / Stalled,Ghost Stall,Exec Vacuum,1.0,Exec Vacuum,False,"{""Champion Collapse"": 0.333, ""Competitor Displacement"": 0.0, ""Ghost Stall"": 0.0, ""Exec Vacuum"": 1.0}",Lost — chose competitor. No additional detail.
DL-1918,SMB,33900.0,Atlan,Missing Feature,,Exec Vacuum,1.0,Ghost Stall,False,"{""Champion Collapse"": 0.333, ""Competitor Displacement"": 0.2, ""Ghost Stall"": 0.8, ""Exec Vacuum"": 1.0}",lost — champion left.. no additional detail..
DL-1870,Enterprise,505400.0,Monte Carlo,Price / Budget,Competitor Displacement,Exec Vacuum,1.0,,True,"{""Champion Collapse"": 0.167, ""Competitor Displacement"": 0.0, ""Ghost Stall"": 0.0, ""Exec Vacuum"": 1.0}",Lost — no decision / stalled. No additional detail.
DL-1261,SMB,30400.0,Starburst,No Decision / Stalled,Ghost Stall,Exec Vacuum,1.0,Competitor Displacement,False,"{""Champion Collapse"": 0.167, ""Competitor Displacement"": 0.6, ""Ghost Stall"": 0.2, ""Exec Vacuum"": 1.0}",Snowflake offered a massive discount at the last minute. We couldn't match.
DL-1919,Mid-Market,144400.0,Collibra,Champion Left,Champion Collapse,Champion Collapse,0.833,Champion Collapse,False,"{""Champion Collapse"": 0.833, ""Competitor Displacement"": 0.2, ""Ghost Stall"": 0.2, ""Exec Vacuum"": 0.5}",Our champion got moved to a different team mid-deal. Lost access.
DL-1596,SMB,25100.0,Monte Carlo,Missing Feature,,Champion Collapse,0.0,,False,"{""Champion Collapse"": 0.0, ""Competitor Displacement"": 0.0, ""Ghost Stall"": 0.0, ""Exec Vacuum"": 0.0}",Lost — champion left. No additional detail.
DL-1076,Mid-Market,79900.0,Snowflake,Champion Left,Champion Collapse,Champion Collapse,1.0,Champion Collapse,False,"{""Champion Collapse"": 1.0, ""Competitor Displacement"": 0.0, ""Ghost Stall"": 0.2, ""Exec Vacuum"": 0.5}",Lost — wrong timing. No additional detail.
DL-1107,Enterprise,156900.0,Starburst,Price / Budget,Competitor Displacement,Champion Collapse,1.0,Champion Collapse,True,"{""Champion Collapse"": 1.0, ""Competitor Displacement"": 0.0, ""Ghost Stall"": 0.2, ""Exec Vacuum"": 0.5}",Lost — security / compliance failed. No additional detail.
DL-1853,Enterprise,689800.0,None / Greenfield,Chose Competitor,Competitor Displacement,Exec Vacuum,1.0,,True,"{""Champion Collapse"": 0.167, ""Competitor Displacement"": 0.0, ""Ghost Stall"": 0.2, ""Exec Vacuum"": 1.0}",Lost — security / compliance failed. No additional detail.
DL-1664,Enterprise,587000.0,Monte Carlo,Chose Competitor,Competitor Displacement,Competitor Displacement,0.8,Competitor Displacement,False,"{""Champion Collapse"": 0.0, ""Competitor Displacement"": 0.8, ""Ghost Stall"": 0.2, ""Exec Vacuum"": 0.0}",lost — chose competitor.. no additional detail..
DL-1829,SMB,13900.0,Collibra,Chose Competitor,Competitor Displacement,Exec Vacuum,1.0,Competitor Displacement,True,"{""Champion Collapse"": 0.167, ""Competitor Displacement"": 0.6, ""Ghost Stall"": 0.4, ""Exec Vacuum"": 1.0}",Lost — wrong timing. No additional detail.
DL-1458,SMB,10500.0,Snowflake,Wrong Timing,Ghost Stall,Competitor Displacement,0.2,,False,"{""Champion Collapse"": 0.0, ""Competitor Displacement"": 0.2, ""Ghost Stall"": 0.2, ""Exec Vacuum"": 0.0}",Lost — chose competitor. No additional detail.
DL-1649,Mid-Market,42800.0,Atlan,Security / Compliance Failed,,Ghost Stall,0.2,,False,"{""Champion Collapse"": 0.0, ""Competitor Displacement"": 0.0, ""Ghost Stall"": 0.2, ""Exec Vacuum"": 0.0}",Lost — missing feature. No additional detail.
DL-1321,SMB,17700.0,Atlan,No Decision / Stalled,Ghost Stall,Exec Vacuum,1.0,Exec Vacuum,False,"{""Champion Collapse"": 0.167, ""Competitor Displacement"": 0.4, ""Ghost Stall"": 0.2, ""Exec Vacuum"": 1.0}",Lost — missing feature. No additional detail.
DL-1629,SMB,22600.0,None / Greenfield,Chose Competitor,Competitor Displacement,Exec Vacuum,1.0,Competitor Displacement,True,"{""Champion Collapse"": 0.333, ""Competitor Displacement"": 0.8, ""Ghost Stall"": 0.0, ""Exec Vacuum"": 1.0}",lost — chose competitor.. no additional detail..
DL-1394,Enterprise,229700.0,Databricks,No Decision / Stalled,Ghost Stall,Ghost Stall,1.0,Ghost Stall,False,"{""Champion Collapse"": 0.0, ""Competitor Displacement"": 0.6, ""Ghost Stall"": 1.0, ""Exec Vacuum"": 0.0}",lost — wrong timing.. no additional detail..
DL-1059,Mid-Market,46100.0,Atlan,Chose Competitor,Competitor Displacement,Competitor Displacement,0.6,Competitor Displacement,False,"{""Champion Collapse"": 0.0, ""Competitor Displacement"": 0.6, ""Ghost Stall"": 0.0, ""Exec Vacuum"": 0.0}",lost — price / budget.. no additional detail..
DL-1256,Enterprise,639300.0,Alation,Chose Competitor,Competitor Displacement,Competitor Displacement,0.8,Competitor Displacement,False,"{""Champion Collapse"": 0.0, ""Competitor Displacement"": 0.8, ""Ghost Stall"": 0.2, ""Exec Vacuum"": 0.0}",lost — missing feature.. no additional detail..
DL-1969,Mid-Market,61200.0,Snowflake,No Decision / Stalled,Ghost Stall,Ghost Stall,1.0,Ghost Stall,False,"{""Champion Collapse"": 0.333, ""Competitor Displacement"": 0.4, ""Ghost Stall"": 1.0, ""Exec Vacuum"": 1.0}",lost — champion left.. no additional detail..
DL-1708,Enterprise,383400.0,Fivetran,Price / Budget,Competitor Displacement,Champion Collapse,1.0,Champion Collapse,True,"{""Champion Collapse"": 1.0, ""Competitor Displacement"": 0.0, ""Ghost Stall"": 0.0, ""Exec Vacuum"": 0.5}",New data lead came in and had a prior relationship with Snowflake.
DL-1139,SMB,27100.0,Monte Carlo,Price / Budget,Competitor Displacement,Champion Collapse,1.0,Champion Collapse,True,"{""Champion Collapse"": 1.0, ""Competitor Displacement"": 0.4, ""Ghost Stall"": 0.0, ""Exec Vacuum"": 1.0}",champion left teh company.. couldn't rebuild teh relationship in time..
DL-1824,Mid-Market,122600.0,Snowflake,Chose Competitor,Competitor Displacement,Exec Vacuum,1.0,Competitor Displacement,True,"{""Champion Collapse"": 0.333, ""Competitor Displacement"": 0.8, ""Ghost Stall"": 0.2, ""Exec Vacuum"": 1.0}",Lost — chose competitor. No additional detail.
DL-1717,SMB,8400.0,Snowflake,No Decision / Stalled,Ghost Stall,Competitor Displacement,0.6,Competitor Displacement,True,"{""Champion Collapse"": 0.0, ""Competitor Displacement"": 0.6, ""Ghost Stall"": 0.4, ""Exec Vacuum"": 0.0}",lost — missing feature.. no additional detail..
DL-1687,Mid-Market,87600.0,Starburst,Champion Left,Champion Collapse,Champion Collapse,1.0,Champion Collapse,False,"{""Champion Collapse"": 1.0, ""Competitor Displacement"": 0.2, ""Ghost Stall"": 0.0, ""Exec Vacuum"": 1.0}",lost — chose competitor.. no additional detail..
DL-1581,Mid-Market,125400.0,Collibra,Price / Budget,Competitor Displacement,Exec Vacuum,1.0,Exec Vacuum,True,"{""Champion Collapse"": 0.333, ""Competitor Displacement"": 0.2, ""Ghost Stall"": 0.2, ""Exec Vacuum"": 1.0}",Lost — no decision / stalled. No additional detail.
DL-1382,SMB,20400.0,Atlan,No Decision / Stalled,Ghost Stall,Ghost Stall,1.0,Ghost Stall,False,"{""Champion Collapse"": 0.167, ""Competitor Displacement"": 0.2, ""Ghost Stall"": 1.0, ""Exec Vacuum"": 1.0}",Prospect stopped engaging after the proposal. No explanation given.
DL-1453,Enterprise,528700.0,Snowflake,Wrong Timing,Ghost Stall,Exec Vacuum,1.0,,False,"{""Champion Collapse"": 0.167, ""Competitor Displacement"": 0.4, ""Ghost Stall"": 0.2, ""Exec Vacuum"": 1.0}",lost — chose competitor.. no additional detail..
DL-1906,Enterprise,226700.0,Monte Carlo,Price / Budget,Competitor Displacement,Exec Vacuum,1.0,,True,"{""Champion Collapse"": 0.333, ""Competitor Displacement"": 0.4, ""Ghost Stall"": 0.2, ""Exec Vacuum"": 1.0}",Lost — wrong timing. No additional detail.
DL-1784,Mid-Market,107300.0,Snowflake,No Decision / Stalled,Ghost Stall,Ghost Stall,1.0,Ghost Stall,False,"{""Champion Collapse"": 0.167, ""Competitor Displacement"": 0.2, ""Ghost Stall"": 1.0, ""Exec Vacuum"": 1.0}",Lost — no decision / stalled. No additional detail.
DL-1679,Mid-Market,84700.0,Collibra,Missing Feature,,Ghost Stall,1.0,Ghost Stall,False,"{""Champion Collapse"": 0.167, ""Competitor Displacement"": 0.2, ""Ghost Stall"": 1.0, ""Exec Vacuum"": 0.0}",Lost — champion left. No additional detail.
DL-1880,Enterprise,428600.0,Atlan,Price / Budget,Competitor Displacement,Exec Vacuum,1.0,Exec Vacuum,True,"{""Champion Collapse"": 0.167, ""Competitor Displacement"": 0.0, ""Ghost Stall"": 0.0, ""Exec Vacuum"": 1.0}",No exec sponsor. Deal died when Q4 budgets froze.
DL-1192,SMB,28900.0,dbt Labs,No Decision / Stalled,Ghost Stall,Exec Vacuum,1.0,Exec Vacuum,False,"{""Champion Collapse"": 0.167, ""Competitor Displacement"": 0.2, ""Ghost Stall"": 0.0, ""Exec Vacuum"": 1.0}",Lost — missing feature. No additional detail.
DL-1280,Enterprise,544100.0,Atlan,Chose Competitor,Competitor Displacement,Exec Vacuum,1.0,,True,"{""Champion Collapse"": 0.167, ""Competitor Displacement"": 0.2, ""Ghost Stall"": 0.2, ""Exec Vacuum"": 1.0}",Lost — no decision / stalled. No additional detail.
DL-1533,Mid-Market,144500.0,Fivetran,Champion Left,Champion Collapse,Champion Collapse,1.0,Champion Collapse,False,"{""Champion Collapse"": 1.0, ""Competitor Displacement"": 0.4, ""Ghost Stall"": 0.0, ""Exec Vacuum"": 0.5}",Lost — missing feature. No additional detail.
DL-1682,Enterprise,732800.0,Alation,Missing Feature,,Ghost Stall,1.0,Ghost Stall,False,"{""Champion Collapse"": 0.167, ""Competitor Displacement"": 0.0, ""Ghost Stall"": 1.0, ""Exec Vacuum"": 1.0}",Multiple follow-ups with no reply. Probably went internal.
DL-1617,SMB,29900.0,Collibra,No Decision / Stalled,Ghost Stall,Exec Vacuum,1.0,Competitor Displacement,False,"{""Champion Collapse"": 0.167, ""Competitor Displacement"": 0.8, ""Ghost Stall"": 0.2, ""Exec Vacuum"": 1.0}",Lost — wrong timing. No additional detail.
DL-1982,SMB,30500.0,Atlan,Champion Left,Champion Collapse,Champion Collapse,1.0,Champion Collapse,False,"{""Champion Collapse"": 1.0, ""Competitor Displacement"": 0.4, ""Ghost Stall"": 0.2, ""Exec Vacuum"": 0.5}",Lost — security / compliance failed. No additional detail.
DL-1910,Enterprise,533600.0,Fivetran,Chose Competitor,Competitor Displacement,Competitor Displacement,0.2,,False,"{""Champion Collapse"": 0.167, ""Competitor Displacement"": 0.2, ""Ghost Stall"": 0.2, ""Exec Vacuum"": 0.0}",Lost — price / budget. No additional detail.
DL-1184,Enterprise,250200.0,Starburst,No Decision / Stalled,Ghost Stall,Ghost Stall,1.0,Ghost Stall,False,"{""Champion Collapse"": 0.0, ""Competitor Displacement"": 0.0, ""Ghost Stall"": 1.0, ""Exec Vacuum"": 0.0}",lost — no decision / stalled.. no additional detail..
DL-1328,Enterprise,375300.0,Starburst,Missing Feature,,Ghost Stall,0.8,Ghost Stall,False,"{""Champion Collapse"": 0.0, ""Competitor Displacement"": 0.4, ""Ghost Stall"": 0.8, ""Exec Vacuum"": 0.0}",lost — price / budget.. no additional detail..
DL-1054,SMB,15800.0,Snowflake,No Decision / Stalled,Ghost Stall,Exec Vacuum,1.0,Exec Vacuum,False,"{""Champion Collapse"": 0.333, ""Competitor Displacement"": 0.0, ""Ghost Stall"": 0.0, ""Exec Vacuum"": 1.0}",No exec sponsor. Deal died when Q4 budgets froze.
DL-1101,SMB,16300.0,Databricks,No Decision / Stalled,Ghost Stall,Exec Vacuum,1.0,Exec Vacuum,False,"{""Champion Collapse"": 0.167, ""Competitor Displacement"": 0.4, ""Ghost Stall"": 0.0, ""Exec Vacuum"": 1.0}",Lost — champion left. No additional detail.
DL-1549,Mid-Market,36200.0,Snowflake,Champion Left,Champion Collapse,Champion Collapse,1.0,Champion Collapse,False,"{""Champion Collapse"": 1.0, ""Competitor Displacement"": 0.0, ""Ghost Stall"": 0.0, ""Exec Vacuum"": 1.0}",champion left teh company.. couldn't rebuild teh relationship in time..
DL-1247,SMB,21900.0,Databricks,No Decision / Stalled,Ghost Stall,Exec Vacuum,1.0,Exec Vacuum,False,"{""Champion Collapse"": 0.167, ""Competitor Displacement"": 0.0, ""Ghost Stall"": 0.2, ""Exec Vacuum"": 1.0}",Lost — security / compliance failed. No additional detail.
DL-1086,Mid-Market,103200.0,Collibra,Champion Left,Champion Collapse,Champion Collapse,1.0,Champion Collapse,False,"{""Champion Collapse"": 1.0, ""Competitor Displacement"": 0.0, ""Ghost Stall"": 0.0, ""Exec Vacuum"": 0.5}",New data lead came in and had a prior relationship with Snowflake.
DL-1952,Mid-Market,79400.0,Databricks,No Decision / Stalled,Ghost Stall,Ghost Stall,1.0,Ghost Stall,False,"{""Champion Collapse"": 0.167, ""Competitor Displacement"": 0.0, ""Ghost Stall"": 1.0, ""Exec Vacuum"": 0.0}",Lost — security / compliance failed. No additional detail.
DL-1210,Mid-Market,106800.0,Collibra,No Decision / Stalled,Ghost Stall,Competitor Displacement,0.6,Competitor Displacement,True,"{""Champion Collapse"": 0.167, ""Competitor Displacement"": 0.6, ""Ghost Stall"": 0.4, ""Exec Vacuum"": 0.0}",lost — missing feature.. no additional detail..
DL-1199,Enterprise,339300.0,Monte Carlo,No Decision / Stalled,Ghost Stall,Ghost Stall,0.8,Ghost Stall,False,"{""Champion Collapse"": 0.0, ""Competitor Displacement"": 0.0, ""Ghost Stall"": 0.8, ""Exec Vacuum"": 0.0}",prospect stopped engaging after teh proposal.. no explanation given..
DL-1902,Mid-Market,85900.0,Alation,Chose Competitor,Competitor Displacement,Competitor Displacement,0.8,Competitor Displacement,False,"{""Champion Collapse"": 0.0, ""Competitor Displacement"": 0.8, ""Ghost Stall"": 0.2, ""Exec Vacuum"": 0.0}",lost — chose competitor.. no additional detail..
DL-1063,SMB,34000.0,None / Greenfield,No Decision / Stalled,Ghost Stall,Competitor Displacement,1.0,Competitor Displacement,True,"{""Champion Collapse"": 0.0, ""Competitor Displacement"": 1.0, ""Ghost Stall"": 0.2, ""Exec Vacuum"": 0.0}",Lost — wrong timing. No additional detail.
DL-1231,SMB,20400.0,Monte Carlo,Missing Feature,,Ghost Stall,1.0,Ghost Stall,False,"{""Champion Collapse"": 0.167, ""Competitor Displacement"": 0.0, ""Ghost Stall"": 1.0, ""Exec Vacuum"": 1.0}",Lost — price / budget. No additional detail.
DL-1803,Enterprise,255000.0,Monte Carlo,No Decision / Stalled,Ghost Stall,Exec Vacuum,1.0,Exec Vacuum,False,"{""Champion Collapse"": 0.333, ""Competitor Displacement"": 0.4, ""Ghost Stall"": 0.0, ""Exec Vacuum"": 1.0}",Lost — wrong timing. No additional detail.
DL-1625,Mid-Market,48100.0,dbt Labs,No Decision / Stalled,Ghost Stall,Exec Vacuum,1.0,Ghost Stall,False,"{""Champion Collapse"": 0.167, ""Competitor Displacement"": 0.4, ""Ghost Stall"": 0.8, ""Exec Vacuum"": 1.0}",Multiple follow-ups with no reply. Probably went internal.
DL-1568,Mid-Market,50700.0,Alation,Missing Feature,,Ghost Stall,1.0,Ghost Stall,False,"{""Champion Collapse"": 0.0, ""Competitor Displacement"": 0.4, ""Ghost Stall"": 1.0, ""Exec Vacuum"": 0.0}",Multiple follow-ups with no reply. Probably went internal.
DL-1854,Enterprise,507300.0,Databricks,Missing Feature,,Exec Vacuum,1.0,,False,"{""Champion Collapse"": 0.333, ""Competitor Displacement"": 0.2, ""Ghost Stall"": 0.0, ""Exec Vacuum"": 1.0}",Lost — security / compliance failed. No additional detail.
DL-1039,Mid-Market,47600.0,Alation,Missing Feature,,Ghost Stall,0.8,Ghost Stall,False,"{""Champion Collapse"": 0.0, ""Competitor Displacement"": 0.0, ""Ghost Stall"": 0.8, ""Exec Vacuum"": 0.0}",Lost — missing feature. No additional detail.
DL-1998,Mid-Market,111800.0,Atlan,Missing Feature,,Exec Vacuum,1.0,Ghost Stall,False,"{""Champion Collapse"": 0.167, ""Competitor Displacement"": 0.4, ""Ghost Stall"": 0.6, ""Exec Vacuum"": 1.0}","Just went dark. Last email 3 weeks ago, no response."
DL-1442,Mid-Market,73300.0,Snowflake,Chose Competitor,Competitor Displacement,Competitor Displacement,1.0,Competitor Displacement,False,"{""Champion Collapse"": 0.167, ""Competitor Displacement"": 1.0, ""Ghost Stall"": 0.2, ""Exec Vacuum"": 1.0}",Lost — wrong timing. No additional detail.
DL-1908,Mid-Market,73000.0,Atlan,Missing Feature,,Exec Vacuum,1.0,,False,"{""Champion Collapse"": 0.167, ""Competitor Displacement"": 0.4, ""Ghost Stall"": 0.2, ""Exec Vacuum"": 1.0}",Lost — missing feature. No additional detail.
DL-1066,SMB,11600.0,Atlan,Price / Budget,Competitor Displacement,Exec Vacuum,1.0,Exec Vacuum,True,"{""Champion Collapse"": 0.167, ""Competitor Displacement"": 0.0, ""Ghost Stall"": 0.0, ""Exec Vacuum"": 1.0}","Champion was IC level, couldn't drive the purchase alone."
DL-1067,Enterprise,512900.0,Databricks,Price / Budget,Competitor Displacement,Champion Collapse,1.0,Champion Collapse,True,"{""Champion Collapse"": 1.0, ""Competitor Displacement"": 0.6, ""Ghost Stall"": 0.0, ""Exec Vacuum"": 0.5}",Champion left the company. Couldn't rebuild the relationship in time.
DL-1198,SMB,13600.0,Monte Carlo,No Decision / Stalled,Ghost Stall,Competitor Displacement,0.8,Competitor Displacement,True,"{""Champion Collapse"": 0.0, ""Competitor Displacement"": 0.8, ""Ghost Stall"": 0.4, ""Exec Vacuum"": 0.0}",They went with Databricks. Had deeper existing footprint.
DL-1528,Mid-Market,141700.0,Fivetran,Price / Budget,Competitor Displacement,Exec Vacuum,1.0,Exec Vacuum,True,"{""Champion Collapse"": 0.167, ""Competitor Displacement"": 0.6, ""Ghost Stall"": 0.2, ""Exec Vacuum"": 1.0}","Champion was IC level, couldn't drive the purchase alone."
DL-1481,Mid-Market,132500.0,None / Greenfield,Champion Left,Champion Collapse,Champion Collapse,1.0,Champion Collapse,False,"{""Champion Collapse"": 1.0, ""Competitor Displacement"": 0.0, ""Ghost Stall"": 0.2, ""Exec Vacuum"": 0.5}",Lost — wrong timing. No additional detail.
DL-1987,Mid-Market,64500.0,Atlan,Security / Compliance Failed,,Exec Vacuum,1.0,,False,"{""Champion Collapse"": 0.167, ""Competitor Displacement"": 0.4, ""Ghost Stall"": 0.4, ""Exec Vacuum"": 1.0}",Lost — chose competitor. No additional detail.
DL-1362,SMB,8300.0,Starburst,No Decision / Stalled,Ghost Stall,Exec Vacuum,1.0,Exec Vacuum,False,"{""Champion Collapse"": 0.167, ""Competitor Displacement"": 0.4, ""Ghost Stall"": 0.2, ""Exec Vacuum"": 1.0}",Lost — price / budget. No additional detail.
DL-1844,Enterprise,433800.0,dbt Labs,No Decision / Stalled,Ghost Stall,Competitor Displacement,0.6,Competitor Displacement,True,"{""Champion Collapse"": 0.0, ""Competitor Displacement"": 0.6, ""Ghost Stall"": 0.6, ""Exec Vacuum"": 0.0}",lost — wrong timing.. no additional detail..
DL-1618,Enterprise,546800.0,Monte Carlo,Price / Budget,Competitor Displacement,Competitor Displacement,0.2,,False,"{""Champion Collapse"": 0.0, ""Competitor Displacement"": 0.2, ""Ghost Stall"": 0.2, ""Exec Vacuum"": 0.0}",Lost — chose competitor. No additional detail.
DL-1760,Enterprise,558200.0,dbt Labs,Chose Competitor,Competitor Displacement,Competitor Displacement,0.8,Competitor Displacement,False,"{""Champion Collapse"": 0.0, ""Competitor Displacement"": 0.8, ""Ghost Stall"": 0.2, ""Exec Vacuum"": 0.0}",Lost to Fivetran on connector breadth. They had 200+ native connectors.
DL-1929,SMB,19800.0,Databricks,No Decision / Stalled,Ghost Stall,Exec Vacuum,1.0,Exec Vacuum,False,"{""Champion Collapse"": 0.167, ""Competitor Displacement"": 0.0, ""Ghost Stall"": 0.2, ""Exec Vacuum"": 1.0}",Never got above the data team. Budget decision was above champion's level.
DL-1292,SMB,30900.0,Collibra,Price / Budget,Competitor Displacement,Exec Vacuum,1.0,Exec Vacuum,True,"{""Champion Collapse"": 0.333, ""Competitor Displacement"": 0.2, ""Ghost Stall"": 0.4, ""Exec Vacuum"": 1.0}",Lost — champion left. No additional detail.
DL-1752,Enterprise,511400.0,Collibra,No Decision / Stalled,Ghost Stall,Ghost Stall,0.8,Ghost Stall,False,"{""Champion Collapse"": 0.0, ""Competitor Displacement"": 0.2, ""Ghost Stall"": 0.8, ""Exec Vacuum"": 0.0}",Prospect stopped engaging after the proposal. No explanation given.
DL-1100,Enterprise,153800.0,Fivetran,No Decision / Stalled,Ghost Stall,Exec Vacuum,1.0,,False,"{""Champion Collapse"": 0.333, ""Competitor Displacement"": 0.0, ""Ghost Stall"": 0.75, ""Exec Vacuum"": 1.0}",Lost — champion left. No additional detail.
DL-1305,Mid-Market,133600.0,Starburst,Price / Budget,Competitor Displacement,Champion Collapse,1.0,Champion Collapse,True,"{""Champion Collapse"": 1.0, ""Competitor Displacement"": 0.2, ""Ghost Stall"": 0.0, ""Exec Vacuum"": 0.5}",Lost — champion left. No additional detail.
DL-1628,Mid-Market,69500.0,dbt Labs,Wrong Timing,Ghost Stall,Exec Vacuum,1.0,,False,"{""Champion Collapse"": 0.167, ""Competitor Displacement"": 0.2, ""Ghost Stall"": 0.0, ""Exec Vacuum"": 1.0}",lost — champion left.. no additional detail..
DL-1158,Enterprise,256400.0,Alation,Missing Feature,,Ghost Stall,1.0,Ghost Stall,False,"{""Champion Collapse"": 0.0, ""Competitor Displacement"": 0.0, ""Ghost Stall"": 1.0, ""Exec Vacuum"": 0.0}",Lost — security / compliance failed. No additional detail.
DL-1551,Mid-Market,59800.0,Fivetran,No Decision / Stalled,Ghost Stall,Ghost Stall,1.0,Ghost Stall,False,"{""Champion Collapse"": 0.0, ""Competitor Displacement"": 0.0, ""Ghost Stall"": 1.0, ""Exec Vacuum"": 0.0}","Just went dark. Last email 3 weeks ago, no response."
DL-1002,Mid-Market,145100.0,Collibra,No Decision / Stalled,Ghost Stall,Exec Vacuum,1.0,Competitor Displacement,False,"{""Champion Collapse"": 0.167, ""Competitor Displacement"": 0.8, ""Ghost Stall"": 0.4, ""Exec Vacuum"": 1.0}",Lost — chose competitor. No additional detail.
DL-1728,SMB,22700.0,Starburst,No Decision / Stalled,Ghost Stall,Exec Vacuum,1.0,Exec Vacuum,False,"{""Champion Collapse"": 0.167, ""Competitor Displacement"": 0.4, ""Ghost Stall"": 0.0, ""Exec Vacuum"": 1.0}",Lost — price / budget. No additional detail.
DL-1299,Mid-Market,122700.0,Starburst,Chose Competitor,Competitor Displacement,Competitor Displacement,1.0,Competitor Displacement,False,"{""Champion Collapse"": 0.333, ""Competitor Displacement"": 1.0, ""Ghost Stall"": 0.2, ""Exec Vacuum"": 1.0}",Snowflake offered a massive discount at the last minute. We couldn't match.
DL-1850,Mid-Market,77900.0,Collibra,No Decision / Stalled,Ghost Stall,Competitor Displacement,0.6,Competitor Displacement,True,"{""Champion Collapse"": 0.0, ""Competitor Displacement"": 0.6, ""Ghost Stall"": 0.2, ""Exec Vacuum"": 0.0}",They went with Databricks. Had deeper existing footprint.
DL-1411,SMB,29000.0,Starburst,No Decision / Stalled,Ghost Stall,Exec Vacuum,1.0,Exec Vacuum,False,"{""Champion Collapse"": 0.167, ""Competitor Displacement"": 0.4, ""Ghost Stall"": 0.2, ""Exec Vacuum"": 1.0}",No exec sponsor. Deal died when Q4 budgets froze.
DL-1614,SMB,30500.0,Atlan,No Decision / Stalled,Ghost Stall,Ghost Stall,1.0,Ghost Stall,False,"{""Champion Collapse"": 0.167, ""Competitor Displacement"": 0.0, ""Ghost Stall"": 1.0, ""Exec Vacuum"": 1.0}","Just went dark. Last email 3 weeks ago, no response."
DL-1912,SMB,19200.0,None / Greenfield,Champion Left,Champion Collapse,Competitor Displacement,0.2,,False,"{""Champion Collapse"": 0.0, ""Competitor Displacement"": 0.2, ""Ghost Stall"": 0.0, ""Exec Vacuum"": 0.0}",Lost — champion left. No additional detail.
DL-1996,SMB,10900.0,Starburst,Missing Feature,,Ghost Stall,1.0,Ghost Stall,False,"{""Champion Collapse"": 0.0, ""Competitor Displacement"": 0.2, ""Ghost Stall"": 1.0, ""Exec Vacuum"": 0.0}",Prospect stopped engaging after the proposal. No explanation given.
DL-1962,SMB,20400.0,Starburst,No Decision / Stalled,Ghost Stall,Competitor Displacement,0.8,Competitor Displacement,True,"{""Champion Collapse"": 0.0, ""Competitor Displacement"": 0.8, ""Ghost Stall"": 0.0, ""Exec Vacuum"": 0.0}",Lost — champion left. No additional detail.
DL-1700,Mid-Market,140800.0,Snowflake,Champion Left,Champion Collapse,Champion Collapse,1.0,Champion Collapse,False,"{""Champion Collapse"": 1.0, ""Competitor Displacement"": 0.0, ""Ghost Stall"": 0.2, ""Exec Vacuum"": 0.5}",Lost — no decision / stalled. No additional detail.
DL-1306,Enterprise,640800.0,Monte Carlo,Chose Competitor,Competitor Displacement,Exec Vacuum,1.0,,True,"{""Champion Collapse"": 0.333, ""Competitor Displacement"": 0.0, ""Ghost Stall"": 0.0, ""Exec Vacuum"": 1.0}",Lost — missing feature. No additional detail.
DL-1493,Mid-Market,109100.0,Alation,Missing Feature,,Ghost Stall,1.0,Ghost Stall,False,"{""Champion Collapse"": 0.0, ""Competitor Displacement"": 0.6, ""Ghost Stall"": 1.0, ""Exec Vacuum"": 0.0}",Prospect stopped engaging after the proposal. No explanation given.
DL-1423,Enterprise,709200.0,Atlan,No Decision / Stalled,Ghost Stall,Exec Vacuum,1.0,Exec Vacuum,False,"{""Champion Collapse"": 0.167, ""Competitor Displacement"": 0.4, ""Ghost Stall"": 0.0, ""Exec Vacuum"": 1.0}","Champion was IC level, couldn't drive the purchase alone."
DL-1298,Enterprise,567100.0,Databricks,No Decision / Stalled,Ghost Stall,Competitor Displacement,0.8,Competitor Displacement,True,"{""Champion Collapse"": 0.0, ""Competitor Displacement"": 0.8, ""Ghost Stall"": 0.0, ""Exec Vacuum"": 0.0}",Snowflake offered a massive discount at the last minute. We couldn't match.
DL-1755,Mid-Market,45900.0,Collibra,Price / Budget,Competitor Displacement,Champion Collapse,1.0,Champion Collapse,True,"{""Champion Collapse"": 1.0, ""Competitor Displacement"": 0.0, ""Ghost Stall"": 0.2, ""Exec Vacuum"": 0.5}",Lost — no decision / stalled. No additional detail.
DL-1106,SMB,26100.0,Databricks,Champion Left,Champion Collapse,Champion Collapse,1.0,Champion Collapse,False,"{""Champion Collapse"": 1.0, ""Competitor Displacement"": 0.4, ""Ghost Stall"": 0.0, ""Exec Vacuum"": 0.5}",Lost — champion left. No additional detail.
DL-1055,Mid-Market,97900.0,Databricks,No Decision / Stalled,Ghost Stall,Competitor Displacement,0.8,Competitor Displacement,True,"{""Champion Collapse"": 0.167, ""Competitor Displacement"": 0.8, ""Ghost Stall"": 0.2, ""Exec Vacuum"": 0.0}",Lost — wrong timing. No additional detail.
DL-1120,Mid-Market,111100.0,Atlan,Price / Budget,Competitor Displacement,Champion Collapse,1.0,Champion Collapse,True,"{""Champion Collapse"": 1.0, ""Competitor Displacement"": 0.4, ""Ghost Stall"": 0.0, ""Exec Vacuum"": 0.5}",Lost — price / budget. No additional detail.
DL-1310,Enterprise,646500.0,None / Greenfield,No Decision / Stalled,Ghost Stall,Exec Vacuum,1.0,Exec Vacuum,False,"{""Champion Collapse"": 0.167, ""Competitor Displacement"": 0.4, ""Ghost Stall"": 0.0, ""Exec Vacuum"": 1.0}",Never got above the data team. Budget decision was above champion's level.
DL-1025,SMB,10600.0,dbt Labs,No Decision / Stalled,Ghost Stall,Ghost Stall,1.0,Ghost Stall,False,"{""Champion Collapse"": 0.333, ""Competitor Displacement"": 0.0, ""Ghost Stall"": 1.0, ""Exec Vacuum"": 1.0}",Lost — wrong timing. No additional detail.
DL-1072,Enterprise,474100.0,Atlan,No Decision / Stalled,Ghost Stall,Exec Vacuum,1.0,Exec Vacuum,False,"{""Champion Collapse"": 0.333, ""Competitor Displacement"": 0.0, ""Ghost Stall"": 0.0, ""Exec Vacuum"": 1.0}","champion was ic level, couldn't drive teh purchase alone.."
DL-1044,Enterprise,663300.0,Snowflake,Price / Budget,Competitor Displacement,Exec Vacuum,1.0,Exec Vacuum,True,"{""Champion Collapse"": 0.167, ""Competitor Displacement"": 0.0, ""Ghost Stall"": 0.2, ""Exec Vacuum"": 1.0}",never got above teh data team.. budget decision was above champion's level..
DL-1275,SMB,30700.0,None / Greenfield,No Decision / Stalled,Ghost Stall,Competitor Displacement,1.0,Competitor Displacement,True,"{""Champion Collapse"": 0.333, ""Competitor Displacement"": 1.0, ""Ghost Stall"": 0.2, ""Exec Vacuum"": 1.0}",Lost to Fivetran on connector breadth. They had 200+ native connectors.
DL-1314,Mid-Market,56600.0,Monte Carlo,Missing Feature,,Ghost Stall,1.0,Ghost Stall,False,"{""Champion Collapse"": 0.0, ""Competitor Displacement"": 0.6, ""Ghost Stall"": 1.0, ""Exec Vacuum"": 0.0}",lost — no decision / stalled.. no additional detail..
DL-1689,SMB,9300.0,Alation,Chose Competitor,Competitor Displacement,Exec Vacuum,1.0,,True,"{""Champion Collapse"": 0.167, ""Competitor Displacement"": 0.4, ""Ghost Stall"": 0.2, ""Exec Vacuum"": 1.0}",lost — no decision / stalled.. no additional detail..
DL-1950,Mid-Market,125400.0,Databricks,No Decision / Stalled,Ghost Stall,Competitor Displacement,1.0,Competitor Displacement,True,"{""Champion Collapse"": 0.0, ""Competitor Displacement"": 1.0, ""Ghost Stall"": 0.2, ""Exec Vacuum"": 0.0}",They went with Databricks. Had deeper existing footprint.
DL-1833,Mid-Market,149100.0,Monte Carlo,No Decision / Stalled,Ghost Stall,Ghost Stall,1.0,Ghost Stall,False,"{""Champion Collapse"": 0.0, ""Competitor Displacement"": 0.2, ""Ghost Stall"": 1.0, ""Exec Vacuum"": 0.0}",Prospect stopped engaging after the proposal. No explanation given.
DL-1327,Mid-Market,44900.0,Monte Carlo,No Decision / Stalled,Ghost Stall,Competitor Displacement,0.8,Competitor Displacement,True,"{""Champion Collapse"": 0.0, ""Competitor Displacement"": 0.8, ""Ghost Stall"": 0.2, ""Exec Vacuum"": 0.0}",They went with Databricks. Had deeper existing footprint.
DL-1603,Enterprise,745900.0,Fivetran,No Decision / Stalled,Ghost Stall,Ghost Stall,1.0,Ghost Stall,False,"{""Champion Collapse"": 0.0, ""Competitor Displacement"": 0.0, ""Ghost Stall"": 1.0, ""Exec Vacuum"": 0.0}",Lost — wrong timing. No additional detail.
DL-1927,SMB,9800.0,Snowflake,Champion Left,Champion Collapse,Champion Collapse,1.0,Champion Collapse,False,"{""Champion Collapse"": 1.0, ""Competitor Displacement"": 0.4, ""Ghost Stall"": 0.0, ""Exec Vacuum"": 0.5}",Our champion got moved to a different team mid-deal. Lost access.
DL-1971,SMB,15900.0,None / Greenfield,Price / Budget,Competitor Displacement,Exec Vacuum,1.0,Exec Vacuum,True,"{""Champion Collapse"": 0.167, ""Competitor Displacement"": 0.6, ""Ghost Stall"": 0.0, ""Exec Vacuum"": 1.0}",Never got above the data team. Budget decision was above champion's level.
DL-1762,SMB,31200.0,Atlan,Price / Budget,Competitor Displacement,Exec Vacuum,1.0,Exec Vacuum,True,"{""Champion Collapse"": 0.167, ""Competitor Displacement"": 0.0, ""Ghost Stall"": 0.0, ""Exec Vacuum"": 1.0}",Never got above the data team. Budget decision was above champion's level.
DL-1331,SMB,22200.0,None / Greenfield,Champion Left,Champion Collapse,Champion Collapse,0.833,Champion Collapse,False,"{""Champion Collapse"": 0.833, ""Competitor Displacement"": 0.0, ""Ghost Stall"": 0.4, ""Exec Vacuum"": 0.5}",Lost — missing feature. No additional detail.
DL-1060,Enterprise,306600.0,Alation,Champion Left,Champion Collapse,Champion Collapse,1.0,Champion Collapse,False,"{""Champion Collapse"": 1.0, ""Competitor Displacement"": 0.4, ""Ghost Stall"": 0.2, ""Exec Vacuum"": 1.0}",Lost — missing feature. No additional detail.
DL-1371,Mid-Market,39500.0,None / Greenfield,Missing Feature,,Exec Vacuum,1.0,,False,"{""Champion Collapse"": 0.167, ""Competitor Displacement"": 0.6, ""Ghost Stall"": 0.0, ""Exec Vacuum"": 1.0}",Lost — security / compliance failed. No additional detail.
DL-1092,Enterprise,690600.0,Databricks,No Decision / Stalled,Ghost Stall,Exec Vacuum,1.0,Exec Vacuum,False,"{""Champion Collapse"": 0.333, ""Competitor Displacement"": 0.4, ""Ghost Stall"": 0.2, ""Exec Vacuum"": 1.0}",lost — price / budget.. no additional detail..
DL-1722,SMB,13800.0,Snowflake,No Decision / Stalled,Ghost Stall,Exec Vacuum,1.0,Exec Vacuum,False,"{""Champion Collapse"": 0.333, ""Competitor Displacement"": 0.0, ""Ghost Stall"": 0.2, ""Exec Vacuum"": 1.0}",Lost — no decision / stalled. No additional detail.
DL-1490,Enterprise,339200.0,dbt Labs,Champion Left,Champion Collapse,Champion Collapse,1.0,Champion Collapse,False,"{""Champion Collapse"": 1.0, ""Competitor Displacement"": 0.4, ""Ghost Stall"": 0.0, ""Exec Vacuum"": 1.0}",lost — missing feature.. no additional detail..
DL-1462,SMB,15500.0,Fivetran,Champion Left,Champion Collapse,Champion Collapse,1.0,Champion Collapse,False,"{""Champion Collapse"": 1.0, ""Competitor Displacement"": 0.6, ""Ghost Stall"": 0.2, ""Exec Vacuum"": 0.5}",Champion left the company. Couldn't rebuild the relationship in time.
DL-1218,Enterprise,207400.0,Fivetran,Price / Budget,Competitor Displacement,Champion Collapse,1.0,Champion Collapse,True,"{""Champion Collapse"": 1.0, ""Competitor Displacement"": 0.0, ""Ghost Stall"": 0.2, ""Exec Vacuum"": 1.0}",New data lead came in and had a prior relationship with Snowflake.
DL-1513,Enterprise,265600.0,Atlan,Champion Left,Champion Collapse,Exec Vacuum,1.0,,False,"{""Champion Collapse"": 0.167, ""Competitor Displacement"": 0.2, ""Ghost Stall"": 0.0, ""Exec Vacuum"": 1.0}",Lost — missing feature. No additional detail.
DL-1332,Mid-Market,94600.0,Databricks,Champion Left,Champion Collapse,Champion Collapse,1.0,Champion Collapse,False,"{""Champion Collapse"": 1.0, ""Competitor Displacement"": 0.2, ""Ghost Stall"": 0.0, ""Exec Vacuum"": 0.5}",champion left teh company.. couldn't rebuild teh relationship in time..
DL-1859,Mid-Market,84200.0,None / Greenfield,Price / Budget,Competitor Displacement,Exec Vacuum,1.0,Exec Vacuum,True,"{""Champion Collapse"": 0.167, ""Competitor Displacement"": 0.2, ""Ghost Stall"": 0.0, ""Exec Vacuum"": 1.0}",Lost — price / budget. No additional detail.
DL-1355,SMB,11200.0,Alation,No Decision / Stalled,Ghost Stall,Ghost Stall,0.8,Ghost Stall,False,"{""Champion Collapse"": 0.0, ""Competitor Displacement"": 0.4, ""Ghost Stall"": 0.8, ""Exec Vacuum"": 0.0}",Lost — missing feature. No additional detail.
DL-1482,Enterprise,686600.0,Alation,Champion Left,Champion Collapse,Competitor Displacement,0.4,,False,"{""Champion Collapse"": 0.0, ""Competitor Displacement"": 0.4, ""Ghost Stall"": 0.0, ""Exec Vacuum"": 0.0}",Lost — chose competitor. No additional detail.
DL-1110,Mid-Market,85000.0,Fivetran,Price / Budget,Competitor Displacement,Exec Vacuum,1.0,Exec Vacuum,True,"{""Champion Collapse"": 0.167, ""Competitor Displacement"": 0.2, ""Ghost Stall"": 0.0, ""Exec Vacuum"": 1.0}",Lost — chose competitor. No additional detail.
DL-1514,Enterprise,780600.0,Alation,No Decision / Stalled,Ghost Stall,Exec Vacuum,1.0,Exec Vacuum,False,"{""Champion Collapse"": 0.333, ""Competitor Displacement"": 0.2, ""Ghost Stall"": 0.0, ""Exec Vacuum"": 1.0}",Lost — price / budget. No additional detail.
DL-1602,Enterprise,726000.0,dbt Labs,Price / Budget,Competitor Displacement,Exec Vacuum,1.0,Exec Vacuum,True,"{""Champion Collapse"": 0.167, ""Competitor Displacement"": 0.0, ""Ghost Stall"": 0.0, ""Exec Vacuum"": 1.0}",Never got above the data team. Budget decision was above champion's level.
DL-1507,SMB,29900.0,Snowflake,No Decision / Stalled,Ghost Stall,Ghost Stall,1.0,Ghost Stall,False,"{""Champion Collapse"": 0.0, ""Competitor Displacement"": 0.4, ""Ghost Stall"": 1.0, ""Exec Vacuum"": 0.0}",Lost — champion left. No additional detail.
DL-1334,Mid-Market,44800.0,Collibra,Champion Left,Champion Collapse,Champion Collapse,1.0,Champion Collapse,False,"{""Champion Collapse"": 1.0, ""Competitor Displacement"": 0.2, ""Ghost Stall"": 0.0, ""Exec Vacuum"": 1.0}",Our champion got moved to a different team mid-deal. Lost access.
DL-1848,Enterprise,710900.0,dbt Labs,Price / Budget,Competitor Displacement,Exec Vacuum,1.0,Exec Vacuum,True,"{""Champion Collapse"": 0.167, ""Competitor Displacement"": 0.4, ""Ghost Stall"": 0.0, ""Exec Vacuum"": 1.0}",never got above teh data team.. budget decision was above champion's level..
DL-1294,SMB,26800.0,Collibra,Champion Left,Champion Collapse,Champion Collapse,1.0,Champion Collapse,False,"{""Champion Collapse"": 1.0, ""Competitor Displacement"": 0.6, ""Ghost Stall"": 0.2, ""Exec Vacuum"": 0.5}",lost — price / budget.. no additional detail..
DL-1286,SMB,10300.0,Snowflake,Price / Budget,Competitor Displacement,Exec Vacuum,1.0,Exec Vacuum,True,"{""Champion Collapse"": 0.167, ""Competitor Displacement"": 0.4, ""Ghost Stall"": 0.2, ""Exec Vacuum"": 1.0}",Lost — champion left. No additional detail.
DL-1938,SMB,10200.0,Collibra,Price / Budget,Competitor Displacement,Champion Collapse,1.0,Champion Collapse,True,"{""Champion Collapse"": 1.0, ""Competitor Displacement"": 0.4, ""Ghost Stall"": 0.0, ""Exec Vacuum"": 0.5}",Champion left the company. Couldn't rebuild the relationship in time.
DL-1692,Mid-Market,94500.0,Starburst,Champion Left,Champion Collapse,Champion Collapse,1.0,Champion Collapse,False,"{""Champion Collapse"": 1.0, ""Competitor Displacement"": 0.0, ""Ghost Stall"": 0.2, ""Exec Vacuum"": 0.5}",lost — price / budget.. no additional detail..
DL-1968,Enterprise,203700.0,Alation,No Decision / Stalled,Ghost Stall,Exec Vacuum,1.0,Ghost Stall,False,"{""Champion Collapse"": 0.167, ""Competitor Displacement"": 0.4, ""Ghost Stall"": 0.8, ""Exec Vacuum"": 1.0}",Prospect stopped engaging after the proposal. No explanation given.
DL-1277,SMB,15900.0,Databricks,No Decision / Stalled,Ghost Stall,Exec Vacuum,1.0,Competitor Displacement,False,"{""Champion Collapse"": 0.167, ""Competitor Displacement"": 0.8, ""Ghost Stall"": 0.4, ""Exec Vacuum"": 1.0}",they went with databricks.. had deeper existing footprint..
DL-1758,SMB,21200.0,Starburst,Price / Budget,Competitor Displacement,Exec Vacuum,1.0,Exec Vacuum,True,"{""Champion Collapse"": 0.167, ""Competitor Displacement"": 0.0, ""Ghost Stall"": 0.0, ""Exec Vacuum"": 1.0}","Champion was IC level, couldn't drive the purchase alone."
DL-1137,SMB,21900.0,Databricks,Price / Budget,Competitor Displacement,Exec Vacuum,1.0,Exec Vacuum,True,"{""Champion Collapse"": 0.167, ""Competitor Displacement"": 0.2, ""Ghost Stall"": 0.2, ""Exec Vacuum"": 1.0}",lost — champion left.. no additional detail..
DL-1404,Mid-Market,145900.0,Monte Carlo,Missing Feature,,Competitor Displacement,0.6,Ghost Stall,False,"{""Champion Collapse"": 0.0, ""Competitor Displacement"": 0.6, ""Ghost Stall"": 0.6, ""Exec Vacuum"": 0.0}","Just went dark. Last email 3 weeks ago, no response."
DL-1523,SMB,20500.0,dbt Labs,Price / Budget,Competitor Displacement,Exec Vacuum,1.0,Exec Vacuum,True,"{""Champion Collapse"": 0.167, ""Competitor Displacement"": 0.2, ""Ghost Stall"": 0.0, ""Exec Vacuum"": 1.0}",Never got above the data team. Budget decision was above champion's level.
DL-1977,SMB,31100.0,Collibra,Champion Left,Champion Collapse,Champion Collapse,1.0,Champion Collapse,False,"{""Champion Collapse"": 1.0, ""Competitor Displacement"": 0.4, ""Ghost Stall"": 0.0, ""Exec Vacuum"": 1.0}",New data lead came in and had a prior relationship with Snowflake.
DL-1237,Enterprise,742500.0,Fivetran,Chose Competitor,Competitor Displacement,Competitor Displacement,0.8,Competitor Displacement,False,"{""Champion Collapse"": 0.0, ""Competitor Displacement"": 0.8, ""Ghost Stall"": 0.2, ""Exec Vacuum"": 0.0}",Lost — security / compliance failed. No additional detail.
DL-1988,SMB,12100.0,None / Greenfield,Champion Left,Champion Collapse,Champion Collapse,1.0,Champion Collapse,False,"{""Champion Collapse"": 1.0, ""Competitor Displacement"": 0.4, ""Ghost Stall"": 0.2, ""Exec Vacuum"": 0.5}",New data lead came in and had a prior relationship with Snowflake.
DL-1894,Enterprise,702100.0,dbt Labs,No Decision / Stalled,Ghost Stall,Competitor Displacement,0.8,Competitor Displacement,True,"{""Champion Collapse"": 0.0, ""Competitor Displacement"": 0.8, ""Ghost Stall"": 0.2, ""Exec Vacuum"": 0.0}",Lost to Fivetran on connector breadth. They had 200+ native connectors.
DL-1244,Mid-Market,99000.0,Atlan,Price / Budget,Competitor Displacement,Exec Vacuum,1.0,Exec Vacuum,True,"{""Champion Collapse"": 0.167, ""Competitor Displacement"": 0.0, ""Ghost Stall"": 0.2, ""Exec Vacuum"": 1.0}",lost — price / budget.. no additional detail..
DL-1837,Mid-Market,135600.0,Atlan,Price / Budget,Competitor Displacement,Champion Collapse,1.0,Champion Collapse,True,"{""Champion Collapse"": 1.0, ""Competitor Displacement"": 0.0, ""Ghost Stall"": 0.0, ""Exec Vacuum"": 0.5}",Lost — price / budget. No additional detail.
DL-1863,Enterprise,585300.0,Collibra,Champion Left,Champion Collapse,Champion Collapse,1.0,Champion Collapse,False,"{""Champion Collapse"": 1.0, ""Competitor Displacement"": 0.0, ""Ghost Stall"": 0.2, ""Exec Vacuum"": 1.0}",Lost — missing feature. No additional detail.
DL-1667,Mid-Market,62000.0,Alation,Chose Competitor,Competitor Displacement,Exec Vacuum,1.0,,True,"{""Champion Collapse"": 0.333, ""Competitor Displacement"": 0.4, ""Ghost Stall"": 0.2, ""Exec Vacuum"": 1.0}",lost — security / compliance failed.. no additional detail..
DL-1621,Enterprise,295500.0,Snowflake,Chose Competitor,Competitor Displacement,Exec Vacuum,1.0,,True,"{""Champion Collapse"": 0.333, ""Competitor Displacement"": 0.0, ""Ghost Stall"": 0.2, ""Exec Vacuum"": 1.0}",Lost — no decision / stalled. No additional detail.
DL-1078,Mid-Market,70100.0,Starburst,No Decision / Stalled,Ghost Stall,Competitor Displacement,0.6,Competitor Displacement,True,"{""Champion Collapse"": 0.0, ""Competitor Displacement"": 0.6, ""Ghost Stall"": 0.2, ""Exec Vacuum"": 0.0}",Lost — security / compliance failed. No additional detail.
DL-1289,Mid-Market,132700.0,Snowflake,Missing Feature,,Ghost Stall,0.8,Ghost Stall,False,"{""Champion Collapse"": 0.167, ""Competitor Displacement"": 0.0, ""Ghost Stall"": 0.8, ""Exec Vacuum"": 0.0}",Lost — no decision / stalled. No additional detail.
DL-1049,Mid-Market,129200.0,Collibra,Champion Left,Champion Collapse,Champion Collapse,1.0,Champion Collapse,False,"{""Champion Collapse"": 1.0, ""Competitor Displacement"": 0.0, ""Ghost Stall"": 0.0, ""Exec Vacuum"": 0.5}",Lost — missing feature. No additional detail.
DL-1798,SMB,24700.0,Snowflake,Chose Competitor,Competitor Displacement,Competitor Displacement,0.6,Competitor Displacement,False,"{""Champion Collapse"": 0.0, ""Competitor Displacement"": 0.6, ""Ghost Stall"": 0.0, ""Exec Vacuum"": 0.0}",Snowflake offered a massive discount at the last minute. We couldn't match.
DL-1165,Enterprise,580600.0,Collibra,Chose Competitor,Competitor Displacement,Exec Vacuum,1.0,Competitor Displacement,True,"{""Champion Collapse"": 0.167, ""Competitor Displacement"": 0.8, ""Ghost Stall"": 0.0, ""Exec Vacuum"": 1.0}",They went with Databricks. Had deeper existing footprint.
DL-1930,Mid-Market,136100.0,Collibra,Price / Budget,Competitor Displacement,Champion Collapse,1.0,Champion Collapse,True,"{""Champion Collapse"": 1.0, ""Competitor Displacement"": 0.0, ""Ghost Stall"": 0.2, ""Exec Vacuum"": 1.0}",Our champion got moved to a different team mid-deal. Lost access.
DL-1178,SMB,12100.0,Atlan,Price / Budget,Competitor Displacement,Champion Collapse,1.0,Champion Collapse,True,"{""Champion Collapse"": 1.0, ""Competitor Displacement"": 0.2, ""Ghost Stall"": 0.2, ""Exec Vacuum"": 0.5}",new data lead came in and had a prior relationship with snowflake..
DL-1693,Mid-Market,131200.0,Starburst,No Decision / Stalled,Ghost Stall,Competitor Displacement,1.0,Competitor Displacement,True,"{""Champion Collapse"": 0.0, ""Competitor Displacement"": 1.0, ""Ghost Stall"": 0.2, ""Exec Vacuum"": 0.0}",Lost — no decision / stalled. No additional detail.
DL-1065,SMB,15800.0,Alation,Champion Left,Champion Collapse,Champion Collapse,1.0,Champion Collapse,False,"{""Champion Collapse"": 1.0, ""Competitor Displacement"": 0.4, ""Ghost Stall"": 0.0, ""Exec Vacuum"": 0.5}",Lost — security / compliance failed. No additional detail.
DL-1141,Enterprise,211600.0,dbt Labs,Price / Budget,Competitor Displacement,Exec Vacuum,1.0,Exec Vacuum,True,"{""Champion Collapse"": 0.167, ""Competitor Displacement"": 0.2, ""Ghost Stall"": 0.0, ""Exec Vacuum"": 1.0}",Lost — no decision / stalled. No additional detail.
DL-1985,Mid-Market,125300.0,Fivetran,Wrong Timing,Ghost Stall,Competitor Displacement,0.4,,False,"{""Champion Collapse"": 0.0, ""Competitor Displacement"": 0.4, ""Ghost Stall"": 0.0, ""Exec Vacuum"": 0.0}",lost — no decision / stalled.. no additional detail..
DL-1861,Mid-Market,114300.0,Snowflake,Missing Feature,,Ghost Stall,1.0,Ghost Stall,False,"{""Champion Collapse"": 0.0, ""Competitor Displacement"": 0.0, ""Ghost Stall"": 1.0, ""Exec Vacuum"": 0.0}",multiple follow-ups with no reply.. probably went internal..
DL-1440,SMB,28800.0,Atlan,No Decision / Stalled,Ghost Stall,Ghost Stall,1.0,Ghost Stall,False,"{""Champion Collapse"": 0.333, ""Competitor Displacement"": 0.6, ""Ghost Stall"": 1.0, ""Exec Vacuum"": 1.0}",Lost — missing feature. No additional detail.
DL-1346,SMB,25000.0,Snowflake,Price / Budget,Competitor Displacement,Champion Collapse,1.0,Champion Collapse,True,"{""Champion Collapse"": 1.0, ""Competitor Displacement"": 0.2, ""Ghost Stall"": 0.0, ""Exec Vacuum"": 0.5}",Champion left the company. Couldn't rebuild the relationship in time.
DL-1254,Mid-Market,41900.0,Starburst,Price / Budget,Competitor Displacement,Exec Vacuum,1.0,Exec Vacuum,True,"{""Champion Collapse"": 0.167, ""Competitor Displacement"": 0.4, ""Ghost Stall"": 0.0, ""Exec Vacuum"": 1.0}",Lost — price / budget. No additional detail.
DL-1694,SMB,15600.0,Fivetran,No Decision / Stalled,Ghost Stall,Ghost Stall,1.0,Ghost Stall,False,"{""Champion Collapse"": 0.0, ""Competitor Displacement"": 0.4, ""Ghost Stall"": 1.0, ""Exec Vacuum"": 0.0}","Just went dark. Last email 3 weeks ago, no response."
DL-1344,Enterprise,693800.0,Snowflake,No Decision / Stalled,Ghost Stall,Ghost Stall,0.8,Ghost Stall,False,"{""Champion Collapse"": 0.167, ""Competitor Displacement"": 0.2, ""Ghost Stall"": 0.8, ""Exec Vacuum"": 0.0}",Prospect stopped engaging after the proposal. No explanation given.
DL-1221,Mid-Market,74000.0,Fivetran,Chose Competitor,Competitor Displacement,Competitor Displacement,0.6,Competitor Displacement,False,"{""Champion Collapse"": 0.0, ""Competitor Displacement"": 0.6, ""Ghost Stall"": 0.2, ""Exec Vacuum"": 0.0}",Lost to Fivetran on connector breadth. They had 200+ native connectors.
DL-1235,SMB,12600.0,Alation,Chose Competitor,Competitor Displacement,Competitor Displacement,0.8,Competitor Displacement,False,"{""Champion Collapse"": 0.167, ""Competitor Displacement"": 0.8, ""Ghost Stall"": 0.2, ""Exec Vacuum"": 0.0}",Lost — security / compliance failed. No additional detail.
DL-1547,SMB,9100.0,Collibra,Champion Left,Champion Collapse,Competitor Displacement,0.2,,False,"{""Champion Collapse"": 0.0, ""Competitor Displacement"": 0.2, ""Ghost Stall"": 0.0, ""Exec Vacuum"": 0.0}",Lost — missing feature. No additional detail.
DL-1499,Enterprise,794300.0,Monte Carlo,No Decision / Stalled,Ghost Stall,Exec Vacuum,1.0,Exec Vacuum,False,"{""Champion Collapse"": 0.333, ""Competitor Displacement"": 0.6, ""Ghost Stall"": 0.0, ""Exec Vacuum"": 1.0}",Lost — wrong timing. No additional detail.
DL-1595,Mid-Market,96200.0,None / Greenfield,Wrong Timing,Ghost Stall,Champion Collapse,0.0,,False,"{""Champion Collapse"": 0.0, ""Competitor Displacement"": 0.0, ""Ghost Stall"": 0.0, ""Exec Vacuum"": 0.0}",Lost — price / budget. No additional detail.
DL-1940,Mid-Market,49000.0,Databricks,Missing Feature,,Competitor Displacement,0.4,,False,"{""Champion Collapse"": 0.167, ""Competitor Displacement"": 0.4, ""Ghost Stall"": 0.0, ""Exec Vacuum"": 0.0}",Lost — wrong timing. No additional detail.
DL-1381,Enterprise,339500.0,Databricks,No Decision / Stalled,Ghost Stall,Competitor Displacement,0.6,Competitor Displacement,True,"{""Champion Collapse"": 0.0, ""Competitor Displacement"": 0.6, ""Ghost Stall"": 0.0, ""Exec Vacuum"": 0.0}",They went with Databricks. Had deeper existing footprint.
DL-1071,Mid-Market,59200.0,Databricks,No Decision / Stalled,Ghost Stall,Ghost Stall,1.0,Ghost Stall,False,"{""Champion Collapse"": 0.167, ""Competitor Displacement"": 0.6, ""Ghost Stall"": 1.0, ""Exec Vacuum"": 0.0}",Lost — security / compliance failed. No additional detail.
DL-1094,SMB,30600.0,Snowflake,No Decision / Stalled,Ghost Stall,Exec Vacuum,1.0,Exec Vacuum,False,"{""Champion Collapse"": 0.167, ""Competitor Displacement"": 0.0, ""Ghost Stall"": 0.0, ""Exec Vacuum"": 1.0}",Lost — chose competitor. No additional detail.
DL-1259,Enterprise,691700.0,Monte Carlo,Chose Competitor,Competitor Displacement,Competitor Displacement,1.0,Competitor Displacement,False,"{""Champion Collapse"": 0.0, ""Competitor Displacement"": 1.0, ""Ghost Stall"": 0.4, ""Exec Vacuum"": 0.0}",Lost — no decision / stalled. No additional detail.
DL-1204,SMB,11400.0,dbt Labs,No Decision / Stalled,Ghost Stall,Competitor Displacement,1.0,Competitor Displacement,True,"{""Champion Collapse"": 0.0, ""Competitor Displacement"": 1.0, ""Ghost Stall"": 0.0, ""Exec Vacuum"": 0.0}",lost — price / budget.. no additional detail..
DL-1359,Mid-Market,74800.0,Atlan,No Decision / Stalled,Ghost Stall,Exec Vacuum,1.0,Exec Vacuum,False,"{""Champion Collapse"": 0.333, ""Competitor Displacement"": 0.6, ""Ghost Stall"": 0.2, ""Exec Vacuum"": 1.0}",Never got above the data team. Budget decision was above champion's level.
DL-1398,Mid-Market,51500.0,dbt Labs,Chose Competitor,Competitor Displacement,Competitor Displacement,0.8,Competitor Displacement,False,"{""Champion Collapse"": 0.0, ""Competitor Displacement"": 0.8, ""Ghost Stall"": 0.0, ""Exec Vacuum"": 0.0}",They went with Databricks. Had deeper existing footprint.
DL-1077,Mid-Market,115200.0,None / Greenfield,Wrong Timing,Ghost Stall,Exec Vacuum,1.0,,False,"{""Champion Collapse"": 0.167, ""Competitor Displacement"": 0.2, ""Ghost Stall"": 0.2, ""Exec Vacuum"": 1.0}",Lost — security / compliance failed. No additional detail.
DL-1082,Enterprise,742900.0,Fivetran,Price / Budget,Competitor Displacement,Champion Collapse,1.0,Champion Collapse,True,"{""Champion Collapse"": 1.0, ""Competitor Displacement"": 0.4, ""Ghost Stall"": 0.0, ""Exec Vacuum"": 0.5}",Lost — champion left. No additional detail.
DL-1947,Enterprise,706200.0,None / Greenfield,Price / Budget,Competitor Displacement,Champion Collapse,0.0,,False,"{""Champion Collapse"": 0.0, ""Competitor Displacement"": 0.0, ""Ghost Stall"": 0.0, ""Exec Vacuum"": 0.0}",Lost — wrong timing. No additional detail.
DL-1707,Enterprise,483600.0,Atlan,No Decision / Stalled,Ghost Stall,Exec Vacuum,1.0,Exec Vacuum,False,"{""Champion Collapse"": 0.167, ""Competitor Displacement"": 0.6, ""Ghost Stall"": 0.0, ""Exec Vacuum"": 1.0}",Lost — security / compliance failed. No additional detail.
DL-1538,Enterprise,325800.0,Snowflake,Chose Competitor,Competitor Displacement,Exec Vacuum,1.0,Competitor Displacement,True,"{""Champion Collapse"": 0.167, ""Competitor Displacement"": 0.8, ""Ghost Stall"": 0.2, ""Exec Vacuum"": 1.0}",They went with Databricks. Had deeper existing footprint.
DL-1825,SMB,22600.0,Databricks,Price / Budget,Competitor Displacement,Exec Vacuum,1.0,Exec Vacuum,True,"{""Champion Collapse"": 0.167, ""Competitor Displacement"": 0.0, ""Ghost Stall"": 0.0, ""Exec Vacuum"": 1.0}",Lost — wrong timing. No additional detail.
DL-1428,Enterprise,436500.0,Collibra,Price / Budget,Competitor Displacement,Exec Vacuum,1.0,Exec Vacuum,True,"{""Champion Collapse"": 0.167, ""Competitor Displacement"": 0.4, ""Ghost Stall"": 0.2, ""Exec Vacuum"": 1.0}",Never got above the data team. Budget decision was above champion's level.
DL-1788,Enterprise,760200.0,Alation,Price / Budget,Competitor Displacement,Champion Collapse,1.0,Champion Collapse,True,"{""Champion Collapse"": 1.0, ""Competitor Displacement"": 0.0, ""Ghost Stall"": 0.2, ""Exec Vacuum"": 1.0}",Champion left the company. Couldn't rebuild the relationship in time.
DL-1097,Enterprise,552200.0,Monte Carlo,Missing Feature,,Exec Vacuum,1.0,,False,"{""Champion Collapse"": 0.167, ""Competitor Displacement"": 0.0, ""Ghost Stall"": 0.0, ""Exec Vacuum"": 1.0}",Lost — champion left. No additional detail.
DL-1296,SMB,30400.0,dbt Labs,Missing Feature,,Ghost Stall,1.0,Ghost Stall,False,"{""Champion Collapse"": 0.167, ""Competitor Displacement"": 0.4, ""Ghost Stall"": 1.0, ""Exec Vacuum"": 0.0}",Lost — champion left. No additional detail.
DL-1445,SMB,25800.0,Collibra,Chose Competitor,Competitor Displacement,Exec Vacuum,1.0,,True,"{""Champion Collapse"": 0.333, ""Competitor Displacement"": 0.2, ""Ghost Stall"": 0.2, ""Exec Vacuum"": 1.0}",Lost — price / budget. No additional detail.
DL-1903,Enterprise,323100.0,Databricks,Price / Budget,Competitor Displacement,Champion Collapse,1.0,Champion Collapse,True,"{""Champion Collapse"": 1.0, ""Competitor Displacement"": 0.4, ""Ghost Stall"": 0.0, ""Exec Vacuum"": 0.5}",Our champion got moved to a different team mid-deal. Lost access.
DL-1266,Mid-Market,131400.0,Snowflake,Chose Competitor,Competitor Displacement,Competitor Displacement,1.0,Competitor Displacement,False,"{""Champion Collapse"": 0.0, ""Competitor Displacement"": 1.0, ""Ghost Stall"": 0.2, ""Exec Vacuum"": 0.0}",Lost — missing feature. No additional detail.
DL-1739,Mid-Market,52600.0,Monte Carlo,No Decision / Stalled,Ghost Stall,Exec Vacuum,1.0,Ghost Stall,False,"{""Champion Collapse"": 0.167, ""Competitor Displacement"": 0.4, ""Ghost Stall"": 0.8, ""Exec Vacuum"": 1.0}",Prospect stopped engaging after the proposal. No explanation given.
DL-1886,Mid-Market,128500.0,Collibra,Chose Competitor,Competitor Displacement,Competitor Displacement,0.6,,False,"{""Champion Collapse"": 0.0, ""Competitor Displacement"": 0.6, ""Ghost Stall"": 0.0, ""Exec Vacuum"": 0.0}",Lost — missing feature. No additional detail.
DL-1534,SMB,34500.0,Fivetran,No Decision / Stalled,Ghost Stall,Ghost Stall,1.0,Ghost Stall,False,"{""Champion Collapse"": 0.333, ""Competitor Displacement"": 0.0, ""Ghost Stall"": 1.0, ""Exec Vacuum"": 1.0}",lost — security / compliance failed.. no additional detail..
DL-1911,Enterprise,515700.0,dbt Labs,Chose Competitor,Competitor Displacement,Competitor Displacement,1.0,Competitor Displacement,False,"{""Champion Collapse"": 0.0, ""Competitor Displacement"": 1.0, ""Ghost Stall"": 0.2, ""Exec Vacuum"": 0.0}",Lost — price / budget. No additional detail.
DL-1656,Mid-Market,70600.0,Snowflake,Missing Feature,,Ghost Stall,1.0,Ghost Stall,False,"{""Champion Collapse"": 0.0, ""Competitor Displacement"": 0.2, ""Ghost Stall"": 1.0, ""Exec Vacuum"": 0.0}",Multiple follow-ups with no reply. Probably went internal.
DL-1118,Mid-Market,82200.0,Atlan,Chose Competitor,Competitor Displacement,Ghost Stall,0.2,,False,"{""Champion Collapse"": 0.0, ""Competitor Displacement"": 0.0, ""Ghost Stall"": 0.2, ""Exec Vacuum"": 0.0}",Lost — security / compliance failed. No additional detail.
DL-1405,Enterprise,582300.0,Databricks,Champion Left,Champion Collapse,Champion Collapse,1.0,Champion Collapse,False,"{""Champion Collapse"": 1.0, ""Competitor Displacement"": 0.2, ""Ghost Stall"": 0.0, ""Exec Vacuum"": 0.5}",Our champion got moved to a different team mid-deal. Lost access.
DL-1357,Enterprise,180300.0,Collibra,No Decision / Stalled,Ghost Stall,Champion Collapse,0.0,,False,"{""Champion Collapse"": 0.0, ""Competitor Displacement"": 0.0, ""Ghost Stall"": 0.0, ""Exec Vacuum"": 0.0}",Lost — champion left. No additional detail.
DL-1196,Enterprise,550400.0,Monte Carlo,Missing Feature,,Ghost Stall,0.8,Ghost Stall,False,"{""Champion Collapse"": 0.0, ""Competitor Displacement"": 0.0, ""Ghost Stall"": 0.8, ""Exec Vacuum"": 0.0}",lost — wrong timing.. no additional detail..
DL-1631,Mid-Market,145600.0,Atlan,Champion Left,Champion Collapse,Exec Vacuum,1.0,,False,"{""Champion Collapse"": 0.333, ""Competitor Displacement"": 0.2, ""Ghost Stall"": 0.4, ""Exec Vacuum"": 1.0}",Lost — champion left. No additional detail.
DL-1081,SMB,26100.0,Collibra,Missing Feature,,Competitor Displacement,0.4,,False,"{""Champion Collapse"": 0.0, ""Competitor Displacement"": 0.4, ""Ghost Stall"": 0.0, ""Exec Vacuum"": 0.0}",lost — champion left.. no additional detail..
DL-1830,Mid-Market,83900.0,Starburst,Price / Budget,Competitor Displacement,Exec Vacuum,1.0,Exec Vacuum,True,"{""Champion Collapse"": 0.333, ""Competitor Displacement"": 0.0, ""Ghost Stall"": 0.2, ""Exec Vacuum"": 1.0}","Champion was IC level, couldn't drive the purchase alone."
DL-1905,Mid-Market,40400.0,Collibra,Champion Left,Champion Collapse,Champion Collapse,1.0,Champion Collapse,False,"{""Champion Collapse"": 1.0, ""Competitor Displacement"": 0.2, ""Ghost Stall"": 0.2, ""Exec Vacuum"": 1.0}",lost — price / budget.. no additional detail..
DL-1239,Mid-Market,35500.0,Atlan,Price / Budget,Competitor Displacement,Ghost Stall,0.4,,False,"{""Champion Collapse"": 0.0, ""Competitor Displacement"": 0.0, ""Ghost Stall"": 0.4, ""Exec Vacuum"": 0.0}",Lost — missing feature. No additional detail.
DL-1846,SMB,24300.0,Atlan,No Decision / Stalled,Ghost Stall,Exec Vacuum,1.0,Exec Vacuum,False,"{""Champion Collapse"": 0.167, ""Competitor Displacement"": 0.0, ""Ghost Stall"": 0.2, ""Exec Vacuum"": 1.0}",lost — no decision / stalled.. no additional detail..
DL-1548,SMB,20500.0,None / Greenfield,Champion Left,Champion Collapse,Competitor Displacement,0.6,,True,"{""Champion Collapse"": 0.0, ""Competitor Displacement"": 0.6, ""Ghost Stall"": 0.2, ""Exec Vacuum"": 0.0}",Lost — price / budget. No additional detail.
DL-1497,Mid-Market,139800.0,Starburst,No Decision / Stalled,Ghost Stall,Competitor Displacement,1.0,Competitor Displacement,True,"{""Champion Collapse"": 0.333, ""Competitor Displacement"": 1.0, ""Ghost Stall"": 0.0, ""Exec Vacuum"": 1.0}",snowflake offered a massive discount at teh last minute.. we couldn't match..
DL-1814,Enterprise,436200.0,Atlan,Price / Budget,Competitor Displacement,Champion Collapse,1.0,Champion Collapse,True,"{""Champion Collapse"": 1.0, ""Competitor Displacement"": 0.0, ""Ghost Stall"": 0.0, ""Exec Vacuum"": 1.0}",Lost — no decision / stalled. No additional detail.
DL-1177,Enterprise,516400.0,Snowflake,Chose Competitor,Competitor Displacement,Competitor Displacement,1.0,Competitor Displacement,False,"{""Champion Collapse"": 0.0, ""Competitor Displacement"": 1.0, ""Ghost Stall"": 0.0, ""Exec Vacuum"": 0.0}",Lost — chose competitor. No additional detail.
DL-1974,Mid-Market,98800.0,Atlan,Price / Budget,Competitor Displacement,Competitor Displacement,0.4,,False,"{""Champion Collapse"": 0.167, ""Competitor Displacement"": 0.4, ""Ghost Stall"": 0.0, ""Exec Vacuum"": 0.0}",lost — chose competitor.. no additional detail..
DL-1433,Mid-Market,44000.0,Atlan,No Decision / Stalled,Ghost Stall,Competitor Displacement,1.0,Competitor Displacement,True,"{""Champion Collapse"": 0.0, ""Competitor Displacement"": 1.0, ""Ghost Stall"": 0.0, ""Exec Vacuum"": 0.0}",Lost — wrong timing. No additional detail.
DL-1516,SMB,25900.0,Starburst,No Decision / Stalled,Ghost Stall,Competitor Displacement,0.6,,True,"{""Champion Collapse"": 0.0, ""Competitor Displacement"": 0.6, ""Ghost Stall"": 0.2, ""Exec Vacuum"": 0.0}",Lost — no decision / stalled. No additional detail.
DL-1007,Enterprise,682300.0,Collibra,Champion Left,Champion Collapse,Champion Collapse,1.0,Champion Collapse,False,"{""Champion Collapse"": 1.0, ""Competitor Displacement"": 0.0, ""Ghost Stall"": 0.0, ""Exec Vacuum"": 0.5}",our champion got moved to a different team mid-deal.. lost access..
DL-1944,Mid-Market,119500.0,Fivetran,Price / Budget,Competitor Displacement,Exec Vacuum,1.0,Exec Vacuum,True,"{""Champion Collapse"": 0.167, ""Competitor Displacement"": 0.2, ""Ghost Stall"": 0.2, ""Exec Vacuum"": 1.0}","Champion was IC level, couldn't drive the purchase alone."
DL-1542,Mid-Market,112600.0,Fivetran,Price / Budget,Competitor Displacement,Ghost Stall,0.2,,False,"{""Champion Collapse"": 0.0, ""Competitor Displacement"": 0.0, ""Ghost Stall"": 0.2, ""Exec Vacuum"": 0.0}",Lost — price / budget. No additional detail.
DL-1439,SMB,14500.0,Alation,No Decision / Stalled,Ghost Stall,Competitor Displacement,0.8,Competitor Displacement,True,"{""Champion Collapse"": 0.0, ""Competitor Displacement"": 0.8, ""Ghost Stall"": 0.4, ""Exec Vacuum"": 0.0}",Lost to Fivetran on connector breadth. They had 200+ native connectors.
DL-1809,SMB,14300.0,Monte Carlo,Missing Feature,,Ghost Stall,1.0,Ghost Stall,False,"{""Champion Collapse"": 0.0, ""Competitor Displacement"": 0.0, ""Ghost Stall"": 1.0, ""Exec Vacuum"": 0.0}",Lost — wrong timing. No additional detail.
DL-1370,Enterprise,179700.0,Snowflake,Missing Feature,,Competitor Displacement,0.2,,False,"{""Champion Collapse"": 0.167, ""Competitor Displacement"": 0.2, ""Ghost Stall"": 0.0, ""Exec Vacuum"": 0.0}",Lost — champion left. No additional detail.
DL-1973,SMB,29000.0,Atlan,Champion Left,Champion Collapse,Champion Collapse,1.0,Champion Collapse,False,"{""Champion Collapse"": 1.0, ""Competitor Displacement"": 0.4, ""Ghost Stall"": 0.4, ""Exec Vacuum"": 0.5}",Lost — no decision / stalled. No additional detail.
DL-1593,SMB,34900.0,Collibra,Chose Competitor,Competitor Displacement,Competitor Displacement,0.8,Competitor Displacement,False,"{""Champion Collapse"": 0.0, ""Competitor Displacement"": 0.8, ""Ghost Stall"": 0.0, ""Exec Vacuum"": 0.0}",Lost — champion left. No additional detail.
DL-1876,SMB,8700.0,Alation,Champion Left,Champion Collapse,Competitor Displacement,0.2,,False,"{""Champion Collapse"": 0.0, ""Competitor Displacement"": 0.2, ""Ghost Stall"": 0.2, ""Exec Vacuum"": 0.0}",Lost — chose competitor. No additional detail.
DL-1554,SMB,27700.0,Collibra,Champion Left,Champion Collapse,Champion Collapse,1.0,Champion Collapse,False,"{""Champion Collapse"": 1.0, ""Competitor Displacement"": 0.0, ""Ghost Stall"": 0.0, ""Exec Vacuum"": 0.5}",Lost — missing feature. No additional detail.
DL-1873,Enterprise,504400.0,Collibra,No Decision / Stalled,Ghost Stall,Ghost Stall,0.6,Ghost Stall,False,"{""Champion Collapse"": 0.167, ""Competitor Displacement"": 0.2, ""Ghost Stall"": 0.6, ""Exec Vacuum"": 0.0}","just went dark.. last email 3 weeks ago, no response.."
DL-1532,SMB,12700.0,dbt Labs,No Decision / Stalled,Ghost Stall,Competitor Displacement,0.8,Competitor Displacement,True,"{""Champion Collapse"": 0.0, ""Competitor Displacement"": 0.8, ""Ghost Stall"": 0.4, ""Exec Vacuum"": 0.0}",lost to fivetran on connector breadth.. they had 200+ native connectors..
DL-1866,Mid-Market,90100.0,Atlan,Price / Budget,Competitor Displacement,Exec Vacuum,1.0,,True,"{""Champion Collapse"": 0.167, ""Competitor Displacement"": 0.4, ""Ghost Stall"": 0.0, ""Exec Vacuum"": 1.0}",lost — chose competitor.. no additional detail..
DL-1390,SMB,32500.0,Alation,Champion Left,Champion Collapse,Champion Collapse,1.0,Champion Collapse,False,"{""Champion Collapse"": 1.0, ""Competitor Displacement"": 0.2, ""Ghost Stall"": 0.0, ""Exec Vacuum"": 0.5}",lost — champion left.. no additional detail..
DL-1759,Mid-Market,74800.0,dbt Labs,No Decision / Stalled,Ghost Stall,Exec Vacuum,1.0,Exec Vacuum,False,"{""Champion Collapse"": 0.333, ""Competitor Displacement"": 0.2, ""Ghost Stall"": 0.0, ""Exec Vacuum"": 1.0}","champion was ic level, couldn't drive teh purchase alone.."
DL-1079,Enterprise,189500.0,Collibra,No Decision / Stalled,Ghost Stall,Exec Vacuum,1.0,Competitor Displacement,False,"{""Champion Collapse"": 0.167, ""Competitor Displacement"": 0.8, ""Ghost Stall"": 0.0, ""Exec Vacuum"": 1.0}",lost — price / budget.. no additional detail..
DL-1148,SMB,10600.0,Atlan,Chose Competitor,Competitor Displacement,Competitor Displacement,1.0,Competitor Displacement,False,"{""Champion Collapse"": 0.167, ""Competitor Displacement"": 1.0, ""Ghost Stall"": 0.4, ""Exec Vacuum"": 1.0}",Lost — champion left. No additional detail.
DL-1302,SMB,30400.0,Collibra,No Decision / Stalled,Ghost Stall,Exec Vacuum,1.0,Exec Vacuum,False,"{""Champion Collapse"": 0.333, ""Competitor Displacement"": 0.4, ""Ghost Stall"": 0.0, ""Exec Vacuum"": 1.0}",Lost — no decision / stalled. No additional detail.
DL-1448,SMB,28200.0,Fivetran,Chose Competitor,Competitor Displacement,Competitor Displacement,1.0,Competitor Displacement,False,"{""Champion Collapse"": 0.167, ""Competitor Displacement"": 1.0, ""Ghost Stall"": 0.6, ""Exec Vacuum"": 1.0}",Snowflake offered a massive discount at the last minute. We couldn't match.
DL-1361,Mid-Market,120700.0,Collibra,No Decision / Stalled,Ghost Stall,Ghost Stall,1.0,Ghost Stall,False,"{""Champion Collapse"": 0.0, ""Competitor Displacement"": 0.4, ""Ghost Stall"": 1.0, ""Exec Vacuum"": 0.0}",Multiple follow-ups with no reply. Probably went internal.
DL-1529,Mid-Market,67700.0,Starburst,No Decision / Stalled,Ghost Stall,Exec Vacuum,1.0,Exec Vacuum,False,"{""Champion Collapse"": 0.167, ""Competitor Displacement"": 0.0, ""Ghost Stall"": 0.0, ""Exec Vacuum"": 1.0}",Never got above the data team. Budget decision was above champion's level.
DL-1043,SMB,18300.0,Fivetran,No Decision / Stalled,Ghost Stall,Competitor Displacement,1.0,Competitor Displacement,True,"{""Champion Collapse"": 0.0, ""Competitor Displacement"": 1.0, ""Ghost Stall"": 0.2, ""Exec Vacuum"": 0.0}",lost — security / compliance failed.. no additional detail..
DL-1634,SMB,25300.0,Collibra,No Decision / Stalled,Ghost Stall,Ghost Stall,1.0,Ghost Stall,False,"{""Champion Collapse"": 0.0, ""Competitor Displacement"": 0.2, ""Ghost Stall"": 1.0, ""Exec Vacuum"": 0.0}","Just went dark. Last email 3 weeks ago, no response."
DL-1567,Mid-Market,91700.0,Fivetran,Chose Competitor,Competitor Displacement,Exec Vacuum,1.0,Competitor Displacement,True,"{""Champion Collapse"": 0.167, ""Competitor Displacement"": 0.8, ""Ghost Stall"": 0.4, ""Exec Vacuum"": 1.0}",lost — security / compliance failed.. no additional detail..
DL-1820,Enterprise,743600.0,Atlan,Price / Budget,Competitor Displacement,Exec Vacuum,1.0,Exec Vacuum,True,"{""Champion Collapse"": 0.167, ""Competitor Displacement"": 0.4, ""Ghost Stall"": 0.0, ""Exec Vacuum"": 1.0}",Lost — price / budget. No additional detail.
DL-1477,Enterprise,582000.0,Databricks,No Decision / Stalled,Ghost Stall,Exec Vacuum,1.0,Exec Vacuum,False,"{""Champion Collapse"": 0.167, ""Competitor Displacement"": 0.4, ""Ghost Stall"": 0.0, ""Exec Vacuum"": 1.0}",Lost — price / budget. No additional detail.
DL-1316,SMB,10600.0,Fivetran,Price / Budget,Competitor Displacement,Exec Vacuum,1.0,Exec Vacuum,True,"{""Champion Collapse"": 0.333, ""Competitor Displacement"": 0.0, ""Ghost Stall"": 0.0, ""Exec Vacuum"": 1.0}",Never got above the data team. Budget decision was above champion's level.
DL-1737,Enterprise,220800.0,Databricks,Chose Competitor,Competitor Displacement,Exec Vacuum,1.0,,True,"{""Champion Collapse"": 0.333, ""Competitor Displacement"": 0.0, ""Ghost Stall"": 0.0, ""Exec Vacuum"": 1.0}",lost — no decision / stalled.. no additional detail..
DL-1832,SMB,13700.0,dbt Labs,Chose Competitor,Competitor Displacement,Competitor Displacement,0.8,Competitor Displacement,False,"{""Champion Collapse"": 0.0, ""Competitor Displacement"": 0.8, ""Ghost Stall"": 0.4, ""Exec Vacuum"": 0.0}",Lost to Fivetran on connector breadth. They had 200+ native connectors.
DL-1972,Enterprise,684000.0,Databricks,Price / Budget,Competitor Displacement,Exec Vacuum,1.0,Exec Vacuum,True,"{""Champion Collapse"": 0.167, ""Competitor Displacement"": 0.0, ""Ghost Stall"": 0.2, ""Exec Vacuum"": 1.0}",Lost — no decision / stalled. No additional detail.
DL-1125,SMB,30500.0,Starburst,Price / Budget,Competitor Displacement,Ghost Stall,0.2,,False,"{""Champion Collapse"": 0.0, ""Competitor Displacement"": 0.0, ""Ghost Stall"": 0.2, ""Exec Vacuum"": 0.0}",Lost — chose competitor. No additional detail.
DL-1666,SMB,22700.0,Collibra,Chose Competitor,Competitor Displacement,Exec Vacuum,1.0,Competitor Displacement,True,"{""Champion Collapse"": 0.167, ""Competitor Displacement"": 0.8, ""Ghost Stall"": 0.2, ""Exec Vacuum"": 1.0}",lost — no decision / stalled.. no additional detail..
DL-1834,SMB,8500.0,Databricks,No Decision / Stalled,Ghost Stall,Ghost Stall,0.8,Ghost Stall,False,"{""Champion Collapse"": 0.167, ""Competitor Displacement"": 0.4, ""Ghost Stall"": 0.8, ""Exec Vacuum"": 0.0}",Multiple follow-ups with no reply. Probably went internal.
DL-1978,SMB,32200.0,Databricks,No Decision / Stalled,Ghost Stall,Exec Vacuum,1.0,Exec Vacuum,False,"{""Champion Collapse"": 0.333, ""Competitor Displacement"": 0.2, ""Ghost Stall"": 0.0, ""Exec Vacuum"": 1.0}",Lost — price / budget. No additional detail.
DL-1181,Enterprise,351200.0,Snowflake,Price / Budget,Competitor Displacement,Competitor Displacement,0.4,,False,"{""Champion Collapse"": 0.0, ""Competitor Displacement"": 0.4, ""Ghost Stall"": 0.2, ""Exec Vacuum"": 0.0}",Lost — chose competitor. No additional detail.
DL-1274,Enterprise,712300.0,dbt Labs,No Decision / Stalled,Ghost Stall,Exec Vacuum,1.0,Exec Vacuum,False,"{""Champion Collapse"": 0.167, ""Competitor Displacement"": 0.0, ""Ghost Stall"": 0.2, ""Exec Vacuum"": 1.0}",Lost — no decision / stalled. No additional detail.
DL-1964,Enterprise,589900.0,Alation,Missing Feature,,Ghost Stall,1.0,Ghost Stall,False,"{""Champion Collapse"": 0.167, ""Competitor Displacement"": 0.6, ""Ghost Stall"": 1.0, ""Exec Vacuum"": 0.0}",lost — wrong timing.. no additional detail..
DL-1069,Mid-Market,59500.0,Atlan,Missing Feature,,Ghost Stall,1.0,Ghost Stall,False,"{""Champion Collapse"": 0.0, ""Competitor Displacement"": 0.4, ""Ghost Stall"": 1.0, ""Exec Vacuum"": 0.0}",Lost — missing feature. No additional detail.
DL-1291,Enterprise,468200.0,Monte Carlo,Security / Compliance Failed,,Exec Vacuum,1.0,,False,"{""Champion Collapse"": 0.167, ""Competitor Displacement"": 0.2, ""Ghost Stall"": 0.0, ""Exec Vacuum"": 1.0}",Lost — chose competitor. No additional detail.
DL-1131,SMB,20900.0,Fivetran,Price / Budget,Competitor Displacement,Champion Collapse,1.0,Champion Collapse,True,"{""Champion Collapse"": 1.0, ""Competitor Displacement"": 0.2, ""Ghost Stall"": 0.0, ""Exec Vacuum"": 0.5}",Lost — no decision / stalled. No additional detail.
DL-1605,SMB,11300.0,dbt Labs,Missing Feature,,Ghost Stall,0.8,Ghost Stall,False,"{""Champion Collapse"": 0.0, ""Competitor Displacement"": 0.2, ""Ghost Stall"": 0.8, ""Exec Vacuum"": 0.0}",Lost — chose competitor. No additional detail.
DL-1326,SMB,16200.0,Collibra,Missing Feature,,Ghost Stall,0.8,Ghost Stall,False,"{""Champion Collapse"": 0.0, ""Competitor Displacement"": 0.4, ""Ghost Stall"": 0.8, ""Exec Vacuum"": 0.0}",Lost — missing feature. No additional detail.
DL-1144,Enterprise,291800.0,Starburst,Champion Left,Champion Collapse,Champion Collapse,1.0,Champion Collapse,False,"{""Champion Collapse"": 1.0, ""Competitor Displacement"": 0.0, ""Ghost Stall"": 0.2, ""Exec Vacuum"": 0.5}",Lost — chose competitor. No additional detail.
DL-1898,SMB,18400.0,dbt Labs,Missing Feature,,Exec Vacuum,1.0,,False,"{""Champion Collapse"": 0.167, ""Competitor Displacement"": 0.4, ""Ghost Stall"": 0.2, ""Exec Vacuum"": 1.0}",Lost — chose competitor. No additional detail.
DL-1451,SMB,14900.0,dbt Labs,No Decision / Stalled,Ghost Stall,Exec Vacuum,1.0,,False,"{""Champion Collapse"": 0.167, ""Competitor Displacement"": 0.0, ""Ghost Stall"": 0.2, ""Exec Vacuum"": 1.0}",Lost — security / compliance failed. No additional detail.
DL-1164,Mid-Market,68900.0,Starburst,Price / Budget,Competitor Displacement,Champion Collapse,1.0,Champion Collapse,True,"{""Champion Collapse"": 1.0, ""Competitor Displacement"": 0.4, ""Ghost Stall"": 0.0, ""Exec Vacuum"": 0.5}",Lost — champion left. No additional detail.
DL-1193,Mid-Market,137800.0,None / Greenfield,Wrong Timing,Ghost Stall,Exec Vacuum,1.0,,False,"{""Champion Collapse"": 0.167, ""Competitor Displacement"": 0.4, ""Ghost Stall"": 0.0, ""Exec Vacuum"": 1.0}",Lost — price / budget. No additional detail.
DL-1429,Mid-Market,83600.0,None / Greenfield,Champion Left,Champion Collapse,Champion Collapse,1.0,Champion Collapse,False,"{""Champion Collapse"": 1.0, ""Competitor Displacement"": 0.4, ""Ghost Stall"": 0.0, ""Exec Vacuum"": 0.5}",New data lead came in and had a prior relationship with Snowflake.
DL-1169,SMB,12400.0,Monte Carlo,Wrong Timing,Ghost Stall,Exec Vacuum,1.0,,False,"{""Champion Collapse"": 0.167, ""Competitor Displacement"": 0.4, ""Ghost Stall"": 0.2, ""Exec Vacuum"": 1.0}",Lost — price / budget. No additional detail.
DL-1140,SMB,31700.0,Monte Carlo,Security / Compliance Failed,,Exec Vacuum,1.0,,False,"{""Champion Collapse"": 0.167, ""Competitor Displacement"": 0.4, ""Ghost Stall"": 0.0, ""Exec Vacuum"": 1.0}",Lost — champion left. No additional detail.
DL-1006,Enterprise,371400.0,Databricks,No Decision / Stalled,Ghost Stall,Exec Vacuum,1.0,Exec Vacuum,False,"{""Champion Collapse"": 0.167, ""Competitor Displacement"": 0.6, ""Ghost Stall"": 0.0, ""Exec Vacuum"": 1.0}",No exec sponsor. Deal died when Q4 budgets froze.
DL-1764,SMB,10400.0,Atlan,No Decision / Stalled,Ghost Stall,Ghost Stall,1.0,Ghost Stall,False,"{""Champion Collapse"": 0.333, ""Competitor Displacement"": 0.2, ""Ghost Stall"": 1.0, ""Exec Vacuum"": 1.0}",multiple follow-ups with no reply.. probably went internal..
DL-1678,Enterprise,638500.0,None / Greenfield,No Decision / Stalled,Ghost Stall,Ghost Stall,1.0,Ghost Stall,False,"{""Champion Collapse"": 0.333, ""Competitor Displacement"": 0.2, ""Ghost Stall"": 1.0, ""Exec Vacuum"": 1.0}",Lost — missing feature. No additional detail.
DL-1073,Mid-Market,134800.0,Fivetran,Missing Feature,,Ghost Stall,0.8,Ghost Stall,False,"{""Champion Collapse"": 0.0, ""Competitor Displacement"": 0.6, ""Ghost Stall"": 0.8, ""Exec Vacuum"": 0.0}",Prospect stopped engaging after the proposal. No explanation given.
DL-1713,Enterprise,516700.0,Collibra,Champion Left,Champion Collapse,Champion Collapse,0.833,Champion Collapse,False,"{""Champion Collapse"": 0.833, ""Competitor Displacement"": 0.6, ""Ghost Stall"": 0.0, ""Exec Vacuum"": 0.5}",New data lead came in and had a prior relationship with Snowflake.
DL-1675,SMB,15400.0,Monte Carlo,Champion Left,Champion Collapse,Champion Collapse,1.0,Champion Collapse,False,"{""Champion Collapse"": 1.0, ""Competitor Displacement"": 0.2, ""Ghost Stall"": 0.4, ""Exec Vacuum"": 1.0}",Lost — price / budget. No additional detail.
DL-1238,SMB,22700.0,Monte Carlo,Champion Left,Champion Collapse,Champion Collapse,1.0,Champion Collapse,False,"{""Champion Collapse"": 1.0, ""Competitor Displacement"": 0.4, ""Ghost Stall"": 0.0, ""Exec Vacuum"": 1.0}",Lost — wrong timing. No additional detail.
DL-1823,Mid-Market,137800.0,Monte Carlo,Price / Budget,Competitor Displacement,Competitor Displacement,0.6,,False,"{""Champion Collapse"": 0.0, ""Competitor Displacement"": 0.6, ""Ghost Stall"": 0.0, ""Exec Vacuum"": 0.0}",Lost — wrong timing. No additional detail.
DL-1234,Mid-Market,87100.0,Monte Carlo,Champion Left,Champion Collapse,Champion Collapse,1.0,Champion Collapse,False,"{""Champion Collapse"": 1.0, ""Competitor Displacement"": 0.4, ""Ghost Stall"": 0.0, ""Exec Vacuum"": 1.0}",Champion left the company. Couldn't rebuild the relationship in time.
DL-1220,Enterprise,348500.0,Starburst,Price / Budget,Competitor Displacement,Exec Vacuum,1.0,Exec Vacuum,True,"{""Champion Collapse"": 0.167, ""Competitor Displacement"": 0.4, ""Ghost Stall"": 0.0, ""Exec Vacuum"": 1.0}",Lost — price / budget. No additional detail.
DL-1214,SMB,23500.0,Starburst,No Decision / Stalled,Ghost Stall,Ghost Stall,1.0,Ghost Stall,False,"{""Champion Collapse"": 0.0, ""Competitor Displacement"": 0.0, ""Ghost Stall"": 1.0, ""Exec Vacuum"": 0.0}",Lost — wrong timing. No additional detail.
DL-1688,SMB,17800.0,dbt Labs,No Decision / Stalled,Ghost Stall,Exec Vacuum,1.0,Exec Vacuum,False,"{""Champion Collapse"": 0.333, ""Competitor Displacement"": 0.4, ""Ghost Stall"": 0.0, ""Exec Vacuum"": 1.0}",Lost — wrong timing. No additional detail.
DL-1132,Mid-Market,53000.0,Databricks,Champion Left,Champion Collapse,Champion Collapse,1.0,Champion Collapse,False,"{""Champion Collapse"": 1.0, ""Competitor Displacement"": 0.6, ""Ghost Stall"": 0.2, ""Exec Vacuum"": 0.5}",Lost — champion left. No additional detail.
DL-1457,Enterprise,183500.0,Alation,Price / Budget,Competitor Displacement,Exec Vacuum,1.0,Exec Vacuum,True,"{""Champion Collapse"": 0.333, ""Competitor Displacement"": 0.0, ""Ghost Stall"": 0.2, ""Exec Vacuum"": 1.0}","Champion was IC level, couldn't drive the purchase alone."
DL-1684,Enterprise,731700.0,Fivetran,Chose Competitor,Competitor Displacement,Competitor Displacement,1.0,Competitor Displacement,False,"{""Champion Collapse"": 0.0, ""Competitor Displacement"": 1.0, ""Ghost Stall"": 0.4, ""Exec Vacuum"": 0.0}",Lost — chose competitor. No additional detail.
DL-1422,Mid-Market,77900.0,Databricks,Chose Competitor,Competitor Displacement,Competitor Displacement,1.0,Competitor Displacement,False,"{""Champion Collapse"": 0.0, ""Competitor Displacement"": 1.0, ""Ghost Stall"": 0.0, ""Exec Vacuum"": 0.0}",Lost — security / compliance failed. No additional detail.
DL-1185,SMB,21500.0,Monte Carlo,Wrong Timing,Ghost Stall,Competitor Displacement,0.4,,False,"{""Champion Collapse"": 0.0, ""Competitor Displacement"": 0.4, ""Ghost Stall"": 0.4, ""Exec Vacuum"": 0.0}",Lost — no decision / stalled. No additional detail.
DL-1638,SMB,17900.0,Atlan,No Decision / Stalled,Ghost Stall,Exec Vacuum,1.0,Exec Vacuum,False,"{""Champion Collapse"": 0.333, ""Competitor Displacement"": 0.6, ""Ghost Stall"": 0.2, ""Exec Vacuum"": 1.0}",No exec sponsor. Deal died when Q4 budgets froze.
DL-1108,Enterprise,520800.0,Atlan,Price / Budget,Competitor Displacement,Competitor Displacement,0.4,,False,"{""Champion Collapse"": 0.0, ""Competitor Displacement"": 0.4, ""Ghost Stall"": 0.0, ""Exec Vacuum"": 0.0}",Lost — wrong timing. No additional detail.
DL-1616,Mid-Market,58000.0,Collibra,Champion Left,Champion Collapse,Champion Collapse,1.0,Champion Collapse,False,"{""Champion Collapse"": 1.0, ""Competitor Displacement"": 0.2, ""Ghost Stall"": 0.0, ""Exec Vacuum"": 1.0}",Lost — chose competitor. No additional detail.
DL-1056,Mid-Market,102600.0,dbt Labs,No Decision / Stalled,Ghost Stall,Ghost Stall,1.0,Ghost Stall,False,"{""Champion Collapse"": 0.0, ""Competitor Displacement"": 0.2, ""Ghost Stall"": 1.0, ""Exec Vacuum"": 0.0}",multiple follow-ups with no reply.. probably went internal..
DL-1449,SMB,18900.0,Snowflake,No Decision / Stalled,Ghost Stall,Competitor Displacement,0.6,,True,"{""Champion Collapse"": 0.167, ""Competitor Displacement"": 0.6, ""Ghost Stall"": 0.0, ""Exec Vacuum"": 0.0}",Lost — security / compliance failed. No additional detail.
DL-1773,SMB,23300.0,Databricks,No Decision / Stalled,Ghost Stall,Exec Vacuum,1.0,Exec Vacuum,False,"{""Champion Collapse"": 0.167, ""Competitor Displacement"": 0.0, ""Ghost Stall"": 0.0, ""Exec Vacuum"": 1.0}",lost — security / compliance failed.. no additional detail..
DL-1895,Enterprise,333000.0,Monte Carlo,No Decision / Stalled,Ghost Stall,Competitor Displacement,0.8,Competitor Displacement,True,"{""Champion Collapse"": 0.0, ""Competitor Displacement"": 0.8, ""Ghost Stall"": 0.2, ""Exec Vacuum"": 0.0}",they went with databricks.. had deeper existing footprint..
DL-1435,SMB,26400.0,Monte Carlo,Chose Competitor,Competitor Displacement,Competitor Displacement,1.0,Competitor Displacement,False,"{""Champion Collapse"": 0.0, ""Competitor Displacement"": 1.0, ""Ghost Stall"": 0.2, ""Exec Vacuum"": 0.0}",lost — missing feature.. no additional detail..
DL-1024,Enterprise,476600.0,dbt Labs,No Decision / Stalled,Ghost Stall,Exec Vacuum,1.0,Exec Vacuum,False,"{""Champion Collapse"": 0.167, ""Competitor Displacement"": 0.0, ""Ghost Stall"": 0.2, ""Exec Vacuum"": 1.0}",Lost — missing feature. No additional detail.
DL-1810,Mid-Market,56800.0,Fivetran,Champion Left,Champion Collapse,Champion Collapse,1.0,Champion Collapse,False,"{""Champion Collapse"": 1.0, ""Competitor Displacement"": 0.4, ""Ghost Stall"": 0.0, ""Exec Vacuum"": 0.5}",lost — wrong timing.. no additional detail..
DL-1826,Enterprise,272500.0,Atlan,Price / Budget,Competitor Displacement,Champion Collapse,1.0,Champion Collapse,True,"{""Champion Collapse"": 1.0, ""Competitor Displacement"": 0.4, ""Ghost Stall"": 0.0, ""Exec Vacuum"": 1.0}",New data lead came in and had a prior relationship with Snowflake.
DL-1981,SMB,10000.0,Starburst,Price / Budget,Competitor Displacement,Exec Vacuum,1.0,Exec Vacuum,True,"{""Champion Collapse"": 0.333, ""Competitor Displacement"": 0.6, ""Ghost Stall"": 0.2, ""Exec Vacuum"": 1.0}",lost — no decision / stalled.. no additional detail..
DL-1928,SMB,33500.0,Snowflake,Chose Competitor,Competitor Displacement,Competitor Displacement,0.4,,False,"{""Champion Collapse"": 0.0, ""Competitor Displacement"": 0.4, ""Ghost Stall"": 0.0, ""Exec Vacuum"": 0.0}",Lost — no decision / stalled. No additional detail.
DL-1051,Mid-Market,91500.0,None / Greenfield,Price / Budget,Competitor Displacement,Champion Collapse,1.0,Champion Collapse,True,"{""Champion Collapse"": 1.0, ""Competitor Displacement"": 0.4, ""Ghost Stall"": 0.0, ""Exec Vacuum"": 0.5}",Lost — price / budget. No additional detail.
DL-1383,SMB,23800.0,Collibra,No Decision / Stalled,Ghost Stall,Ghost Stall,0.8,Ghost Stall,False,"{""Champion Collapse"": 0.0, ""Competitor Displacement"": 0.2, ""Ghost Stall"": 0.8, ""Exec Vacuum"": 0.0}","Just went dark. Last email 3 weeks ago, no response."
DL-1539,Enterprise,678700.0,Databricks,Chose Competitor,Competitor Displacement,Competitor Displacement,1.0,Competitor Displacement,False,"{""Champion Collapse"": 0.0, ""Competitor Displacement"": 1.0, ""Ghost Stall"": 0.0, ""Exec Vacuum"": 0.0}",Lost — no decision / stalled. No additional detail.
DL-1991,Enterprise,755000.0,Monte Carlo,No Decision / Stalled,Ghost Stall,Ghost Stall,1.0,Ghost Stall,False,"{""Champion Collapse"": 0.167, ""Competitor Displacement"": 0.0, ""Ghost Stall"": 1.0, ""Exec Vacuum"": 0.0}",Lost — champion left. No additional detail.
DL-1660,Mid-Market,75900.0,Fivetran,Chose Competitor,Competitor Displacement,Exec Vacuum,1.0,Competitor Displacement,True,"{""Champion Collapse"": 0.167, ""Competitor Displacement"": 0.8, ""Ghost Stall"": 0.2, ""Exec Vacuum"": 1.0}",They went with Databricks. Had deeper existing footprint.
DL-1963,Enterprise,180500.0,Alation,No Decision / Stalled,Ghost Stall,Exec Vacuum,1.0,Exec Vacuum,False,"{""Champion Collapse"": 0.167, ""Competitor Displacement"": 0.6, ""Ghost Stall"": 0.2, ""Exec Vacuum"": 1.0}",Never got above the data team. Budget decision was above champion's level.
DL-1264,Mid-Market,84200.0,Atlan,Missing Feature,,Competitor Displacement,0.4,,False,"{""Champion Collapse"": 0.167, ""Competitor Displacement"": 0.4, ""Ghost Stall"": 0.0, ""Exec Vacuum"": 0.0}",Lost — no decision / stalled. No additional detail.
DL-1954,Enterprise,192900.0,Snowflake,Chose Competitor,Competitor Displacement,Competitor Displacement,1.0,Competitor Displacement,False,"{""Champion Collapse"": 0.167, ""Competitor Displacement"": 1.0, ""Ghost Stall"": 0.0, ""Exec Vacuum"": 0.0}",Lost — champion left. No additional detail.
DL-1741,Enterprise,193400.0,None / Greenfield,Missing Feature,,Competitor Displacement,0.2,,False,"{""Champion Collapse"": 0.0, ""Competitor Displacement"": 0.2, ""Ghost Stall"": 0.2, ""Exec Vacuum"": 0.0}",Lost — wrong timing. No additional detail.
DL-1712,Mid-Market,77000.0,Fivetran,Champion Left,Champion Collapse,Competitor Displacement,0.6,,True,"{""Champion Collapse"": 0.0, ""Competitor Displacement"": 0.6, ""Ghost Stall"": 0.0, ""Exec Vacuum"": 0.0}",lost — security / compliance failed.. no additional detail..
DL-1444,Enterprise,402200.0,Monte Carlo,Champion Left,Champion Collapse,Ghost Stall,0.2,,False,"{""Champion Collapse"": 0.0, ""Competitor Displacement"": 0.0, ""Ghost Stall"": 0.2, ""Exec Vacuum"": 0.0}",Lost — security / compliance failed. No additional detail.
DL-1395,SMB,13700.0,Starburst,Missing Feature,,Exec Vacuum,1.0,Ghost Stall,False,"{""Champion Collapse"": 0.167, ""Competitor Displacement"": 0.0, ""Ghost Stall"": 0.8, ""Exec Vacuum"": 1.0}",Prospect stopped engaging after the proposal. No explanation given.
DL-1541,SMB,17300.0,dbt Labs,No Decision / Stalled,Ghost Stall,Exec Vacuum,1.0,Exec Vacuum,False,"{""Champion Collapse"": 0.333, ""Competitor Displacement"": 0.4, ""Ghost Stall"": 0.2, ""Exec Vacuum"": 1.0}",Lost — chose competitor. No additional detail.
DL-1495,Mid-Market,72200.0,Monte Carlo,No Decision / Stalled,Ghost Stall,Exec Vacuum,1.0,Exec Vacuum,False,"{""Champion Collapse"": 0.167, ""Competitor Displacement"": 0.6, ""Ghost Stall"": 0.0, ""Exec Vacuum"": 1.0}",Lost — missing feature. No additional detail.
DL-1018,SMB,34500.0,Alation,Missing Feature,,Ghost Stall,1.0,Ghost Stall,False,"{""Champion Collapse"": 0.333, ""Competitor Displacement"": 0.4, ""Ghost Stall"": 1.0, ""Exec Vacuum"": 1.0}",Prospect stopped engaging after the proposal. No explanation given.
DL-1746,SMB,8500.0,Starburst,Chose Competitor,Competitor Displacement,Competitor Displacement,0.8,Competitor Displacement,False,"{""Champion Collapse"": 0.0, ""Competitor Displacement"": 0.8, ""Ghost Stall"": 0.2, ""Exec Vacuum"": 0.0}",lost — chose competitor.. no additional detail..
DL-1522,SMB,14200.0,Fivetran,No Decision / Stalled,Ghost Stall,Exec Vacuum,1.0,Exec Vacuum,False,"{""Champion Collapse"": 0.167, ""Competitor Displacement"": 0.0, ""Ghost Stall"": 0.0, ""Exec Vacuum"": 1.0}",Never got above the data team. Budget decision was above champion's level.
DL-1594,Mid-Market,53800.0,Starburst,Wrong Timing,Ghost Stall,Champion Collapse,0.0,,False,"{""Champion Collapse"": 0.0, ""Competitor Displacement"": 0.0, ""Ghost Stall"": 0.0, ""Exec Vacuum"": 0.0}",Lost — no decision / stalled. No additional detail.
DL-1479,Mid-Market,55300.0,Starburst,Champion Left,Champion Collapse,Champion Collapse,1.0,Champion Collapse,False,"{""Champion Collapse"": 1.0, ""Competitor Displacement"": 0.4, ""Ghost Stall"": 0.0, ""Exec Vacuum"": 0.5}",Champion left the company. Couldn't rebuild the relationship in time.
DL-1483,Enterprise,588400.0,dbt Labs,No Decision / Stalled,Ghost Stall,Exec Vacuum,1.0,Exec Vacuum,False,"{""Champion Collapse"": 0.167, ""Competitor Displacement"": 0.4, ""Ghost Stall"": 0.0, ""Exec Vacuum"": 1.0}",Lost — price / budget. No additional detail.
DL-1285,Mid-Market,111300.0,Snowflake,Champion Left,Champion Collapse,Ghost Stall,0.2,,False,"{""Champion Collapse"": 0.167, ""Competitor Displacement"": 0.0, ""Ghost Stall"": 0.2, ""Exec Vacuum"": 0.0}",Lost — chose competitor. No additional detail.
DL-1354,Enterprise,687500.0,Collibra,No Decision / Stalled,Ghost Stall,Competitor Displacement,0.8,Competitor Displacement,True,"{""Champion Collapse"": 0.0, ""Competitor Displacement"": 0.8, ""Ghost Stall"": 0.2, ""Exec Vacuum"": 0.0}",Lost to Fivetran on connector breadth. They had 200+ native connectors.
DL-1278,Mid-Market,142400.0,,Security / Compliance Failed,,Exec Vacuum,1.0,,False,"{""Champion Collapse"": 0.2, ""Competitor Displacement"": 0.25, ""Ghost Stall"": 0.0, ""Exec Vacuum"": 1.0}",
DL-1012,SMB,9200.0,dbt Labs,No Decision / Stalled,Ghost Stall,Exec Vacuum,1.0,Exec Vacuum,False,"{""Champion Collapse"": 0.167, ""Competitor Displacement"": 0.0, ""Ghost Stall"": 0.2, ""Exec Vacuum"": 1.0}",Lost — wrong timing. No additional detail.
DL-1368,SMB,33300.0,Alation,No Decision / Stalled,Ghost Stall,Ghost Stall,0.8,Ghost Stall,False,"{""Champion Collapse"": 0.0, ""Competitor Displacement"": 0.2, ""Ghost Stall"": 0.8, ""Exec Vacuum"": 0.0}",Lost — wrong timing. No additional detail.
DL-1527,SMB,24400.0,Starburst,Price / Budget,Competitor Displacement,Exec Vacuum,1.0,Exec Vacuum,True,"{""Champion Collapse"": 0.167, ""Competitor Displacement"": 0.2, ""Ghost Stall"": 0.0, ""Exec Vacuum"": 1.0}",lost — chose competitor.. no additional detail..
DL-1223,Enterprise,733000.0,Snowflake,Missing Feature,,Ghost Stall,1.0,Ghost Stall,False,"{""Champion Collapse"": 0.0, ""Competitor Displacement"": 0.2, ""Ghost Stall"": 1.0, ""Exec Vacuum"": 0.0}","Just went dark. Last email 3 weeks ago, no response."
DL-1765,Enterprise,452500.0,Fivetran,Price / Budget,Competitor Displacement,Exec Vacuum,1.0,Exec Vacuum,True,"{""Champion Collapse"": 0.333, ""Competitor Displacement"": 0.0, ""Ghost Stall"": 0.0, ""Exec Vacuum"": 1.0}",no exec sponsor.. deal died when q4 budgets froze..
DL-1570,Mid-Market,79300.0,Atlan,Price / Budget,Competitor Displacement,Exec Vacuum,1.0,,True,"{""Champion Collapse"": 0.333, ""Competitor Displacement"": 0.0, ""Ghost Stall"": 0.4, ""Exec Vacuum"": 1.0}",Lost — champion left. No additional detail.
DL-1486,Mid-Market,102300.0,dbt Labs,Missing Feature,,Competitor Displacement,0.2,,False,"{""Champion Collapse"": 0.0, ""Competitor Displacement"": 0.2, ""Ghost Stall"": 0.0, ""Exec Vacuum"": 0.0}",Lost — missing feature. No additional detail.
DL-1932,SMB,25500.0,Collibra,Champion Left,Champion Collapse,Champion Collapse,1.0,Champion Collapse,False,"{""Champion Collapse"": 1.0, ""Competitor Displacement"": 0.4, ""Ghost Stall"": 0.0, ""Exec Vacuum"": 0.5}",Champion left the company. Couldn't rebuild the relationship in time.
DL-1636,Mid-Market,49400.0,Monte Carlo,Champion Left,Champion Collapse,Champion Collapse,1.0,Champion Collapse,False,"{""Champion Collapse"": 1.0, ""Competitor Displacement"": 0.0, ""Ghost Stall"": 0.0, ""Exec Vacuum"": 0.5}",Champion left the company. Couldn't rebuild the relationship in time.
DL-1695,SMB,8900.0,Collibra,No Decision / Stalled,Ghost Stall,Ghost Stall,0.2,,False,"{""Champion Collapse"": 0.167, ""Competitor Displacement"": 0.0, ""Ghost Stall"": 0.2, ""Exec Vacuum"": 0.0}",Lost — missing feature. No additional detail.
DL-1655,Enterprise,800000.0,Snowflake,No Decision / Stalled,Ghost Stall,Ghost Stall,1.0,Ghost Stall,False,"{""Champion Collapse"": 0.0, ""Competitor Displacement"": 0.6, ""Ghost Stall"": 1.0, ""Exec Vacuum"": 0.0}",Lost — security / compliance failed. No additional detail.
DL-1613,Mid-Market,47400.0,dbt Labs,Chose Competitor,Competitor Displacement,Competitor Displacement,0.4,,False,"{""Champion Collapse"": 0.0, ""Competitor Displacement"": 0.4, ""Ghost Stall"": 0.2, ""Exec Vacuum"": 0.0}",Lost — price / budget. No additional detail.
DL-1544,SMB,23800.0,None / Greenfield,Wrong Timing,Ghost Stall,Competitor Displacement,0.4,,False,"{""Champion Collapse"": 0.0, ""Competitor Displacement"": 0.4, ""Ghost Stall"": 0.4, ""Exec Vacuum"": 0.0}",Lost — no decision / stalled. No additional detail.
DL-1393,Mid-Market,38800.0,Snowflake,No Decision / Stalled,Ghost Stall,Ghost Stall,1.0,Ghost Stall,False,"{""Champion Collapse"": 0.167, ""Competitor Displacement"": 0.2, ""Ghost Stall"": 1.0, ""Exec Vacuum"": 1.0}",multiple follow-ups with no reply.. probably went internal..
DL-1163,SMB,18200.0,dbt Labs,Price / Budget,Competitor Displacement,Champion Collapse,1.0,Champion Collapse,True,"{""Champion Collapse"": 1.0, ""Competitor Displacement"": 0.2, ""Ghost Stall"": 0.2, ""Exec Vacuum"": 1.0}",Lost — missing feature. No additional detail.
DL-1920,Mid-Market,86300.0,Atlan,No Decision / Stalled,Ghost Stall,Exec Vacuum,1.0,Exec Vacuum,False,"{""Champion Collapse"": 0.167, ""Competitor Displacement"": 0.6, ""Ghost Stall"": 0.0, ""Exec Vacuum"": 1.0}","champion was ic level, couldn't drive teh purchase alone.."
DL-1997,Mid-Market,57300.0,Databricks,Champion Left,Champion Collapse,Competitor Displacement,0.4,,False,"{""Champion Collapse"": 0.0, ""Competitor Displacement"": 0.4, ""Ghost Stall"": 0.0, ""Exec Vacuum"": 0.0}",Lost — price / budget. No additional detail.
DL-1375,SMB,8000.0,Monte Carlo,No Decision / Stalled,Ghost Stall,Exec Vacuum,1.0,Exec Vacuum,False,"{""Champion Collapse"": 0.167, ""Competitor Displacement"": 0.0, ""Ghost Stall"": 0.0, ""Exec Vacuum"": 1.0}","champion was ic level, couldn't drive teh purchase alone.."
DL-1412,SMB,14000.0,Snowflake,Price / Budget,Competitor Displacement,Champion Collapse,1.0,Champion Collapse,True,"{""Champion Collapse"": 1.0, ""Competitor Displacement"": 0.0, ""Ghost Stall"": 0.4, ""Exec Vacuum"": 0.5}",Lost — wrong timing. No additional detail.
DL-1916,Mid-Market,61300.0,Starburst,No Decision / Stalled,Ghost Stall,Champion Collapse,0.0,,False,"{""Champion Collapse"": 0.0, ""Competitor Displacement"": 0.0, ""Ghost Stall"": 0.0, ""Exec Vacuum"": 0.0}",Lost — missing feature. No additional detail.
,,,Atlan,No Decision / Stalled,Ghost Stall,Competitor Displacement,0.6,Competitor Displacement,True,"{""Champion Collapse"": 0.0, ""Competitor Displacement"": 0.6, ""Ghost Stall"": 0.0, ""Exec Vacuum"": 0.0}",Lost — no decision / stalled. No additional detail.
DL-1585,Mid-Market,91400.0,Collibra,No Decision / Stalled,Ghost Stall,Exec Vacuum,1.0,Exec Vacuum,False,"{""Champion Collapse"": 0.167, ""Competitor Displacement"": 0.2, ""Ghost Stall"": 0.4, ""Exec Vacuum"": 1.0}",lost — missing feature.. no additional detail..
DL-1417,Mid-Market,147800.0,Collibra,Champion Left,Champion Collapse,Champion Collapse,1.0,Champion Collapse,False,"{""Champion Collapse"": 1.0, ""Competitor Displacement"": 0.0, ""Ghost Stall"": 0.0, ""Exec Vacuum"": 0.5}",Lost — security / compliance failed. No additional detail.
DL-1958,Mid-Market,143900.0,Databricks,Price / Budget,Competitor Displacement,Competitor Displacement,0.4,,False,"{""Champion Collapse"": 0.167, ""Competitor Displacement"": 0.4, ""Ghost Stall"": 0.0, ""Exec Vacuum"": 0.0}",Lost — security / compliance failed. No additional detail.
DL-1901,Mid-Market,96400.0,Atlan,No Decision / Stalled,Ghost Stall,Exec Vacuum,1.0,Exec Vacuum,False,"{""Champion Collapse"": 0.167, ""Competitor Displacement"": 0.2, ""Ghost Stall"": 0.2, ""Exec Vacuum"": 1.0}",no exec sponsor.. deal died when q4 budgets froze..
DL-1396,Mid-Market,59200.0,Monte Carlo,No Decision / Stalled,Ghost Stall,Exec Vacuum,1.0,Exec Vacuum,False,"{""Champion Collapse"": 0.167, ""Competitor Displacement"": 0.2, ""Ghost Stall"": 0.2, ""Exec Vacuum"": 1.0}",Never got above the data team. Budget decision was above champion's level.
DL-1557,Enterprise,516300.0,Collibra,Chose Competitor,Competitor Displacement,Competitor Displacement,1.0,Competitor Displacement,False,"{""Champion Collapse"": 0.167, ""Competitor Displacement"": 1.0, ""Ghost Stall"": 0.2, ""Exec Vacuum"": 0.0}",Lost — chose competitor. No additional detail.
DL-1042,Enterprise,596600.0,Monte Carlo,Chose Competitor,Competitor Displacement,Competitor Displacement,0.8,Competitor Displacement,False,"{""Champion Collapse"": 0.0, ""Competitor Displacement"": 0.8, ""Ghost Stall"": 0.4, ""Exec Vacuum"": 0.0}",snowflake offered a massive discount at teh last minute.. we couldn't match..
DL-1416,Enterprise,182800.0,Fivetran,No Decision / Stalled,Ghost Stall,Exec Vacuum,1.0,Exec Vacuum,False,"{""Champion Collapse"": 0.167, ""Competitor Displacement"": 0.6, ""Ghost Stall"": 0.4, ""Exec Vacuum"": 1.0}",Lost — no decision / stalled. No additional detail.
DL-1426,Enterprise,583500.0,Databricks,Price / Budget,Competitor Displacement,Exec Vacuum,1.0,Exec Vacuum,True,"{""Champion Collapse"": 0.167, ""Competitor Displacement"": 0.6, ""Ghost Stall"": 0.2, ""Exec Vacuum"": 1.0}","Champion was IC level, couldn't drive the purchase alone."
DL-1917,SMB,22000.0,Atlan,No Decision / Stalled,Ghost Stall,Exec Vacuum,1.0,Exec Vacuum,False,"{""Champion Collapse"": 0.167, ""Competitor Displacement"": 0.0, ""Ghost Stall"": 0.0, ""Exec Vacuum"": 1.0}",No exec sponsor. Deal died when Q4 budgets froze.
DL-1731,Mid-Market,57800.0,Fivetran,No Decision / Stalled,Ghost Stall,Ghost Stall,1.0,Ghost Stall,False,"{""Champion Collapse"": 0.0, ""Competitor Displacement"": 0.2, ""Ghost Stall"": 1.0, ""Exec Vacuum"": 0.0}","just went dark.. last email 3 weeks ago, no response.."
DL-1015,Enterprise,182900.0,Fivetran,Chose Competitor,Competitor Displacement,Exec Vacuum,1.0,Competitor Displacement,True,"{""Champion Collapse"": 0.167, ""Competitor Displacement"": 0.4, ""Ghost Stall"": 0.2, ""Exec Vacuum"": 1.0}",Snowflake offered a massive discount at the last minute. We couldn't match.
DL-1657,Enterprise,350300.0,Atlan,Price / Budget,Competitor Displacement,Champion Collapse,1.0,Champion Collapse,True,"{""Champion Collapse"": 1.0, ""Competitor Displacement"": 0.2, ""Ghost Stall"": 0.2, ""Exec Vacuum"": 0.5}",Lost — champion left. No additional detail.
DL-1324,Enterprise,310900.0,Monte Carlo,No Decision / Stalled,Ghost Stall,Exec Vacuum,1.0,Exec Vacuum,False,"{""Champion Collapse"": 0.167, ""Competitor Displacement"": 0.4, ""Ghost Stall"": 0.0, ""Exec Vacuum"": 1.0}","champion was ic level, couldn't drive teh purchase alone.."
DL-1789,SMB,16500.0,dbt Labs,No Decision / Stalled,Ghost Stall,Exec Vacuum,1.0,Exec Vacuum,False,"{""Champion Collapse"": 0.167, ""Competitor Displacement"": 0.4, ""Ghost Stall"": 0.0, ""Exec Vacuum"": 1.0}",Never got above the data team. Budget decision was above champion's level.
DL-1222,Enterprise,674500.0,Snowflake,Chose Competitor,Competitor Displacement,Competitor Displacement,0.8,Competitor Displacement,False,"{""Champion Collapse"": 0.0, ""Competitor Displacement"": 0.8, ""Ghost Stall"": 0.2, ""Exec Vacuum"": 0.0}",Lost — wrong timing. No additional detail.
DL-1022,Enterprise,555100.0,Alation,Security / Compliance Failed,,Competitor Displacement,0.4,,False,"{""Champion Collapse"": 0.0, ""Competitor Displacement"": 0.4, ""Ghost Stall"": 0.0, ""Exec Vacuum"": 0.0}",Lost — security / compliance failed. No additional detail.
DL-1576,SMB,19500.0,Monte Carlo,Price / Budget,Competitor Displacement,Exec Vacuum,1.0,Exec Vacuum,True,"{""Champion Collapse"": 0.333, ""Competitor Displacement"": 0.4, ""Ghost Stall"": 0.2, ""Exec Vacuum"": 1.0}",lost — missing feature.. no additional detail..
DL-1203,Enterprise,650700.0,Starburst,Price / Budget,Competitor Displacement,Exec Vacuum,1.0,,True,"{""Champion Collapse"": 0.333, ""Competitor Displacement"": 0.0, ""Ghost Stall"": 0.0, ""Exec Vacuum"": 1.0}",Lost — missing feature. No additional detail.
DL-1736,Mid-Market,53100.0,Starburst,Wrong Timing,Ghost Stall,Exec Vacuum,1.0,,False,"{""Champion Collapse"": 0.4, ""Competitor Displacement"": 0.0, ""Ghost Stall"": 0.0, ""Exec Vacuum"": 1.0}",Lost — price / budget. No additional detail.
DL-1583,Enterprise,798000.0,Snowflake,Price / Budget,Competitor Displacement,Competitor Displacement,0.2,,False,"{""Champion Collapse"": 0.167, ""Competitor Displacement"": 0.2, ""Ghost Stall"": 0.2, ""Exec Vacuum"": 0.0}",Lost — security / compliance failed. No additional detail.
DL-1650,Enterprise,757900.0,Collibra,No Decision / Stalled,Ghost Stall,Ghost Stall,1.0,Ghost Stall,False,"{""Champion Collapse"": 0.167, ""Competitor Displacement"": 0.4, ""Ghost Stall"": 1.0, ""Exec Vacuum"": 1.0}",Lost — price / budget. No additional detail.
DL-1284,Mid-Market,135500.0,Snowflake,Security / Compliance Failed,,Competitor Displacement,0.4,,False,"{""Champion Collapse"": 0.0, ""Competitor Displacement"": 0.4, ""Ghost Stall"": 0.0, ""Exec Vacuum"": 0.0}",lost — chose competitor.. no additional detail..
DL-1836,Enterprise,710400.0,Snowflake,No Decision / Stalled,Ghost Stall,Ghost Stall,1.0,Ghost Stall,False,"{""Champion Collapse"": 0.0, ""Competitor Displacement"": 0.0, ""Ghost Stall"": 1.0, ""Exec Vacuum"": 0.0}",lost — chose competitor.. no additional detail..
DL-1434,Mid-Market,126200.0,Fivetran,Champion Left,Champion Collapse,Champion Collapse,1.0,Champion Collapse,False,"{""Champion Collapse"": 1.0, ""Competitor Displacement"": 0.2, ""Ghost Stall"": 0.0, ""Exec Vacuum"": 0.5}",Lost — price / budget. No additional detail.
DL-1153,Enterprise,178300.0,dbt Labs,Champion Left,Champion Collapse,Champion Collapse,1.0,Champion Collapse,False,"{""Champion Collapse"": 1.0, ""Competitor Displacement"": 0.4, ""Ghost Stall"": 0.2, ""Exec Vacuum"": 0.5}",Lost — missing feature. No additional detail.
DL-1761,Mid-Market,76200.0,Fivetran,Chose Competitor,Competitor Displacement,Competitor Displacement,0.6,,False,"{""Champion Collapse"": 0.167, ""Competitor Displacement"": 0.6, ""Ghost Stall"": 0.2, ""Exec Vacuum"": 0.0}",Lost — security / compliance failed. No additional detail.
DL-1236,SMB,34600.0,dbt Labs,No Decision / Stalled,Ghost Stall,Exec Vacuum,1.0,Exec Vacuum,False,"{""Champion Collapse"": 0.167, ""Competitor Displacement"": 0.0, ""Ghost Stall"": 0.4, ""Exec Vacuum"": 1.0}",Lost — chose competitor. No additional detail.
DL-1487,Enterprise,702400.0,dbt Labs,Missing Feature,,Ghost Stall,1.0,Ghost Stall,False,"{""Champion Collapse"": 0.0, ""Competitor Displacement"": 0.4, ""Ghost Stall"": 1.0, ""Exec Vacuum"": 0.0}",lost — no decision / stalled.. no additional detail..
DL-1117,Enterprise,245500.0,Snowflake,Champion Left,Champion Collapse,Champion Collapse,1.0,Champion Collapse,False,"{""Champion Collapse"": 1.0, ""Competitor Displacement"": 0.4, ""Ghost Stall"": 0.0, ""Exec Vacuum"": 0.5}",Lost — no decision / stalled. No additional detail.
DL-1851,SMB,21400.0,Atlan,No Decision / Stalled,Ghost Stall,Competitor Displacement,0.4,,False,"{""Champion Collapse"": 0.0, ""Competitor Displacement"": 0.4, ""Ghost Stall"": 0.0, ""Exec Vacuum"": 0.0}",lost — champion left.. no additional detail..
DL-1512,Enterprise,186800.0,Fivetran,No Decision / Stalled,Ghost Stall,Exec Vacuum,1.0,Competitor Displacement,False,"{""Champion Collapse"": 0.167, ""Competitor Displacement"": 0.6, ""Ghost Stall"": 0.4, ""Exec Vacuum"": 1.0}",They went with Databricks. Had deeper existing footprint.
DL-1578,Mid-Market,117900.0,Snowflake,No Decision / Stalled,Ghost Stall,Ghost Stall,1.0,Ghost Stall,False,"{""Champion Collapse"": 0.167, ""Competitor Displacement"": 0.4, ""Ghost Stall"": 1.0, ""Exec Vacuum"": 0.0}",Lost — security / compliance failed. No additional detail.
DL-1827,Mid-Market,95900.0,Collibra,Missing Feature,,Ghost Stall,1.0,Ghost Stall,False,"{""Champion Collapse"": 0.0, ""Competitor Displacement"": 0.6, ""Ghost Stall"": 1.0, ""Exec Vacuum"": 0.0}","Just went dark. Last email 3 weeks ago, no response."
DL-1126,Enterprise,700000.0,None / Greenfield,Chose Competitor,Competitor Displacement,Competitor Displacement,0.8,Competitor Displacement,False,"{""Champion Collapse"": 0.0, ""Competitor Displacement"": 0.8, ""Ghost Stall"": 0.0, ""Exec Vacuum"": 0.0}",Lost to Fivetran on connector breadth. They had 200+ native connectors.
DL-1473,Enterprise,772500.0,Atlan,Price / Budget,Competitor Displacement,Champion Collapse,1.0,Champion Collapse,True,"{""Champion Collapse"": 1.0, ""Competitor Displacement"": 0.2, ""Ghost Stall"": 0.0, ""Exec Vacuum"": 1.0}",new data lead came in and had a prior relationship with snowflake..
DL-1723,Enterprise,707100.0,Atlan,Wrong Timing,Ghost Stall,Exec Vacuum,1.0,,False,"{""Champion Collapse"": 0.333, ""Competitor Displacement"": 0.0, ""Ghost Stall"": 0.2, ""Exec Vacuum"": 1.0}",Lost — missing feature. No additional detail.
DL-1057,SMB,27500.0,Snowflake,Missing Feature,,Competitor Displacement,0.2,,False,"{""Champion Collapse"": 0.0, ""Competitor Displacement"": 0.2, ""Ghost Stall"": 0.0, ""Exec Vacuum"": 0.0}",Lost — champion left. No additional detail.
DL-1948,SMB,31200.0,Databricks,No Decision / Stalled,Ghost Stall,Exec Vacuum,1.0,Exec Vacuum,False,"{""Champion Collapse"": 0.333, ""Competitor Displacement"": 0.6, ""Ghost Stall"": 0.0, ""Exec Vacuum"": 1.0}","Champion was IC level, couldn't drive the purchase alone."
DL-1268,SMB,29100.0,Snowflake,No Decision / Stalled,Ghost Stall,Exec Vacuum,1.0,Exec Vacuum,False,"{""Champion Collapse"": 0.167, ""Competitor Displacement"": 0.4, ""Ghost Stall"": 0.0, ""Exec Vacuum"": 1.0}","Champion was IC level, couldn't drive the purchase alone."
DL-1046,Enterprise,242200.0,Alation,Wrong Timing,Ghost Stall,Competitor Displacement,0.4,,False,"{""Champion Collapse"": 0.167, ""Competitor Displacement"": 0.4, ""Ghost Stall"": 0.0, ""Exec Vacuum"": 0.0}",Lost — champion left. No additional detail.
DL-1349,Enterprise,188600.0,Alation,Price / Budget,Competitor Displacement,Champion Collapse,1.0,Champion Collapse,True,"{""Champion Collapse"": 1.0, ""Competitor Displacement"": 0.4, ""Ghost Stall"": 0.0, ""Exec Vacuum"": 0.5}",Lost — champion left. No additional detail.
DL-1195,SMB,24000.0,Monte Carlo,No Decision / Stalled,Ghost Stall,Competitor Displacement,0.8,Competitor Displacement,True,"{""Champion Collapse"": 0.0, ""Competitor Displacement"": 0.8, ""Ghost Stall"": 0.2, ""Exec Vacuum"": 0.0}",Lost — missing feature. No additional detail.
DL-1102,SMB,14600.0,Databricks,Chose Competitor,Competitor Displacement,Competitor Displacement,1.0,Competitor Displacement,False,"{""Champion Collapse"": 0.0, ""Competitor Displacement"": 1.0, ""Ghost Stall"": 0.2, ""Exec Vacuum"": 0.0}",lost to fivetran on connector breadth.. they had 200+ native connectors..
DL-1868,Mid-Market,119900.0,Databricks,Chose Competitor,Competitor Displacement,Competitor Displacement,1.0,Competitor Displacement,False,"{""Champion Collapse"": 0.0, ""Competitor Displacement"": 1.0, ""Ghost Stall"": 0.2, ""Exec Vacuum"": 0.0}",Lost to Fivetran on connector breadth. They had 200+ native connectors.
DL-1721,SMB,32500.0,Collibra,Price / Budget,Competitor Displacement,Champion Collapse,1.0,Champion Collapse,True,"{""Champion Collapse"": 1.0, ""Competitor Displacement"": 0.2, ""Ghost Stall"": 0.0, ""Exec Vacuum"": 0.5}",Lost — price / budget. No additional detail.
DL-1767,Mid-Market,64000.0,Databricks,No Decision / Stalled,Ghost Stall,Competitor Displacement,1.0,Competitor Displacement,True,"{""Champion Collapse"": 0.167, ""Competitor Displacement"": 1.0, ""Ghost Stall"": 0.0, ""Exec Vacuum"": 1.0}",Lost — security / compliance failed. No additional detail.
DL-1263,SMB,26500.0,Starburst,No Decision / Stalled,Ghost Stall,Exec Vacuum,1.0,Exec Vacuum,False,"{""Champion Collapse"": 0.167, ""Competitor Displacement"": 0.6, ""Ghost Stall"": 0.0, ""Exec Vacuum"": 1.0}",Lost — chose competitor. No additional detail.
DL-1705,Enterprise,597700.0,Fivetran,Price / Budget,Competitor Displacement,Exec Vacuum,1.0,Exec Vacuum,True,"{""Champion Collapse"": 0.333, ""Competitor Displacement"": 0.2, ""Ghost Stall"": 0.0, ""Exec Vacuum"": 1.0}",No exec sponsor. Deal died when Q4 budgets froze.
DL-1341,SMB,29900.0,Databricks,Price / Budget,Competitor Displacement,Exec Vacuum,1.0,Exec Vacuum,True,"{""Champion Collapse"": 0.333, ""Competitor Displacement"": 0.0, ""Ghost Stall"": 0.2, ""Exec Vacuum"": 1.0}",Lost — price / budget. No additional detail.
DL-1626,Mid-Market,98000.0,Monte Carlo,Price / Budget,Competitor Displacement,Exec Vacuum,1.0,,True,"{""Champion Collapse"": 0.333, ""Competitor Displacement"": 0.2, ""Ghost Stall"": 0.0, ""Exec Vacuum"": 1.0}",Lost — chose competitor. No additional detail.
DL-1149,SMB,26800.0,Monte Carlo,Champion Left,Champion Collapse,Champion Collapse,1.0,Champion Collapse,False,"{""Champion Collapse"": 1.0, ""Competitor Displacement"": 0.2, ""Ghost Stall"": 0.0, ""Exec Vacuum"": 0.5}",Lost — no decision / stalled. No additional detail.
DL-1124,Enterprise,186400.0,None / Greenfield,Missing Feature,,Champion Collapse,0.0,,False,"{""Champion Collapse"": 0.0, ""Competitor Displacement"": 0.0, ""Ghost Stall"": 0.0, ""Exec Vacuum"": 0.0}",Lost — price / budget. No additional detail.
DL-1855,SMB,11400.0,None / Greenfield,Price / Budget,Competitor Displacement,Exec Vacuum,1.0,Exec Vacuum,True,"{""Champion Collapse"": 0.167, ""Competitor Displacement"": 0.4, ""Ghost Stall"": 0.0, ""Exec Vacuum"": 1.0}",Lost — price / budget. No additional detail.
DL-1353,Mid-Market,97200.0,Fivetran,No Decision / Stalled,Ghost Stall,Competitor Displacement,0.6,Competitor Displacement,True,"{""Champion Collapse"": 0.167, ""Competitor Displacement"": 0.6, ""Ghost Stall"": 0.2, ""Exec Vacuum"": 0.0}",Lost — missing feature. No additional detail.
DL-1142,Mid-Market,100600.0,dbt Labs,Price / Budget,Competitor Displacement,Exec Vacuum,1.0,Exec Vacuum,True,"{""Champion Collapse"": 0.167, ""Competitor Displacement"": 0.4, ""Ghost Stall"": 0.0, ""Exec Vacuum"": 1.0}","Champion was IC level, couldn't drive the purchase alone."
DL-1470,SMB,30900.0,Collibra,Wrong Timing,Ghost Stall,Exec Vacuum,1.0,,False,"{""Champion Collapse"": 0.167, ""Competitor Displacement"": 0.4, ""Ghost Stall"": 0.2, ""Exec Vacuum"": 1.0}",Lost — wrong timing. No additional detail.
DL-1399,SMB,31300.0,Snowflake,No Decision / Stalled,Ghost Stall,Competitor Displacement,0.6,Competitor Displacement,True,"{""Champion Collapse"": 0.0, ""Competitor Displacement"": 0.6, ""Ghost Stall"": 0.2, ""Exec Vacuum"": 0.0}",Lost — chose competitor. No additional detail.
DL-1653,Enterprise,311000.0,Starburst,Price / Budget,Competitor Displacement,Competitor Displacement,0.4,,False,"{""Champion Collapse"": 0.0, ""Competitor Displacement"": 0.4, ""Ghost Stall"": 0.0, ""Exec Vacuum"": 0.0}",Lost — chose competitor. No additional detail.
DL-1019,Mid-Market,58000.0,Databricks,Price / Budget,Competitor Displacement,Exec Vacuum,1.0,Exec Vacuum,True,"{""Champion Collapse"": 0.167, ""Competitor Displacement"": 0.0, ""Ghost Stall"": 0.0, ""Exec Vacuum"": 1.0}",lost — price / budget.. no additional detail..
DL-1842,SMB,33100.0,Starburst,Security / Compliance Failed,,Champion Collapse,0.0,,False,"{""Champion Collapse"": 0.0, ""Competitor Displacement"": 0.0, ""Ghost Stall"": 0.0, ""Exec Vacuum"": 0.0}",Lost — price / budget. No additional detail.
DL-1946,Mid-Market,45300.0,dbt Labs,Chose Competitor,Competitor Displacement,Competitor Displacement,1.0,Competitor Displacement,False,"{""Champion Collapse"": 0.0, ""Competitor Displacement"": 1.0, ""Ghost Stall"": 0.6, ""Exec Vacuum"": 0.0}",Lost — no decision / stalled. No additional detail.
DL-1407,Enterprise,750200.0,Monte Carlo,Price / Budget,Competitor Displacement,Champion Collapse,1.0,Champion Collapse,True,"{""Champion Collapse"": 1.0, ""Competitor Displacement"": 0.0, ""Ghost Stall"": 0.0, ""Exec Vacuum"": 0.5}",Lost — chose competitor. No additional detail.
DL-1537,Enterprise,191300.0,Fivetran,Price / Budget,Competitor Displacement,Exec Vacuum,1.0,Exec Vacuum,True,"{""Champion Collapse"": 0.167, ""Competitor Displacement"": 0.0, ""Ghost Stall"": 0.0, ""Exec Vacuum"": 1.0}",Lost — no decision / stalled. No additional detail.
DL-1879,Mid-Market,76700.0,Databricks,No Decision / Stalled,Ghost Stall,Competitor Displacement,1.0,Competitor Displacement,True,"{""Champion Collapse"": 0.0, ""Competitor Displacement"": 1.0, ""Ghost Stall"": 0.2, ""Exec Vacuum"": 0.0}",Lost — no decision / stalled. No additional detail.
DL-1038,SMB,31900.0,Databricks,No Decision / Stalled,Ghost Stall,Ghost Stall,0.8,Ghost Stall,False,"{""Champion Collapse"": 0.0, ""Competitor Displacement"": 0.6, ""Ghost Stall"": 0.8, ""Exec Vacuum"": 0.0}","Just went dark. Last email 3 weeks ago, no response."
DL-1175,Enterprise,606600.0,None / Greenfield,No Decision / Stalled,Ghost Stall,Ghost Stall,1.0,Ghost Stall,False,"{""Champion Collapse"": 0.167, ""Competitor Displacement"": 0.2, ""Ghost Stall"": 1.0, ""Exec Vacuum"": 0.0}",Lost — champion left. No additional detail.
DL-1245,Mid-Market,123200.0,None / Greenfield,Missing Feature,,Ghost Stall,1.0,Ghost Stall,False,"{""Champion Collapse"": 0.167, ""Competitor Displacement"": 0.0, ""Ghost Stall"": 1.0, ""Exec Vacuum"": 1.0}",lost — price / budget.. no additional detail..
DL-1937,Enterprise,345600.0,Starburst,Champion Left,Champion Collapse,Champion Collapse,1.0,Champion Collapse,False,"{""Champion Collapse"": 1.0, ""Competitor Displacement"": 0.0, ""Ghost Stall"": 0.2, ""Exec Vacuum"": 0.5}",Our champion got moved to a different team mid-deal. Lost access.
DL-1785,SMB,8900.0,Databricks,Price / Budget,Competitor Displacement,Exec Vacuum,1.0,Exec Vacuum,True,"{""Champion Collapse"": 0.167, ""Competitor Displacement"": 0.0, ""Ghost Stall"": 0.0, ""Exec Vacuum"": 1.0}",Lost — security / compliance failed. No additional detail.
DL-1893,SMB,21700.0,dbt Labs,Price / Budget,Competitor Displacement,Champion Collapse,1.0,Champion Collapse,True,"{""Champion Collapse"": 1.0, ""Competitor Displacement"": 0.4, ""Ghost Stall"": 0.0, ""Exec Vacuum"": 0.5}",Champion left the company. Couldn't rebuild the relationship in time.
DL-1154,SMB,25800.0,Collibra,Missing Feature,,Competitor Displacement,0.6,,False,"{""Champion Collapse"": 0.0, ""Competitor Displacement"": 0.6, ""Ghost Stall"": 0.0, ""Exec Vacuum"": 0.0}",Lost — chose competitor. No additional detail.
DL-1630,Enterprise,755000.0,Snowflake,No Decision / Stalled,Ghost Stall,Exec Vacuum,1.0,Ghost Stall,False,"{""Champion Collapse"": 0.167, ""Competitor Displacement"": 0.4, ""Ghost Stall"": 0.8, ""Exec Vacuum"": 1.0}","just went dark.. last email 3 weeks ago, no response.."
DL-1569,Enterprise,526700.0,Starburst,Champion Left,Champion Collapse,Champion Collapse,1.0,Champion Collapse,False,"{""Champion Collapse"": 1.0, ""Competitor Displacement"": 0.0, ""Ghost Stall"": 0.0, ""Exec Vacuum"": 0.5}",Lost — missing feature. No additional detail.
DL-1774,Enterprise,189900.0,Fivetran,Chose Competitor,Competitor Displacement,Exec Vacuum,1.0,Competitor Displacement,True,"{""Champion Collapse"": 0.167, ""Competitor Displacement"": 0.8, ""Ghost Stall"": 0.0, ""Exec Vacuum"": 1.0}",Snowflake offered a massive discount at the last minute. We couldn't match.
DL-1017,Enterprise,690500.0,Databricks,No Decision / Stalled,Ghost Stall,Competitor Displacement,0.4,Competitor Displacement,False,"{""Champion Collapse"": 0.167, ""Competitor Displacement"": 0.4, ""Ghost Stall"": 0.2, ""Exec Vacuum"": 0.0}",Snowflake offered a massive discount at the last minute. We couldn't match.
DL-1127,Mid-Market,36800.0,Snowflake,Price / Budget,Competitor Displacement,Exec Vacuum,1.0,Exec Vacuum,True,"{""Champion Collapse"": 0.333, ""Competitor Displacement"": 0.4, ""Ghost Stall"": 0.2, ""Exec Vacuum"": 1.0}",Lost — wrong timing. No additional detail.
DL-1255,Enterprise,152300.0,Collibra,No Decision / Stalled,Ghost Stall,Exec Vacuum,1.0,,False,"{""Champion Collapse"": 0.167, ""Competitor Displacement"": 0.4, ""Ghost Stall"": 0.0, ""Exec Vacuum"": 1.0}",Lost — wrong timing. No additional detail.
DL-1992,Enterprise,198000.0,Collibra,Champion Left,Champion Collapse,Champion Collapse,1.0,Champion Collapse,False,"{""Champion Collapse"": 1.0, ""Competitor Displacement"": 0.4, ""Ghost Stall"": 0.0, ""Exec Vacuum"": 0.5}",Lost — chose competitor. No additional detail.
DL-1190,SMB,25000.0,Collibra,Security / Compliance Failed,,Competitor Displacement,0.2,,False,"{""Champion Collapse"": 0.0, ""Competitor Displacement"": 0.2, ""Ghost Stall"": 0.0, ""Exec Vacuum"": 0.0}",Lost — chose competitor. No additional detail.
DL-1115,Enterprise,586700.0,Snowflake,Price / Budget,Competitor Displacement,Exec Vacuum,1.0,Exec Vacuum,True,"{""Champion Collapse"": 0.167, ""Competitor Displacement"": 0.2, ""Ghost Stall"": 0.4, ""Exec Vacuum"": 1.0}","Champion was IC level, couldn't drive the purchase alone."
DL-1644,Mid-Market,108000.0,Snowflake,No Decision / Stalled,Ghost Stall,Competitor Displacement,0.6,,True,"{""Champion Collapse"": 0.0, ""Competitor Displacement"": 0.6, ""Ghost Stall"": 0.0, ""Exec Vacuum"": 0.0}",Lost — missing feature. No additional detail.
DL-1606,Enterprise,283700.0,dbt Labs,No Decision / Stalled,Ghost Stall,Exec Vacuum,1.0,Exec Vacuum,False,"{""Champion Collapse"": 0.167, ""Competitor Displacement"": 0.4, ""Ghost Stall"": 0.2, ""Exec Vacuum"": 1.0}",Lost — price / budget. No additional detail.
DL-1180,SMB,34900.0,Databricks,No Decision / Stalled,Ghost Stall,Ghost Stall,1.0,Ghost Stall,False,"{""Champion Collapse"": 0.0, ""Competitor Displacement"": 0.0, ""Ghost Stall"": 1.0, ""Exec Vacuum"": 0.0}",Multiple follow-ups with no reply. Probably went internal.
DL-1301,Mid-Market,111500.0,Databricks,No Decision / Stalled,Ghost Stall,Exec Vacuum,1.0,Exec Vacuum,False,"{""Champion Collapse"": 0.167, ""Competitor Displacement"": 0.2, ""Ghost Stall"": 0.0, ""Exec Vacuum"": 1.0}",never got above teh data team.. budget decision was above champion's level..
DL-1790,Enterprise,267500.0,Alation,No Decision / Stalled,Ghost Stall,Exec Vacuum,1.0,Exec Vacuum,False,"{""Champion Collapse"": 0.167, ""Competitor Displacement"": 0.4, ""Ghost Stall"": 0.2, ""Exec Vacuum"": 1.0}",Lost — security / compliance failed. No additional detail.
DL-1743,SMB,10900.0,Collibra,Chose Competitor,Competitor Displacement,Competitor Displacement,1.0,Competitor Displacement,False,"{""Champion Collapse"": 0.167, ""Competitor Displacement"": 1.0, ""Ghost Stall"": 0.2, ""Exec Vacuum"": 0.0}",Lost to Fivetran on connector breadth. They had 200+ native connectors.
DL-1715,Mid-Market,62900.0,Databricks,Champion Left,Champion Collapse,Champion Collapse,1.0,Champion Collapse,False,"{""Champion Collapse"": 1.0, ""Competitor Displacement"": 0.6, ""Ghost Stall"": 0.0, ""Exec Vacuum"": 0.5}",Our champion got moved to a different team mid-deal. Lost access.
DL-1517,SMB,23700.0,dbt Labs,No Decision / Stalled,Ghost Stall,Ghost Stall,1.0,Ghost Stall,False,"{""Champion Collapse"": 0.0, ""Competitor Displacement"": 0.2, ""Ghost Stall"": 1.0, ""Exec Vacuum"": 0.0}",lost — price / budget.. no additional detail..
DL-1372,SMB,18700.0,Monte Carlo,Missing Feature,,Ghost Stall,1.0,Ghost Stall,False,"{""Champion Collapse"": 0.167, ""Competitor Displacement"": 0.0, ""Ghost Stall"": 1.0, ""Exec Vacuum"": 0.0}",Multiple follow-ups with no reply. Probably went internal.
DL-1045,Enterprise,559600.0,Monte Carlo,No Decision / Stalled,Ghost Stall,Competitor Displacement,1.0,Competitor Displacement,True,"{""Champion Collapse"": 0.333, ""Competitor Displacement"": 1.0, ""Ghost Stall"": 0.0, ""Exec Vacuum"": 1.0}",snowflake offered a massive discount at teh last minute.. we couldn't match..
DL-1157,SMB,32700.0,Alation,Champion Left,Champion Collapse,Champion Collapse,1.0,Champion Collapse,False,"{""Champion Collapse"": 1.0, ""Competitor Displacement"": 0.2, ""Ghost Stall"": 0.2, ""Exec Vacuum"": 1.0}",Champion left the company. Couldn't rebuild the relationship in time.
DL-1171,Mid-Market,64000.0,Starburst,Missing Feature,,Ghost Stall,1.0,Ghost Stall,False,"{""Champion Collapse"": 0.0, ""Competitor Displacement"": 0.4, ""Ghost Stall"": 1.0, ""Exec Vacuum"": 0.0}",Lost — chose competitor. No additional detail.
DL-1511,SMB,10600.0,None / Greenfield,Chose Competitor,Competitor Displacement,Competitor Displacement,0.8,Competitor Displacement,False,"{""Champion Collapse"": 0.0, ""Competitor Displacement"": 0.8, ""Ghost Stall"": 0.0, ""Exec Vacuum"": 0.0}",Lost — missing feature. No additional detail.
DL-1874,SMB,19200.0,Snowflake,No Decision / Stalled,Ghost Stall,Competitor Displacement,0.2,,False,"{""Champion Collapse"": 0.0, ""Competitor Displacement"": 0.2, ""Ghost Stall"": 0.0, ""Exec Vacuum"": 0.0}",Lost — wrong timing. No additional detail.
DL-1515,Enterprise,479100.0,None / Greenfield,No Decision / Stalled,Ghost Stall,Ghost Stall,1.0,Ghost Stall,False,"{""Champion Collapse"": 0.0, ""Competitor Displacement"": 0.2, ""Ghost Stall"": 1.0, ""Exec Vacuum"": 0.0}",Lost — price / budget. No additional detail.
DL-1716,Mid-Market,136500.0,Starburst,Chose Competitor,Competitor Displacement,Competitor Displacement,0.2,,False,"{""Champion Collapse"": 0.0, ""Competitor Displacement"": 0.2, ""Ghost Stall"": 0.0, ""Exec Vacuum"": 0.0}",Lost — chose competitor. No additional detail.
DL-1480,Mid-Market,105900.0,dbt Labs,Price / Budget,Competitor Displacement,Exec Vacuum,1.0,Exec Vacuum,True,"{""Champion Collapse"": 0.333, ""Competitor Displacement"": 0.4, ""Ghost Stall"": 0.0, ""Exec Vacuum"": 1.0}","champion was ic level, couldn't drive teh purchase alone.."
DL-1283,SMB,11100.0,Databricks,Security / Compliance Failed,,Competitor Displacement,0.2,,False,"{""Champion Collapse"": 0.167, ""Competitor Displacement"": 0.2, ""Ghost Stall"": 0.0, ""Exec Vacuum"": 0.0}",Lost — missing feature. No additional detail.
DL-1749,SMB,22500.0,dbt Labs,Chose Competitor,Competitor Displacement,Competitor Displacement,1.0,Competitor Displacement,False,"{""Champion Collapse"": 0.0, ""Competitor Displacement"": 1.0, ""Ghost Stall"": 0.2, ""Exec Vacuum"": 0.0}",Lost to Fivetran on connector breadth. They had 200+ native connectors.
DL-1865,Enterprise,784200.0,dbt Labs,Wrong Timing,Ghost Stall,Competitor Displacement,0.6,,True,"{""Champion Collapse"": 0.0, ""Competitor Displacement"": 0.6, ""Ghost Stall"": 0.2, ""Exec Vacuum"": 0.0}",Lost — price / budget. No additional detail.
DL-1225,SMB,26900.0,None / Greenfield,Champion Left,Champion Collapse,Champion Collapse,0.0,,False,"{""Champion Collapse"": 0.0, ""Competitor Displacement"": 0.0, ""Ghost Stall"": 0.0, ""Exec Vacuum"": 0.0}",Lost — security / compliance failed. No additional detail.
DL-1813,Enterprise,417800.0,None / Greenfield,Security / Compliance Failed,,Ghost Stall,0.2,,False,"{""Champion Collapse"": 0.167, ""Competitor Displacement"": 0.0, ""Ghost Stall"": 0.2, ""Exec Vacuum"": 0.0}",lost — wrong timing.. no additional detail..
DL-1437,SMB,15800.0,Databricks,Price / Budget,Competitor Displacement,Exec Vacuum,1.0,Exec Vacuum,True,"{""Champion Collapse"": 0.333, ""Competitor Displacement"": 0.4, ""Ghost Stall"": 0.2, ""Exec Vacuum"": 1.0}",No exec sponsor. Deal died when Q4 budgets froze.
DL-1990,Enterprise,728100.0,Snowflake,No Decision / Stalled,Ghost Stall,Exec Vacuum,1.0,Exec Vacuum,False,"{""Champion Collapse"": 0.333, ""Competitor Displacement"": 0.2, ""Ghost Stall"": 0.2, ""Exec Vacuum"": 1.0}",No exec sponsor. Deal died when Q4 budgets froze.
DL-1364,Mid-Market,146900.0,None / Greenfield,No Decision / Stalled,Ghost Stall,Ghost Stall,1.0,Ghost Stall,False,"{""Champion Collapse"": 0.0, ""Competitor Displacement"": 0.4, ""Ghost Stall"": 1.0, ""Exec Vacuum"": 0.0}",prospect stopped engaging after teh proposal.. no explanation given..
DL-1229,SMB,8300.0,None / Greenfield,Champion Left,Champion Collapse,Champion Collapse,1.0,Champion Collapse,False,"{""Champion Collapse"": 1.0, ""Competitor Displacement"": 0.2, ""Ghost Stall"": 0.2, ""Exec Vacuum"": 1.0}",Lost — missing feature. No additional detail.
DL-1669,Enterprise,737400.0,None / Greenfield,Chose Competitor,Competitor Displacement,Competitor Displacement,1.0,Competitor Displacement,False,"{""Champion Collapse"": 0.0, ""Competitor Displacement"": 1.0, ""Ghost Stall"": 0.2, ""Exec Vacuum"": 0.0}",Lost — no decision / stalled. No additional detail.
DL-1885,Mid-Market,45500.0,dbt Labs,No Decision / Stalled,Ghost Stall,Exec Vacuum,1.0,Exec Vacuum,False,"{""Champion Collapse"": 0.333, ""Competitor Displacement"": 0.0, ""Ghost Stall"": 0.0, ""Exec Vacuum"": 1.0}",Lost — wrong timing. No additional detail.
DL-1756,Enterprise,166900.0,Fivetran,Champion Left,Champion Collapse,Champion Collapse,1.0,Champion Collapse,False,"{""Champion Collapse"": 1.0, ""Competitor Displacement"": 0.2, ""Ghost Stall"": 0.0, ""Exec Vacuum"": 1.0}",our champion got moved to a different team mid-deal.. lost access..
DL-1194,Mid-Market,55200.0,Databricks,Price / Budget,Competitor Displacement,Champion Collapse,1.0,Champion Collapse,True,"{""Champion Collapse"": 1.0, ""Competitor Displacement"": 0.2, ""Ghost Stall"": 0.0, ""Exec Vacuum"": 1.0}",Lost — no decision / stalled. No additional detail.
DL-1889,SMB,23400.0,Collibra,Missing Feature,,Ghost Stall,1.0,Ghost Stall,False,"{""Champion Collapse"": 0.167, ""Competitor Displacement"": 0.0, ""Ghost Stall"": 1.0, ""Exec Vacuum"": 0.0}",multiple follow-ups with no reply.. probably went internal..
DL-1899,Enterprise,685700.0,Databricks,Wrong Timing,Ghost Stall,Competitor Displacement,0.6,,True,"{""Champion Collapse"": 0.0, ""Competitor Displacement"": 0.6, ""Ghost Stall"": 0.2, ""Exec Vacuum"": 0.0}",lost — champion left.. no additional detail..
DL-1579,SMB,15500.0,Atlan,No Decision / Stalled,Ghost Stall,Exec Vacuum,1.0,Exec Vacuum,False,"{""Champion Collapse"": 0.333, ""Competitor Displacement"": 0.4, ""Ghost Stall"": 0.2, ""Exec Vacuum"": 1.0}",Lost — chose competitor. No additional detail.
DL-1680,Enterprise,246700.0,Starburst,No Decision / Stalled,Ghost Stall,Exec Vacuum,1.0,Exec Vacuum,False,"{""Champion Collapse"": 0.167, ""Competitor Displacement"": 0.0, ""Ghost Stall"": 0.0, ""Exec Vacuum"": 1.0}",lost — chose competitor.. no additional detail..
DL-1162,Mid-Market,144800.0,Monte Carlo,No Decision / Stalled,Ghost Stall,Ghost Stall,1.0,Ghost Stall,False,"{""Champion Collapse"": 0.0, ""Competitor Displacement"": 0.2, ""Ghost Stall"": 1.0, ""Exec Vacuum"": 0.0}",Lost — missing feature. No additional detail.
DL-1711,SMB,10600.0,Atlan,No Decision / Stalled,Ghost Stall,Competitor Displacement,1.0,Competitor Displacement,True,"{""Champion Collapse"": 0.167, ""Competitor Displacement"": 1.0, ""Ghost Stall"": 0.4, ""Exec Vacuum"": 0.0}",Lost — missing feature. No additional detail.
DL-1730,SMB,15300.0,Starburst,Missing Feature,,Ghost Stall,0.8,Ghost Stall,False,"{""Champion Collapse"": 0.0, ""Competitor Displacement"": 0.2, ""Ghost Stall"": 0.8, ""Exec Vacuum"": 0.0}",Lost — missing feature. No additional detail.
DL-1111,Mid-Market,133400.0,Monte Carlo,Chose Competitor,Competitor Displacement,Competitor Displacement,1.0,Competitor Displacement,False,"{""Champion Collapse"": 0.167, ""Competitor Displacement"": 1.0, ""Ghost Stall"": 0.2, ""Exec Vacuum"": 1.0}",Lost — security / compliance failed. No additional detail.
DL-1226,Enterprise,157400.0,dbt Labs,Price / Budget,Competitor Displacement,Exec Vacuum,1.0,Exec Vacuum,True,"{""Champion Collapse"": 0.167, ""Competitor Displacement"": 0.6, ""Ghost Stall"": 0.2, ""Exec Vacuum"": 1.0}",lost — chose competitor.. no additional detail..
DL-1103,Mid-Market,85000.0,Fivetran,Champion Left,Champion Collapse,Champion Collapse,1.0,Champion Collapse,False,"{""Champion Collapse"": 1.0, ""Competitor Displacement"": 0.4, ""Ghost Stall"": 0.0, ""Exec Vacuum"": 0.5}",Our champion got moved to a different team mid-deal. Lost access.
DL-1421,Enterprise,770800.0,Fivetran,No Decision / Stalled,Ghost Stall,Ghost Stall,1.0,Ghost Stall,False,"{""Champion Collapse"": 0.0, ""Competitor Displacement"": 0.0, ""Ghost Stall"": 1.0, ""Exec Vacuum"": 0.0}",Lost — wrong timing. No additional detail.
DL-1586,Enterprise,633200.0,Atlan,Champion Left,Champion Collapse,Champion Collapse,1.0,Champion Collapse,False,"{""Champion Collapse"": 1.0, ""Competitor Displacement"": 0.4, ""Ghost Stall"": 0.0, ""Exec Vacuum"": 0.5}",our champion got moved to a different team mid-deal.. lost access..
DL-1811,Mid-Market,53800.0,dbt Labs,Missing Feature,,Ghost Stall,1.0,Ghost Stall,False,"{""Champion Collapse"": 0.167, ""Competitor Displacement"": 0.0, ""Ghost Stall"": 1.0, ""Exec Vacuum"": 1.0}",Lost — missing feature. No additional detail.
DL-1672,SMB,31300.0,Snowflake,Chose Competitor,Competitor Displacement,Competitor Displacement,0.8,Competitor Displacement,False,"{""Champion Collapse"": 0.0, ""Competitor Displacement"": 0.8, ""Ghost Stall"": 0.0, ""Exec Vacuum"": 0.0}",Lost to Fivetran on connector breadth. They had 200+ native connectors.
DL-1119,Enterprise,579300.0,Collibra,No Decision / Stalled,Ghost Stall,Exec Vacuum,1.0,Exec Vacuum,False,"{""Champion Collapse"": 0.167, ""Competitor Displacement"": 0.0, ""Ghost Stall"": 0.0, ""Exec Vacuum"": 1.0}",Lost — no decision / stalled. No additional detail.
DL-1053,SMB,28900.0,dbt Labs,No Decision / Stalled,Ghost Stall,Exec Vacuum,1.0,Exec Vacuum,False,"{""Champion Collapse"": 0.333, ""Competitor Displacement"": 0.2, ""Ghost Stall"": 0.0, ""Exec Vacuum"": 1.0}","champion was ic level, couldn't drive teh purchase alone.."
DL-1151,Mid-Market,143300.0,Snowflake,Price / Budget,Competitor Displacement,Champion Collapse,1.0,Champion Collapse,True,"{""Champion Collapse"": 1.0, ""Competitor Displacement"": 0.0, ""Ghost Stall"": 0.0, ""Exec Vacuum"": 0.5}",Lost — security / compliance failed. No additional detail.
DL-1403,Mid-Market,142400.0,None / Greenfield,Champion Left,Champion Collapse,Competitor Displacement,0.2,,False,"{""Champion Collapse"": 0.0, ""Competitor Displacement"": 0.2, ""Ghost Stall"": 0.0, ""Exec Vacuum"": 0.0}",Lost — champion left. No additional detail.
DL-1984,Mid-Market,101300.0,Collibra,Champion Left,Champion Collapse,Champion Collapse,1.0,Champion Collapse,False,"{""Champion Collapse"": 1.0, ""Competitor Displacement"": 0.2, ""Ghost Stall"": 0.0, ""Exec Vacuum"": 0.5}",Champion left the company. Couldn't rebuild the relationship in time.
DL-1793,Mid-Market,100800.0,Monte Carlo,No Decision / Stalled,Ghost Stall,Competitor Displacement,1.0,Competitor Displacement,True,"{""Champion Collapse"": 0.167, ""Competitor Displacement"": 1.0, ""Ghost Stall"": 0.2, ""Exec Vacuum"": 1.0}",Lost — price / budget. No additional detail.
DL-1008,Mid-Market,83600.0,Monte Carlo,Champion Left,Champion Collapse,Champion Collapse,1.0,Champion Collapse,False,"{""Champion Collapse"": 1.0, ""Competitor Displacement"": 0.4, ""Ghost Stall"": 0.2, ""Exec Vacuum"": 0.5}",Lost — missing feature. No additional detail.
DL-1979,SMB,19600.0,Starburst,Chose Competitor,Competitor Displacement,Exec Vacuum,1.0,Competitor Displacement,True,"{""Champion Collapse"": 0.167, ""Competitor Displacement"": 0.8, ""Ghost Stall"": 0.0, ""Exec Vacuum"": 1.0}",snowflake offered a massive discount at teh last minute.. we couldn't match..
DL-1036,SMB,8900.0,Atlan,No Decision / Stalled,Ghost Stall,Exec Vacuum,1.0,Exec Vacuum,False,"{""Champion Collapse"": 0.167, ""Competitor Displacement"": 0.0, ""Ghost Stall"": 0.0, ""Exec Vacuum"": 1.0}","champion was ic level, couldn't drive teh purchase alone.."
DL-1452,SMB,33000.0,dbt Labs,No Decision / Stalled,Ghost Stall,Competitor Displacement,1.0,Competitor Displacement,True,"{""Champion Collapse"": 0.0, ""Competitor Displacement"": 1.0, ""Ghost Stall"": 0.0, ""Exec Vacuum"": 0.0}",Lost — wrong timing. No additional detail.
DL-1651,SMB,19600.0,Fivetran,No Decision / Stalled,Ghost Stall,Exec Vacuum,1.0,Exec Vacuum,False,"{""Champion Collapse"": 0.333, ""Competitor Displacement"": 0.0, ""Ghost Stall"": 0.0, ""Exec Vacuum"": 1.0}",Lost — security / compliance failed. No additional detail.
DL-1253,Mid-Market,64300.0,Alation,Missing Feature,,Ghost Stall,1.0,Ghost Stall,False,"{""Champion Collapse"": 0.0, ""Competitor Displacement"": 0.0, ""Ghost Stall"": 1.0, ""Exec Vacuum"": 0.0}",lost — price / budget.. no additional detail..
DL-1303,Mid-Market,79600.0,None / Greenfield,No Decision / Stalled,Ghost Stall,Competitor Displacement,1.0,Competitor Displacement,True,"{""Champion Collapse"": 0.333, ""Competitor Displacement"": 1.0, ""Ghost Stall"": 0.0, ""Exec Vacuum"": 1.0}",lost to fivetran on connector breadth.. they had 200+ native connectors..
DL-1777,Enterprise,242600.0,Collibra,No Decision / Stalled,Ghost Stall,Exec Vacuum,1.0,Exec Vacuum,False,"{""Champion Collapse"": 0.167, ""Competitor Displacement"": 0.2, ""Ghost Stall"": 0.0, ""Exec Vacuum"": 1.0}",never got above teh data team.. budget decision was above champion's level..
DL-1571,Enterprise,346700.0,Fivetran,Missing Feature,,Ghost Stall,1.0,Ghost Stall,False,"{""Champion Collapse"": 0.167, ""Competitor Displacement"": 0.4, ""Ghost Stall"": 1.0, ""Exec Vacuum"": 1.0}","Just went dark. Last email 3 weeks ago, no response."
DL-1623,SMB,34300.0,Collibra,No Decision / Stalled,Ghost Stall,Exec Vacuum,1.0,Exec Vacuum,False,"{""Champion Collapse"": 0.333, ""Competitor Displacement"": 0.4, ""Ghost Stall"": 0.2, ""Exec Vacuum"": 1.0}",Lost — security / compliance failed. No additional detail.
DL-1740,Enterprise,203600.0,Collibra,Missing Feature,,Ghost Stall,1.0,Ghost Stall,False,"{""Champion Collapse"": 0.0, ""Competitor Displacement"": 0.6, ""Ghost Stall"": 1.0, ""Exec Vacuum"": 0.0}",Lost — chose competitor. No additional detail.
DL-1750,SMB,23200.0,None / Greenfield,Price / Budget,Competitor Displacement,Exec Vacuum,1.0,Exec Vacuum,True,"{""Champion Collapse"": 0.167, ""Competitor Displacement"": 0.0, ""Ghost Stall"": 0.2, ""Exec Vacuum"": 1.0}",lost — security / compliance failed.. no additional detail..
DL-1262,Mid-Market,40300.0,Databricks,Champion Left,Champion Collapse,Champion Collapse,1.0,Champion Collapse,False,"{""Champion Collapse"": 1.0, ""Competitor Displacement"": 0.4, ""Ghost Stall"": 0.2, ""Exec Vacuum"": 0.5}",New data lead came in and had a prior relationship with Snowflake.
DL-1610,SMB,10200.0,Starburst,No Decision / Stalled,Ghost Stall,Ghost Stall,0.8,Ghost Stall,False,"{""Champion Collapse"": 0.0, ""Competitor Displacement"": 0.0, ""Ghost Stall"": 0.8, ""Exec Vacuum"": 0.0}",Multiple follow-ups with no reply. Probably went internal.
DL-1297,Enterprise,495900.0,dbt Labs,Champion Left,Champion Collapse,Champion Collapse,1.0,Champion Collapse,False,"{""Champion Collapse"": 1.0, ""Competitor Displacement"": 0.2, ""Ghost Stall"": 0.2, ""Exec Vacuum"": 0.5}",Lost — missing feature. No additional detail.
DL-1414,Mid-Market,84100.0,Collibra,No Decision / Stalled,Ghost Stall,Exec Vacuum,1.0,Exec Vacuum,False,"{""Champion Collapse"": 0.167, ""Competitor Displacement"": 0.0, ""Ghost Stall"": 0.2, ""Exec Vacuum"": 1.0}",never got above teh data team.. budget decision was above champion's level..
DL-1819,Enterprise,740100.0,Databricks,Price / Budget,Competitor Displacement,Exec Vacuum,1.0,,True,"{""Champion Collapse"": 0.333, ""Competitor Displacement"": 0.0, ""Ghost Stall"": 0.2, ""Exec Vacuum"": 1.0}",lost — champion left.. no additional detail..
DL-1925,Enterprise,426600.0,Fivetran,No Decision / Stalled,Ghost Stall,Competitor Displacement,1.0,Competitor Displacement,True,"{""Champion Collapse"": 0.0, ""Competitor Displacement"": 1.0, ""Ghost Stall"": 0.0, ""Exec Vacuum"": 0.0}",Lost — missing feature. No additional detail.
DL-1822,Enterprise,254400.0,Fivetran,Security / Compliance Failed,,Exec Vacuum,1.0,,False,"{""Champion Collapse"": 0.333, ""Competitor Displacement"": 0.6, ""Ghost Stall"": 0.0, ""Exec Vacuum"": 1.0}",Lost — security / compliance failed. No additional detail.
DL-1488,Enterprise,469500.0,None / Greenfield,Price / Budget,Competitor Displacement,Champion Collapse,1.0,Champion Collapse,True,"{""Champion Collapse"": 1.0, ""Competitor Displacement"": 0.2, ""Ghost Stall"": 0.2, ""Exec Vacuum"": 0.5}",new data lead came in and had a prior relationship with snowflake..
DL-1147,Mid-Market,141100.0,Collibra,No Decision / Stalled,Ghost Stall,Exec Vacuum,1.0,Exec Vacuum,False,"{""Champion Collapse"": 0.167, ""Competitor Displacement"": 0.4, ""Ghost Stall"": 0.2, ""Exec Vacuum"": 1.0}",Lost — security / compliance failed. No additional detail.
DL-1146,Mid-Market,60600.0,Fivetran,No Decision / Stalled,Ghost Stall,Ghost Stall,1.0,Ghost Stall,False,"{""Champion Collapse"": 0.167, ""Competitor Displacement"": 0.2, ""Ghost Stall"": 1.0, ""Exec Vacuum"": 0.0}",Lost — champion left. No additional detail.
DL-1751,Enterprise,354200.0,Databricks,Missing Feature,,Ghost Stall,1.0,Ghost Stall,False,"{""Champion Collapse"": 0.0, ""Competitor Displacement"": 0.0, ""Ghost Stall"": 1.0, ""Exec Vacuum"": 0.0}",lost — champion left.. no additional detail..
DL-1348,Mid-Market,130700.0,Collibra,Missing Feature,,Ghost Stall,1.0,Ghost Stall,False,"{""Champion Collapse"": 0.167, ""Competitor Displacement"": 0.0, ""Ghost Stall"": 1.0, ""Exec Vacuum"": 0.0}",Lost — chose competitor. No additional detail.
DL-1325,Mid-Market,113600.0,Snowflake,No Decision / Stalled,Ghost Stall,Exec Vacuum,1.0,Exec Vacuum,False,"{""Champion Collapse"": 0.167, ""Competitor Displacement"": 0.6, ""Ghost Stall"": 0.0, ""Exec Vacuum"": 1.0}",lost — price / budget.. no additional detail..
DL-1186,Mid-Market,39100.0,None / Greenfield,Missing Feature,,Competitor Displacement,0.6,,False,"{""Champion Collapse"": 0.0, ""Competitor Displacement"": 0.6, ""Ghost Stall"": 0.2, ""Exec Vacuum"": 0.0}",Lost — security / compliance failed. No additional detail.
DL-1123,Enterprise,526500.0,None / Greenfield,Price / Budget,Competitor Displacement,Exec Vacuum,1.0,Exec Vacuum,True,"{""Champion Collapse"": 0.167, ""Competitor Displacement"": 0.2, ""Ghost Stall"": 0.0, ""Exec Vacuum"": 1.0}",Lost — no decision / stalled. No additional detail.
DL-1888,SMB,13900.0,Snowflake,No Decision / Stalled,Ghost Stall,Champion Collapse,0.167,,False,"{""Champion Collapse"": 0.167, ""Competitor Displacement"": 0.0, ""Ghost Stall"": 0.0, ""Exec Vacuum"": 0.0}",Lost — security / compliance failed. No additional detail.
DL-1143,Enterprise,219200.0,None / Greenfield,Missing Feature,,Ghost Stall,1.0,Ghost Stall,False,"{""Champion Collapse"": 0.333, ""Competitor Displacement"": 0.0, ""Ghost Stall"": 1.0, ""Exec Vacuum"": 1.0}",Lost — missing feature. No additional detail.
DL-1197,Enterprise,269500.0,None / Greenfield,Wrong Timing,Ghost Stall,Competitor Displacement,0.4,,False,"{""Champion Collapse"": 0.0, ""Competitor Displacement"": 0.4, ""Ghost Stall"": 0.2, ""Exec Vacuum"": 0.0}",Lost — security / compliance failed. No additional detail.
DL-1609,SMB,16100.0,Fivetran,Security / Compliance Failed,,Competitor Displacement,0.4,,False,"{""Champion Collapse"": 0.0, ""Competitor Displacement"": 0.4, ""Ghost Stall"": 0.4, ""Exec Vacuum"": 0.0}",Lost — security / compliance failed. No additional detail.
DL-1279,SMB,27100.0,None / Greenfield,Price / Budget,Competitor Displacement,Exec Vacuum,1.0,,True,"{""Champion Collapse"": 0.333, ""Competitor Displacement"": 0.0, ""Ghost Stall"": 0.0, ""Exec Vacuum"": 1.0}",Lost — security / compliance failed. No additional detail.
DL-1400,Mid-Market,107500.0,Alation,No Decision / Stalled,Ghost Stall,Exec Vacuum,1.0,Exec Vacuum,False,"{""Champion Collapse"": 0.167, ""Competitor Displacement"": 0.2, ""Ghost Stall"": 0.0, ""Exec Vacuum"": 1.0}",Never got above the data team. Budget decision was above champion's level.
DL-1183,Mid-Market,131800.0,Atlan,No Decision / Stalled,Ghost Stall,Ghost Stall,1.0,Ghost Stall,False,"{""Champion Collapse"": 0.0, ""Competitor Displacement"": 0.4, ""Ghost Stall"": 1.0, ""Exec Vacuum"": 0.0}","just went dark.. last email 3 weeks ago, no response.."
DL-1438,Enterprise,519500.0,Monte Carlo,No Decision / Stalled,Ghost Stall,Exec Vacuum,1.0,Exec Vacuum,False,"{""Champion Collapse"": 0.167, ""Competitor Displacement"": 0.4, ""Ghost Stall"": 0.0, ""Exec Vacuum"": 1.0}",Lost — missing feature. No additional detail.
DL-1415,Mid-Market,98500.0,Alation,Price / Budget,Competitor Displacement,Champion Collapse,1.0,Champion Collapse,True,"{""Champion Collapse"": 1.0, ""Competitor Displacement"": 0.2, ""Ghost Stall"": 0.2, ""Exec Vacuum"": 0.5}",lost — price / budget.. no additional detail..
DL-1959,Enterprise,482900.0,dbt Labs,No Decision / Stalled,Ghost Stall,Exec Vacuum,1.0,Exec Vacuum,False,"{""Champion Collapse"": 0.167, ""Competitor Displacement"": 0.6, ""Ghost Stall"": 0.0, ""Exec Vacuum"": 1.0}","champion was ic level, couldn't drive teh purchase alone.."
DL-1799,Enterprise,225200.0,Atlan,No Decision / Stalled,Ghost Stall,Competitor Displacement,1.0,Competitor Displacement,True,"{""Champion Collapse"": 0.0, ""Competitor Displacement"": 1.0, ""Ghost Stall"": 0.2, ""Exec Vacuum"": 0.0}",lost — no decision / stalled.. no additional detail..
DL-1923,SMB,24100.0,Databricks,Price / Budget,Competitor Displacement,Exec Vacuum,1.0,Exec Vacuum,True,"{""Champion Collapse"": 0.167, ""Competitor Displacement"": 0.4, ""Ghost Stall"": 0.4, ""Exec Vacuum"": 1.0}",Lost — price / budget. No additional detail.
DL-1129,SMB,23600.0,dbt Labs,Chose Competitor,Competitor Displacement,Competitor Displacement,1.0,Competitor Displacement,False,"{""Champion Collapse"": 0.0, ""Competitor Displacement"": 1.0, ""Ghost Stall"": 0.2, ""Exec Vacuum"": 0.0}",Lost — security / compliance failed. No additional detail.
DL-1936,Mid-Market,38900.0,None / Greenfield,Champion Left,Champion Collapse,Exec Vacuum,1.0,Champion Collapse,False,"{""Champion Collapse"": 0.833, ""Competitor Displacement"": 0.4, ""Ghost Stall"": 0.2, ""Exec Vacuum"": 1.0}",Lost — security / compliance failed. No additional detail.
DL-1801,SMB,27700.0,Snowflake,Champion Left,Champion Collapse,Exec Vacuum,1.0,,False,"{""Champion Collapse"": 0.333, ""Competitor Displacement"": 0.0, ""Ghost Stall"": 0.0, ""Exec Vacuum"": 1.0}",Lost — champion left. No additional detail.
DL-1949,Mid-Market,60500.0,Atlan,Chose Competitor,Competitor Displacement,Exec Vacuum,1.0,Competitor Displacement,True,"{""Champion Collapse"": 0.167, ""Competitor Displacement"": 0.8, ""Ghost Stall"": 0.0, ""Exec Vacuum"": 1.0}",Lost — missing feature. No additional detail.
DL-1219,Enterprise,597700.0,Snowflake,Champion Left,Champion Collapse,Champion Collapse,0.0,,False,"{""Champion Collapse"": 0.0, ""Competitor Displacement"": 0.0, ""Ghost Stall"": 0.0, ""Exec Vacuum"": 0.0}",Lost — missing feature. No additional detail.
DL-1641,Enterprise,490000.0,Databricks,No Decision / Stalled,Ghost Stall,Exec Vacuum,1.0,Exec Vacuum,False,"{""Champion Collapse"": 0.333, ""Competitor Displacement"": 0.0, ""Ghost Stall"": 0.0, ""Exec Vacuum"": 1.0}","Champion was IC level, couldn't drive the purchase alone."
DL-1951,SMB,28000.0,Monte Carlo,Wrong Timing,Ghost Stall,Competitor Displacement,0.2,,False,"{""Champion Collapse"": 0.0, ""Competitor Displacement"": 0.2, ""Ghost Stall"": 0.0, ""Exec Vacuum"": 0.0}",Lost — no decision / stalled. No additional detail.
DL-1783,SMB,25400.0,Databricks,Price / Budget,Competitor Displacement,Champion Collapse,1.0,Champion Collapse,True,"{""Champion Collapse"": 1.0, ""Competitor Displacement"": 0.2, ""Ghost Stall"": 0.2, ""Exec Vacuum"": 0.5}",Lost — champion left. No additional detail.
DL-1956,Enterprise,433600.0,dbt Labs,Missing Feature,,Exec Vacuum,1.0,,False,"{""Champion Collapse"": 0.333, ""Competitor Displacement"": 0.4, ""Ghost Stall"": 0.2, ""Exec Vacuum"": 1.0}",Lost — price / budget. No additional detail.
DL-1624,Mid-Market,120300.0,None / Greenfield,Champion Left,Champion Collapse,Champion Collapse,1.0,Champion Collapse,False,"{""Champion Collapse"": 1.0, ""Competitor Displacement"": 0.0, ""Ghost Stall"": 0.0, ""Exec Vacuum"": 0.5}",Lost — security / compliance failed. No additional detail.
DL-1872,Mid-Market,50700.0,Starburst,No Decision / Stalled,Ghost Stall,Exec Vacuum,1.0,Exec Vacuum,False,"{""Champion Collapse"": 0.167, ""Competitor Displacement"": 0.0, ""Ghost Stall"": 0.2, ""Exec Vacuum"": 1.0}",Lost — no decision / stalled. No additional detail.
DL-1386,Mid-Market,92100.0,dbt Labs,Price / Budget,Competitor Displacement,Exec Vacuum,1.0,Exec Vacuum,True,"{""Champion Collapse"": 0.333, ""Competitor Displacement"": 0.4, ""Ghost Stall"": 0.2, ""Exec Vacuum"": 1.0}",No exec sponsor. Deal died when Q4 budgets froze.
DL-1509,SMB,15100.0,Starburst,Price / Budget,Competitor Displacement,Exec Vacuum,1.0,Exec Vacuum,True,"{""Champion Collapse"": 0.333, ""Competitor Displacement"": 0.2, ""Ghost Stall"": 0.2, ""Exec Vacuum"": 1.0}",Never got above the data team. Budget decision was above champion's level.
DL-1267,SMB,9000.0,Monte Carlo,Wrong Timing,Ghost Stall,Exec Vacuum,1.0,,False,"{""Champion Collapse"": 0.333, ""Competitor Displacement"": 0.4, ""Ghost Stall"": 0.0, ""Exec Vacuum"": 1.0}",Lost — champion left. No additional detail.
DL-1852,Enterprise,413700.0,Collibra,Chose Competitor,Competitor Displacement,Exec Vacuum,1.0,,True,"{""Champion Collapse"": 0.167, ""Competitor Displacement"": 0.6, ""Ghost Stall"": 0.0, ""Exec Vacuum"": 1.0}",Lost — chose competitor. No additional detail.
DL-1691,Mid-Market,131600.0,Collibra,No Decision / Stalled,Ghost Stall,Exec Vacuum,1.0,Exec Vacuum,False,"{""Champion Collapse"": 0.167, ""Competitor Displacement"": 0.0, ""Ghost Stall"": 0.2, ""Exec Vacuum"": 1.0}",Never got above the data team. Budget decision was above champion's level.
DL-1232,Mid-Market,141500.0,Snowflake,Price / Budget,Competitor Displacement,Exec Vacuum,1.0,Exec Vacuum,True,"{""Champion Collapse"": 0.167, ""Competitor Displacement"": 0.0, ""Ghost Stall"": 0.0, ""Exec Vacuum"": 1.0}",Lost — no decision / stalled. No additional detail.
DL-1904,SMB,27400.0,Snowflake,Price / Budget,Competitor Displacement,Champion Collapse,1.0,Champion Collapse,True,"{""Champion Collapse"": 1.0, ""Competitor Displacement"": 0.6, ""Ghost Stall"": 0.2, ""Exec Vacuum"": 0.5}",Lost — champion left. No additional detail.
DL-1607,Enterprise,288300.0,Alation,No Decision / Stalled,Ghost Stall,Competitor Displacement,0.8,Competitor Displacement,True,"{""Champion Collapse"": 0.0, ""Competitor Displacement"": 0.8, ""Ghost Stall"": 0.4, ""Exec Vacuum"": 0.0}",snowflake offered a massive discount at teh last minute.. we couldn't match..
DL-1373,Enterprise,290100.0,Snowflake,Chose Competitor,Competitor Displacement,Competitor Displacement,1.0,Competitor Displacement,False,"{""Champion Collapse"": 0.333, ""Competitor Displacement"": 1.0, ""Ghost Stall"": 0.0, ""Exec Vacuum"": 1.0}",Lost — chose competitor. No additional detail.
DL-1233,Mid-Market,99800.0,Databricks,No Decision / Stalled,Ghost Stall,Ghost Stall,1.0,Ghost Stall,False,"{""Champion Collapse"": 0.0, ""Competitor Displacement"": 0.4, ""Ghost Stall"": 1.0, ""Exec Vacuum"": 0.0}",Multiple follow-ups with no reply. Probably went internal.
DL-1816,Enterprise,349900.0,Starburst,Missing Feature,,Ghost Stall,1.0,Ghost Stall,False,"{""Champion Collapse"": 0.167, ""Competitor Displacement"": 0.2, ""Ghost Stall"": 1.0, ""Exec Vacuum"": 1.0}","just went dark.. last email 3 weeks ago, no response.."
DL-1676,SMB,19300.0,Fivetran,Missing Feature,,Ghost Stall,1.0,Ghost Stall,False,"{""Champion Collapse"": 0.167, ""Competitor Displacement"": 0.6, ""Ghost Stall"": 1.0, ""Exec Vacuum"": 1.0}",Lost — price / budget. No additional detail.
DL-1934,SMB,11400.0,Monte Carlo,No Decision / Stalled,Ghost Stall,Exec Vacuum,1.0,Exec Vacuum,False,"{""Champion Collapse"": 0.333, ""Competitor Displacement"": 0.0, ""Ghost Stall"": 0.0, ""Exec Vacuum"": 1.0}",Never got above the data team. Budget decision was above champion's level.
DL-1709,Mid-Market,105900.0,Starburst,Missing Feature,,Ghost Stall,0.8,Ghost Stall,False,"{""Champion Collapse"": 0.0, ""Competitor Displacement"": 0.6, ""Ghost Stall"": 0.8, ""Exec Vacuum"": 0.0}",Prospect stopped engaging after the proposal. No explanation given.
DL-1358,Mid-Market,83400.0,dbt Labs,Champion Left,Champion Collapse,Champion Collapse,1.0,Champion Collapse,False,"{""Champion Collapse"": 1.0, ""Competitor Displacement"": 0.4, ""Ghost Stall"": 0.4, ""Exec Vacuum"": 0.5}",Our champion got moved to a different team mid-deal. Lost access.
DL-1258,Mid-Market,53100.0,None / Greenfield,Missing Feature,,Ghost Stall,1.0,Ghost Stall,False,"{""Champion Collapse"": 0.0, ""Competitor Displacement"": 0.4, ""Ghost Stall"": 1.0, ""Exec Vacuum"": 0.0}",Lost — price / budget. No additional detail.
DL-1632,SMB,9200.0,Atlan,Price / Budget,Competitor Displacement,Champion Collapse,1.0,Champion Collapse,True,"{""Champion Collapse"": 1.0, ""Competitor Displacement"": 0.4, ""Ghost Stall"": 0.0, ""Exec Vacuum"": 0.5}",New data lead came in and had a prior relationship with Snowflake.
DL-1376,SMB,29100.0,None / Greenfield,No Decision / Stalled,Ghost Stall,Exec Vacuum,1.0,Exec Vacuum,False,"{""Champion Collapse"": 0.333, ""Competitor Displacement"": 0.4, ""Ghost Stall"": 0.2, ""Exec Vacuum"": 1.0}",Never got above the data team. Budget decision was above champion's level.
DL-1224,SMB,21500.0,Snowflake,Wrong Timing,Ghost Stall,Exec Vacuum,1.0,,False,"{""Champion Collapse"": 0.167, ""Competitor Displacement"": 0.0, ""Ghost Stall"": 0.2, ""Exec Vacuum"": 1.0}",lost — price / budget.. no additional detail..
DL-1994,Mid-Market,87700.0,Snowflake,Price / Budget,Competitor Displacement,Exec Vacuum,1.0,Exec Vacuum,True,"{""Champion Collapse"": 0.167, ""Competitor Displacement"": 0.2, ""Ghost Stall"": 0.0, ""Exec Vacuum"": 1.0}",No exec sponsor. Deal died when Q4 budgets froze.
DL-1847,Mid-Market,36100.0,None / Greenfield,Champion Left,Champion Collapse,Champion Collapse,1.0,Champion Collapse,False,"{""Champion Collapse"": 1.0, ""Competitor Displacement"": 0.2, ""Ghost Stall"": 0.0, ""Exec Vacuum"": 0.5}",Lost — security / compliance failed. No additional detail.
DL-1347,Enterprise,501300.0,Alation,Wrong Timing,Ghost Stall,Exec Vacuum,1.0,,False,"{""Champion Collapse"": 0.167, ""Competitor Displacement"": 0.0, ""Ghost Stall"": 0.0, ""Exec Vacuum"": 1.0}",Lost — no decision / stalled. No additional detail.
DL-1505,Mid-Market,145200.0,None / Greenfield,Champion Left,Champion Collapse,Champion Collapse,1.0,Champion Collapse,False,"{""Champion Collapse"": 1.0, ""Competitor Displacement"": 0.2, ""Ghost Stall"": 0.2, ""Exec Vacuum"": 1.0}",Our champion got moved to a different team mid-deal. Lost access.
DL-1639,SMB,35000.0,None / Greenfield,Chose Competitor,Competitor Displacement,Competitor Displacement,1.0,Competitor Displacement,False,"{""Champion Collapse"": 0.0, ""Competitor Displacement"": 1.0, ""Ghost Stall"": 0.0, ""Exec Vacuum"": 0.0}",Snowflake offered a massive discount at the last minute. We couldn't match.
DL-1797,Enterprise,241800.0,dbt Labs,No Decision / Stalled,Ghost Stall,Exec Vacuum,1.0,Competitor Displacement,False,"{""Champion Collapse"": 0.333, ""Competitor Displacement"": 0.8, ""Ghost Stall"": 0.0, ""Exec Vacuum"": 1.0}",Snowflake offered a massive discount at the last minute. We couldn't match.
DL-1967,Enterprise,767100.0,Monte Carlo,Chose Competitor,Competitor Displacement,Exec Vacuum,1.0,Competitor Displacement,True,"{""Champion Collapse"": 0.333, ""Competitor Displacement"": 0.6, ""Ghost Stall"": 0.2, ""Exec Vacuum"": 1.0}",Lost — missing feature. No additional detail.
DL-1941,Mid-Market,71800.0,Fivetran,Price / Budget,Competitor Displacement,Champion Collapse,1.0,Champion Collapse,True,"{""Champion Collapse"": 1.0, ""Competitor Displacement"": 0.0, ""Ghost Stall"": 0.4, ""Exec Vacuum"": 0.5}",Lost — security / compliance failed. No additional detail.
DL-1619,Mid-Market,69600.0,Databricks,Chose Competitor,Competitor Displacement,Competitor Displacement,0.6,,False,"{""Champion Collapse"": 0.0, ""Competitor Displacement"": 0.6, ""Ghost Stall"": 0.0, ""Exec Vacuum"": 0.0}",Lost — no decision / stalled. No additional detail.
DL-1890,Mid-Market,128700.0,None / Greenfield,No Decision / Stalled,Ghost Stall,Exec Vacuum,1.0,Exec Vacuum,False,"{""Champion Collapse"": 0.167, ""Competitor Displacement"": 0.4, ""Ghost Stall"": 0.0, ""Exec Vacuum"": 1.0}",Lost — security / compliance failed. No additional detail.
DL-1795,SMB,33700.0,Databricks,Chose Competitor,Competitor Displacement,Competitor Displacement,1.0,Competitor Displacement,False,"{""Champion Collapse"": 0.167, ""Competitor Displacement"": 1.0, ""Ghost Stall"": 0.0, ""Exec Vacuum"": 1.0}",They went with Databricks. Had deeper existing footprint.
DL-1698,Enterprise,713600.0,Starburst,Missing Feature,,Ghost Stall,1.0,Ghost Stall,False,"{""Champion Collapse"": 0.167, ""Competitor Displacement"": 0.2, ""Ghost Stall"": 1.0, ""Exec Vacuum"": 1.0}","Just went dark. Last email 3 weeks ago, no response."
DL-1909,Mid-Market,84100.0,Starburst,Missing Feature,,Ghost Stall,1.0,Ghost Stall,False,"{""Champion Collapse"": 0.0, ""Competitor Displacement"": 0.4, ""Ghost Stall"": 1.0, ""Exec Vacuum"": 0.0}",Multiple follow-ups with no reply. Probably went internal.
DL-1159,Enterprise,377200.0,dbt Labs,Chose Competitor,Competitor Displacement,Champion Collapse,0.0,,False,"{""Champion Collapse"": 0.0, ""Competitor Displacement"": 0.0, ""Ghost Stall"": 0.0, ""Exec Vacuum"": 0.0}",Lost — no decision / stalled. No additional detail.
DL-1524,Enterprise,665500.0,Alation,Missing Feature,,Ghost Stall,1.0,Ghost Stall,False,"{""Champion Collapse"": 0.0, ""Competitor Displacement"": 0.0, ""Ghost Stall"": 1.0, ""Exec Vacuum"": 0.0}",Multiple follow-ups with no reply. Probably went internal.
DL-1540,SMB,23800.0,Alation,Missing Feature,,Ghost Stall,0.8,Ghost Stall,False,"{""Champion Collapse"": 0.167, ""Competitor Displacement"": 0.0, ""Ghost Stall"": 0.8, ""Exec Vacuum"": 0.0}",Lost — wrong timing. No additional detail.
DL-1170,Mid-Market,133800.0,None / Greenfield,Chose Competitor,Competitor Displacement,Competitor Displacement,0.6,Competitor Displacement,False,"{""Champion Collapse"": 0.0, ""Competitor Displacement"": 0.6, ""Ghost Stall"": 0.4, ""Exec Vacuum"": 0.0}",Lost — price / budget. No additional detail.
DL-1654,Mid-Market,149200.0,Databricks,No Decision / Stalled,Ghost Stall,Exec Vacuum,1.0,Ghost Stall,False,"{""Champion Collapse"": 0.167, ""Competitor Displacement"": 0.0, ""Ghost Stall"": 0.8, ""Exec Vacuum"": 1.0}",lost — wrong timing.. no additional detail..
DL-1926,Enterprise,594700.0,Collibra,Chose Competitor,Competitor Displacement,Exec Vacuum,1.0,,True,"{""Champion Collapse"": 0.167, ""Competitor Displacement"": 0.4, ""Ghost Stall"": 0.0, ""Exec Vacuum"": 1.0}",Lost — price / budget. No additional detail.
DL-1882,Mid-Market,95300.0,Snowflake,Price / Budget,Competitor Displacement,Exec Vacuum,1.0,Exec Vacuum,True,"{""Champion Collapse"": 0.167, ""Competitor Displacement"": 0.4, ""Ghost Stall"": 0.0, ""Exec Vacuum"": 1.0}",No exec sponsor. Deal died when Q4 budgets froze.
DL-1983,Mid-Market,115300.0,Atlan,No Decision / Stalled,Ghost Stall,Ghost Stall,1.0,Ghost Stall,False,"{""Champion Collapse"": 0.333, ""Competitor Displacement"": 0.0, ""Ghost Stall"": 1.0, ""Exec Vacuum"": 1.0}",Multiple follow-ups with no reply. Probably went internal.
DL-1563,Enterprise,316500.0,Atlan,No Decision / Stalled,Ghost Stall,Competitor Displacement,0.8,Competitor Displacement,True,"{""Champion Collapse"": 0.0, ""Competitor Displacement"": 0.8, ""Ghost Stall"": 0.0, ""Exec Vacuum"": 0.0}",Lost — wrong timing. No additional detail.
DL-1240,Mid-Market,82300.0,Collibra,Wrong Timing,Ghost Stall,Competitor Displacement,0.2,,False,"{""Champion Collapse"": 0.167, ""Competitor Displacement"": 0.2, ""Ghost Stall"": 0.0, ""Exec Vacuum"": 0.0}",Lost — wrong timing. No additional detail.
DL-1742,Mid-Market,143900.0,Databricks,No Decision / Stalled,Ghost Stall,Ghost Stall,1.0,Ghost Stall,False,"{""Champion Collapse"": 0.167, ""Competitor Displacement"": 0.4, ""Ghost Stall"": 1.0, ""Exec Vacuum"": 0.0}",Lost — security / compliance failed. No additional detail.
DL-1574,Enterprise,455800.0,Alation,Champion Left,Champion Collapse,Champion Collapse,0.0,,False,"{""Champion Collapse"": 0.0, ""Competitor Displacement"": 0.0, ""Ghost Stall"": 0.0, ""Exec Vacuum"": 0.0}",Lost — no decision / stalled. No additional detail.
DL-1690,Mid-Market,82400.0,Alation,Price / Budget,Competitor Displacement,Champion Collapse,1.0,Champion Collapse,True,"{""Champion Collapse"": 1.0, ""Competitor Displacement"": 0.4, ""Ghost Stall"": 0.0, ""Exec Vacuum"": 1.0}",Champion left the company. Couldn't rebuild the relationship in time.
DL-1553,Mid-Market,112200.0,Databricks,Chose Competitor,Competitor Displacement,Competitor Displacement,0.4,,False,"{""Champion Collapse"": 0.0, ""Competitor Displacement"": 0.4, ""Ghost Stall"": 0.0, ""Exec Vacuum"": 0.0}",Lost — chose competitor. No additional detail.
DL-1857,SMB,14200.0,Atlan,No Decision / Stalled,Ghost Stall,Competitor Displacement,1.0,Competitor Displacement,True,"{""Champion Collapse"": 0.0, ""Competitor Displacement"": 1.0, ""Ghost Stall"": 0.0, ""Exec Vacuum"": 0.0}",Snowflake offered a massive discount at the last minute. We couldn't match.
DL-1913,SMB,26000.0,None / Greenfield,Champion Left,Champion Collapse,Champion Collapse,1.0,Champion Collapse,False,"{""Champion Collapse"": 1.0, ""Competitor Displacement"": 0.2, ""Ghost Stall"": 0.0, ""Exec Vacuum"": 0.5}",lost — champion left.. no additional detail..
DL-1206,Enterprise,382700.0,Fivetran,Price / Budget,Competitor Displacement,Exec Vacuum,1.0,Exec Vacuum,True,"{""Champion Collapse"": 0.333, ""Competitor Displacement"": 0.6, ""Ghost Stall"": 0.0, ""Exec Vacuum"": 1.0}",no exec sponsor.. deal died when q4 budgets froze..
DL-1392,Mid-Market,101000.0,dbt Labs,No Decision / Stalled,Ghost Stall,Exec Vacuum,1.0,Competitor Displacement,False,"{""Champion Collapse"": 0.167, ""Competitor Displacement"": 0.8, ""Ghost Stall"": 0.4, ""Exec Vacuum"": 1.0}",They went with Databricks. Had deeper existing footprint.
DL-1794,SMB,25500.0,Starburst,Champion Left,Champion Collapse,Champion Collapse,1.0,Champion Collapse,False,"{""Champion Collapse"": 1.0, ""Competitor Displacement"": 0.2, ""Ghost Stall"": 0.0, ""Exec Vacuum"": 0.5}",Lost — no decision / stalled. No additional detail.
DL-1397,Mid-Market,64700.0,Databricks,No Decision / Stalled,Ghost Stall,Ghost Stall,0.8,Ghost Stall,False,"{""Champion Collapse"": 0.0, ""Competitor Displacement"": 0.4, ""Ghost Stall"": 0.8, ""Exec Vacuum"": 0.0}",Prospect stopped engaging after the proposal. No explanation given.
DL-1883,Mid-Market,57200.0,dbt Labs,No Decision / Stalled,Ghost Stall,Ghost Stall,1.0,Ghost Stall,False,"{""Champion Collapse"": 0.167, ""Competitor Displacement"": 0.4, ""Ghost Stall"": 1.0, ""Exec Vacuum"": 1.0}",prospect stopped engaging after teh proposal.. no explanation given..
DL-1768,Mid-Market,78100.0,None / Greenfield,No Decision / Stalled,Ghost Stall,Competitor Displacement,1.0,Competitor Displacement,True,"{""Champion Collapse"": 0.167, ""Competitor Displacement"": 1.0, ""Ghost Stall"": 0.0, ""Exec Vacuum"": 1.0}",Lost to Fivetran on connector breadth. They had 200+ native connectors.
DL-1642,Enterprise,679200.0,Snowflake,No Decision / Stalled,Ghost Stall,Exec Vacuum,1.0,Exec Vacuum,False,"{""Champion Collapse"": 0.167, ""Competitor Displacement"": 0.0, ""Ghost Stall"": 0.0, ""Exec Vacuum"": 1.0}",No exec sponsor. Deal died when Q4 budgets froze.
DL-1933,Mid-Market,83800.0,Databricks,Price / Budget,Competitor Displacement,Exec Vacuum,1.0,Exec Vacuum,True,"{""Champion Collapse"": 0.333, ""Competitor Displacement"": 0.2, ""Ghost Stall"": 0.0, ""Exec Vacuum"": 1.0}",Lost — champion left. No additional detail.
DL-1612,Mid-Market,100500.0,Starburst,Price / Budget,Competitor Displacement,Exec Vacuum,1.0,Exec Vacuum,True,"{""Champion Collapse"": 0.167, ""Competitor Displacement"": 0.6, ""Ghost Stall"": 0.0, ""Exec Vacuum"": 1.0}",No exec sponsor. Deal died when Q4 budgets froze.
DL-1546,Enterprise,219700.0,Atlan,Missing Feature,,Ghost Stall,1.0,Ghost Stall,False,"{""Champion Collapse"": 0.167, ""Competitor Displacement"": 0.0, ""Ghost Stall"": 1.0, ""Exec Vacuum"": 1.0}","just went dark.. last email 3 weeks ago, no response.."
DL-1953,Mid-Market,63100.0,Starburst,No Decision / Stalled,Ghost Stall,Exec Vacuum,1.0,Exec Vacuum,False,"{""Champion Collapse"": 0.333, ""Competitor Displacement"": 0.2, ""Ghost Stall"": 0.0, ""Exec Vacuum"": 1.0}",No exec sponsor. Deal died when Q4 budgets froze.
DL-1683,SMB,13500.0,Alation,Price / Budget,Competitor Displacement,Champion Collapse,1.0,Champion Collapse,True,"{""Champion Collapse"": 1.0, ""Competitor Displacement"": 0.0, ""Ghost Stall"": 0.2, ""Exec Vacuum"": 1.0}",Lost — wrong timing. No additional detail.
DL-1098,Enterprise,169700.0,Monte Carlo,Champion Left,Champion Collapse,Competitor Displacement,0.4,,False,"{""Champion Collapse"": 0.0, ""Competitor Displacement"": 0.4, ""Ghost Stall"": 0.0, ""Exec Vacuum"": 0.0}",Lost — no decision / stalled. No additional detail.
DL-1804,Mid-Market,85000.0,None / Greenfield,No Decision / Stalled,Ghost Stall,Exec Vacuum,1.0,Exec Vacuum,False,"{""Champion Collapse"": 0.167, ""Competitor Displacement"": 0.2, ""Ghost Stall"": 0.0, ""Exec Vacuum"": 1.0}",Lost — champion left. No additional detail.
DL-1727,Mid-Market,116600.0,Snowflake,No Decision / Stalled,Ghost Stall,Exec Vacuum,1.0,Competitor Displacement,False,"{""Champion Collapse"": 0.167, ""Competitor Displacement"": 0.8, ""Ghost Stall"": 0.2, ""Exec Vacuum"": 1.0}",Lost to Fivetran on connector breadth. They had 200+ native connectors.
DL-1573,SMB,21800.0,Snowflake,No Decision / Stalled,Ghost Stall,Exec Vacuum,1.0,Exec Vacuum,False,"{""Champion Collapse"": 0.167, ""Competitor Displacement"": 0.0, ""Ghost Stall"": 0.0, ""Exec Vacuum"": 1.0}",Never got above the data team. Budget decision was above champion's level.
DL-1406,Mid-Market,46800.0,Collibra,Wrong Timing,Ghost Stall,Champion Collapse,0.0,,False,"{""Champion Collapse"": 0.0, ""Competitor Displacement"": 0.0, ""Ghost Stall"": 0.0, ""Exec Vacuum"": 0.0}",Lost — champion left. No additional detail.
DL-1502,Mid-Market,148600.0,Atlan,Champion Left,Champion Collapse,Champion Collapse,1.0,Champion Collapse,False,"{""Champion Collapse"": 1.0, ""Competitor Displacement"": 0.0, ""Ghost Stall"": 0.0, ""Exec Vacuum"": 1.0}",Lost — price / budget. No additional detail.
DL-1032,Enterprise,780200.0,Monte Carlo,Wrong Timing,Ghost Stall,Champion Collapse,0.0,,False,"{""Champion Collapse"": 0.0, ""Competitor Displacement"": 0.0, ""Ghost Stall"": 0.0, ""Exec Vacuum"": 0.0}",Lost — security / compliance failed. No additional detail.
DL-1839,Enterprise,775700.0,Fivetran,No Decision / Stalled,Ghost Stall,Ghost Stall,1.0,Ghost Stall,False,"{""Champion Collapse"": 0.333, ""Competitor Displacement"": 0.4, ""Ghost Stall"": 1.0, ""Exec Vacuum"": 1.0}",Prospect stopped engaging after the proposal. No explanation given.
DL-1134,Enterprise,496300.0,Collibra,No Decision / Stalled,Ghost Stall,Competitor Displacement,0.2,,False,"{""Champion Collapse"": 0.167, ""Competitor Displacement"": 0.2, ""Ghost Stall"": 0.0, ""Exec Vacuum"": 0.0}",Lost — no decision / stalled. No additional detail.
DL-1915,Mid-Market,59600.0,Snowflake,Chose Competitor,Competitor Displacement,Competitor Displacement,1.0,Competitor Displacement,False,"{""Champion Collapse"": 0.0, ""Competitor Displacement"": 1.0, ""Ghost Stall"": 0.2, ""Exec Vacuum"": 0.0}",Lost — price / budget. No additional detail.
DL-1230,SMB,28000.0,Starburst,Missing Feature,,Ghost Stall,0.6,Ghost Stall,False,"{""Champion Collapse"": 0.0, ""Competitor Displacement"": 0.2, ""Ghost Stall"": 0.6, ""Exec Vacuum"": 0.0}","Just went dark. Last email 3 weeks ago, no response."
DL-1489,SMB,19800.0,Starburst,Security / Compliance Failed,,Competitor Displacement,0.4,,False,"{""Champion Collapse"": 0.0, ""Competitor Displacement"": 0.4, ""Ghost Stall"": 0.2, ""Exec Vacuum"": 0.0}",Lost — no decision / stalled. No additional detail.
DL-1772,Mid-Market,64700.0,Fivetran,No Decision / Stalled,Ghost Stall,Exec Vacuum,1.0,Exec Vacuum,False,"{""Champion Collapse"": 0.167, ""Competitor Displacement"": 0.4, ""Ghost Stall"": 0.0, ""Exec Vacuum"": 1.0}",No exec sponsor. Deal died when Q4 budgets froze.
DL-1288,Mid-Market,125500.0,Snowflake,Missing Feature,,Exec Vacuum,1.0,,False,"{""Champion Collapse"": 0.333, ""Competitor Displacement"": 0.0, ""Ghost Stall"": 0.0, ""Exec Vacuum"": 1.0}",Lost — no decision / stalled. No additional detail.
DL-1418,Enterprise,421200.0,Collibra,Price / Budget,Competitor Displacement,Champion Collapse,1.0,Champion Collapse,True,"{""Champion Collapse"": 1.0, ""Competitor Displacement"": 0.0, ""Ghost Stall"": 0.0, ""Exec Vacuum"": 0.5}",New data lead came in and had a prior relationship with Snowflake.
DL-1674,Mid-Market,75800.0,Databricks,Chose Competitor,Competitor Displacement,Competitor Displacement,0.6,Competitor Displacement,False,"{""Champion Collapse"": 0.0, ""Competitor Displacement"": 0.6, ""Ghost Stall"": 0.2, ""Exec Vacuum"": 0.0}",snowflake offered a massive discount at teh last minute.. we couldn't match..
DL-1391,Enterprise,151200.0,None / Greenfield,Chose Competitor,Competitor Displacement,Exec Vacuum,1.0,Competitor Displacement,True,"{""Champion Collapse"": 0.167, ""Competitor Displacement"": 0.8, ""Ghost Stall"": 0.0, ""Exec Vacuum"": 1.0}",Lost to Fivetran on connector breadth. They had 200+ native connectors.
DL-1592,Mid-Market,84700.0,Monte Carlo,Missing Feature,,Ghost Stall,1.0,Ghost Stall,False,"{""Champion Collapse"": 0.167, ""Competitor Displacement"": 0.4, ""Ghost Stall"": 1.0, ""Exec Vacuum"": 0.0}","Just went dark. Last email 3 weeks ago, no response."
DL-1128,Enterprise,392100.0,Snowflake,No Decision / Stalled,Ghost Stall,Competitor Displacement,0.8,Competitor Displacement,True,"{""Champion Collapse"": 0.0, ""Competitor Displacement"": 0.8, ""Ghost Stall"": 0.2, ""Exec Vacuum"": 0.0}",lost — champion left.. no additional detail..
DL-1838,Enterprise,242700.0,None / Greenfield,Price / Budget,Competitor Displacement,Champion Collapse,0.0,,False,"{""Champion Collapse"": 0.0, ""Competitor Displacement"": 0.0, ""Ghost Stall"": 0.0, ""Exec Vacuum"": 0.0}",Lost — missing feature. No additional detail.
DL-1492,Enterprise,301000.0,Databricks,No Decision / Stalled,Ghost Stall,Exec Vacuum,1.0,Exec Vacuum,False,"{""Champion Collapse"": 0.167, ""Competitor Displacement"": 0.2, ""Ghost Stall"": 0.0, ""Exec Vacuum"": 1.0}",lost — price / budget.. no additional detail..
DL-1379,SMB,24000.0,Monte Carlo,No Decision / Stalled,Ghost Stall,Exec Vacuum,1.0,Exec Vacuum,False,"{""Champion Collapse"": 0.167, ""Competitor Displacement"": 0.2, ""Ghost Stall"": 0.0, ""Exec Vacuum"": 1.0}",lost — chose competitor.. no additional detail..
DL-1187,Enterprise,215100.0,Alation,No Decision / Stalled,Ghost Stall,Exec Vacuum,1.0,Exec Vacuum,False,"{""Champion Collapse"": 0.167, ""Competitor Displacement"": 0.0, ""Ghost Stall"": 0.0, ""Exec Vacuum"": 1.0}",lost — champion left.. no additional detail..
DL-1763,Enterprise,491100.0,Collibra,No Decision / Stalled,Ghost Stall,Exec Vacuum,1.0,Exec Vacuum,False,"{""Champion Collapse"": 0.167, ""Competitor Displacement"": 0.6, ""Ghost Stall"": 0.2, ""Exec Vacuum"": 1.0}",Lost — missing feature. No additional detail.
DL-1216,Mid-Market,75800.0,Collibra,Chose Competitor,Competitor Displacement,Competitor Displacement,0.8,Competitor Displacement,False,"{""Champion Collapse"": 0.0, ""Competitor Displacement"": 0.8, ""Ghost Stall"": 0.2, ""Exec Vacuum"": 0.0}",They went with Databricks. Had deeper existing footprint.
,Enterprise,,,Wrong Timing,Ghost Stall,Champion Collapse,0.2,,False,"{""Champion Collapse"": 0.2, ""Competitor Displacement"": 0.2, ""Ghost Stall"": 0.0, ""Exec Vacuum"": 0.0}",Lost — champion left. No additional detail.
DL-1052,SMB,28600.0,Snowflake,Missing Feature,,Ghost Stall,0.8,Ghost Stall,False,"{""Champion Collapse"": 0.0, ""Competitor Displacement"": 0.6, ""Ghost Stall"": 0.8, ""Exec Vacuum"": 0.0}",Lost — price / budget. No additional detail.
DL-1878,SMB,17000.0,Fivetran,No Decision / Stalled,Ghost Stall,Ghost Stall,0.4,,False,"{""Champion Collapse"": 0.0, ""Competitor Displacement"": 0.2, ""Ghost Stall"": 0.4, ""Exec Vacuum"": 0.0}",Lost — security / compliance failed. No additional detail.
DL-1719,Mid-Market,65800.0,Collibra,Champion Left,Champion Collapse,Exec Vacuum,1.0,,False,"{""Champion Collapse"": 0.167, ""Competitor Displacement"": 0.0, ""Ghost Stall"": 0.2, ""Exec Vacuum"": 1.0}",Lost — no decision / stalled. No additional detail.
DL-1251,Enterprise,715300.0,Snowflake,Price / Budget,Competitor Displacement,Champion Collapse,1.0,Champion Collapse,True,"{""Champion Collapse"": 1.0, ""Competitor Displacement"": 0.0, ""Ghost Stall"": 0.2, ""Exec Vacuum"": 1.0}",Lost — missing feature. No additional detail.
DL-1461,SMB,18900.0,Fivetran,Price / Budget,Competitor Displacement,Exec Vacuum,1.0,Exec Vacuum,True,"{""Champion Collapse"": 0.167, ""Competitor Displacement"": 0.0, ""Ghost Stall"": 0.0, ""Exec Vacuum"": 1.0}","Champion was IC level, couldn't drive the purchase alone."
DL-1455,SMB,18600.0,Fivetran,Chose Competitor,Competitor Displacement,Exec Vacuum,1.0,,True,"{""Champion Collapse"": 0.167, ""Competitor Displacement"": 0.4, ""Ghost Stall"": 0.0, ""Exec Vacuum"": 1.0}",Lost — chose competitor. No additional detail.
DL-1270,Mid-Market,40000.0,None / Greenfield,Chose Competitor,Competitor Displacement,Competitor Displacement,0.4,,False,"{""Champion Collapse"": 0.0, ""Competitor Displacement"": 0.4, ""Ghost Stall"": 0.2, ""Exec Vacuum"": 0.0}",Lost — security / compliance failed. No additional detail.
DL-1815,Enterprise,243200.0,Starburst,No Decision / Stalled,Ghost Stall,Exec Vacuum,1.0,Exec Vacuum,False,"{""Champion Collapse"": 0.167, ""Competitor Displacement"": 0.0, ""Ghost Stall"": 0.2, ""Exec Vacuum"": 1.0}",Lost — chose competitor. No additional detail.
DL-1862,Mid-Market,125900.0,Monte Carlo,Security / Compliance Failed,,Competitor Displacement,0.4,,False,"{""Champion Collapse"": 0.0, ""Competitor Displacement"": 0.4, ""Ghost Stall"": 0.0, ""Exec Vacuum"": 0.0}",Lost — price / budget. No additional detail.
DL-1269,Enterprise,463600.0,dbt Labs,Price / Budget,Competitor Displacement,Champion Collapse,1.0,Champion Collapse,True,"{""Champion Collapse"": 1.0, ""Competitor Displacement"": 0.4, ""Ghost Stall"": 0.2, ""Exec Vacuum"": 0.5}",New data lead came in and had a prior relationship with Snowflake.
DL-1161,Enterprise,637900.0,None / Greenfield,No Decision / Stalled,Ghost Stall,Exec Vacuum,1.0,Exec Vacuum,False,"{""Champion Collapse"": 0.333, ""Competitor Displacement"": 0.4, ""Ghost Stall"": 0.0, ""Exec Vacuum"": 1.0}",Lost — chose competitor. No additional detail.
DL-1729,SMB,10000.0,Snowflake,Champion Left,Champion Collapse,Champion Collapse,1.0,Champion Collapse,False,"{""Champion Collapse"": 1.0, ""Competitor Displacement"": 0.4, ""Ghost Stall"": 0.0, ""Exec Vacuum"": 0.5}",lost — champion left.. no additional detail..
DL-1401,Enterprise,239600.0,None / Greenfield,No Decision / Stalled,Ghost Stall,Ghost Stall,1.0,Ghost Stall,False,"{""Champion Collapse"": 0.333, ""Competitor Displacement"": 0.0, ""Ghost Stall"": 1.0, ""Exec Vacuum"": 1.0}",Lost — security / compliance failed. No additional detail.
DL-1821,SMB,8300.0,Snowflake,Chose Competitor,Competitor Displacement,Champion Collapse,0.0,,False,"{""Champion Collapse"": 0.0, ""Competitor Displacement"": 0.0, ""Ghost Stall"": 0.0, ""Exec Vacuum"": 0.0}",Lost — no decision / stalled. No additional detail.
DL-1771,SMB,34700.0,None / Greenfield,Price / Budget,Competitor Displacement,Champion Collapse,1.0,Champion Collapse,True,"{""Champion Collapse"": 1.0, ""Competitor Displacement"": 0.4, ""Ghost Stall"": 0.0, ""Exec Vacuum"": 0.5}",New data lead came in and had a prior relationship with Snowflake.
DL-1105,Mid-Market,35800.0,Databricks,Chose Competitor,Competitor Displacement,Competitor Displacement,1.0,Competitor Displacement,False,"{""Champion Collapse"": 0.333, ""Competitor Displacement"": 1.0, ""Ghost Stall"": 0.2, ""Exec Vacuum"": 1.0}",They went with Databricks. Had deeper existing footprint.
DL-1001,Mid-Market,134400.0,Alation,No Decision / Stalled,Ghost Stall,Ghost Stall,1.0,Ghost Stall,False,"{""Champion Collapse"": 0.0, ""Competitor Displacement"": 0.2, ""Ghost Stall"": 1.0, ""Exec Vacuum"": 0.0}",Lost — champion left. No additional detail.
DL-1561,SMB,30000.0,Atlan,No Decision / Stalled,Ghost Stall,Ghost Stall,1.0,Ghost Stall,False,"{""Champion Collapse"": 0.0, ""Competitor Displacement"": 0.0, ""Ghost Stall"": 1.0, ""Exec Vacuum"": 0.0}",Lost — price / budget. No additional detail.
DL-1931,Enterprise,485000.0,Monte Carlo,No Decision / Stalled,Ghost Stall,Ghost Stall,1.0,Ghost Stall,False,"{""Champion Collapse"": 0.0, ""Competitor Displacement"": 0.2, ""Ghost Stall"": 1.0, ""Exec Vacuum"": 0.0}",Prospect stopped engaging after the proposal. No explanation given.
DL-1080,Mid-Market,135000.0,Databricks,Price / Budget,Competitor Displacement,Champion Collapse,1.0,Champion Collapse,True,"{""Champion Collapse"": 1.0, ""Competitor Displacement"": 0.0, ""Ghost Stall"": 0.0, ""Exec Vacuum"": 1.0}",Lost — missing feature. No additional detail.
DL-1942,Mid-Market,35100.0,Fivetran,No Decision / Stalled,Ghost Stall,Exec Vacuum,1.0,Ghost Stall,False,"{""Champion Collapse"": 0.167, ""Competitor Displacement"": 0.4, ""Ghost Stall"": 0.8, ""Exec Vacuum"": 1.0}",Lost — wrong timing. No additional detail.
DL-1775,Enterprise,200700.0,Atlan,Missing Feature,,Ghost Stall,1.0,Ghost Stall,False,"{""Champion Collapse"": 0.0, ""Competitor Displacement"": 0.6, ""Ghost Stall"": 1.0, ""Exec Vacuum"": 0.0}",Lost — security / compliance failed. No additional detail.
DL-1508,Enterprise,177400.0,Snowflake,Missing Feature,,Ghost Stall,1.0,Ghost Stall,False,"{""Champion Collapse"": 0.0, ""Competitor Displacement"": 0.0, ""Ghost Stall"": 1.0, ""Exec Vacuum"": 0.0}",Lost — security / compliance failed. No additional detail.
DL-1427,Mid-Market,87500.0,Starburst,No Decision / Stalled,Ghost Stall,Exec Vacuum,1.0,Exec Vacuum,False,"{""Champion Collapse"": 0.167, ""Competitor Displacement"": 0.0, ""Ghost Stall"": 0.2, ""Exec Vacuum"": 1.0}",Lost — price / budget. No additional detail.
DL-1091,Enterprise,348500.0,Fivetran,Chose Competitor,Competitor Displacement,Competitor Displacement,1.0,Competitor Displacement,False,"{""Champion Collapse"": 0.0, ""Competitor Displacement"": 1.0, ""Ghost Stall"": 0.2, ""Exec Vacuum"": 0.0}",Lost — no decision / stalled. No additional detail.
DL-1339,Mid-Market,64400.0,Monte Carlo,Price / Budget,Competitor Displacement,Champion Collapse,1.0,Champion Collapse,True,"{""Champion Collapse"": 1.0, ""Competitor Displacement"": 0.0, ""Ghost Stall"": 0.0, ""Exec Vacuum"": 1.0}",lost — chose competitor.. no additional detail..
DL-1897,Mid-Market,89800.0,None / Greenfield,Chose Competitor,Competitor Displacement,Competitor Displacement,0.8,Competitor Displacement,False,"{""Champion Collapse"": 0.0, ""Competitor Displacement"": 0.8, ""Ghost Stall"": 0.2, ""Exec Vacuum"": 0.0}",They went with Databricks. Had deeper existing footprint.
DL-1564,SMB,21500.0,Fivetran,Champion Left,Champion Collapse,Champion Collapse,1.0,Champion Collapse,False,"{""Champion Collapse"": 1.0, ""Competitor Displacement"": 0.2, ""Ghost Stall"": 0.0, ""Exec Vacuum"": 0.5}",Lost — wrong timing. No additional detail.
DL-1345,Enterprise,418300.0,Monte Carlo,Wrong Timing,Ghost Stall,Exec Vacuum,1.0,,False,"{""Champion Collapse"": 0.333, ""Competitor Displacement"": 0.0, ""Ghost Stall"": 0.2, ""Exec Vacuum"": 1.0}",lost — security / compliance failed.. no additional detail..
DL-1776,SMB,16100.0,Collibra,Price / Budget,Competitor Displacement,Champion Collapse,1.0,Champion Collapse,True,"{""Champion Collapse"": 1.0, ""Competitor Displacement"": 0.4, ""Ghost Stall"": 0.0, ""Exec Vacuum"": 0.5}",Lost — no decision / stalled. No additional detail.
DL-1013,SMB,18200.0,Alation,Champion Left,Champion Collapse,Competitor Displacement,0.4,,False,"{""Champion Collapse"": 0.0, ""Competitor Displacement"": 0.4, ""Ghost Stall"": 0.0, ""Exec Vacuum"": 0.0}",Lost — chose competitor. No additional detail.
DL-1315,Mid-Market,114500.0,Snowflake,Champion Left,Champion Collapse,Champion Collapse,1.0,Champion Collapse,False,"{""Champion Collapse"": 1.0, ""Competitor Displacement"": 0.2, ""Ghost Stall"": 0.0, ""Exec Vacuum"": 0.5}",Lost — price / budget. No additional detail.
DL-1387,Enterprise,575100.0,Starburst,No Decision / Stalled,Ghost Stall,Competitor Displacement,1.0,Competitor Displacement,True,"{""Champion Collapse"": 0.167, ""Competitor Displacement"": 1.0, ""Ghost Stall"": 0.4, ""Exec Vacuum"": 0.0}",Snowflake offered a massive discount at the last minute. We couldn't match.
DL-1166,SMB,31900.0,Alation,No Decision / Stalled,Ghost Stall,Competitor Displacement,1.0,Competitor Displacement,True,"{""Champion Collapse"": 0.0, ""Competitor Displacement"": 1.0, ""Ghost Stall"": 0.0, ""Exec Vacuum"": 0.0}",Lost — security / compliance failed. No additional detail.
DL-1020,SMB,8600.0,Atlan,No Decision / Stalled,Ghost Stall,Ghost Stall,0.8,Ghost Stall,False,"{""Champion Collapse"": 0.0, ""Competitor Displacement"": 0.0, ""Ghost Stall"": 0.8, ""Exec Vacuum"": 0.0}","Just went dark. Last email 3 weeks ago, no response."
DL-1818,Mid-Market,92900.0,Atlan,Price / Budget,Competitor Displacement,Champion Collapse,1.0,Champion Collapse,True,"{""Champion Collapse"": 1.0, ""Competitor Displacement"": 0.4, ""Ghost Stall"": 0.0, ""Exec Vacuum"": 0.5}",Lost — wrong timing. No additional detail.
DL-1484,Mid-Market,136800.0,Snowflake,Price / Budget,Competitor Displacement,Exec Vacuum,1.0,Exec Vacuum,True,"{""Champion Collapse"": 0.167, ""Competitor Displacement"": 0.2, ""Ghost Stall"": 0.0, ""Exec Vacuum"": 1.0}","Champion was IC level, couldn't drive the purchase alone."
DL-1504,SMB,24600.0,Atlan,Champion Left,Champion Collapse,Champion Collapse,0.833,Champion Collapse,False,"{""Champion Collapse"": 0.833, ""Competitor Displacement"": 0.0, ""Ghost Stall"": 0.0, ""Exec Vacuum"": 0.5}",Lost — missing feature. No additional detail.
DL-1243,Mid-Market,91500.0,Alation,Missing Feature,,Ghost Stall,1.0,Ghost Stall,False,"{""Champion Collapse"": 0.0, ""Competitor Displacement"": 0.2, ""Ghost Stall"": 1.0, ""Exec Vacuum"": 0.0}",Lost — wrong timing. No additional detail.
DL-1566,Enterprise,243300.0,Atlan,Chose Competitor,Competitor Displacement,Competitor Displacement,0.8,Competitor Displacement,False,"{""Champion Collapse"": 0.0, ""Competitor Displacement"": 0.8, ""Ghost Stall"": 0.2, ""Exec Vacuum"": 0.0}",They went with Databricks. Had deeper existing footprint.
DL-1875,Enterprise,754100.0,dbt Labs,Price / Budget,Competitor Displacement,Exec Vacuum,1.0,Exec Vacuum,True,"{""Champion Collapse"": 0.333, ""Competitor Displacement"": 0.0, ""Ghost Stall"": 0.0, ""Exec Vacuum"": 1.0}",Lost — missing feature. No additional detail.
DL-1562,SMB,25900.0,dbt Labs,Chose Competitor,Competitor Displacement,Competitor Displacement,1.0,Competitor Displacement,False,"{""Champion Collapse"": 0.167, ""Competitor Displacement"": 1.0, ""Ghost Stall"": 0.4, ""Exec Vacuum"": 1.0}",Snowflake offered a massive discount at the last minute. We couldn't match.
DL-1993,Enterprise,799600.0,Fivetran,Chose Competitor,Competitor Displacement,Competitor Displacement,0.8,Competitor Displacement,False,"{""Champion Collapse"": 0.0, ""Competitor Displacement"": 0.8, ""Ghost Stall"": 0.2, ""Exec Vacuum"": 0.0}",They went with Databricks. Had deeper existing footprint.
DL-1686,Mid-Market,120600.0,Alation,No Decision / Stalled,Ghost Stall,Exec Vacuum,1.0,Ghost Stall,False,"{""Champion Collapse"": 0.167, ""Competitor Displacement"": 0.4, ""Ghost Stall"": 0.8, ""Exec Vacuum"": 1.0}",lost — wrong timing.. no additional detail..
DL-1957,Enterprise,381400.0,Starburst,Champion Left,Champion Collapse,Champion Collapse,1.0,Champion Collapse,False,"{""Champion Collapse"": 1.0, ""Competitor Displacement"": 0.4, ""Ghost Stall"": 0.0, ""Exec Vacuum"": 0.5}",champion left teh company.. couldn't rebuild teh relationship in time..
DL-1189,Mid-Market,105900.0,Starburst,No Decision / Stalled,Ghost Stall,Exec Vacuum,1.0,Ghost Stall,False,"{""Champion Collapse"": 0.167, ""Competitor Displacement"": 0.0, ""Ghost Stall"": 0.8, ""Exec Vacuum"": 1.0}",Lost — price / budget. No additional detail.
DL-1699,Mid-Market,55000.0,None / Greenfield,Price / Budget,Competitor Displacement,Exec Vacuum,1.0,Exec Vacuum,True,"{""Champion Collapse"": 0.333, ""Competitor Displacement"": 0.2, ""Ghost Stall"": 0.0, ""Exec Vacuum"": 1.0}",Never got above the data team. Budget decision was above champion's level.
DL-1475,Mid-Market,65200.0,Snowflake,No Decision / Stalled,Ghost Stall,Exec Vacuum,1.0,Exec Vacuum,False,"{""Champion Collapse"": 0.167, ""Competitor Displacement"": 0.2, ""Ghost Stall"": 0.0, ""Exec Vacuum"": 1.0}",No exec sponsor. Deal died when Q4 budgets froze.
DL-1681,SMB,24200.0,Fivetran,Price / Budget,Competitor Displacement,Champion Collapse,1.0,Champion Collapse,True,"{""Champion Collapse"": 1.0, ""Competitor Displacement"": 0.0, ""Ghost Stall"": 0.0, ""Exec Vacuum"": 0.5}",Lost — security / compliance failed. No additional detail.
DL-1510,Mid-Market,36500.0,Monte Carlo,No Decision / Stalled,Ghost Stall,Ghost Stall,0.2,,False,"{""Champion Collapse"": 0.0, ""Competitor Displacement"": 0.0, ""Ghost Stall"": 0.2, ""Exec Vacuum"": 0.0}",Lost — wrong timing. No additional detail.
DL-1058,Mid-Market,67800.0,dbt Labs,No Decision / Stalled,Ghost Stall,Exec Vacuum,1.0,Exec Vacuum,False,"{""Champion Collapse"": 0.167, ""Competitor Displacement"": 0.4, ""Ghost Stall"": 0.4, ""Exec Vacuum"": 1.0}",Lost — champion left. No additional detail.
DL-1474,SMB,18800.0,Snowflake,Champion Left,Champion Collapse,Competitor Displacement,0.4,,False,"{""Champion Collapse"": 0.167, ""Competitor Displacement"": 0.4, ""Ghost Stall"": 0.0, ""Exec Vacuum"": 0.0}",Lost — price / budget. No additional detail.
DL-1560,Enterprise,740300.0,Starburst,Champion Left,Champion Collapse,Champion Collapse,1.0,Champion Collapse,False,"{""Champion Collapse"": 1.0, ""Competitor Displacement"": 0.6, ""Ghost Stall"": 0.0, ""Exec Vacuum"": 0.5}",lost — chose competitor.. no additional detail..
DL-1856,Enterprise,468300.0,None / Greenfield,Champion Left,Champion Collapse,Champion Collapse,1.0,Champion Collapse,False,"{""Champion Collapse"": 1.0, ""Competitor Displacement"": 0.4, ""Ghost Stall"": 0.2, ""Exec Vacuum"": 0.5}",Lost — chose competitor. No additional detail.
DL-1747,SMB,22400.0,Monte Carlo,Price / Budget,Competitor Displacement,Competitor Displacement,0.2,,False,"{""Champion Collapse"": 0.0, ""Competitor Displacement"": 0.2, ""Ghost Stall"": 0.0, ""Exec Vacuum"": 0.0}",Lost — champion left. No additional detail.
DL-1252,SMB,14800.0,Collibra,Chose Competitor,Competitor Displacement,Competitor Displacement,1.0,Competitor Displacement,False,"{""Champion Collapse"": 0.333, ""Competitor Displacement"": 1.0, ""Ghost Stall"": 0.4, ""Exec Vacuum"": 1.0}",Lost — wrong timing. No additional detail.
DL-1021,Enterprise,739100.0,Databricks,Wrong Timing,Ghost Stall,Competitor Displacement,0.4,,False,"{""Champion Collapse"": 0.0, ""Competitor Displacement"": 0.4, ""Ghost Stall"": 0.2, ""Exec Vacuum"": 0.0}",Lost — wrong timing. No additional detail.
DL-1313,SMB,33700.0,Fivetran,No Decision / Stalled,Ghost Stall,Competitor Displacement,1.0,Competitor Displacement,True,"{""Champion Collapse"": 0.167, ""Competitor Displacement"": 1.0, ""Ghost Stall"": 0.2, ""Exec Vacuum"": 1.0}",Lost to Fivetran on connector breadth. They had 200+ native connectors.
DL-1160,SMB,31600.0,Fivetran,No Decision / Stalled,Ghost Stall,Ghost Stall,1.0,Ghost Stall,False,"{""Champion Collapse"": 0.0, ""Competitor Displacement"": 0.0, ""Ghost Stall"": 1.0, ""Exec Vacuum"": 0.0}",Lost — security / compliance failed. No additional detail.
DL-1955,Enterprise,588500.0,Fivetran,Champion Left,Champion Collapse,Champion Collapse,1.0,Champion Collapse,False,"{""Champion Collapse"": 1.0, ""Competitor Displacement"": 0.0, ""Ghost Stall"": 0.0, ""Exec Vacuum"": 0.5}",Lost — price / budget. No additional detail.
DL-1191,Enterprise,556300.0,None / Greenfield,Security / Compliance Failed,,Exec Vacuum,1.0,,False,"{""Champion Collapse"": 0.167, ""Competitor Displacement"": 0.4, ""Ghost Stall"": 0.0, ""Exec Vacuum"": 1.0}",Lost — champion left. No additional detail.
DL-1385,Mid-Market,110700.0,Snowflake,Chose Competitor,Competitor Displacement,Exec Vacuum,1.0,Competitor Displacement,True,"{""Champion Collapse"": 0.167, ""Competitor Displacement"": 0.8, ""Ghost Stall"": 0.2, ""Exec Vacuum"": 1.0}",Lost — no decision / stalled. No additional detail.
DL-1413,Enterprise,174100.0,Fivetran,No Decision / Stalled,Ghost Stall,Competitor Displacement,0.2,,False,"{""Champion Collapse"": 0.167, ""Competitor Displacement"": 0.2, ""Ghost Stall"": 0.0, ""Exec Vacuum"": 0.0}",Lost — wrong timing. No additional detail.
DL-1343,Mid-Market,125300.0,Collibra,Security / Compliance Failed,,Exec Vacuum,1.0,,False,"{""Champion Collapse"": 0.333, ""Competitor Displacement"": 0.4, ""Ghost Stall"": 0.0, ""Exec Vacuum"": 1.0}",Lost — security / compliance failed. No additional detail.
DL-1308,Mid-Market,119600.0,dbt Labs,Price / Budget,Competitor Displacement,Champion Collapse,1.0,Champion Collapse,True,"{""Champion Collapse"": 1.0, ""Competitor Displacement"": 0.4, ""Ghost Stall"": 0.0, ""Exec Vacuum"": 0.5}",Lost — security / compliance failed. No additional detail.
DL-1130,SMB,34800.0,Collibra,Champion Left,Champion Collapse,Competitor Displacement,0.4,,False,"{""Champion Collapse"": 0.167, ""Competitor Displacement"": 0.4, ""Ghost Stall"": 0.0, ""Exec Vacuum"": 0.0}",Lost — missing feature. No additional detail.
DL-1663,SMB,21600.0,Monte Carlo,No Decision / Stalled,Ghost Stall,Ghost Stall,1.0,Ghost Stall,False,"{""Champion Collapse"": 0.0, ""Competitor Displacement"": 0.0, ""Ghost Stall"": 1.0, ""Exec Vacuum"": 0.0}",lost — price / budget.. no additional detail..
DL-1087,Mid-Market,47800.0,Alation,Price / Budget,Competitor Displacement,Champion Collapse,1.0,Champion Collapse,True,"{""Champion Collapse"": 1.0, ""Competitor Displacement"": 0.0, ""Ghost Stall"": 0.2, ""Exec Vacuum"": 0.5}",our champion got moved to a different team mid-deal.. lost access..
DL-1330,SMB,10600.0,Alation,Price / Budget,Competitor Displacement,Exec Vacuum,1.0,Exec Vacuum,True,"{""Champion Collapse"": 0.167, ""Competitor Displacement"": 0.4, ""Ghost Stall"": 0.4, ""Exec Vacuum"": 1.0}",no exec sponsor.. deal died when q4 budgets froze..
DL-1466,SMB,32900.0,Starburst,Chose Competitor,Competitor Displacement,Competitor Displacement,1.0,Competitor Displacement,False,"{""Champion Collapse"": 0.0, ""Competitor Displacement"": 1.0, ""Ghost Stall"": 0.0, ""Exec Vacuum"": 0.0}",Lost — missing feature. No additional detail.
DL-1860,SMB,8700.0,Databricks,No Decision / Stalled,Ghost Stall,Competitor Displacement,0.4,Competitor Displacement,False,"{""Champion Collapse"": 0.0, ""Competitor Displacement"": 0.4, ""Ghost Stall"": 0.2, ""Exec Vacuum"": 0.0}",snowflake offered a massive discount at teh last minute.. we couldn't match..
