deal_id,company_name,crm_account_id,opportunity_name,segment,industry,region,rep_name,rep_id,account_owner,sdr_name,product_line,contract_type,lead_source,competitor_primary,competitor_secondary,acv_usd,net_acv_usd,tcv_usd,discount_pct,budget_confirmed,budget_range_stated,created_date,close_date,sales_cycle_days,days_in_current_stage,stage_change_count,stage_regression_count,days_to_proposal,days_to_first_exec_engagement,current_stage,champion_name,champion_title,champion_seniority,champion_tenure_at_company_yrs,economic_buyer_name,economic_buyer_title,executive_sponsor_engaged,economic_buyer_meetings,unique_stakeholders_total,unique_stakeholders_at_midpoint,it_security_contact_identified,legal_contact_identified,finance_contact_identified,email_response_latency_start_days,email_response_latency_end_days,email_response_latency_delta_days,email_response_rate,total_emails_sent,total_emails_received,days_since_last_rep_touch,days_since_last_activity,last_email_subject,total_calls,call_frequency_per_week,meeting_count_total,meeting_count_last_30d,demo_count,last_meeting_type,days_since_multithread_touch,multithread_attempt_count,champion_engagement_score,champion_engagement_score_delta,stakeholder_breadth_trend,competitive_mentions_count,pricing_objection_raised,pricing_objection_count,feature_gap_flagged,security_objection_raised,proposal_sent,technical_validation_complete,security_review_complete,legal_review_started,legal_review_complete,procurement_engaged,msa_redlines_received,sow_sent,product_trial_active,trial_days_active,trial_feature_adoption_score,integration_poc_complete,open_support_tickets,intent_score,website_visits_last_30d,g2_profile_viewed,content_downloads_count,linkedin_engagement_score,rep_notes,last_call_notes_snippet,nps_score,forecast_category,next_step_defined,next_step_due_date,mutual_action_plan_shared,outcome,stated_loss_reason,injected_stall_signature
DL-1031,Cantu-Kane LLC,ACC-90516,"Allen, Reyes and Chase - Core Platform Multi-Year",SMB,Financial Services,EMEA,Nina Petrov,REP-109,Benjamin Cross,Jaylen Ford,Core Platform,Multi-Year,Outbound SDR,Monte Carlo,Fivetran,16900.0,16900.0,37700.0,0.31,,<$50k,2025-09-01,09/21/2025,20.0,13.0,5.0,2.0,,27.0,Closed Lost,Evan Kennedy,Analytics Manager,Manager,12.0,Jane Mcneil,SVP Technology,True,3.0,7,5.0,,True,False,0.8,1.2,0.4,0.74,57.0,42.0,8.0,11.0,fwd: technical review docs,17.0,0.9,7.0,1.0,1.0,Technical Review,12.0,4.0,59.0,14.0,Stable,7.0,True,1.0,False,True,False,False,False,True,True,False,False,True,True,8.0,,False,2.0,83.0,8.0,False,6.0,7.0,Lost to Fivetran on connector breadth. They had 200+ native connectors.,Manager already maybe opportunity thank them key moment lead reveal improve.,8.0,Pipeline,True,13-May-2026,,Lost,Chose Competitor,Competitor Displacement
DL-1109,The Johnson Inc,ACC-32010,Orr Group - Full Bundle Monthly,SMB,Media,EMEA,James O'Brien,REP-106,Amara Osei,,Full Bundle,Monthly,LinkedIn Outbound,Snowflake,,19800.0,17200.0,47900.0,0.23,False,$150k–$500k,03/03/2025,03/31/2025,28.0,4.0,2.0,1.0,,9.0,Closed Lost,Anna Boone,Data Engineer,IC,0.6,Barbara Dunlap,Chief Data Officer,True,3.0,4,3.0,True,True,,1.0,1.4,0.4,0.79,48.0,38.0,3.0,18.0,RE: RE: RE: Next steps??,19.0,2.6,5.0,1.0,4.0,Demo,3.0,1.0,65.0,-8.0,Contracting,4.0,True,3.0,False,True,False,False,True,False,,,,False,True,18.0,82.0,False,1.0,67.0,7.0,False,7.0,66.0,Lost — security / compliance failed. No additional detail.,Collection off start house ahead raise common Democrat cost.,7.0,Omitted,False,,True,Lost,No Decision / Stalled,Competitor Displacement
DL-1136,Rodriguez-Carr Inc,ACC-71529,,Enterprise,Technology,EMEA,James O'Brien,REP-106,,Frankie Hale,Core Platform,Pilot,Executive Referral,Databricks,,276700.0,276700.0,706700.0,0.0,False,>$500k,01/04/2024,"July 28, 2024",206.0,17.0,4.0,0.0,,,Closed Lost,Roger Lee,Analytics Engineer,IC,6.5,,CFO,False,0.0,2,2.0,False,True,False,1.1,2.2,1.1,0.24,21.0,5.0,0.0,3.0,Quick question on the proposal,15.0,1.6,7.0,3.0,3.0,Pricing,1.0,3.0,56.0,12.0,Expanding,0.0,False,0.0,,True,False,False,False,False,,False,True,False,True,27.0,90.0,False,0.0,75.0,11.0,True,5.0,40.0,No exec sponsor. Deal died when Q4 budgets froze.,,6.0,Omitted,True,"April 26, 2026",True,Lost,No Decision / Stalled,Exec Vacuum
DL-1088,The Novak-Carter,ACC-69031,"Chen, Faulkner and Casey - Core Platform Annual",SMB,Technology,West,Tyler Brooks,REP-108,Benjamin Cross,Casey Wu,Core Platform,Annual,Cold Email Sequence,Databricks,,9900.0,9100.0,,0.08,False,$150k–$500k,10/15/2025,19-Nov-2025,35.0,16.0,2.0,0.0,,,Closed Lost,Douglas Hartman,Senior Data Engineer,IC,5.6,Timothy Gonzalez,Head of Product,False,0.0,6,4.0,,False,False,1.9,2.0,0.1,0.61,28.0,17.0,7.0,7.0,fwd: technical review docs,4.0,2.6,2.0,3.0,4.0,Discovery,1.0,4.0,64.0,-2.0,Stable,2.0,True,1.0,False,False,False,True,False,False,True,True,False,False,False,,82.0,,0.0,65.0,8.0,,1.0,,Lost — wrong timing. No additional detail.,,8.0,Commit,False,2026-05-10,True,Lost,No Decision / Stalled,Exec Vacuum
DL-1918,"James, White and Contreras, Inc.",ACC-67330,Holt PLC - Governance Module Monthly,Enterprise,Manufacturing,APAC,Sophia Nguyen,REP-105,Benjamin Cross,Danny Patel,Governance Module,Monthly,Inbound - Website,Alation,,622700.0,454600.0,972500.0,0.27,False,$50k–$150k,07/19/2025,2026-01-22,187.0,52.0,5.0,1.0,,29.0,Closed Lost,Danny Lee,Director of Data,Director,,Hayley Carter,Head of Product,True,4.0,8,6.0,True,True,False,1.7,2.9,1.2,0.22,39.0,8.0,22.0,21.0,fwd: technical review docs,9.0,2.1,10.0,0.0,2.0,Pricing,15.0,2.0,90.0,2.0,Expanding,2.0,False,0.0,True,True,False,True,True,False,,,False,False,True,5.0,23.0,False,0.0,64.0,14.0,True,4.0,62.0,lost — price / budget.. no additional detail..,Employee series with sometimes statement personal once food bad.,10.0,Commit,True,05/21/2026,,Lost,No Decision / Stalled,Ghost Stall
DL-1147-DUP,Murphy-Hopkins LLC,ACC-84843,"Silva, Cunningham and Diaz - Analytics Suite Monthly",Mid-Market,Manufacturing,West,David Park,REP-104,Jordan Blake,Danny Patel,Analytics Suite,Monthly,LinkedIn Outbound,Atlan,,70400.0,70400.0,162000.0,0.0,False,>$500k,"March 26, 2025",05/14/2025,49.0,16.0,2.0,1.0,,,Closed Lost,Jeffrey Smith,Analytics Engineer,IC,1.9,,COO,False,0.0,6,4.0,False,False,,1.7,1.5,-0.2,0.85,27.0,23.0,3.0,9.0,,11.0,2.6,9.0,3.0,2.0,Executive QBR,4.0,0.0,88.0,14.0,Expanding,2.0,True,3.0,True,True,False,True,True,True,False,False,,False,True,23.0,80.0,False,2.0,58.0,17.0,True,3.0,33.0,lost — no decision / stalled.. no additional detail..,Everybody growth quickly former lose knowledge simple main board population bank exactly step through cultural safe.,8.0,Best Case,False,,,Lost,No Decision / Stalled,Exec Vacuum
DL-1870,"Larson, Johnson and Nelson, Inc.",ACC-19226,Barber PLC - Full Bundle Pilot,Enterprise,Insurance,Northeast,David Park,REP-104,Jordan Blake,,Full Bundle,Pilot,Outbound SDR,Alation,,683400.0,683400.0,1553700.0,0.0,True,<$50k,"February 04, 2025","May 28, 2025",113.0,14.0,6.0,1.0,,7.0,Closed Won,Larry Wilson,Analytics Engineer,IC,5.5,Richard Bush,CTO,True,1.0,5,4.0,False,False,,2.1,2.3,0.2,0.87,47.0,41.0,5.0,6.0,following up again...,17.0,1.8,6.0,5.0,3.0,POC Review,13.0,4.0,84.0,12.0,Expanding,2.0,True,2.0,True,False,False,False,True,True,True,True,True,,False,,44.0,True,2.0,78.0,16.0,True,,4.0,"Competitive deal vs Alation, but we had the better integration story.",Get ahead table similar create whose want until clearly poor option type.,7.0,Best Case,False,2026-05-07,,Won,,
DL-1318,Elliott-Holland LLC,ACC-71905,"Jacobs, Barnes and Hernandez - Full Bundle Multi-Year",Enterprise,Media,Midwest,Marcus Chen,REP-102,Benjamin Cross,Casey Wu,Full Bundle,Multi-Year,Partner Referral,Monte Carlo,,565500.0,565500.0,1543900.0,0.0,False,>$500k,15-Apr-2024,"July 27, 2024",103.0,12.0,4.0,0.0,27.0,,Closed Won,Jessica Johnson DDS,Analytics Manager,Manager,,Caleb Rodriguez,VP Engineering,False,0.0,7,7.0,False,False,False,0.5,1.2,0.7,0.21,28.0,6.0,6.0,3.0,Checking in,14.0,1.3,7.0,5.0,1.0,Executive QBR,8.0,3.0,81.0,-6.0,Expanding,2.0,False,0.0,True,False,True,True,True,True,False,False,False,True,False,,27.0,False,0.0,53.0,15.0,False,7.0,76.0,Technical win — their data architect loved the architecture demo.,Image forget become training sing chair something event better woman develop weight situation but money then open southern.,7.0,Commit,True,05/11/2026,True,Won,,
DL-1261,Hahn-Snyder,ACC-45768,Clark Inc - Full Bundle Multi-Year,Enterprise,Logistics,EMEA,Tyler Brooks,REP-108,Benjamin Cross,Henry Vasquez,Full Bundle,Multi-Year,LinkedIn Outbound,None / Greenfield,,710300.0,532700.0,1532900.0,0.21,False,<$50k,"April 06, 2025",2025-08-17,133.0,14.0,4.0,3.0,,28.0,Closed Lost,Mrs. Debbie Rhodes MD,Director of Data,Director,,Kathy Roman,Chief Data Officer,True,1.0,8,7.0,False,True,True,2.4,2.8,0.4,0.41,22.0,9.0,7.0,15.0,RE: RE: RE: Next steps??,15.0,0.6,9.0,4.0,4.0,Executive QBR,5.0,5.0,76.0,6.0,,5.0,True,3.0,True,False,False,False,False,False,,True,,False,False,,,True,1.0,90.0,9.0,True,7.0,,Lost — chose competitor. No additional detail.,Issue pay building difference election future great another there environment character real middle prove.,8.0,Omitted,False,"May 17, 2026",True,Lost,Chose Competitor,Competitor Displacement
DL-1535,Wilson Group Inc,ACC-25373,Martinez-Miranda - Analytics Suite Monthly,Mid-Market,Media,Southwest,Nina Petrov,REP-109,,Jaylen Ford,Analytics Suite,Monthly,LinkedIn Outbound,Collibra,Alation,92300.0,92300.0,227000.0,0.0,False,$50k–$150k,2024-06-22,2024-08-18,57.0,19.0,2.0,1.0,23.0,15.0,Closed Won,Julie Martinez,Senior Data Engineer,IC,9.4,Diana Miller,VP Operations,True,3.0,3,3.0,False,,False,0.7,1.7,1.0,0.33,49.0,16.0,2.0,8.0,RE: RE: RE: Next steps??,10.0,2.1,9.0,3.0,3.0,Demo,9.0,1.0,78.0,0.0,Stable,1.0,False,0.0,False,True,True,True,False,False,False,False,,True,True,30.0,,True,1.0,57.0,15.0,True,2.0,,"Strong champion, got exec in early. Smooth close.",,7.0,Best Case,False,,False,Won,,
DL-1919,"Winters, Torres and Poole",ACC-55919,Campos-Robinson - Core Platform Monthly,SMB,Logistics,Midwest,David Park,REP-104,Jordan Blake,Henry Vasquez,Core Platform,Monthly,Executive Referral,Monte Carlo,,23400.0,23400.0,59500.0,0.0,False,>$500k,2025-03-26,04/28/2025,33.0,11.0,5.0,1.0,,,Closed Lost,Andre Hubbard,Head of Data Engineering,Manager,11.0,,SVP Technology,False,0.0,7,1.0,True,True,True,1.7,8.13,6.43,0.41,22.0,9.0,2.0,10.0,RE: RE: RE: Next steps??,20.0,1.2,4.0,5.0,2.0,Demo,37.0,4.0,42.0,-24.0,Expanding,2.0,False,0.0,False,True,False,False,True,True,False,True,False,False,True,30.0,21.0,True,1.0,69.0,10.0,True,8.0,56.0,lost — price / budget.. no additional detail..,Lay easy economic believe successful suffer property store hear institution return thank coach international third.,7.0,Best Case,False,05/21/2026,True,Lost,Champion Left,Champion Collapse
DL-1596,Thompson Inc LLC,ACC-85230,Juarez-Burns - Core Platform Pilot,Enterprise,Financial Services,APAC,Nina Petrov,REP-109,Benjamin Cross,Grace Okonkwo,Core Platform,Pilot,PLG Expansion,Atlan,dbt Labs,516500.0,516500.0,1465400.0,0.0,False,$150k–$500k,2024-03-12,"September 21, 2024",193.0,19.0,6.0,1.0,26.0,22.0,Closed Lost,Melissa Owens,Analytics Manager,Manager,0.7,Sharon Gonzales,VP Operations,True,2.0,2,1.0,True,True,True,1.9,2.8,0.9,0.73,11.0,8.0,0.0,1.0,Quick question on the proposal,14.0,1.3,8.0,1.0,3.0,Demo,4.0,5.0,84.0,-7.0,Expanding,2.0,False,0.0,False,False,True,True,False,True,False,False,False,,True,8.0,28.0,,1.0,,21.0,False,5.0,56.0,Lost — missing feature. No additional detail.,Really reveal these project group door movement under sometimes two so sport.,,Omitted,False,2026-05-19,False,Lost,Missing Feature,
DL-1076,WrightLLC,ACC-39852,,Enterprise,Logistics,Northeast,Sophia Nguyen,REP-105,,Frankie Hale,Governance Module,Monthly,Cold Email Sequence,dbt Labs,Atlan,779300.0,779300.0,2133700.0,0.0,True,>$500k,"April 22, 2024","October 08, 2024",169.0,9.0,2.0,1.0,,,Closed Lost,Amanda Keller,Senior Data Engineer,IC,,Taylor Small,CFO,False,5.0,5,1.0,False,False,True,2.4,9.54,7.14,0.12,51.0,6.0,1.0,8.0,Checking in,11.0,2.0,2.0,3.0,4.0,Discovery,20.0,1.0,50.0,-20.0,Stable,2.0,False,0.0,True,True,False,True,True,False,True,,,True,False,,97.0,True,2.0,52.0,4.0,True,7.0,,Our champion got moved to a different team mid-deal. Lost access.,Deal beyond almost our reflect any scientist I doctor describe tell argue.,10.0,Best Case,False,05/19/2026,False,Lost,Price / Budget,Champion Collapse
DL-1107,"Brandt, Young and Green LLC",ACC-71592,Howe-Long - Core Platform Multi-Year,Mid-Market,Energy,EMEA,Tyler Brooks,REP-108,Hana Takeda,Elena Ruiz,Core Platform,Multi-Year,Partner Referral,Collibra,Databricks,89900.0,88100.0,262100.0,0.02,True,$150k–$500k,26-Apr-2024,06/19/2024,54.0,15.0,6.0,1.0,,,Closed Lost,Erika Chavez,Lead Data Engineer,IC,10.9,Tony Taylor,CTO,False,0.0,4,1.0,False,True,False,2.0,8.66,6.66,0.83,12.0,10.0,6.0,4.0,Q4 pricing — URGENT,16.0,0.6,8.0,1.0,2.0,Executive QBR,40.0,5.0,44.0,-31.0,Expanding,0.0,False,0.0,True,False,False,False,True,True,False,False,False,,False,,57.0,True,0.0,54.0,2.0,,7.0,50.0,New data lead came in and had a prior relationship with Snowflake.,Board black last finish building group show later leg system bed space fight relate owner Democrat task chance.,10.0,Omitted,True,,False,Lost,Champion Left,Champion Collapse
DL-1424,Adkins PLC LLC,ACC-34828,Torres-Potter - Governance Module Annual,Mid-Market,Financial Services,APAC,David Park,REP-104,Amara Osei,Casey Wu,Governance Module,Annual,Executive Referral,Atlan,,149900.0,106400.0,106400.0,0.29,True,<$50k,11/27/2025,2026-03-02,95.0,16.0,2.0,1.0,,24.0,Closed Lost,John Moore,Head of Data Engineering,Manager,6.7,Lori Cunningham,COO,True,1.0,6,6.0,True,True,True,0.7,1.4,0.7,0.71,14.0,10.0,1.0,6.0,fwd: technical review docs,12.0,1.4,9.0,2.0,2.0,Discovery,5.0,5.0,94.0,-8.0,Stable,0.0,False,0.0,,True,False,True,False,True,False,False,True,True,False,,85.0,,1.0,73.0,5.0,True,,17.0,Lost — missing feature. No additional detail.,Yet age wind news make doctor TV capital parent sure best design yeah number condition.,9.0,Best Case,False,,,Lost,Price / Budget,
DL-1584,"Wood, Walker and Esparza Inc",ACC-81387,"Rodriguez, Page and Wood - Governance Module Annual",Enterprise,Technology,Southeast,James O'Brien,REP-106,Hana Takeda,Elena Ruiz,Governance Module,Annual,PLG Expansion,Atlan,Collibra,715600.0,515200.0,515200.0,0.28,False,<$50k,2024-05-04,28-Aug-2024,116.0,4.0,5.0,1.0,,11.0,Closed Won,Matthew Stone,Lead Data Engineer,IC,5.4,,VP Operations,True,2.0,8,7.0,False,False,,1.6,2.8,1.2,0.67,58.0,39.0,0.0,1.0,RE: RE: RE: Next steps??,15.0,2.3,9.0,2.0,3.0,POC Review,4.0,1.0,71.0,7.0,Expanding,2.0,True,3.0,False,True,False,False,True,True,True,,True,True,False,,,,1.0,79.0,5.0,,7.0,81.0,"Competitive deal vs Atlan, but we had the better integration story.",Particular series significant expert energy account fill perhaps.,10.0,Best Case,False,29-Apr-2026,False,Won,,
DL-1853,Johnston and Sons LLC,ACC-14716,May LLC - Analytics Suite Multi-Year,Mid-Market,Technology,EMEA,Priya Shah,REP-101,Liam Sutherland,Jaylen Ford,Analytics Suite,Multi-Year,Executive Referral,Databricks,,89900.0,89900.0,245900.0,0.0,False,$50k–$150k,2025-12-17,2026-03-16,89.0,5.0,3.0,0.0,,31.0,Closed Won,James Dudley,Head of Data Engineering,Manager,,Brooke Quinn,Chief Data Officer,True,3.0,8,6.0,True,True,False,2.1,1.1,-1.0,0.89,46.0,41.0,4.0,10.0,Re: Follow up from our call,16.0,0.8,5.0,1.0,4.0,Demo,14.0,0.0,66.0,-7.0,Contracting,0.0,False,0.0,True,False,False,False,True,True,,False,False,False,False,,,True,0.0,93.0,8.0,False,,,Technical win — their data architect loved the architecture demo.,Friend teacher quickly four describe control hundred significant fear kind soldier community.,10.0,Omitted,True,05/08/2026,,Won,,
DL-1664,"Johnson, Rice and Hogan Inc",ACC-53578,"Hoover, Walker and Wallace - Governance Module Pilot",Mid-Market,Media,Northeast,Priya Shah,REP-101,Hana Takeda,Elena Ruiz,Governance Module,Pilot,Outbound SDR,Monte Carlo,,129700.0,124500.0,347400.0,0.23,,>$500k,06-Dec-2024,"February 15, 2025",71.0,8.0,2.0,1.0,26.0,,Closed Lost,Kenneth Ross,Data Platform Lead,Manager,10.6,Cole Mcdonald,COO,False,0.0,6,6.0,,False,True,1.4,2.1,0.7,0.7,10.0,7.0,2.0,13.0,,11.0,1.2,4.0,5.0,2.0,Pricing,11.0,0.0,93.0,0.0,Stable,4.0,True,4.0,False,True,True,True,False,True,,False,,,True,18.0,34.0,False,0.0,76.0,11.0,True,6.0,,They went with Databricks. Had deeper existing footprint.,Everything artist still understand picture ground check keep Mr agency.,9.0,Best Case,True,"May 03, 2026",False,Lost,No Decision / Stalled,Competitor Displacement
DL-1829,Colon Group,ACC-70175,"Washington, Kirk and Nicholson - Governance Module Multi-Year",Enterprise,Education,Midwest,Marcus Chen,REP-102,Benjamin Cross,Casey Wu,Governance Module,Multi-Year,Outbound SDR,Alation,Collibra,618500.0,581400.0,1671400.0,0.21,False,<$50k,"June 28, 2024",04-Oct-2024,98.0,10.0,6.0,3.0,38.0,22.0,Closed Lost,Katelyn Pittman,Analytics Manager,Manager,4.8,Christian Adams,CTO,True,4.0,3,3.0,,False,True,2.2,0.9,-1.3,0.2,56.0,11.0,4.0,10.0,Re: Follow up from our call,5.0,2.3,8.0,4.0,2.0,Technical Review,11.0,2.0,60.0,15.0,Contracting,5.0,True,2.0,,False,True,False,False,True,True,True,False,False,False,,74.0,False,2.0,65.0,18.0,,4.0,48.0,lost — missing feature.. no additional detail..,Guy participant money federal trial less government show seem man write wind.,6.0,Omitted,True,2026-05-05,False,Lost,Chose Competitor,Competitor Displacement
DL-1420,"Williams-Parrish, Inc.",ACC-59458,Richardson-Small - Governance Module Multi-Year,Mid-Market,Technology,APAC,David Park,REP-104,Jordan Blake,Isla Berg,Governance Module,Multi-Year,Cold Email Sequence,Starburst,,46500.0,46500.0,,0.0,False,,2024-05-30,12-Aug-2024,74.0,3.0,5.0,0.0,12.0,,Closed Won,Darlene Rogers,Analytics Manager,Manager,10.7,Robert Daniels,Head of Product,False,0.0,3,3.0,True,False,False,1.7,1.6,-0.1,0.86,56.0,48.0,6.0,2.0,Quick question on the proposal,15.0,1.3,3.0,3.0,2.0,Technical Review,3.0,1.0,55.0,-6.0,,1.0,False,0.0,False,True,True,True,False,False,False,False,,True,True,22.0,,False,2.0,94.0,20.0,True,5.0,86.0,"Strong champion, got exec in early. Smooth close.",Fall indicate land fear along born rule most how compare movement.,9.0,,False,"April 28, 2026",True,Won,,
DL-1597,ramirez llc,ACC-62120,,Enterprise,Media,Southeast,Emily Rodriguez,REP-103,Jordan Blake,Jaylen Ford,Core Platform,Pilot,Cold Email Sequence,Snowflake,,427800.0,299500.0,886200.0,0.3,,,19-Dec-2024,"May 09, 2025",141.0,5.0,2.0,1.0,43.0,16.0,Closed Won,Kenneth Bauer,Lead Data Engineer,IC,,Joe Reed,Director of IT,True,1.0,8,8.0,False,True,,1.5,2.4,0.9,0.78,46.0,36.0,0.0,7.0,Introduction: Williams <> Tiger Data,5.0,1.6,7.0,1.0,1.0,POC Review,7.0,4.0,71.0,-4.0,Expanding,2.0,True,4.0,True,True,True,True,False,True,,,True,False,True,14.0,91.0,True,2.0,94.0,13.0,,,39.0,Fast cycle. Champion had budget approved before we even started.,West the now up behavior single poor cold unit walk see.,6.0,Pipeline,False,02-May-2026,True,Won,,
DL-1458,The Phelps-Thomas,ACC-76705,Patel-Sanders - Governance Module Pilot,Mid-Market,Media,Southwest,David Park,REP-104,,Elena Ruiz,Governance Module,Pilot,Event / Conference,Fivetran,,54900.0,54900.0,150000.0,0.0,False,,07-Nov-2025,"December 29, 2025",52.0,5.0,4.0,1.0,12.0,23.0,Closed Won,Ashley Blanchard,Data Architect,IC,2.5,,COO,True,3.0,8,6.0,False,False,False,0.6,2.1,1.5,0.26,27.0,7.0,1.0,3.0,Introduction: Mcdowell <> Tiger Data,5.0,2.5,2.0,1.0,1.0,Demo,9.0,0.0,84.0,-2.0,Stable,2.0,True,2.0,False,True,True,False,False,False,False,False,,False,True,10.0,,False,1.0,,25.0,True,0.0,65.0,"Competitive deal vs Fivetran, but we had the better integration story.",Wife food different step early choice yeah ago difference reason despite themselves key specific certainly father who tax.,7.0,Commit,False,05/21/2026,True,Won,,
DL-1312,"Kennedy, Bailey and Myers, Inc.",ACC-97071,Rose LLC - Governance Module Multi-Year,Enterprise,Insurance,Southeast,Marcus Chen,REP-102,Hana Takeda,Jaylen Ford,Governance Module,Multi-Year,Partner Referral,None / Greenfield,,456600.0,456600.0,1102400.0,0.0,True,$50k–$150k,2024-04-26,09/03/2024,130.0,6.0,4.0,0.0,,13.0,Closed Won,Thomas Haynes,Analytics Engineer,IC,7.5,Anne Morris,VP Engineering,True,3.0,2,2.0,False,False,,2.3,1.5,-0.8,0.47,59.0,28.0,3.0,1.0,[External] Re: Tiger Data POC,14.0,2.2,9.0,3.0,3.0,Demo,7.0,0.0,87.0,-4.0,Expanding,2.0,True,4.0,True,True,False,False,True,True,False,,False,False,True,23.0,48.0,True,0.0,80.0,13.0,False,,,"Strong champion, got exec in early. Smooth close.",,7.0,Commit,False,"May 15, 2026",True,Won,,
DL-1649,"Chase-Jones, Inc.",ACC-50820,"Cobb, Duncan and Day - Full Bundle Multi-Year",SMB,Energy,Southwest,Rachel Kim,REP-107,Liam Sutherland,Frankie Hale,Full Bundle,Multi-Year,LinkedIn Outbound,Snowflake,,30200.0,29000.0,72700.0,0.04,True,<$50k,04/07/2025,14-May-2025,37.0,15.0,6.0,1.0,17.0,32.0,Closed Won,Sara Williams,Lead Data Engineer,IC,8.9,Mark Haley,VP Operations,True,2.0,8,6.0,True,,True,0.7,1.7,1.0,0.9,21.0,19.0,8.0,2.0,following up again...,6.0,0.9,3.0,4.0,3.0,Discovery,14.0,3.0,58.0,-9.0,Expanding,1.0,False,0.0,False,,True,True,True,False,False,True,True,,True,16.0,58.0,False,2.0,54.0,5.0,False,1.0,36.0,"Competitive deal vs Snowflake, but we had the better integration story.",Trial member drug charge total because hotel detail carry until example question whatever type lead senior you news.,6.0,,,"May 18, 2026",True,Won,,
DL-1365,Perez-Oliver,ACC-20364,"Sullivan, Long and Robinson - Analytics Suite Monthly",Mid-Market,Logistics,APAC,Alex Morgan,REP-100,Liam Sutherland,Grace Okonkwo,Analytics Suite,Monthly,Event / Conference,dbt Labs,,55000.0,41200.0,122800.0,0.25,False,,09/01/2025,"October 16, 2025",45.0,5.0,5.0,0.0,31.0,20.0,Closed Won,Melissa Simpson,Data Platform Lead,Manager,,Dalton Walsh,VP Operations,True,2.0,4,3.0,True,False,False,1.3,2.4,1.1,0.96,28.0,27.0,5.0,7.0,Re: Follow up from our call,16.0,1.0,3.0,4.0,2.0,Technical Review,5.0,2.0,64.0,10.0,Expanding,0.0,True,4.0,True,False,True,True,False,True,True,True,False,False,True,30.0,,False,2.0,93.0,2.0,False,4.0,,"Competitive deal vs dbt Labs, but we had the better integration story.",Explain about continue traditional performance school system reach color race coach forward lay while program into again window thing.,9.0,Pipeline,False,"May 06, 2026",False,Won,,
DL-1321,rhodes-randolph,ACC-86546,Castillo PLC - Full Bundle Pilot,Enterprise,Energy,Northeast,Sophia Nguyen,REP-105,Hana Takeda,Grace Okonkwo,Full Bundle,Pilot,Partner Referral,Starburst,,156700.0,152000.0,313100.0,0.03,,$50k–$150k,2024-03-22,21-Aug-2024,152.0,15.0,3.0,0.0,,,Closed Lost,Megan Patel,Senior Data Engineer,IC,1.6,Adrian Lee,SVP Technology,False,0.0,3,3.0,True,True,False,1.7,2.9,1.2,0.31,36.0,11.0,8.0,0.0,RE: RE: RE: Next steps??,15.0,2.9,5.0,1.0,2.0,Pricing,8.0,2.0,90.0,-7.0,Stable,1.0,True,3.0,True,False,False,True,False,False,True,False,False,False,True,16.0,93.0,True,0.0,73.0,5.0,False,4.0,62.0,"Champion was IC level, couldn't drive the purchase alone.",,9.0,Best Case,True,"May 11, 2026",True,Lost,Price / Budget,Exec Vacuum
DL-1629,"The Downs, Fernandez and Stuart",ACC-70178,"King, Adams and Conway - Governance Module Pilot",SMB,Media,Northeast,Emily Rodriguez,REP-103,Benjamin Cross,Casey Wu,Governance Module,Pilot,Executive Referral,Collibra,,19600.0,16300.0,34200.0,0.31,False,<$50k,"July 08, 2024",2024-08-05,28.0,16.0,6.0,3.0,,,Closed Lost,Mariah Vargas,Chief Data Officer,C-Suite,,David Bradley,CFO,False,0.0,5,3.0,True,True,True,2.5,2.8,0.3,0.83,12.0,10.0,7.0,15.0,fwd: technical review docs,5.0,1.9,3.0,2.0,1.0,Pricing,15.0,0.0,94.0,-3.0,Stable,7.0,True,4.0,True,False,False,True,False,False,False,True,True,True,False,,97.0,False,0.0,74.0,22.0,True,,51.0,lost — missing feature.. no additional detail..,Character both position near air turn church thing decide common.,9.0,Best Case,,2026-05-09,False,Lost,No Decision / Stalled,Competitor Displacement
DL-1914,soto-bond,ACC-20984,Lewis-Irwin - Governance Module Annual,SMB,Healthcare,Midwest,Sophia Nguyen,REP-105,Jordan Blake,,Governance Module,Annual,Inbound - Website,Monte Carlo,,33200.0,28200.0,28200.0,0.15,,>$500k,04-Nov-2025,29-Nov-2025,25.0,6.0,3.0,1.0,,34.0,Closed Won,Kelly Allen,Data Architect,IC,5.1,Matthew Murray,Director of IT,True,5.0,4,2.0,True,True,False,2.3,2.0,-0.3,0.56,52.0,29.0,4.0,10.0,fwd: technical review docs,18.0,2.8,11.0,4.0,2.0,,7.0,4.0,61.0,9.0,Stable,0.0,False,0.0,True,False,False,False,True,True,False,False,False,True,False,,,True,0.0,60.0,5.0,False,1.0,,Fast cycle. Champion had budget approved before we even started.,,9.0,Omitted,True,05/08/2026,False,Won,,
DL-1468,The Becker-Mckinney,ACC-32295,"Collins, Bentley and Valdez - Governance Module Monthly",Enterprise,Financial Services,EMEA,Rachel Kim,REP-107,Amara Osei,Jaylen Ford,Governance Module,Monthly,Inbound - Website,Monte Carlo,,375700.0,319300.0,713400.0,0.15,False,$50k–$150k,07-May-2025,2025-10-26,172.0,13.0,6.0,0.0,25.0,,Closed Lost,Jennifer Smith,Senior Data Engineer,IC,9.5,Jamie Kirby,VP Engineering,False,0.0,8,6.0,True,True,True,1.7,2.2,0.5,0.38,34.0,13.0,0.0,9.0,following up again...,3.0,1.7,12.0,5.0,4.0,Discovery,7.0,3.0,95.0,8.0,Stable,2.0,False,0.0,False,True,True,True,False,False,True,False,True,,False,,94.0,True,2.0,79.0,3.0,True,,,Lost — price / budget. No additional detail.,,,Commit,True,05/10/2026,True,Lost,Chose Competitor,
DL-1598,"Johnson, Turner and Woods LLC",ACC-27761,"Parrish, Dixon and Brown - Analytics Suite Multi-Year",Enterprise,Logistics,Southeast,Alex Morgan,REP-100,Hana Takeda,Henry Vasquez,Analytics Suite,Multi-Year,Inbound - Website,None / Greenfield,None / Greenfield,500100.0,450100.0,1019900.0,0.1,True,,22-Oct-2025,07-Feb-2026,108.0,19.0,3.0,0.0,26.0,,Closed Won,Susan Ray,Director of Data,Director,10.2,Angela Mcdaniel DDS,CFO,False,0.0,4,2.0,True,True,False,0.6,1.6,1.0,0.15,39.0,6.0,3.0,1.0,,14.0,1.0,12.0,3.0,3.0,Executive QBR,1.0,1.0,72.0,14.0,Stable,0.0,True,2.0,,True,True,True,False,False,False,False,,False,True,24.0,83.0,True,1.0,70.0,8.0,True,,,"competitive deal vs none / greenfield, but we had teh better integration story..",Whose certain any character charge debate brother rather red least level produce apply paper second become both idea can.,10.0,Best Case,False,05/06/2026,,Won,,
DL-1394,Andrews-Gilbert,ACC-63211,,Enterprise,Insurance,Southeast,Emily Rodriguez,REP-103,Amara Osei,Isla Berg,Governance Module,Annual,Event / Conference,Starburst,,427000.0,307400.0,307400.0,0.28,False,,2024-04-29,02-Dec-2024,217.0,51.0,6.0,0.0,,32.0,Closed Lost,Donald Gonzales,Analytics Manager,Manager,8.3,Donna Hardin,Head of Product,True,1.0,6,5.0,True,True,True,1.1,0.9,-0.2,0.14,42.0,5.0,24.0,32.0,,5.0,0.7,5.0,0.0,1.0,Pricing,7.0,5.0,62.0,8.0,Stable,2.0,True,2.0,True,False,False,False,False,False,True,,True,True,False,,52.0,True,0.0,77.0,23.0,,2.0,46.0,Lost — security / compliance failed. No additional detail.,Send under project cell deal stuff senior agree total whether music sometimes according strategy ago data walk number rule.,9.0,,True,,False,Lost,No Decision / Stalled,Ghost Stall
DL-1536,Martin LLC,ACC-19886,,Enterprise,Logistics,Southeast,David Park,REP-104,,Danny Patel,Full Bundle,Annual,Cold Email Sequence,Collibra,Databricks,283500.0,260800.0,260800.0,0.08,False,$50k–$150k,2024-05-11,"October 27, 2024",169.0,3.0,4.0,1.0,44.0,15.0,Closed Won,Karen Middleton,Data Engineer,IC,,Amanda Castaneda,CTO,True,5.0,8,8.0,False,False,,1.6,0.8,-0.8,0.2,35.0,7.0,6.0,7.0,RE: RE: RE: Next steps??,11.0,2.0,2.0,3.0,2.0,POC Review,15.0,2.0,86.0,9.0,Contracting,1.0,True,3.0,True,True,True,False,True,False,True,True,False,True,False,,52.0,False,1.0,76.0,9.0,True,7.0,62.0,Close was delayed 2 weeks on legal but closed strong.,Billion mention speech defense couple point similar security at year dinner prevent tree manager side hold.,8.0,Omitted,,06-May-2026,False,Won,,
DL-1720,"Brown, Smith and Cook LLC",ACC-59707,,SMB,Energy,EMEA,Tyler Brooks,REP-108,Liam Sutherland,Isla Berg,Governance Module,Annual,LinkedIn Outbound,Snowflake,,28800.0,25100.0,25100.0,0.13,,>$500k,07/10/2025,"August 09, 2025",30.0,16.0,6.0,1.0,20.0,25.0,Closed Won,Jessica Richardson,Analytics Manager,Manager,5.7,Joanna Sanchez,Director of IT,True,4.0,4,2.0,,False,True,2.0,0.7,-1.3,0.39,51.0,20.0,5.0,6.0,Re: Follow up from our call,16.0,0.6,10.0,2.0,2.0,Executive QBR,7.0,5.0,57.0,7.0,Contracting,1.0,False,0.0,True,True,True,True,True,False,True,True,False,True,False,,,False,1.0,78.0,11.0,False,,,Technical win — their data architect loved the architecture demo.,Team star dream maintain control get theory big face hotel quickly amount care meet.,6.0,Commit,False,2026-05-15,False,Won,,
DL-1333,"Campbell, Collins and Mcclure LLC",ACC-55123,,Enterprise,Energy,Southwest,James O'Brien,REP-106,Hana Takeda,Henry Vasquez,Core Platform,Monthly,Partner Referral,Alation,,302600.0,230000.0,570500.0,0.24,,,2023-12-27,06/09/2024,165.0,6.0,4.0,1.0,,8.0,Closed Won,Jeffery Gibson,Director of Data,Director,10.3,Jennifer Ramsey,VP Engineering,True,4.0,7,6.0,,False,True,0.9,1.7,0.8,0.73,22.0,16.0,2.0,8.0,following up again...,12.0,2.1,2.0,1.0,4.0,Pricing,5.0,5.0,69.0,5.0,Expanding,1.0,False,0.0,False,True,False,False,True,False,True,False,,True,True,26.0,58.0,,1.0,54.0,14.0,True,,59.0,Fast cycle. Champion had budget approved before we even started.,Risk space owner help again step shake popular analysis eat.,8.0,Pipeline,False,2026-04-25,True,Won,,
DL-1409,"Pennington,OsbornandChen",ACC-68866,Thompson-Brady - Governance Module Multi-Year,SMB,Retail,Midwest,Emily Rodriguez,REP-103,Hana Takeda,,Governance Module,Multi-Year,Cold Email Sequence,Fivetran,Fivetran,12800.0,12800.0,34700.0,0.0,False,<$50k,2025-03-30,28-Apr-2025,29.0,19.0,5.0,1.0,16.0,,Closed Won,Kimberly Garcia,Analytics Engineer,IC,6.2,Louis Reeves,Director of IT,False,0.0,2,1.0,False,False,False,1.1,1.6,0.5,0.53,15.0,8.0,0.0,2.0,Re: Follow up from our call,15.0,0.9,11.0,2.0,1.0,Pricing,4.0,3.0,82.0,13.0,Contracting,1.0,False,0.0,True,False,True,False,True,True,,False,True,True,True,6.0,79.0,True,1.0,81.0,21.0,True,6.0,,Fast cycle. Champion had budget approved before we even started.,That capital information suffer argue PM artist best name work create.,9.0,Pipeline,False,16-May-2026,False,Won,,
DL-1059,JOHNSON-SPENCER,ACC-59415,Mcdonald-Bird - Governance Module Pilot,Mid-Market,Education,APAC,Priya Shah,REP-101,Hana Takeda,Isla Berg,Governance Module,Pilot,PLG Expansion,Databricks,,68800.0,68800.0,157600.0,0.34,False,$50k–$150k,2024-08-14,06-Oct-2024,53.0,20.0,3.0,1.0,40.0,34.0,Closed Lost,Stephen Jones,Data Architect,IC,4.1,Mitchell Mendoza,Head of Product,True,3.0,7,5.0,,True,False,2.3,2.5,0.2,0.75,53.0,40.0,7.0,20.0,,12.0,2.5,9.0,2.0,4.0,Technical Review,1.0,1.0,68.0,-5.0,Contracting,3.0,True,2.0,True,False,True,True,False,True,False,False,True,True,False,,24.0,False,2.0,64.0,23.0,,7.0,27.0,Lost — no decision / stalled. No additional detail.,Shoulder statement available win politics last quite general there sister policy consider whom item treat.,9.0,,False,05/14/2026,True,Lost,Chose Competitor,Competitor Displacement
DL-1256,"Evans, Matthews and Gibson Inc",ACC-78738,"Cole, Morton and Peterson - Analytics Suite Monthly",Mid-Market,Financial Services,APAC,Nina Petrov,REP-109,Hana Takeda,Grace Okonkwo,Analytics Suite,Monthly,Cold Email Sequence,Collibra,Atlan,67300.0,66600.0,154500.0,0.26,True,,"May 18, 2024","July 26, 2024",69.0,4.0,4.0,2.0,,24.0,Closed Lost,Rhonda Clark,Head of Data Engineering,Manager,9.2,William Green,SVP Technology,True,3.0,4,2.0,False,True,True,1.9,2.6,0.7,0.58,26.0,15.0,2.0,14.0,,17.0,2.2,8.0,4.0,2.0,Pricing,1.0,4.0,64.0,9.0,Contracting,7.0,True,4.0,False,True,False,False,True,True,,False,,True,True,15.0,83.0,,0.0,91.0,15.0,True,,,Lost — security / compliance failed. No additional detail.,Its adult house actually pretty least if price season rise.,9.0,Omitted,True,15-May-2026,True,Lost,No Decision / Stalled,Competitor Displacement
DL-1969,"Randall,ReynoldsandTaylor",ACC-74026,"Hansen, Schmidt and Mcintosh - Governance Module Monthly",Enterprise,Healthcare,Southwest,David Park,REP-104,Hana Takeda,Frankie Hale,Governance Module,Monthly,PLG Expansion,Snowflake,Alation,657500.0,598300.0,1445900.0,0.09,True,$50k–$150k,06/26/2024,"October 20, 2024",116.0,51.0,5.0,1.0,,25.0,Closed Lost,Spencer Bailey,Senior Data Engineer,IC,2.0,Susan Austin,VP Operations,True,5.0,7,7.0,False,False,,1.8,1.3,-0.5,0.13,53.0,6.0,24.0,21.0,Q4 pricing — URGENT,15.0,0.8,10.0,0.0,3.0,Pricing,11.0,0.0,56.0,2.0,Contracting,2.0,False,0.0,True,False,False,False,True,True,True,True,False,False,False,,,,2.0,59.0,8.0,,,,multiple follow-ups with no reply.. probably went internal..,Available hope where indicate campaign until successful age because best risk cover.,10.0,Pipeline,False,05/10/2026,,Lost,Missing Feature,Ghost Stall
DL-1685,"Jackson-Johnson, Inc.",ACC-39674,Moran-Sampson - Analytics Suite Multi-Year,Enterprise,Education,APAC,Emily Rodriguez,REP-103,Amara Osei,Grace Okonkwo,Analytics Suite,Multi-Year,Inbound - Website,Fivetran,Starburst,719400.0,546700.0,1328300.0,0.24,False,<$50k,27-Sep-2025,"January 18, 2026",113.0,18.0,6.0,0.0,,,Closed Won,Cameron Phillips,Senior Data Engineer,IC,8.6,William Perkins,Chief Data Officer,False,0.0,4,4.0,True,False,,1.4,1.4,0.0,0.62,47.0,29.0,1.0,5.0,following up again...,12.0,1.6,6.0,4.0,3.0,Discovery,4.0,0.0,73.0,4.0,Contracting,0.0,False,0.0,,False,False,True,False,True,False,True,,False,False,,,True,0.0,81.0,2.0,True,3.0,80.0,Fast cycle. Champion had budget approved before we even started.,Before response whatever product car appear health keep.,9.0,Pipeline,False,"May 16, 2026",True,Won,,
DL-1342,Edwards Group Inc,ACC-42586,,Enterprise,Energy,EMEA,Priya Shah,REP-101,Jordan Blake,Grace Okonkwo,Analytics Suite,Pilot,Cold Email Sequence,Atlan,Fivetran,384300.0,384300.0,1102600.0,0.0,True,<$50k,24-Apr-2024,09/01/2024,130.0,4.0,2.0,0.0,35.0,14.0,Closed Lost,Steven Gordon,Data Engineer,IC,2.0,Patricia Johnson,COO,True,5.0,3,2.0,False,,,0.6,2.8,2.2,0.39,36.0,14.0,4.0,1.0,Q4 pricing — URGENT,8.0,2.6,9.0,2.0,3.0,Pricing,11.0,2.0,64.0,3.0,Stable,1.0,False,0.0,,,True,False,True,False,False,True,,,True,18.0,,True,1.0,,21.0,,7.0,,Lost — champion left. No additional detail.,Local than also claim radio bad personal well discuss democratic race cell responsibility year maybe.,6.0,Pipeline,False,"May 21, 2026",,Lost,No Decision / Stalled,
DL-1635,Mata-Wilson LLC,ACC-79896,Bryant-Mccarthy - Full Bundle Annual,Enterprise,Energy,EMEA,Sophia Nguyen,REP-105,Jordan Blake,Grace Okonkwo,Full Bundle,Annual,Inbound - Website,Monte Carlo,,457100.0,411400.0,411400.0,0.1,False,<$50k,27-Nov-2023,05/23/2024,178.0,16.0,3.0,1.0,,31.0,Closed Won,Brenda Phillips,Chief Data Officer,C-Suite,10.5,Rachel Davis,Head of Product,True,2.0,3,1.0,True,,False,1.0,2.3,1.3,0.3,60.0,18.0,6.0,6.0,following up again...,4.0,2.0,4.0,4.0,2.0,,14.0,5.0,91.0,-10.0,,2.0,True,3.0,False,False,False,True,False,False,True,,False,True,False,,,True,1.0,87.0,4.0,False,8.0,,Close was delayed 2 weeks on legal but closed strong.,Certain begin require idea case entire class owner local mention avoid apply religious yet this return hand trouble.,10.0,Omitted,False,,,Won,,
DL-1708,"Cohen-Nguyen, Inc.",ACC-26380,"Walker, Kim and Jackson - Analytics Suite Annual",Mid-Market,Manufacturing,APAC,David Park,REP-104,Jordan Blake,,Analytics Suite,Annual,Inbound - Website,dbt Labs,,101300.0,101300.0,101300.0,0.0,False,>$500k,03/22/2024,16-Jun-2024,86.0,14.0,6.0,1.0,26.0,,Closed Lost,Sabrina Ferguson,Head of Data Engineering,Manager,11.3,John Miller,COO,False,3.0,6,1.0,True,False,,2.2,8.66,6.46,0.27,30.0,8.0,4.0,5.0,RE: RE: RE: Next steps??,10.0,0.5,8.0,1.0,3.0,Technical Review,30.0,2.0,27.0,-20.0,Expanding,2.0,True,4.0,False,False,True,False,True,False,,,True,False,False,,,,0.0,57.0,18.0,True,,,Our champion got moved to a different team mid-deal. Lost access.,Explain rock design coach stock tonight argue scientist hour probably.,6.0,Commit,True,05/16/2026,False,Lost,Champion Left,Champion Collapse
DL-1010,WOOD AND SONS,ACC-13847,Bass-Warner - Core Platform Multi-Year,Enterprise,Insurance,West,Priya Shah,REP-101,Hana Takeda,Danny Patel,Core Platform,Multi-Year,Executive Referral,Atlan,None / Greenfield,482300.0,482300.0,1203900.0,0.0,True,$50k–$150k,04-Mar-2024,2024-09-19,199.0,6.0,6.0,1.0,,,Closed Won,Victoria Valdez,Data Platform Lead,Manager,,Robert Evans,CTO,False,0.0,8,6.0,,True,False,1.2,2.0,0.8,0.36,56.0,20.0,1.0,10.0,fwd: technical review docs,16.0,1.3,2.0,2.0,1.0,Demo,11.0,0.0,93.0,-9.0,Contracting,1.0,True,4.0,True,False,False,True,True,True,,True,True,,False,,86.0,,0.0,72.0,25.0,False,4.0,70.0,"competitive deal vs atlan, but we had teh better integration story..",Voice care break blood network evening painting response data plant.,6.0,Pipeline,False,"April 29, 2026",False,Won,,
DL-1485,Hernandez and Sons,ACC-60462,Davis Group - Governance Module Annual,Enterprise,Technology,West,James O'Brien,REP-106,Benjamin Cross,Henry Vasquez,Governance Module,Annual,Partner Referral,Starburst,,753000.0,670200.0,670200.0,0.11,False,>$500k,2025-03-11,17-Oct-2025,220.0,19.0,5.0,1.0,,30.0,Closed Won,Devin Gonzalez,Lead Data Engineer,IC,8.2,Christopher Gallegos PhD,VP Operations,True,4.0,7,7.0,False,False,False,0.6,2.3,1.7,0.23,35.0,8.0,4.0,1.0,fwd: technical review docs,3.0,2.2,6.0,2.0,2.0,Discovery,12.0,5.0,57.0,9.0,Stable,2.0,True,4.0,True,True,False,False,True,True,False,False,,False,True,26.0,98.0,,0.0,69.0,17.0,True,2.0,18.0,Technical win — their data architect loved the architecture demo.,,,Omitted,False,05/21/2026,False,Won,,
DL-1209,Scott-Norman,ACC-40211,Waters-Reyes - Core Platform Multi-Year,SMB,Education,Southwest,Alex Morgan,REP-100,Liam Sutherland,Elena Ruiz,Core Platform,Multi-Year,PLG Expansion,None / Greenfield,,30400.0,30400.0,66200.0,0.0,False,$50k–$150k,11/09/2025,12/17/2025,38.0,4.0,3.0,0.0,21.0,23.0,Closed Won,Anthony Sosa,Head of Data Engineering,Manager,,Jeremiah Vasquez,SVP Technology,True,3.0,6,6.0,False,False,False,1.9,2.1,0.2,0.57,30.0,17.0,1.0,1.0,Checking in,9.0,0.6,7.0,5.0,3.0,Technical Review,7.0,1.0,85.0,2.0,Stable,2.0,False,0.0,True,True,True,False,False,True,,False,True,,True,7.0,91.0,False,2.0,74.0,10.0,False,,54.0,Fast cycle. Champion had budget approved before we even started.,Particular condition man century shoulder despite poor tree resource billion authority.,7.0,Omitted,True,"April 25, 2026",True,Won,,
DL-1139,Vaughn LLC Inc,ACC-91532,Molina Inc - Governance Module Multi-Year,SMB,Insurance,EMEA,David Park,REP-104,Liam Sutherland,Casey Wu,Governance Module,Multi-Year,LinkedIn Outbound,None / Greenfield,,26400.0,19300.0,44000.0,0.27,True,,14-Aug-2025,2025-09-17,34.0,9.0,4.0,0.0,31.0,,Closed Lost,Jesse Jensen,Data Architect,IC,3.9,,CTO,False,4.0,8,1.0,True,False,True,1.4,8.02,6.62,0.97,58.0,56.0,0.0,0.0,Re: Follow up from our call,16.0,0.9,2.0,1.0,3.0,Technical Review,29.0,1.0,40.0,-24.0,Stable,1.0,False,0.0,False,False,True,True,False,False,,False,True,False,False,,,False,2.0,95.0,6.0,,3.0,,lost — security / compliance failed.. no additional detail..,Home memory someone receive realize another high indicate small rate whole approach season data than team kitchen difficult.,6.0,Best Case,False,14-May-2026,,Lost,Price / Budget,Champion Collapse
DL-1388,"Hunter, Alexander and Stewart LLC",ACC-59774,"Love, Brown and Klein - Governance Module Monthly",Enterprise,Energy,EMEA,Priya Shah,REP-101,Liam Sutherland,,Governance Module,Monthly,LinkedIn Outbound,Databricks,,535400.0,406900.0,,0.24,,<$50k,17-Sep-2024,12-Jan-2025,117.0,3.0,6.0,0.0,20.0,,Closed Won,David Gregory,Chief Data Officer,C-Suite,3.7,Heather Higgins,SVP Technology,False,0.0,3,3.0,True,False,True,1.0,2.1,1.1,0.47,19.0,9.0,3.0,7.0,,12.0,0.8,10.0,4.0,2.0,Pricing,2.0,0.0,59.0,10.0,Contracting,1.0,True,1.0,False,False,True,False,False,True,False,False,False,False,False,,,True,1.0,,22.0,False,4.0,48.0,Fast cycle. Champion had budget approved before we even started.,Doctor board medical both back daughter now stop race author interview executive agency parent growth window today hear wall.,7.0,Omitted,False,,True,Won,,
DL-1622,The White-Gill,ACC-80909,,SMB,Retail,West,Priya Shah,REP-101,Amara Osei,Isla Berg,Core Platform,Multi-Year,Cold Email Sequence,None / Greenfield,,9000.0,6600.0,13700.0,0.27,True,,2025-01-03,05-Feb-2025,33.0,6.0,4.0,1.0,22.0,28.0,Closed Won,Kara Morales,Head of Data Engineering,Manager,9.9,Lisa Price,SVP Technology,True,4.0,3,1.0,True,,True,1.7,0.7,-1.0,0.62,13.0,8.0,4.0,3.0,Q4 pricing — URGENT,4.0,1.9,5.0,3.0,3.0,Discovery,15.0,5.0,63.0,-6.0,Expanding,0.0,False,0.0,True,False,True,False,True,True,,False,False,,False,,,False,2.0,62.0,23.0,,,27.0,Fast cycle. Champion had budget approved before we even started.,,10.0,Commit,True,2026-05-02,False,Won,,
DL-1824,harris plc,ACC-17429,"Payne, Webb and Rivera - Core Platform Pilot",Enterprise,Logistics,West,David Park,REP-104,Amara Osei,,Core Platform,Pilot,Inbound - Website,Monte Carlo,,259000.0,259000.0,725500.0,0.22,True,$50k–$150k,"December 31, 2023",2024-05-09,130.0,6.0,5.0,3.0,,,Closed Lost,Sarah Jones,Head of Data Engineering,Manager,6.0,Janice Jones,CFO,False,0.0,2,1.0,True,False,False,1.7,2.1,0.4,0.21,28.0,6.0,5.0,17.0,,3.0,2.7,2.0,3.0,3.0,,13.0,1.0,82.0,8.0,Stable,4.0,True,3.0,False,False,False,True,True,False,True,False,,False,True,11.0,,True,2.0,75.0,15.0,,5.0,43.0,Snowflake offered a massive discount at the last minute. We couldn't match.,Recently eight politics husband level woman outside win why hot send.,,Omitted,False,05/13/2026,True,Lost,No Decision / Stalled,Competitor Displacement
DL-1717,Flowers-Miller LLC,ACC-95151,Ray-Clay - Analytics Suite Annual,SMB,Energy,Southeast,Priya Shah,REP-101,Liam Sutherland,Casey Wu,Analytics Suite,Annual,Inbound - Website,dbt Labs,Starburst,22000.0,22000.0,22000.0,0.28,False,,04/15/2025,"May 24, 2025",39.0,5.0,4.0,3.0,,,Closed Lost,Robert Douglas,Head of Data Engineering,Manager,,Sarah Berry,VP Engineering,False,0.0,5,3.0,True,False,,1.9,2.7,0.8,0.7,23.0,16.0,1.0,17.0,Q4 pricing — URGENT,16.0,1.2,7.0,3.0,4.0,POC Review,2.0,2.0,84.0,-1.0,Stable,6.0,True,1.0,False,True,False,False,False,False,True,,True,False,True,14.0,98.0,True,1.0,80.0,14.0,False,1.0,,Lost — price / budget. No additional detail.,,8.0,Pipeline,False,19-May-2026,True,Lost,No Decision / Stalled,Competitor Displacement
DL-1845,"Williams, Yoder and Clark LLC",ACC-67731,Stanton-Spencer - Governance Module Pilot,SMB,Healthcare,Southwest,Alex Morgan,REP-100,Jordan Blake,Elena Ruiz,Governance Module,Pilot,PLG Expansion,Fivetran,Alation,21600.0,21600.0,53300.0,0.0,True,$150k–$500k,2025-02-10,03/21/2025,39.0,18.0,5.0,1.0,,21.0,Closed Won,Katherine Williamson,Senior Data Engineer,IC,1.8,John Chavez,Chief Data Officer,True,2.0,2,1.0,,True,True,1.8,1.0,-0.8,0.19,32.0,6.0,2.0,1.0,RE: RE: RE: Next steps??,6.0,1.6,9.0,5.0,3.0,Discovery,14.0,3.0,82.0,8.0,,0.0,True,3.0,True,False,False,True,True,True,,,False,False,False,,,,0.0,86.0,14.0,,,0.0,Fast cycle. Champion had budget approved before we even started.,Force player everybody idea ever agree clearly early teach.,8.0,,True,06-May-2026,False,Won,,
DL-1687,Chang-Campbell,ACC-97644,Melendez-Hardy - Governance Module Monthly,SMB,Education,APAC,James O'Brien,REP-106,Liam Sutherland,,Governance Module,Monthly,Inbound - Website,None / Greenfield,Monte Carlo,31000.0,25400.0,55600.0,0.18,False,<$50k,"April 20, 2025","May 29, 2025",39.0,4.0,6.0,0.0,23.0,,Closed Lost,David Wright,Head of Data Engineering,Manager,5.3,Kenneth Shepard,VP Operations,False,3.0,5,1.0,True,False,False,0.7,8.15,7.45,0.94,51.0,48.0,5.0,2.0,Checking in,10.0,2.6,6.0,5.0,3.0,Pricing,18.0,0.0,28.0,-20.0,Expanding,1.0,False,0.0,False,True,True,True,True,True,False,True,False,,True,11.0,86.0,False,2.0,85.0,8.0,,6.0,54.0,Champion left the company. Couldn't rebuild the relationship in time.,Between be without budget leader message dog get read indeed truth.,7.0,Commit,True,2026-04-22,True,Lost,Champion Left,Champion Collapse
DL-1935,KAISER AND SONS,ACC-82389,,Enterprise,Insurance,Midwest,Rachel Kim,REP-107,Amara Osei,Grace Okonkwo,Analytics Suite,Monthly,Cold Email Sequence,Alation,,494400.0,489500.0,1445200.0,0.01,True,$150k–$500k,"September 16, 2024",2025-01-02,108.0,5.0,4.0,1.0,,15.0,Closed Won,Mrs. Heather Meyers,Data Platform Lead,Manager,4.1,Nicole Garcia,Head of Product,True,4.0,7,6.0,True,True,False,0.9,1.5,0.6,0.84,25.0,21.0,1.0,8.0,Quick question on the proposal,6.0,1.3,2.0,2.0,2.0,Demo,13.0,1.0,58.0,9.0,Stable,1.0,True,3.0,False,False,False,True,True,False,False,,True,True,True,26.0,96.0,True,0.0,67.0,12.0,,,,Fast cycle. Champion had budget approved before we even started.,,8.0,Commit,True,"May 07, 2026",True,Won,,
DL-1581,Deleon-Stuart Inc,ACC-64322,Ball Ltd - Governance Module Pilot,Enterprise,Education,Northeast,James O'Brien,REP-106,,Jaylen Ford,Governance Module,Pilot,Executive Referral,None / Greenfield,,523300.0,523300.0,1244000.0,0.0,False,$150k–$500k,"September 02, 2024",2025-03-04,183.0,6.0,3.0,1.0,,,Closed Lost,Kathleen Patel,Senior Data Engineer,IC,3.4,Chris Hanson,CTO,False,0.0,2,1.0,False,True,True,1.3,2.8,1.5,1.0,42.0,42.0,2.0,3.0,Introduction: Hayes <> Tiger Data,20.0,2.1,6.0,5.0,4.0,Pricing,1.0,3.0,82.0,14.0,Stable,0.0,False,0.0,True,True,False,True,True,True,True,False,False,True,True,26.0,,False,0.0,63.0,8.0,False,1.0,,Lost — security / compliance failed. No additional detail.,Media responsibility child street floor officer management seek so mother race a poor radio society happy.,10.0,Pipeline,True,"April 28, 2026",False,Lost,Price / Budget,Exec Vacuum
DL-1382,"simmons, taylor and kim",ACC-97507,"Haas, Richardson and Lee - Full Bundle Pilot",SMB,Media,EMEA,Alex Morgan,REP-100,Liam Sutherland,Jaylen Ford,Full Bundle,Pilot,Event / Conference,Monte Carlo,,15000.0,14800.0,,0.01,False,$50k–$150k,05-Jun-2025,04-Jul-2025,29.0,25.0,5.0,0.0,,13.0,Closed Lost,Anthony Hall,Director of Data,Director,5.1,Crystal Burgess,CTO,True,1.0,4,4.0,True,False,False,2.0,2.0,0.0,0.14,30.0,4.0,18.0,36.0,[External] Re: Tiger Data POC,7.0,2.6,12.0,0.0,2.0,Technical Review,15.0,3.0,88.0,-3.0,Stable,2.0,False,0.0,True,,False,False,False,False,False,True,,True,False,,62.0,True,0.0,80.0,11.0,,5.0,,Lost — wrong timing. No additional detail.,Nothing yard address rest spend baby camera Congress analysis glass pretty each factor paper long business baby.,7.0,Pipeline,True,"May 11, 2026",True,Lost,Missing Feature,Ghost Stall
DL-1070,"Osborn Group, Inc.",ACC-73941,Lopez-Curry - Core Platform Annual,Enterprise,Education,EMEA,Sophia Nguyen,REP-105,Hana Takeda,Grace Okonkwo,Core Platform,Annual,LinkedIn Outbound,None / Greenfield,,153300.0,141000.0,141000.0,0.08,True,$150k–$500k,2024-03-21,"July 10, 2024",111.0,11.0,3.0,1.0,,,Closed Won,Donna Johnson,VP of Data,VP,0.9,Lance Hebert,VP Operations,False,0.0,6,6.0,False,False,,0.6,0.6,0.0,0.3,30.0,9.0,1.0,5.0,,3.0,2.7,5.0,1.0,2.0,Technical Review,4.0,1.0,60.0,1.0,Stable,2.0,False,0.0,True,False,False,False,False,False,,False,,False,False,,,False,1.0,66.0,23.0,,4.0,,"Strong champion, got exec in early. Smooth close.",Expect writer myself management voice surface life cover both class learn either control say.,9.0,Omitted,False,,False,Won,,
DL-1260,"LEE, COOPER AND HALL",ACC-73072,Matthews Ltd - Analytics Suite Annual,Enterprise,Healthcare,Southwest,Marcus Chen,REP-102,Jordan Blake,Isla Berg,Analytics Suite,Annual,Executive Referral,Monte Carlo,,705700.0,705700.0,705700.0,0.0,True,,09/17/2025,03/09/2026,173.0,12.0,3.0,0.0,29.0,5.0,Closed Lost,Lance Kirby,Director of Data,Director,5.5,Bonnie Carter,Chief Data Officer,True,5.0,5,5.0,False,False,False,1.9,1.7,-0.2,1.0,24.0,24.0,0.0,0.0,,5.0,0.7,3.0,3.0,3.0,Technical Review,6.0,4.0,81.0,-2.0,Stable,1.0,True,3.0,False,False,True,True,False,True,True,False,,False,False,,,False,2.0,74.0,10.0,True,2.0,,Lost — no decision / stalled. No additional detail.,Where strategy pull same somebody son suddenly perform executive see project can current paper beyond.,9.0,Omitted,False,"May 14, 2026",True,Lost,Missing Feature,
DL-1800,Decker-Johnson,ACC-31238,Holder-Patterson - Analytics Suite Annual,Mid-Market,Media,West,Priya Shah,REP-101,Hana Takeda,Jaylen Ford,Analytics Suite,Annual,Inbound - Website,dbt Labs,,71400.0,65700.0,65700.0,0.08,True,,03/11/2024,06/06/2024,87.0,20.0,4.0,1.0,40.0,,Closed Won,Ashley Harding,Lead Data Engineer,IC,,Lisa Martinez,VP Engineering,False,0.0,3,2.0,False,True,True,1.9,1.8,-0.1,0.36,14.0,5.0,8.0,7.0,Re: Follow up from our call,17.0,1.9,3.0,2.0,4.0,Demo,15.0,1.0,76.0,-7.0,Expanding,1.0,False,0.0,True,True,True,False,True,False,False,True,,True,True,12.0,,True,2.0,89.0,3.0,True,7.0,,"Strong champion, got exec in early. Smooth close.",Vote still nation win staff power tax I capital above listen hair physical able past important view issue.,6.0,Best Case,False,2026-05-11,,Won,,
DL-1453,Hutchinson-Herring,ACC-59390,James LLC - Governance Module Pilot,SMB,Education,West,James O'Brien,REP-106,Amara Osei,,Governance Module,Pilot,Inbound - Website,Starburst,Databricks,25500.0,25500.0,52100.0,0.0,False,>$500k,2025-10-19,"November 07, 2025",19.0,11.0,3.0,0.0,,32.0,Closed Lost,John Richards,Director of Data,Director,4.5,Melissa Bauer,COO,True,1.0,6,4.0,True,,,0.8,1.6,0.8,0.33,42.0,14.0,0.0,8.0,following up again...,6.0,1.7,3.0,3.0,3.0,Demo,13.0,3.0,78.0,-7.0,Expanding,0.0,True,4.0,False,True,False,True,True,False,True,False,False,True,False,,,True,2.0,54.0,11.0,True,0.0,78.0,Lost — champion left. No additional detail.,Different billion young owner out guy thank professor student white instead point tend.,9.0,Commit,False,,True,Lost,Champion Left,
DL-1591,"Torres, Davis and Bennett, Inc.",ACC-66661,,Enterprise,Energy,EMEA,Alex Morgan,REP-100,Amara Osei,Danny Patel,Full Bundle,Annual,Event / Conference,Databricks,,730300.0,730300.0,730300.0,0.0,False,<$50k,05-Dec-2024,"May 21, 2025",167.0,15.0,3.0,0.0,31.0,,Closed Won,Dennis Moore,Analytics Engineer,IC,6.1,,CFO,False,0.0,3,1.0,False,True,True,0.8,0.9,0.1,0.25,24.0,6.0,3.0,3.0,Q4 pricing — URGENT,10.0,0.8,2.0,1.0,3.0,Pricing,5.0,4.0,56.0,14.0,Stable,0.0,True,4.0,False,True,True,True,False,False,,True,False,False,True,6.0,,False,0.0,51.0,13.0,,3.0,71.0,close was delayed 2 weeks on legal but closed strong..,Short identify relationship professor computer Congress glass less employee wind no.,,Best Case,False,05/16/2026,,Won,,
DL-1906,"West, Gordon and Irwin",ACC-49470,Grant Inc - Analytics Suite Multi-Year,SMB,Logistics,Southeast,James O'Brien,REP-106,Hana Takeda,Henry Vasquez,Analytics Suite,Multi-Year,Partner Referral,Snowflake,,30800.0,22500.0,60800.0,0.27,True,>$500k,02/20/2026,2026-03-11,19.0,10.0,5.0,1.0,21.0,,Closed Won,Brenda Henderson,Head of Data Engineering,Manager,8.3,Zachary Quinn,Chief Data Officer,False,0.0,2,1.0,False,False,,1.0,2.4,1.4,0.67,48.0,32.0,7.0,8.0,fwd: technical review docs,15.0,2.8,3.0,1.0,3.0,Discovery,9.0,3.0,85.0,5.0,Contracting,0.0,False,0.0,True,False,True,True,False,False,False,False,,True,False,,,False,1.0,94.0,2.0,False,2.0,12.0,Fast cycle. Champion had budget approved before we even started.,Positive serious billion speech interview real better manager huge today probably my when important.,9.0,,True,2026-05-10,True,Won,,
DL-1784,"CRUZ, ROBERTS AND YOUNG",ACC-76806,Mullins-Patterson - Full Bundle Pilot,Mid-Market,Healthcare,APAC,Rachel Kim,REP-107,,,Full Bundle,Pilot,LinkedIn Outbound,None / Greenfield,,44400.0,44400.0,101500.0,0.0,False,$50k–$150k,28-Jul-2024,"October 26, 2024",90.0,49.0,3.0,1.0,33.0,,Closed Lost,Andrew Mccarthy,VP of Data,VP,5.3,,Head of Product,False,0.0,8,6.0,True,False,,0.6,1.2,0.6,0.13,37.0,4.0,25.0,39.0,[External] Re: Tiger Data POC,3.0,0.5,3.0,0.0,2.0,Technical Review,14.0,4.0,80.0,-3.0,Contracting,2.0,False,0.0,False,False,True,True,True,False,False,False,True,False,False,,61.0,True,0.0,,10.0,False,7.0,60.0,"Just went dark. Last email 3 weeks ago, no response.",Deep how popular program against identify red thought build usually consumer contain.,10.0,Pipeline,False,2026-04-23,,Lost,Missing Feature,Ghost Stall
,"BANKS, SMITH AND CHEN",ACC-82613,Hoover-Davis - Analytics Suite Multi-Year,,Manufacturing,Northeast,Emily Rodriguez,,Liam Sutherland,Danny Patel,Analytics Suite,Multi-Year,PLG Expansion,Snowflake,Monte Carlo,,76500.0,166600.0,0.21,True,$150k–$500k,2024-10-19,2025-01-23,96.0,19.0,3.0,1.0,,,Closed Won,Sara Brown,Head of Data Engineering,,11.9,,CTO,False,0.0,5,4.0,False,True,True,1.1,2.7,1.6,,33.0,7.0,3.0,1.0,,,0.7,10.0,2.0,1.0,,,4.0,72.0,3.0,Stable,1.0,True,2.0,True,True,True,,True,False,,True,,,False,,,,,81.0,12.0,True,,,,Determine source international specific word question food wish office case student soldier share or friend building center indeed recent.,7.0,Commit,True,2026-04-25,False,,,
DL-1096,Thomas LLC Inc,ACC-34191,Juarez Ltd - Full Bundle Monthly,Enterprise,Retail,West,Sophia Nguyen,REP-105,Amara Osei,Danny Patel,Full Bundle,Monthly,Executive Referral,dbt Labs,,765100.0,765100.0,1545800.0,0.0,True,,2023-11-11,2024-04-24,165.0,8.0,2.0,0.0,25.0,,Closed Won,Charles Chen,Analytics Engineer,IC,4.0,Jaime Jones,VP Operations,False,0.0,6,6.0,False,,,1.7,2.7,1.0,0.18,49.0,9.0,1.0,5.0,RE: RE: RE: Next steps??,5.0,2.4,10.0,4.0,2.0,Demo,12.0,0.0,86.0,13.0,Contracting,0.0,False,0.0,False,False,True,True,True,False,True,,True,True,False,,59.0,True,0.0,74.0,6.0,True,2.0,,"Strong champion, got exec in early. Smooth close.",,9.0,Pipeline,False,2026-04-25,,Won,,
DL-1679,"The Griffin, Brown and Thompson",ACC-15738,Gill-Mendoza - Governance Module Monthly,Mid-Market,Logistics,Northeast,David Park,REP-104,Hana Takeda,Jaylen Ford,Governance Module,Monthly,Cold Email Sequence,None / Greenfield,,83500.0,83500.0,207100.0,0.0,False,<$50k,"October 31, 2024",07-Feb-2025,99.0,47.0,3.0,0.0,19.0,6.0,Closed Lost,Samuel Bailey,Head of Data Engineering,Manager,11.9,,Director of IT,True,4.0,3,3.0,False,False,False,2.2,1.2,-1.0,0.16,39.0,6.0,27.0,12.0,fwd: technical review docs,12.0,1.3,7.0,0.0,3.0,Demo,11.0,0.0,64.0,8.0,Contracting,2.0,False,0.0,False,False,True,True,False,True,,False,,False,True,13.0,,True,0.0,59.0,16.0,,7.0,5.0,Prospect stopped engaging after the proposal. No explanation given.,Line one teacher call each amount everything item fight up chance particularly note statement.,6.0,Pipeline,False,04/23/2026,True,Lost,No Decision / Stalled,Ghost Stall
DL-1849,Hale LLC,ACC-67536,"Williams, Garcia and Horton - Analytics Suite Monthly",Mid-Market,Insurance,Midwest,Tyler Brooks,REP-108,,Grace Okonkwo,Analytics Suite,Monthly,Executive Referral,Collibra,Collibra,90900.0,70900.0,163200.0,0.22,False,,06/06/2024,24-Aug-2024,79.0,7.0,6.0,1.0,,26.0,Closed Won,Mr. Eric Aguilar,Analytics Manager,Manager,2.4,Todd Wright,VP Operations,True,2.0,6,5.0,True,False,True,2.1,1.1,-1.0,0.54,26.0,14.0,7.0,6.0,Quick question on the proposal,5.0,2.2,8.0,3.0,3.0,Demo,1.0,0.0,77.0,9.0,Contracting,2.0,True,2.0,False,False,False,True,False,True,,,False,False,True,22.0,,True,2.0,75.0,5.0,,5.0,,Close was delayed 2 weeks on legal but closed strong.,Loss include piece war address sometimes back lay animal provide piece floor feeling former law apply.,8.0,Pipeline,False,2026-04-28,True,Won,,
DL-1267-DUP,"Gray, Mclaughlin and Garcia LLC LLC",ACC-21480,"Aguilar, Carson and Ward - Full Bundle Monthly",SMB,Insurance,EMEA,Nina Petrov,REP-109,Amara Osei,Elena Ruiz,Full Bundle,Monthly,Executive Referral,Alation,Collibra,34100.0,32400.0,80200.0,0.05,True,>$500k,2025-01-08,26-Jan-2025,18.0,11.0,2.0,1.0,,,Closed Won,Michael Poole,Data Platform Lead,Manager,,Antonio Beasley,COO,False,0.0,4,4.0,True,,,0.7,2.9,2.2,0.32,28.0,9.0,4.0,4.0,Checking in,4.0,0.9,3.0,5.0,4.0,,15.0,2.0,78.0,-6.0,Stable,0.0,True,3.0,False,True,False,False,True,True,True,True,,True,False,,,,1.0,,12.0,True,7.0,94.0,close was delayed 2 weeks on legal but closed strong..,,10.0,Commit,True,,False,Won,,
DL-1880,Acosta PLC LLC,ACC-48726,"Cain, Thomas and Smith - Analytics Suite Annual",Enterprise,Energy,Northeast,James O'Brien,REP-106,Amara Osei,Elena Ruiz,Analytics Suite,Annual,Executive Referral,Alation,,769400.0,661700.0,661700.0,0.14,True,>$500k,2024-01-05,05/04/2024,120.0,9.0,6.0,0.0,,,Closed Lost,Hailey Lara,Senior Data Engineer,IC,5.0,Patrick Miller,COO,False,0.0,5,5.0,False,True,True,0.9,1.7,0.8,0.15,33.0,5.0,0.0,4.0,,5.0,2.5,5.0,3.0,2.0,Executive QBR,6.0,4.0,72.0,-7.0,Contracting,2.0,False,0.0,True,False,False,False,False,True,False,,True,True,False,,31.0,,2.0,,22.0,False,6.0,87.0,Lost — wrong timing. No additional detail.,Prepare light trouble move away former face safe study know site brother fast series cultural.,6.0,Best Case,False,,False,Lost,No Decision / Stalled,Exec Vacuum
DL-1192,"Williams-Bailey, Inc.",ACC-80837,,Enterprise,Retail,Southeast,Marcus Chen,REP-102,,,Analytics Suite,Multi-Year,Partner Referral,dbt Labs,Starburst,334500.0,287700.0,780300.0,0.14,,$150k–$500k,03/08/2024,2024-09-30,206.0,14.0,2.0,0.0,24.0,,Closed Lost,Barry Evans,Data Engineer,IC,3.5,Pamela Wilson,CFO,False,0.0,6,4.0,False,True,,0.9,3.0,2.1,0.95,56.0,53.0,0.0,0.0,,4.0,1.2,10.0,3.0,4.0,Executive QBR,5.0,4.0,70.0,1.0,,2.0,True,2.0,False,True,True,False,True,False,True,True,,False,False,,50.0,False,1.0,83.0,2.0,True,5.0,44.0,Lost — missing feature. No additional detail.,Game right pattern ahead compare form full public trouble something population loss physical throughout.,7.0,Pipeline,True,04/30/2026,True,Lost,No Decision / Stalled,Exec Vacuum
DL-1280,"Smith, Reyes and Pope LLC",ACC-38445,"Harvey, Morgan and Pace - Analytics Suite Multi-Year",SMB,Manufacturing,Northeast,Marcus Chen,REP-102,Amara Osei,,Analytics Suite,Multi-Year,Cold Email Sequence,Fivetran,Fivetran,10800.0,8200.0,20700.0,0.24,False,,04-Apr-2024,2024-05-09,35.0,14.0,3.0,0.0,11.0,,Closed Lost,,VP of Data,VP,,Brian Larson,Head of Product,False,0.0,7,6.0,,True,False,1.1,0.6,-0.5,0.64,45.0,29.0,5.0,10.0,Checking in,8.0,0.7,5.0,5.0,1.0,POC Review,6.0,4.0,63.0,7.0,Contracting,2.0,True,3.0,True,True,True,True,False,False,False,True,,,True,19.0,,,1.0,60.0,18.0,True,7.0,,Lost — security / compliance failed. No additional detail.,,8.0,Omitted,False,15-May-2026,True,Lost,Wrong Timing,
DL-1533,JORDAN INC,ACC-11651,Nichols-Lam - Full Bundle Pilot,Enterprise,Retail,Southwest,James O'Brien,REP-106,Liam Sutherland,,Full Bundle,Pilot,LinkedIn Outbound,Alation,,297900.0,262200.0,623200.0,0.12,False,,2024-11-26,05/07/2025,162.0,12.0,6.0,0.0,35.0,,Closed Lost,Alexis Oneill,VP of Data,VP,,Pamela French,Director of IT,False,5.0,3,1.0,False,True,True,2.4,7.81,5.41,0.3,57.0,17.0,4.0,2.0,,9.0,2.5,9.0,2.0,2.0,Discovery,33.0,2.0,46.0,-22.0,Stable,2.0,False,0.0,False,False,True,False,False,True,True,False,,True,True,23.0,67.0,False,0.0,79.0,21.0,,8.0,,Lost — security / compliance failed. No additional detail.,Professional market oil move need sister talk understand home rise concern prevent add involve forget early look between use.,8.0,Omitted,True,"April 25, 2026",True,Lost,Champion Left,Champion Collapse
DL-1682,The Gordon-Steele,ACC-84232,"Foster, Underwood and Guerra - Full Bundle Monthly",SMB,Education,Northeast,Tyler Brooks,REP-108,Jordan Blake,Isla Berg,Full Bundle,Monthly,Outbound SDR,Alation,Collibra,30300.0,30300.0,,0.0,False,$50k–$150k,01/11/2025,08-Feb-2025,28.0,32.0,5.0,1.0,26.0,8.0,Closed Lost,Rick Hinton,Director of Data,Director,5.9,Michelle Prince,COO,True,5.0,6,5.0,False,,True,1.7,2.5,0.8,0.19,50.0,9.0,17.0,31.0,Re: Follow up from our call,12.0,0.8,11.0,0.0,4.0,,13.0,5.0,88.0,9.0,Stable,2.0,False,0.0,,False,True,False,True,False,,True,True,,True,17.0,,False,1.0,77.0,9.0,,5.0,19.0,Multiple follow-ups with no reply. Probably went internal.,,8.0,Best Case,False,"May 21, 2026",False,Lost,No Decision / Stalled,Ghost Stall
DL-1617,The Bruce-Harrison,ACC-22947,"Washington, Buck and Adkins - Governance Module Pilot",SMB,Retail,West,Rachel Kim,REP-107,Liam Sutherland,,Governance Module,Pilot,PLG Expansion,Collibra,,28000.0,27700.0,82400.0,0.31,False,>$500k,30-Oct-2024,30-Nov-2024,31.0,15.0,2.0,3.0,,24.0,Closed Lost,Beth Green,VP of Data,VP,1.1,Nicole Mccoy,Head of Product,True,2.0,4,3.0,True,,True,1.3,1.6,0.3,0.34,56.0,19.0,7.0,13.0,following up again...,12.0,2.1,3.0,5.0,2.0,Pricing,14.0,3.0,60.0,2.0,Contracting,7.0,True,3.0,True,False,False,True,False,True,True,True,False,True,False,,67.0,True,2.0,86.0,19.0,,,46.0,Lost — chose competitor. No additional detail.,,10.0,Omitted,False,05/21/2026,True,Lost,Chose Competitor,Competitor Displacement
DL-1982,"Baker,HerreraandAnderson",ACC-39758,Bender-Mcdonald - Governance Module Annual,Enterprise,Insurance,EMEA,James O'Brien,REP-106,Jordan Blake,Henry Vasquez,Governance Module,Annual,Outbound SDR,Alation,,328200.0,328200.0,328200.0,0.0,False,$50k–$150k,10-Jun-2025,01/15/2026,219.0,4.0,4.0,1.0,34.0,,Closed Lost,Jennifer Garcia,Lead Data Engineer,IC,4.9,Matthew Simon,Director of IT,False,4.0,8,1.0,True,False,False,0.8,6.22,5.42,1.0,40.0,40.0,6.0,9.0,[External] Re: Tiger Data POC,8.0,1.1,10.0,1.0,2.0,Executive QBR,30.0,5.0,46.0,-22.0,Expanding,2.0,True,1.0,True,,True,True,True,False,,False,True,False,False,,,False,0.0,85.0,12.0,True,0.0,24.0,Lost — wrong timing. No additional detail.,Finally hour forget possible life people finish down certain happen health need street purpose old whose general.,8.0,Pipeline,True,,False,Lost,Price / Budget,Champion Collapse
DL-1910,"Marks LLC, Inc.",ACC-21952,Smith PLC - Core Platform Multi-Year,Enterprise,Manufacturing,Southwest,Marcus Chen,REP-102,Jordan Blake,Frankie Hale,Core Platform,Multi-Year,Outbound SDR,Starburst,Monte Carlo,449900.0,449900.0,1009100.0,0.0,,<$50k,2024-06-08,01/12/2025,218.0,5.0,2.0,0.0,,17.0,Closed Won,Derrick Padilla,Data Platform Lead,Manager,,Travis Hoffman,COO,True,4.0,7,5.0,,True,False,0.7,2.1,1.4,0.43,23.0,10.0,2.0,2.0,Introduction: Patterson <> Tiger Data,13.0,1.7,12.0,4.0,2.0,Executive QBR,9.0,3.0,75.0,3.0,Contracting,2.0,True,1.0,False,True,False,False,False,False,False,False,False,,False,,,,1.0,60.0,11.0,True,,74.0,multi-threaded well.. finance and eng both bought in..,,7.0,Commit,False,"May 19, 2026",False,Won,,
DL-1184,The Cannon Group,ACC-73810,Turner-Reese - Core Platform Annual,Enterprise,Education,Northeast,Nina Petrov,REP-109,Jordan Blake,,Core Platform,Annual,Partner Referral,Monte Carlo,,489900.0,489900.0,,0.0,False,<$50k,2025-06-16,"December 12, 2025",179.0,45.0,5.0,0.0,39.0,33.0,Closed Lost,Mallory Rodgers,BI Lead,Manager,8.3,Cole Anderson,VP Operations,True,5.0,8,8.0,False,False,,1.5,0.8,-0.7,0.13,55.0,7.0,13.0,26.0,Checking in,15.0,2.8,11.0,0.0,1.0,Discovery,11.0,2.0,64.0,8.0,Stable,2.0,True,1.0,True,False,True,False,True,True,True,,False,True,True,27.0,94.0,False,1.0,88.0,3.0,True,,38.0,Lost — champion left. No additional detail.,Several partner environment note discuss discussion reach grow.,9.0,Pipeline,False,,True,Lost,No Decision / Stalled,Ghost Stall
DL-1030,murray inc,ACC-52396,"Collier, Jimenez and Moran - Analytics Suite Multi-Year",SMB,Manufacturing,West,Marcus Chen,REP-102,Amara Osei,Frankie Hale,Analytics Suite,Multi-Year,Inbound - Website,dbt Labs,,26600.0,19400.0,52200.0,0.27,True,,"January 11, 2026",08-Feb-2026,28.0,20.0,2.0,1.0,43.0,33.0,Closed Lost,Denise Davenport,VP of Data,VP,8.6,Mrs. Kristen Reyes,Chief Data Officer,True,3.0,7,6.0,True,,True,1.7,2.6,0.9,0.26,43.0,11.0,8.0,9.0,RE: RE: RE: Next steps??,4.0,1.8,9.0,4.0,1.0,Executive QBR,7.0,1.0,90.0,2.0,Expanding,2.0,True,2.0,True,False,True,True,False,False,,,True,True,True,19.0,,False,2.0,77.0,3.0,True,,75.0,Lost — champion left. No additional detail.,Meet these tell everybody so increase various meet star executive fear only your majority chance Mrs generation necessary myself.,8.0,,True,09-May-2026,,Lost,Wrong Timing,
DL-1328,"The Rice, Watson and Santos",ACC-69484,Silva Inc - Analytics Suite Pilot,Mid-Market,Insurance,Northeast,David Park,REP-104,Benjamin Cross,Danny Patel,Analytics Suite,Pilot,Inbound - Website,Atlan,,67100.0,67100.0,144200.0,0.0,,,08/09/2024,2024-11-01,84.0,60.0,5.0,0.0,12.0,6.0,Closed Lost,Bianca Newton,Senior Data Engineer,IC,,Kevin Barr,COO,True,3.0,7,6.0,,False,False,0.9,1.0,0.1,0.12,53.0,6.0,23.0,27.0,RE: RE: RE: Next steps??,6.0,0.9,4.0,0.0,3.0,Technical Review,4.0,0.0,71.0,-7.0,Expanding,1.0,False,0.0,True,True,True,True,False,True,False,False,,False,True,29.0,,True,2.0,71.0,22.0,False,7.0,26.0,Lost — wrong timing. No additional detail.,,10.0,Best Case,True,,True,Lost,No Decision / Stalled,Ghost Stall
DL-1506,"The Gutierrez, Castro and Hall",ACC-31836,Evans Ltd - Core Platform Pilot,SMB,Media,APAC,Rachel Kim,REP-107,Benjamin Cross,Elena Ruiz,Core Platform,Pilot,Cold Email Sequence,Fivetran,,31800.0,28300.0,82600.0,0.11,True,>$500k,2025-07-15,15-Aug-2025,31.0,19.0,5.0,0.0,26.0,19.0,Closed Won,Alexandra Brown,Head of Data Engineering,Manager,10.8,Ashley Wade,SVP Technology,True,5.0,4,2.0,False,,True,2.4,1.1,-1.3,0.9,42.0,38.0,4.0,7.0,,4.0,1.4,5.0,1.0,4.0,Demo,4.0,0.0,58.0,-2.0,Expanding,2.0,False,0.0,False,False,True,False,True,False,True,False,,True,False,,,True,2.0,54.0,8.0,,,,Fast cycle. Champion had budget approved before we even started.,Most field specific floor during lose degree professional long degree common need phone teach audience project tax certainly.,6.0,Best Case,False,,True,Won,,
DL-1054,,ACC-49252,Zavala-King - Analytics Suite Annual,Mid-Market,Manufacturing,Southwest,Rachel Kim,REP-107,Liam Sutherland,Isla Berg,Analytics Suite,Annual,Executive Referral,Databricks,None / Greenfield,61500.0,61500.0,,0.0,True,,01/27/2025,"April 12, 2025",75.0,5.0,6.0,1.0,,,Closed Lost,Richard Cooper,Analytics Engineer,IC,7.3,Lori Ingram,Director of IT,False,0.0,5,4.0,False,True,True,1.4,1.7,0.3,0.9,21.0,19.0,5.0,7.0,RE: RE: RE: Next steps??,3.0,1.2,5.0,3.0,1.0,POC Review,13.0,3.0,87.0,7.0,Stable,2.0,True,1.0,False,True,False,False,True,True,True,False,False,False,False,,,True,1.0,71.0,12.0,True,2.0,42.0,"Champion was IC level, couldn't drive the purchase alone.",Card good full poor store range wonder long consider care respond want already cut.,6.0,Omitted,True,,True,Lost,No Decision / Stalled,Exec Vacuum
DL-1023,"VAUGHAN, MILLER AND CORTEZ",ACC-43776,Peters-Allen - Full Bundle Pilot,Enterprise,Education,Northeast,Emily Rodriguez,REP-103,Benjamin Cross,Jaylen Ford,Full Bundle,Pilot,Outbound SDR,Fivetran,,335900.0,335900.0,753500.0,0.0,False,<$50k,21-Apr-2024,2024-10-10,172.0,3.0,2.0,0.0,43.0,,Closed Won,Michael West,BI Lead,Manager,9.6,Edward Sullivan,VP Operations,False,0.0,7,7.0,False,False,True,1.9,2.0,0.1,0.63,27.0,17.0,0.0,3.0,Introduction: Peters <> Tiger Data,5.0,2.9,7.0,4.0,4.0,Technical Review,6.0,0.0,90.0,-1.0,Stable,2.0,False,0.0,,True,True,False,False,True,,,True,True,True,18.0,50.0,True,2.0,75.0,10.0,True,,,"Strong champion, got exec in early. Smooth close.",,7.0,Omitted,True,03-May-2026,False,Won,,
DL-1101,BOWERS AND SONS,ACC-51820,Cruz-Allen - Analytics Suite Pilot,Enterprise,Energy,Southeast,Rachel Kim,REP-107,Hana Takeda,Grace Okonkwo,Analytics Suite,Pilot,Partner Referral,Alation,,437600.0,428800.0,1177000.0,0.02,,$150k–$500k,"November 18, 2024",26-Jun-2025,220.0,19.0,3.0,1.0,,,Closed Lost,Andrea Oneal,Senior Data Engineer,IC,10.2,Isaac Stewart,VP Engineering,False,0.0,3,1.0,False,True,False,0.8,1.9,1.1,0.33,58.0,19.0,3.0,1.0,Q4 pricing — URGENT,13.0,1.0,4.0,4.0,3.0,Discovery,2.0,2.0,82.0,-2.0,Stable,1.0,True,2.0,False,False,False,True,False,False,,True,True,True,True,26.0,,,2.0,53.0,15.0,,7.0,63.0,Lost — no decision / stalled. No additional detail.,Team nothing half raise several west side admit attack energy always art smile media pick.,6.0,Best Case,True,2026-04-25,False,Lost,Price / Budget,Exec Vacuum
DL-1549,Weaver-Sandoval,ACC-60394,"Chandler, Howe and Burns - Core Platform Monthly",Enterprise,Healthcare,APAC,Emily Rodriguez,REP-103,,Henry Vasquez,Core Platform,Monthly,Partner Referral,Starburst,dbt Labs,435000.0,365400.0,944200.0,0.16,True,$150k–$500k,2025-08-09,"February 23, 2026",198.0,13.0,3.0,1.0,22.0,,Closed Lost,Rebecca Clay MD,Chief Data Officer,C-Suite,,Crystal Johnston,Chief Data Officer,False,1.0,4,1.0,True,,False,0.5,6.94,6.44,0.34,35.0,12.0,3.0,6.0,,18.0,2.5,12.0,2.0,1.0,Technical Review,30.0,2.0,46.0,-22.0,Expanding,0.0,False,0.0,False,True,True,True,True,True,True,True,,True,False,,68.0,True,0.0,52.0,3.0,,,,Champion left the company. Couldn't rebuild the relationship in time.,Interview give ground laugh receive agree best physical.,7.0,Best Case,False,04/28/2026,False,Lost,Champion Left,Champion Collapse
DL-1247,"The Jenkins, Ayers and Hayes",ACC-18611,"Anderson, Thompson and Watkins - Analytics Suite Multi-Year",Enterprise,Retail,Midwest,James O'Brien,REP-106,Jordan Blake,Frankie Hale,Analytics Suite,Multi-Year,Inbound - Website,Alation,,226500.0,226500.0,644300.0,0.0,False,>$500k,06/30/2024,10/29/2024,121.0,16.0,5.0,1.0,13.0,,Closed Lost,Douglas Miller,Data Engineer,IC,4.4,James Bennett,COO,False,0.0,2,2.0,,False,True,2.4,1.8,-0.6,0.55,11.0,6.0,0.0,10.0,Re: Follow up from our call,17.0,1.3,11.0,5.0,4.0,Executive QBR,11.0,5.0,56.0,-10.0,Stable,1.0,False,0.0,True,True,True,False,False,False,False,True,True,True,True,27.0,89.0,True,1.0,95.0,9.0,,,30.0,Lost — no decision / stalled. No additional detail.,,10.0,Best Case,False,"May 01, 2026",False,Lost,Price / Budget,Exec Vacuum
DL-1003,"Richards, Hurst and Ross LLC",ACC-67912,Osborn and Sons - Full Bundle Monthly,SMB,Manufacturing,West,David Park,REP-104,Amara Osei,,Full Bundle,Monthly,LinkedIn Outbound,dbt Labs,,15100.0,15100.0,31000.0,0.0,False,<$50k,15-Apr-2024,2024-05-08,23.0,7.0,6.0,1.0,,,Closed Won,Ann Williams,Analytics Manager,Manager,9.9,Mark Conner,VP Engineering,False,0.0,5,3.0,True,True,True,0.7,1.3,0.6,0.73,33.0,24.0,1.0,4.0,Introduction: Ryan <> Tiger Data,12.0,2.1,5.0,2.0,2.0,Discovery,9.0,3.0,78.0,3.0,Expanding,2.0,False,0.0,True,False,False,True,True,True,False,False,True,,True,6.0,,True,2.0,,20.0,True,0.0,59.0,Fast cycle. Champion had budget approved before we even started.,Others his other life edge network wall quite boy those seem shoulder future fall citizen.,9.0,Omitted,True,,,Won,,
DL-1086,miller group,ACC-43666,Hawkins-Hunt - Full Bundle Pilot,Mid-Market,Manufacturing,Northeast,Alex Morgan,REP-100,Jordan Blake,Isla Berg,Full Bundle,Pilot,LinkedIn Outbound,Databricks,,64000.0,64000.0,191700.0,0.0,True,<$50k,"December 26, 2025",02/26/2026,62.0,5.0,3.0,0.0,21.0,,Closed Lost,Brandon Spencer,Analytics Manager,Manager,5.5,Rachel Shields,Director of IT,False,0.0,4,1.0,False,True,True,1.6,6.98,5.38,0.25,48.0,12.0,5.0,7.0,[External] Re: Tiger Data POC,4.0,1.2,7.0,1.0,4.0,,37.0,1.0,32.0,-32.0,Expanding,1.0,False,0.0,True,False,True,False,False,False,,,,False,True,15.0,97.0,False,1.0,83.0,3.0,False,7.0,,Champion left the company. Couldn't rebuild the relationship in time.,Factor hold be top toward within occur college.,10.0,Omitted,False,05/14/2026,False,Lost,Champion Left,Champion Collapse
DL-1843,vance-garcia,ACC-13147,Monroe-Contreras - Core Platform Pilot,Mid-Market,Retail,Southwest,Nina Petrov,REP-109,Liam Sutherland,Danny Patel,Core Platform,Pilot,Event / Conference,None / Greenfield,Fivetran,87000.0,82600.0,199100.0,0.05,True,$50k–$150k,01-Mar-2024,"May 23, 2024",83.0,10.0,2.0,0.0,,28.0,Closed Won,Steve Thornton,Director of Data,Director,4.6,,Chief Data Officer,True,4.0,7,6.0,True,True,False,2.4,3.0,0.6,0.34,53.0,18.0,2.0,1.0,fwd: technical review docs,19.0,1.5,5.0,1.0,4.0,Technical Review,2.0,5.0,86.0,-8.0,Expanding,2.0,True,1.0,True,False,False,True,False,False,,False,False,False,False,,,True,1.0,,21.0,True,8.0,37.0,"Strong champion, got exec in early. Smooth close.",Explain save campaign special teacher movie eye PM drop cut various speech interesting table girl usually.,8.0,Omitted,True,05/13/2026,True,Won,,
DL-1952,Craig and Sons Inc,ACC-60585,Walker Group - Analytics Suite Pilot,Enterprise,Technology,Northeast,Tyler Brooks,REP-108,Jordan Blake,Elena Ruiz,Analytics Suite,Pilot,Cold Email Sequence,Databricks,,511800.0,511800.0,1143500.0,0.0,True,$50k–$150k,03/13/2025,2025-10-02,203.0,51.0,2.0,1.0,18.0,,Closed Lost,Ann Klein,Chief Data Officer,C-Suite,,Amber Andrade,Director of IT,False,0.0,3,2.0,True,,True,1.2,1.2,0.0,0.1,51.0,5.0,32.0,26.0,,3.0,1.5,12.0,0.0,1.0,Executive QBR,14.0,2.0,66.0,-8.0,Stable,0.0,False,0.0,False,False,True,True,True,False,,False,False,True,True,10.0,,,1.0,89.0,25.0,True,,83.0,Lost — missing feature. No additional detail.,Though feeling term leave though community including career each hotel.,8.0,Omitted,,,,Lost,Missing Feature,Ghost Stall
DL-1290,"Mcintyre, Berry and Myers Inc",ACC-38194,Harris-Myers - Analytics Suite Pilot,SMB,Energy,West,Tyler Brooks,REP-108,Hana Takeda,,Analytics Suite,Pilot,Partner Referral,Snowflake,,30800.0,30800.0,77200.0,0.0,False,>$500k,"April 17, 2024",05/19/2024,32.0,14.0,3.0,0.0,11.0,,Closed Won,Chelsea Rodriguez,Lead Data Engineer,IC,0.6,Jocelyn Kline,VP Engineering,False,0.0,2,1.0,False,True,True,2.5,2.3,-0.2,0.52,21.0,11.0,4.0,3.0,following up again...,6.0,2.1,4.0,1.0,4.0,Demo,15.0,4.0,71.0,12.0,Contracting,0.0,True,4.0,False,True,True,True,False,True,True,,False,True,True,7.0,23.0,,0.0,73.0,3.0,False,2.0,52.0,"strong champion, got exec in early.. smooth close..",Commercial push concern step owner agree current treat history.,9.0,Best Case,False,,True,Won,,
DL-1210,"Luna, Waters and Smith Inc",ACC-99534,Hernandez-Bowman - Core Platform Annual,SMB,Energy,Southwest,David Park,REP-104,Liam Sutherland,Henry Vasquez,Core Platform,Annual,LinkedIn Outbound,dbt Labs,,21700.0,15600.0,15600.0,0.25,False,<$50k,"May 25, 2024","July 05, 2024",41.0,4.0,4.0,3.0,37.0,,Closed Lost,Mary Adams,Lead Data Engineer,IC,7.1,Summer Andrews,VP Operations,False,0.0,6,5.0,,False,,1.8,2.2,0.4,0.15,39.0,6.0,8.0,10.0,following up again...,11.0,2.0,8.0,1.0,4.0,POC Review,7.0,1.0,94.0,4.0,Stable,5.0,True,1.0,False,True,True,True,True,False,True,False,True,False,False,,29.0,True,1.0,75.0,13.0,False,6.0,6.0,lost — champion left.. no additional detail..,,9.0,Pipeline,,04/24/2026,False,Lost,Chose Competitor,Competitor Displacement
DL-1802,Ewing-Bailey,ACC-62218,Barnes PLC - Core Platform Monthly,Enterprise,Technology,Southwest,Emily Rodriguez,REP-103,Liam Sutherland,Grace Okonkwo,Core Platform,Monthly,Cold Email Sequence,Snowflake,,329000.0,259900.0,756600.0,0.21,False,$150k–$500k,"May 05, 2025","October 16, 2025",164.0,20.0,6.0,1.0,30.0,31.0,Closed Won,Cassie Williams,Data Platform Lead,Manager,6.4,Sandra Garner,Chief Data Officer,True,5.0,4,2.0,True,,,1.6,1.8,0.2,0.45,60.0,27.0,8.0,7.0,,14.0,1.4,7.0,1.0,3.0,Discovery,10.0,3.0,56.0,15.0,Expanding,1.0,True,2.0,,True,True,False,True,False,True,False,True,True,True,24.0,39.0,False,0.0,95.0,24.0,True,7.0,,technical win — their data architect loved teh architecture demo..,Our audience cup machine decide American fear contain family you every large nearly a even issue know when.,7.0,Pipeline,True,25-Apr-2026,,Won,,
DL-1174,"Cruz, Lee and Sandoval LLC",ACC-62437,"Garrett, White and Curry - Analytics Suite Pilot",SMB,Manufacturing,Southeast,Nina Petrov,REP-109,Amara Osei,Frankie Hale,Analytics Suite,Pilot,Outbound SDR,Monte Carlo,,33800.0,31400.0,77400.0,0.07,False,,01-Jun-2025,"June 23, 2025",22.0,7.0,2.0,1.0,,29.0,Closed Won,Brian Fowler,Senior Data Engineer,IC,10.3,Jimmy Ortega,CFO,True,3.0,8,6.0,True,True,,1.6,1.5,-0.1,0.6,10.0,6.0,6.0,3.0,following up again...,17.0,2.1,6.0,2.0,4.0,Pricing,1.0,1.0,77.0,1.0,Expanding,0.0,False,0.0,,False,False,False,True,False,,False,True,True,True,8.0,90.0,False,1.0,75.0,10.0,False,7.0,47.0,Close was delayed 2 weeks on legal but closed strong.,Coach Congress husband front citizen your kitchen good firm yard.,6.0,Pipeline,False,23-Apr-2026,,Won,,
DL-1199,Stephens-Young,ACC-98968,"Caldwell, Stevenson and Joseph - Core Platform Monthly",SMB,Retail,APAC,Nina Petrov,REP-109,,,Core Platform,Monthly,Event / Conference,Databricks,Alation,20400.0,20400.0,57500.0,0.0,,$50k–$150k,10-Apr-2024,04-May-2024,24.0,31.0,6.0,0.0,36.0,24.0,Closed Lost,Ashley Carlson,Data Architect,IC,,Brent Wallace,VP Engineering,True,4.0,2,1.0,True,True,,1.0,0.6,-0.4,0.17,12.0,2.0,14.0,21.0,Introduction: Bradley <> Tiger Data,13.0,0.7,2.0,0.0,4.0,Pricing,8.0,0.0,57.0,-6.0,Stable,1.0,False,0.0,False,,True,True,False,False,True,False,True,True,True,16.0,45.0,True,1.0,63.0,11.0,False,3.0,91.0,Prospect stopped engaging after the proposal. No explanation given.,What attorney board sport side her management produce bed stage thought tough player.,10.0,,,2026-04-23,,Lost,No Decision / Stalled,Ghost Stall
DL-1902,"Barrett,SmithandMyers",ACC-66276,Miller Ltd - Core Platform Monthly,Enterprise,Healthcare,Southwest,Sophia Nguyen,REP-105,Hana Takeda,Grace Okonkwo,Core Platform,Monthly,Outbound SDR,Collibra,,750700.0,720700.0,1948100.0,0.28,True,$150k–$500k,"July 19, 2025",2025-12-13,147.0,3.0,5.0,1.0,37.0,,Closed Lost,Rachel Flores,Chief Data Officer,C-Suite,4.1,Kristin Morgan,COO,False,0.0,4,4.0,False,,False,1.8,2.9,1.1,1.0,15.0,15.0,5.0,19.0,Q4 pricing — URGENT,19.0,1.7,3.0,5.0,4.0,Technical Review,8.0,4.0,81.0,10.0,Stable,4.0,True,3.0,True,False,True,False,True,False,False,True,False,,False,,,True,2.0,90.0,11.0,False,1.0,,snowflake offered a massive discount at teh last minute.. we couldn't match..,Station many boy west data arm population rise write floor inside pretty.,7.0,Best Case,True,,True,Lost,Chose Competitor,Competitor Displacement
DL-1112-DUP,"The Elliott, Hart and Lopez Inc",ACC-37495,Weaver-Thompson - Core Platform Pilot,Mid-Market,Retail,EMEA,David Park,REP-104,Jordan Blake,,Core Platform,Pilot,Event / Conference,Collibra,,133000.0,105100.0,298600.0,0.21,False,>$500k,"December 17, 2024",20-Mar-2025,93.0,7.0,2.0,0.0,39.0,9.0,Closed Won,Anthony Guzman,Data Engineer,IC,9.9,John Rivera,Head of Product,True,1.0,7,5.0,False,,True,2.4,1.3,-1.1,0.98,60.0,59.0,6.0,6.0,Introduction: Bell <> Tiger Data,10.0,2.5,6.0,3.0,2.0,,14.0,2.0,60.0,-9.0,,2.0,True,2.0,True,False,True,True,True,False,True,,True,False,False,,,True,1.0,94.0,9.0,,5.0,94.0,multi-threaded well.. finance and eng both bought in..,Cut candidate response try such food against only true similar suffer team whether health walk how big few carry.,8.0,Omitted,True,2026-05-15,False,Won,,
DL-1063,Simpson-Khan,ACC-78809,"Chambers, Mitchell and Smith - Full Bundle Pilot",Enterprise,Manufacturing,Northeast,Sophia Nguyen,REP-105,Amara Osei,Isla Berg,Full Bundle,Pilot,Partner Referral,Atlan,,621900.0,466400.0,956900.0,0.22,False,$150k–$500k,08/12/2025,02-Dec-2025,112.0,18.0,5.0,1.0,,27.0,Closed Lost,Cesar Baker,Director of Data,Director,,Jamie Williams,VP Operations,True,2.0,4,2.0,False,False,True,2.1,0.8,-1.3,0.14,37.0,5.0,3.0,13.0,,13.0,0.6,8.0,4.0,3.0,Technical Review,1.0,2.0,70.0,9.0,Stable,4.0,True,1.0,True,True,False,True,False,True,False,False,,,True,11.0,,,2.0,95.0,5.0,,7.0,9.0,lost — wrong timing.. no additional detail..,Now crime network available mean share evidence writer quite.,9.0,Pipeline,True,,False,Lost,No Decision / Stalled,Competitor Displacement
DL-1265,"Edwards,CooperandWilcox",ACC-16660,"Bishop, Thomas and Powell - Core Platform Pilot",Mid-Market,Insurance,West,Priya Shah,REP-101,Jordan Blake,Henry Vasquez,Core Platform,Pilot,Executive Referral,Starburst,,91400.0,80400.0,222400.0,0.12,False,$50k–$150k,"November 22, 2025",2026-01-17,56.0,14.0,6.0,1.0,28.0,16.0,Closed Won,Stacy Weber,Lead Data Engineer,IC,7.6,Jessica Reed,CFO,True,4.0,2,1.0,,False,True,2.4,2.5,0.1,0.77,13.0,10.0,4.0,3.0,,4.0,0.8,6.0,3.0,3.0,Discovery,11.0,4.0,76.0,1.0,Expanding,1.0,True,1.0,True,True,True,True,False,True,True,,True,True,False,,93.0,False,0.0,53.0,21.0,True,3.0,81.0,"Competitive deal vs Starburst, but we had the better integration story.",,9.0,Commit,True,"May 01, 2026",False,Won,,
DL-1231,"Gallagher, Peterson and Mckinney",ACC-22166,Garner Inc - Full Bundle Annual,SMB,Retail,Midwest,David Park,REP-104,,Henry Vasquez,Full Bundle,Annual,Cold Email Sequence,dbt Labs,,15600.0,15600.0,15600.0,0.0,True,$150k–$500k,"November 02, 2024",02-Dec-2024,30.0,29.0,2.0,0.0,35.0,25.0,Closed Lost,Scott Thomas,Data Engineer,IC,2.4,,VP Engineering,True,4.0,5,3.0,True,True,True,1.7,2.7,1.0,0.07,26.0,1.0,15.0,26.0,Re: Follow up from our call,19.0,2.0,3.0,0.0,1.0,Discovery,11.0,5.0,84.0,15.0,Contracting,1.0,True,4.0,False,True,True,True,False,False,True,False,,False,True,19.0,92.0,False,2.0,69.0,8.0,,7.0,19.0,lost — security / compliance failed.. no additional detail..,,8.0,Pipeline,False,05/13/2026,True,Lost,Missing Feature,Ghost Stall
DL-1803,CLINE-SCHROEDER,ACC-51223,Downs-Leblanc - Full Bundle Pilot,Enterprise,Healthcare,Southeast,David Park,REP-104,Benjamin Cross,Grace Okonkwo,Full Bundle,Pilot,PLG Expansion,None / Greenfield,Collibra,587700.0,440800.0,923700.0,0.25,False,$50k–$150k,09/04/2024,2025-03-02,179.0,9.0,3.0,1.0,24.0,,Closed Lost,Melissa Ruiz,Senior Data Engineer,IC,8.1,Richard Franklin,SVP Technology,False,0.0,7,7.0,False,False,False,2.3,0.7,-1.6,0.7,23.0,16.0,4.0,6.0,fwd: technical review docs,18.0,1.3,4.0,5.0,1.0,Technical Review,2.0,4.0,79.0,8.0,Expanding,1.0,False,0.0,True,False,True,False,False,False,,True,True,True,False,,90.0,True,1.0,56.0,24.0,,3.0,52.0,No exec sponsor. Deal died when Q4 budgets froze.,Picture within read table window bed reason which coach Mrs girl environmental himself will already sport.,6.0,Omitted,False,07-May-2026,,Lost,Price / Budget,Exec Vacuum
DL-1625,The Scott-Delgado,ACC-87279,Pearson-Morgan - Governance Module Annual,Enterprise,Financial Services,Southwest,Tyler Brooks,REP-108,Liam Sutherland,Grace Okonkwo,Governance Module,Annual,Partner Referral,Alation,,694500.0,694500.0,694500.0,0.0,True,<$50k,08/03/2025,"February 07, 2026",188.0,28.0,4.0,1.0,21.0,10.0,Closed Lost,Craig Beard,Analytics Manager,Manager,9.5,Tony Moore,COO,True,3.0,3,3.0,False,True,False,2.0,2.8,0.8,0.13,45.0,5.0,32.0,33.0,Q4 pricing — URGENT,20.0,1.3,7.0,0.0,3.0,Executive QBR,10.0,2.0,63.0,15.0,Expanding,0.0,False,0.0,False,False,True,False,False,False,,False,True,False,True,27.0,39.0,True,2.0,80.0,4.0,,1.0,,"Just went dark. Last email 3 weeks ago, no response.",Experience Mr she room man vote safe work late top huge deal professor population question coach.,9.0,Omitted,False,05/17/2026,False,Lost,No Decision / Stalled,Ghost Stall
DL-1568,Walsh-Carroll LLC,ACC-47592,Rivera Inc - Analytics Suite Multi-Year,Enterprise,Education,West,Rachel Kim,REP-107,Amara Osei,,Analytics Suite,Multi-Year,Executive Referral,dbt Labs,,579000.0,579000.0,1421600.0,0.0,,<$50k,12/27/2023,"July 31, 2024",217.0,58.0,6.0,1.0,44.0,,Closed Lost,Raymond Clay,Senior Data Engineer,IC,9.8,Rebecca Vincent,Director of IT,False,0.0,7,5.0,False,False,True,1.7,2.8,1.1,0.11,16.0,1.0,18.0,40.0,,9.0,2.0,11.0,0.0,2.0,,7.0,4.0,71.0,-9.0,Stable,1.0,True,4.0,True,False,True,False,True,True,False,True,True,,False,,83.0,,2.0,93.0,22.0,False,0.0,52.0,Multiple follow-ups with no reply. Probably went internal.,Three board stuff southern development sister simply involve nor whether area.,6.0,Best Case,False,"April 30, 2026",False,Lost,No Decision / Stalled,Ghost Stall
DL-1854,"Hunt, Jordan and Adams, Inc.",ACC-39324,"Brown, Patrick and Sampson - Governance Module Multi-Year",SMB,Logistics,EMEA,Marcus Chen,REP-102,,Frankie Hale,Governance Module,Multi-Year,LinkedIn Outbound,Starburst,dbt Labs,18300.0,18300.0,,0.0,True,,2025-01-13,"February 19, 2025",37.0,7.0,5.0,1.0,25.0,22.0,Closed Lost,Paul Fields,Data Platform Lead,Manager,2.7,Taylor Nicholson,CTO,True,5.0,3,3.0,True,,,2.0,1.8,-0.2,0.83,30.0,25.0,1.0,5.0,Checking in,11.0,1.7,3.0,5.0,3.0,Pricing,10.0,3.0,67.0,-4.0,Contracting,1.0,False,0.0,True,True,True,True,False,True,False,,,False,True,20.0,,True,2.0,68.0,13.0,False,0.0,,Lost — champion left. No additional detail.,Product nearly person concern line discussion if similar free concern himself where he.,7.0,Best Case,True,22-Apr-2026,False,Lost,Wrong Timing,
DL-1039,Kramer PLC Inc,ACC-47988,Ramirez and Sons - Governance Module Pilot,SMB,Financial Services,APAC,Sophia Nguyen,REP-105,Benjamin Cross,Jaylen Ford,Governance Module,Pilot,LinkedIn Outbound,dbt Labs,Databricks,30700.0,27900.0,80900.0,0.09,True,>$500k,04/22/2025,"May 13, 2025",21.0,50.0,2.0,0.0,19.0,11.0,Closed Lost,Ms. Rebecca Rodriguez,VP of Data,VP,4.3,Bonnie Howard,VP Operations,True,5.0,5,4.0,True,,True,0.8,1.2,0.4,0.23,20.0,4.0,15.0,27.0,Introduction: Murphy <> Tiger Data,17.0,1.4,10.0,0.0,2.0,Pricing,5.0,0.0,57.0,0.0,Contracting,2.0,True,4.0,False,True,True,False,False,False,False,False,,False,True,22.0,77.0,True,1.0,72.0,16.0,False,6.0,,Multiple follow-ups with no reply. Probably went internal.,Open administration enter camera inside box as large gun order later develop.,6.0,Omitted,False,,False,Lost,No Decision / Stalled,Ghost Stall
DL-1806,,ACC-94116,Myers and Sons - Core Platform Multi-Year,Mid-Market,Retail,Northeast,Nina Petrov,REP-109,,,Core Platform,Multi-Year,Outbound SDR,Starburst,Atlan,115400.0,93500.0,204100.0,0.19,,>$500k,2025-04-16,13-Jul-2025,88.0,8.0,4.0,1.0,39.0,,Closed Lost,Gail Arellano,Lead Data Engineer,IC,1.0,Michael Fletcher,CTO,False,0.0,5,5.0,False,False,True,1.9,2.9,1.0,0.87,53.0,46.0,5.0,10.0,[External] Re: Tiger Data POC,17.0,1.3,9.0,3.0,3.0,POC Review,11.0,4.0,59.0,12.0,Stable,2.0,True,3.0,False,False,True,False,True,True,,,,False,False,,70.0,False,2.0,57.0,24.0,True,4.0,33.0,Lost — champion left. No additional detail.,,6.0,Omitted,False,2026-04-24,True,Lost,Security / Compliance Failed,
DL-1168,Peterson LLC LLC,ACC-61487,Bolton-Ford - Core Platform Multi-Year,SMB,Technology,Southeast,Sophia Nguyen,REP-105,Benjamin Cross,Elena Ruiz,Core Platform,Multi-Year,Event / Conference,Fivetran,,12200.0,12200.0,36200.0,0.0,True,$150k–$500k,15-Mar-2025,04/17/2025,33.0,10.0,3.0,0.0,22.0,,Closed Won,Erin Bridges,Senior Data Engineer,IC,,Amy Rowe,VP Engineering,False,0.0,2,1.0,False,True,False,1.2,2.9,1.7,0.71,24.0,17.0,5.0,3.0,,4.0,1.2,11.0,5.0,3.0,Discovery,15.0,1.0,73.0,-3.0,Stable,1.0,True,2.0,True,True,True,False,True,True,True,False,True,False,True,9.0,33.0,True,1.0,84.0,9.0,,,73.0,"competitive deal vs fivetran, but we had teh better integration story..",Myself consider time economic high actually window research his.,6.0,Pipeline,True,04/28/2026,True,Won,,
DL-1590,HendersonLtd,ACC-36818,Ball-Carter - Analytics Suite Annual,Mid-Market,Energy,EMEA,James O'Brien,REP-106,Hana Takeda,,Analytics Suite,Annual,Event / Conference,dbt Labs,,62500.0,62500.0,62500.0,0.0,,<$50k,"November 01, 2024",14-Jan-2025,74.0,17.0,6.0,0.0,11.0,14.0,Closed Lost,Paul Anderson,BI Lead,Manager,4.6,Victoria Padilla,CTO,True,2.0,4,2.0,True,True,,2.0,0.5,-1.5,0.9,10.0,9.0,4.0,7.0,Re: Follow up from our call,10.0,1.2,12.0,5.0,1.0,Technical Review,11.0,1.0,86.0,3.0,Stable,1.0,False,0.0,True,True,True,False,False,True,True,True,,,False,,43.0,,0.0,79.0,9.0,False,,23.0,lost — champion left.. no additional detail..,Explain wear attorney despite spend remain space black card student call paper these population.,7.0,Pipeline,False,06-May-2026,False,Lost,Security / Compliance Failed,
DL-1464,AguirreLLC,ACC-73562,Rodriguez-Vega - Analytics Suite Monthly,Enterprise,Manufacturing,APAC,Priya Shah,REP-101,,Jaylen Ford,Analytics Suite,Monthly,Outbound SDR,Monte Carlo,,386300.0,386300.0,982500.0,0.0,True,>$500k,06-Feb-2024,2024-07-08,153.0,8.0,4.0,1.0,40.0,,Closed Won,Carol Garcia,Data Engineer,IC,7.2,,Chief Data Officer,False,0.0,8,7.0,True,,True,1.7,0.9,-0.8,0.77,31.0,24.0,5.0,10.0,RE: RE: RE: Next steps??,8.0,0.6,5.0,1.0,2.0,Technical Review,8.0,1.0,73.0,11.0,,2.0,False,0.0,False,True,True,False,True,True,True,False,True,False,False,,55.0,True,1.0,70.0,12.0,False,2.0,41.0,Multi-threaded well. Finance and Eng both bought in.,,6.0,Best Case,True,,False,Won,,
DL-1998,"BARNETT, HALL AND MILLER",ACC-47696,Wolf-Williams - Analytics Suite Pilot,SMB,Healthcare,Southwest,Alex Morgan,REP-100,Liam Sutherland,Frankie Hale,Analytics Suite,Pilot,Event / Conference,Fivetran,,17200.0,15700.0,33500.0,0.09,False,,05/30/2024,22-Jun-2024,23.0,27.0,5.0,1.0,16.0,,Closed Lost,Dennis Moody,Lead Data Engineer,IC,11.1,Miranda Hayes,SVP Technology,False,0.0,2,1.0,False,False,False,1.1,0.9,-0.2,0.21,48.0,10.0,22.0,18.0,fwd: technical review docs,10.0,0.8,2.0,0.0,1.0,Demo,7.0,3.0,77.0,-9.0,Contracting,1.0,True,3.0,False,False,True,False,False,False,,False,,,True,7.0,24.0,True,1.0,87.0,20.0,False,,,Multiple follow-ups with no reply. Probably went internal.,,7.0,Omitted,False,12-May-2026,True,Lost,No Decision / Stalled,Ghost Stall
DL-1442,"Gonzalez, Underwood and Schaefer Inc",ACC-39592,"Camacho, Hernandez and Mejia - Governance Module Annual",SMB,Education,Southeast,Alex Morgan,REP-100,Hana Takeda,Henry Vasquez,Governance Module,Annual,Executive Referral,dbt Labs,,34200.0,30100.0,30100.0,0.29,False,>$500k,2025-06-25,2025-08-04,40.0,13.0,3.0,1.0,,,Closed Lost,Christopher Johnson,Lead Data Engineer,IC,,Sarah Chan,Head of Product,False,0.0,7,6.0,,False,True,0.7,1.3,0.6,0.83,42.0,35.0,8.0,20.0,Quick question on the proposal,3.0,0.6,7.0,4.0,3.0,Executive QBR,11.0,3.0,62.0,6.0,Expanding,3.0,True,4.0,False,True,False,True,False,True,True,False,,False,False,,,True,0.0,66.0,22.0,True,0.0,40.0,Lost to Fivetran on connector breadth. They had 200+ native connectors.,Give attorney that up probably cut clear yard do turn sign agree there want but way agent test.,10.0,Pipeline,,07-May-2026,True,Lost,No Decision / Stalled,Competitor Displacement
DL-1908,Lopez Ltd LLC,ACC-80046,"Lowe, Klein and Ponce - Full Bundle Annual",Enterprise,Energy,Midwest,Rachel Kim,REP-107,Liam Sutherland,Isla Berg,Full Bundle,Annual,Executive Referral,None / Greenfield,,618100.0,618100.0,,0.0,False,>$500k,13-Apr-2024,04-Aug-2024,113.0,20.0,6.0,0.0,36.0,27.0,Closed Won,Eddie Silva,Data Engineer,IC,7.2,Krystal Rodriguez,COO,True,1.0,2,1.0,False,True,True,2.1,0.7,-1.4,0.67,49.0,33.0,8.0,5.0,Re: Follow up from our call,8.0,2.5,2.0,5.0,2.0,Pricing,15.0,1.0,80.0,14.0,Expanding,0.0,False,0.0,False,True,True,False,True,True,True,True,,False,False,,,True,0.0,54.0,21.0,,6.0,,"Strong champion, got exec in early. Smooth close.",Game live let its window structure herself agent stuff treatment hard score agency ahead.,,Omitted,True,"April 30, 2026",True,Won,,
DL-1066,"Perez, Williams and Castillo",ACC-30432,,Enterprise,Technology,EMEA,Emily Rodriguez,REP-103,Jordan Blake,Elena Ruiz,Analytics Suite,Monthly,Outbound SDR,Databricks,,512900.0,369300.0,895000.0,0.28,False,$150k–$500k,17-Dec-2024,03/30/2025,103.0,7.0,2.0,1.0,17.0,,Closed Lost,Michael Johnson,Senior Data Engineer,IC,2.3,Ashley Smith,Director of IT,False,0.0,8,8.0,True,False,True,1.2,2.6,1.4,0.56,36.0,20.0,2.0,7.0,Q4 pricing — URGENT,20.0,2.6,5.0,2.0,1.0,POC Review,5.0,4.0,82.0,1.0,Expanding,0.0,True,4.0,False,False,True,True,False,True,,False,,,True,29.0,97.0,,0.0,,15.0,,,,Lost — no decision / stalled. No additional detail.,Industry include data maybe particularly likely summer road relationship million night your long heavy.,,Best Case,True,2026-04-24,,Lost,No Decision / Stalled,Exec Vacuum
DL-1307,"Rosario, Hess and Smith Inc",ACC-88959,Marks-Montes - Full Bundle Pilot,Mid-Market,Media,Midwest,Tyler Brooks,REP-108,Liam Sutherland,Henry Vasquez,Full Bundle,Pilot,Executive Referral,Fivetran,,111600.0,111600.0,320200.0,0.0,,<$50k,"October 01, 2024","November 26, 2024",56.0,3.0,6.0,0.0,24.0,,Closed Won,Megan Hall,Data Engineer,IC,7.4,Dr. Robert Bailey,COO,False,0.0,3,2.0,False,False,,1.5,1.6,0.1,0.8,25.0,20.0,8.0,10.0,,13.0,0.7,8.0,3.0,2.0,Discovery,14.0,5.0,77.0,-3.0,,2.0,False,0.0,False,False,True,True,False,True,True,True,True,False,False,,60.0,False,0.0,62.0,19.0,True,2.0,87.0,"Competitive deal vs Fivetran, but we had the better integration story.",Would tax toward safe family crime century mind occur task measure campaign someone feeling pull nature.,10.0,Omitted,True,2026-05-05,,Won,,
DL-1067,Stevens PLC Inc,ACC-21425,Payne-Lowe - Governance Module Monthly,Mid-Market,Healthcare,Midwest,Tyler Brooks,REP-108,Hana Takeda,,Governance Module,Monthly,Cold Email Sequence,Snowflake,,121500.0,86300.0,,0.29,False,>$500k,"September 17, 2025",12/13/2025,87.0,5.0,3.0,0.0,,,Closed Lost,Melanie Lara,Analytics Engineer,IC,11.7,John Bernard,Director of IT,False,3.0,6,1.0,False,True,False,1.2,7.03,5.83,0.17,40.0,7.0,0.0,2.0,RE: RE: RE: Next steps??,15.0,2.0,6.0,2.0,2.0,POC Review,37.0,3.0,50.0,-33.0,Stable,2.0,True,1.0,True,True,False,True,False,False,,True,True,True,False,,79.0,False,0.0,,24.0,,2.0,50.0,Lost — price / budget. No additional detail.,,8.0,,False,05/07/2026,,Lost,Price / Budget,Champion Collapse
DL-1198,ALVAREZ LLC,ACC-75701,Murray-Jackson - Governance Module Annual,SMB,Healthcare,West,Sophia Nguyen,REP-105,Liam Sutherland,Jaylen Ford,Governance Module,Annual,Inbound - Website,Alation,,33100.0,28100.0,28100.0,0.31,,,2026-02-08,03/18/2026,38.0,13.0,4.0,2.0,,35.0,Closed Lost,Lindsey Anderson,Chief Data Officer,C-Suite,,Robert Robles,SVP Technology,True,2.0,2,2.0,False,True,False,2.1,2.4,0.3,0.95,21.0,20.0,5.0,20.0,following up again...,17.0,1.0,8.0,4.0,2.0,POC Review,13.0,3.0,58.0,-5.0,Expanding,3.0,True,4.0,True,False,False,False,False,False,False,False,False,False,False,,25.0,False,0.0,79.0,2.0,,,78.0,Lost — chose competitor. No additional detail.,,6.0,Pipeline,False,05/03/2026,True,Lost,No Decision / Stalled,Competitor Displacement
DL-1528,"Davis, Obrien and Barker LLC",ACC-80197,Long LLC - Full Bundle Monthly,Enterprise,Media,EMEA,Marcus Chen,REP-102,,Isla Berg,Full Bundle,Monthly,Outbound SDR,Databricks,Starburst,221500.0,172800.0,440200.0,0.22,False,,05/14/2025,2025-09-03,112.0,6.0,6.0,1.0,37.0,,Closed Lost,Melissa Patrick,Senior Data Engineer,IC,10.1,Jordan Carter,Head of Product,False,0.0,7,6.0,False,True,True,1.0,2.8,1.8,0.21,48.0,10.0,7.0,5.0,Re: Follow up from our call,11.0,0.9,9.0,4.0,3.0,,14.0,3.0,95.0,-8.0,Expanding,0.0,False,0.0,True,True,True,False,True,True,,,,True,True,16.0,85.0,True,1.0,64.0,25.0,False,8.0,62.0,Never got above the data team. Budget decision was above champion's level.,Individual us some suggest program decision leave reflect already arrive themselves challenge your call reveal.,9.0,Pipeline,True,05/16/2026,True,Lost,No Decision / Stalled,Exec Vacuum
DL-1481,Welch-Rivera,ACC-38391,"Rodriguez, Martinez and Padilla - Analytics Suite Multi-Year",SMB,Technology,Southwest,Alex Morgan,REP-100,Hana Takeda,Frankie Hale,Analytics Suite,Multi-Year,PLG Expansion,dbt Labs,Fivetran,14500.0,12500.0,29000.0,0.14,False,<$50k,2026-01-18,21-Feb-2026,34.0,14.0,6.0,1.0,42.0,,Closed Lost,Paul Miller,Data Platform Lead,Manager,,Trevor Smith,SVP Technology,False,4.0,6,1.0,False,,True,0.8,8.38,7.58,0.6,20.0,12.0,4.0,2.0,Quick question on the proposal,4.0,1.4,5.0,1.0,1.0,Pricing,35.0,1.0,43.0,-33.0,Contracting,2.0,True,1.0,False,True,True,False,True,True,True,False,,False,False,,94.0,True,1.0,52.0,10.0,True,3.0,60.0,Our champion got moved to a different team mid-deal. Lost access.,Decision response hit personal cover stage remain manager relationship light rule option.,8.0,Omitted,True,,True,Lost,Price / Budget,Champion Collapse
DL-1757,GRAHAM-ROJAS,ACC-78465,Ingram-Henderson - Governance Module Multi-Year,SMB,Financial Services,West,Emily Rodriguez,REP-103,Liam Sutherland,Danny Patel,Governance Module,Multi-Year,Partner Referral,dbt Labs,,19400.0,19400.0,51200.0,0.0,False,>$500k,2025-09-17,2025-10-07,20.0,5.0,6.0,0.0,,31.0,Closed Won,Charles Howard,Data Platform Lead,Manager,8.8,Alexander Harris,VP Operations,True,2.0,5,4.0,False,True,True,0.7,1.9,1.2,0.54,26.0,14.0,1.0,4.0,fwd: technical review docs,6.0,2.1,10.0,3.0,1.0,POC Review,11.0,3.0,71.0,0.0,Expanding,1.0,False,0.0,False,True,False,False,False,True,False,True,False,True,True,28.0,90.0,True,0.0,67.0,9.0,,,18.0,close was delayed 2 weeks on legal but closed strong..,,8.0,,False,05/18/2026,,Won,,
DL-1987,Reynolds Ltd,ACC-23814,Edwards Ltd - Analytics Suite Pilot,SMB,Energy,Southwest,Marcus Chen,REP-102,,,Analytics Suite,Pilot,PLG Expansion,Monte Carlo,None / Greenfield,12700.0,9300.0,20100.0,0.27,False,>$500k,2025-04-15,18-May-2025,33.0,7.0,6.0,1.0,,,Closed Won,Laura Alexander,Lead Data Engineer,IC,,Amy Neal,SVP Technology,False,0.0,6,6.0,False,True,False,0.6,0.7,0.1,0.57,51.0,29.0,4.0,6.0,,18.0,1.8,3.0,3.0,1.0,,2.0,4.0,94.0,15.0,Contracting,1.0,False,0.0,False,,False,False,True,False,False,False,False,False,False,,45.0,False,0.0,77.0,10.0,False,,18.0,technical win — their data architect loved teh architecture demo..,,7.0,Commit,True,,False,Won,,
DL-1362,Lane Ltd Inc,ACC-70712,Bray-Morris - Full Bundle Monthly,Mid-Market,Retail,Southeast,David Park,REP-104,,,Full Bundle,Monthly,LinkedIn Outbound,Starburst,Collibra,49700.0,48700.0,104100.0,0.02,False,$150k–$500k,"June 16, 2024",14-Sep-2024,90.0,9.0,3.0,1.0,29.0,,Closed Lost,Courtney Baker,Analytics Engineer,IC,1.2,Bradley Hansen,CTO,False,0.0,5,3.0,,False,False,1.1,2.9,1.8,1.0,14.0,14.0,4.0,6.0,Checking in,4.0,1.3,10.0,5.0,2.0,Pricing,3.0,1.0,76.0,10.0,Expanding,1.0,True,3.0,False,True,True,False,False,True,,True,,,True,29.0,41.0,,0.0,,24.0,False,0.0,71.0,Lost — no decision / stalled. No additional detail.,,9.0,Pipeline,True,29-Apr-2026,True,Lost,Price / Budget,Exec Vacuum
DL-1844,Andrews Ltd,ACC-88563,"Cruz, Fuentes and Wilson - Governance Module Annual",SMB,Healthcare,West,Marcus Chen,REP-102,Jordan Blake,Casey Wu,Governance Module,Annual,Inbound - Website,Collibra,,12000.0,12000.0,,0.21,True,>$500k,07/28/2024,"September 03, 2024",37.0,11.0,3.0,1.0,,,Closed Lost,Jennifer Chavez,Director of Data,Director,3.4,Paul Fritz,VP Engineering,False,0.0,8,6.0,True,True,,1.1,1.4,0.3,0.3,47.0,14.0,4.0,11.0,,3.0,1.7,8.0,3.0,1.0,Discovery,14.0,2.0,86.0,9.0,Contracting,5.0,True,4.0,False,False,False,True,False,False,,False,,False,True,10.0,27.0,False,2.0,55.0,19.0,,3.0,25.0,Lost — wrong timing. No additional detail.,,7.0,Best Case,,14-May-2026,False,Lost,Chose Competitor,Competitor Displacement
DL-1558,Horton PLC,ACC-76519,"Phillips, Jackson and Duncan - Full Bundle Annual",SMB,Manufacturing,EMEA,Tyler Brooks,REP-108,Amara Osei,Frankie Hale,Full Bundle,Annual,Executive Referral,Databricks,Monte Carlo,22500.0,19800.0,19800.0,0.12,True,$50k–$150k,2024-04-15,05/26/2024,41.0,11.0,3.0,0.0,,,Closed Lost,Monica Russell,BI Lead,Manager,1.2,David Barnes,VP Engineering,False,0.0,4,3.0,False,False,True,2.4,1.5,-0.9,0.55,53.0,29.0,1.0,2.0,,10.0,2.2,10.0,4.0,3.0,Technical Review,10.0,3.0,66.0,12.0,Stable,2.0,False,0.0,True,True,False,False,False,True,False,True,True,False,False,,,True,2.0,80.0,19.0,,,100.0,Lost — price / budget. No additional detail.,,8.0,Pipeline,False,"May 06, 2026",True,Lost,No Decision / Stalled,
DL-1618,"Ryan, Ballard and Wright Inc",ACC-58015,"Foster, Montgomery and Alexander - Governance Module Pilot",Mid-Market,Media,West,Marcus Chen,REP-102,Jordan Blake,Jaylen Ford,Governance Module,Pilot,Executive Referral,Collibra,,75000.0,60800.0,131000.0,0.19,True,$50k–$150k,05/07/2024,07/25/2024,79.0,6.0,2.0,1.0,,28.0,Closed Won,Jane Edwards,Analytics Manager,Manager,7.5,Ann Peterson,Head of Product,True,5.0,5,5.0,,True,False,0.6,1.3,0.7,0.86,37.0,32.0,4.0,7.0,,6.0,2.7,9.0,3.0,3.0,Technical Review,8.0,3.0,82.0,-10.0,Stable,0.0,True,2.0,,True,False,False,False,True,False,False,,,False,,,False,0.0,,15.0,False,0.0,96.0,Close was delayed 2 weeks on legal but closed strong.,Without sound any buy care out Congress suddenly sit yes east up threat.,7.0,Best Case,False,,,Won,,
DL-1352,Johnson LLC,ACC-13626,"Wilkins, Greene and Rogers - Governance Module Annual",Mid-Market,Retail,West,David Park,REP-104,Liam Sutherland,Elena Ruiz,Governance Module,Annual,Outbound SDR,Fivetran,,78500.0,78500.0,78500.0,0.0,False,$50k–$150k,16-Jan-2025,"March 16, 2025",59.0,3.0,4.0,1.0,,12.0,Closed Lost,Wendy Allen,Analytics Manager,Manager,11.6,Cheryl Newman,SVP Technology,True,5.0,4,4.0,False,False,False,1.8,2.5,0.7,0.45,38.0,17.0,2.0,3.0,,15.0,0.6,2.0,5.0,2.0,POC Review,4.0,2.0,60.0,10.0,Stable,0.0,False,0.0,False,,False,False,False,False,True,,,False,False,,33.0,True,1.0,74.0,18.0,True,1.0,,Lost — chose competitor. No additional detail.,Soon official can player within community tough military join.,6.0,Pipeline,True,"May 20, 2026",False,Lost,No Decision / Stalled,
DL-1760,Mcdaniel PLC LLC,ACC-34768,Wells PLC - Full Bundle Monthly,SMB,Energy,Northeast,Marcus Chen,REP-102,Jordan Blake,Elena Ruiz,Full Bundle,Monthly,Executive Referral,Alation,None / Greenfield,24100.0,17800.0,,0.35,,$150k–$500k,03/22/2024,02-May-2024,41.0,9.0,5.0,3.0,,,Closed Lost,Bradley Conway,Senior Data Engineer,IC,10.3,Joanna Lynn,SVP Technology,False,0.0,7,5.0,,False,True,1.4,1.1,-0.3,0.97,32.0,31.0,6.0,17.0,Checking in,6.0,1.2,2.0,4.0,3.0,,13.0,5.0,79.0,-6.0,Stable,7.0,True,4.0,False,,False,False,True,False,False,True,,,False,,43.0,False,2.0,66.0,22.0,False,3.0,,lost — wrong timing.. no additional detail..,Fire radio scene in around list other leg.,8.0,Omitted,False,,True,Lost,Chose Competitor,Competitor Displacement
DL-1929,Thomas-Foster,ACC-31309,Price-Wilson - Core Platform Annual,Mid-Market,Insurance,Midwest,James O'Brien,REP-106,Hana Takeda,,Core Platform,Annual,LinkedIn Outbound,Databricks,,129700.0,125800.0,125800.0,0.03,False,,09/19/2025,2025-12-08,80.0,14.0,2.0,1.0,40.0,,Closed Lost,Jeffrey Miller,Senior Data Engineer,IC,,Nicholas Cochran,COO,False,0.0,2,1.0,True,False,True,0.9,0.7,-0.2,0.65,26.0,17.0,6.0,0.0,following up again...,17.0,1.7,10.0,1.0,2.0,,12.0,4.0,60.0,-3.0,,2.0,True,3.0,False,,True,False,True,False,,True,False,False,False,,,False,1.0,55.0,24.0,True,7.0,43.0,Lost — missing feature. No additional detail.,,8.0,Best Case,True,05/08/2026,True,Lost,Price / Budget,Exec Vacuum
DL-1292,,ACC-69626,Fox PLC - Governance Module Monthly,SMB,Technology,Southwest,David Park,REP-104,Benjamin Cross,Isla Berg,Governance Module,Monthly,Event / Conference,Snowflake,,31600.0,25300.0,,,False,,,"September 09, 2025",25.0,8.0,,1.0,,,,Julia Johnston,Senior Data Engineer,IC,11.7,Donna Ibarra,VP Operations,False,0.0,4,2.0,False,False,True,,0.6,-1.4,,46.0,40.0,2.0,,fwd: technical review docs,19.0,1.8,9.0,2.0,3.0,Pricing,10.0,1.0,94.0,9.0,Stable,0.0,True,1.0,False,,False,False,,True,False,False,,False,False,,,,2.0,89.0,18.0,,,,,Get successful society hospital statement sure indeed conference pay it his probably recognize believe recognize analysis.,6.0,,False,19-May-2026,,Lost,Price / Budget,Exec Vacuum
DL-1752,JacksonLLC,ACC-18857,"Parrish, Lee and Tate - Analytics Suite Multi-Year",Mid-Market,Technology,Southeast,Rachel Kim,REP-107,Hana Takeda,Danny Patel,Analytics Suite,Multi-Year,Event / Conference,Databricks,Starburst,43700.0,36700.0,102800.0,0.16,True,>$500k,07/25/2024,2024-09-23,60.0,56.0,4.0,1.0,,18.0,Closed Lost,James Lopez,Analytics Engineer,IC,11.6,Barbara Richards,Head of Product,True,3.0,8,8.0,False,True,False,1.7,2.8,1.1,0.09,43.0,3.0,14.0,13.0,[External] Re: Tiger Data POC,11.0,1.3,5.0,0.0,2.0,Demo,6.0,1.0,94.0,14.0,Stable,0.0,False,0.0,,True,False,False,False,True,True,True,False,True,False,,,True,2.0,53.0,25.0,True,,,lost — security / compliance failed.. no additional detail..,Own shake necessary suggest employee project after song radio ground join real early sure trial.,6.0,Omitted,False,"May 11, 2026",False,Lost,No Decision / Stalled,Ghost Stall
DL-1100,Miller Inc,ACC-91811,,SMB,Financial Services,Southeast,Marcus Chen,REP-102,,,Full Bundle,Pilot,PLG Expansion,Atlan,,33100.0,31400.0,63900.0,0.05,False,>$500k,26-Sep-2024,11/04/2024,39.0,53.0,4.0,0.0,,11.0,Closed Lost,Heather Jordan,Data Engineer,IC,8.8,Danielle Newman,Director of IT,True,5.0,4,4.0,,False,True,2.4,1.9,-0.5,0.11,53.0,5.0,34.0,25.0,Quick question on the proposal,12.0,0.9,4.0,0.0,2.0,Technical Review,15.0,0.0,93.0,15.0,Expanding,1.0,True,1.0,,,False,False,True,False,True,,True,False,True,25.0,,False,0.0,51.0,7.0,False,1.0,7.0,Lost — security / compliance failed. No additional detail.,,8.0,Commit,,05/17/2026,True,Lost,Missing Feature,Ghost Stall
DL-1201-DUP,warner llc Inc,ACC-68616,Callahan Inc - Full Bundle Monthly,Mid-Market,Media,West,James O'Brien,REP-106,Hana Takeda,Jaylen Ford,Full Bundle,Monthly,PLG Expansion,Fivetran,dbt Labs,98100.0,98100.0,272100.0,0.0,,$50k–$150k,2024-07-08,2024-09-24,78.0,14.0,4.0,1.0,18.0,,Closed Won,Michael Long,Data Platform Lead,Manager,5.0,James James,VP Engineering,False,0.0,2,1.0,True,True,,0.5,0.6,0.1,0.49,59.0,29.0,1.0,4.0,,6.0,2.4,7.0,4.0,2.0,Demo,15.0,1.0,60.0,7.0,Stable,2.0,False,0.0,True,True,True,True,True,False,,False,True,False,True,27.0,69.0,,2.0,91.0,3.0,False,7.0,94.0,Technical win — their data architect loved the architecture demo.,Deep community cause new successful growth individual eye their by activity possible century those price window career case.,,Pipeline,True,16-May-2026,False,Won,,
DL-1861-DUP,"GLOVER-DUNCAN, Inc.",ACC-98735,,Enterprise,Healthcare,EMEA,Marcus Chen,REP-102,Benjamin Cross,Grace Okonkwo,Full Bundle,Monthly,Executive Referral,Monte Carlo,,604100.0,525600.0,1134100.0,0.13,False,$150k–$500k,2024-04-21,"October 14, 2024",176.0,53.0,5.0,1.0,,11.0,Closed Lost,Kyle Simon,Senior Data Engineer,IC,1.5,Paul Lee,Chief Data Officer,True,5.0,4,2.0,True,,False,0.8,1.0,0.2,0.07,17.0,1.0,20.0,19.0,following up again...,10.0,2.2,9.0,0.0,3.0,Discovery,2.0,5.0,61.0,4.0,Stable,2.0,True,1.0,True,False,False,True,True,True,,False,False,True,False,,54.0,,2.0,91.0,24.0,True,3.0,91.0,lost — wrong timing.. no additional detail..,,10.0,Pipeline,False,14-May-2026,True,Lost,No Decision / Stalled,Ghost Stall
DL-1808,lindsey-chambers,ACC-39791,Thomas LLC - Core Platform Annual,Enterprise,Media,Northeast,Tyler Brooks,REP-108,Hana Takeda,Casey Wu,Core Platform,Annual,Event / Conference,Fivetran,,654100.0,471000.0,471000.0,0.28,True,<$50k,18-Apr-2025,26-Jul-2025,99.0,9.0,4.0,1.0,44.0,9.0,Closed Lost,,VP of Data,VP,6.9,,CTO,True,3.0,2,1.0,True,True,,1.7,2.9,1.2,0.79,42.0,33.0,3.0,5.0,,12.0,2.4,3.0,2.0,3.0,Pricing,11.0,4.0,84.0,10.0,,0.0,True,4.0,True,False,True,False,False,False,,True,False,True,True,29.0,99.0,,0.0,94.0,12.0,False,1.0,,Lost — wrong timing. No additional detail.,Fast risk when arm mother through significant truth time bag seek eye second.,9.0,,False,,True,Lost,Security / Compliance Failed,
DL-1305,alexander-durham,ACC-96347,,SMB,Financial Services,West,James O'Brien,REP-106,Liam Sutherland,Casey Wu,Core Platform,Annual,Partner Referral,Atlan,,19300.0,19300.0,19300.0,0.0,False,$50k–$150k,2025-06-07,"June 27, 2025",20.0,18.0,4.0,1.0,,,Closed Lost,Brady Martinez,Data Engineer,IC,3.4,Allen Young,SVP Technology,False,3.0,6,1.0,False,,True,1.7,7.6,5.9,0.45,29.0,13.0,6.0,1.0,Introduction: Green <> Tiger Data,7.0,2.7,3.0,1.0,4.0,Executive QBR,18.0,0.0,22.0,-21.0,Expanding,0.0,True,1.0,False,,False,False,False,True,,False,,True,False,,,True,2.0,83.0,13.0,True,3.0,,lost — security / compliance failed.. no additional detail..,Pull beyond article seem account old would best mission account owner would seven usually list front investment.,7.0,Commit,False,04/29/2026,True,Lost,Champion Left,Champion Collapse
DL-1628,"Rodriguez, May and Curtis LLC",ACC-11799,"Caldwell, Allen and Larson - Governance Module Annual",Enterprise,Insurance,Southwest,Sophia Nguyen,REP-105,,Isla Berg,Governance Module,Annual,LinkedIn Outbound,Databricks,,746800.0,672100.0,672100.0,0.1,False,<$50k,2025-10-07,10-Mar-2026,154.0,6.0,6.0,0.0,24.0,18.0,Closed Won,Jesus Shaw,BI Lead,Manager,2.3,,VP Engineering,True,1.0,2,1.0,True,False,,1.1,0.5,-0.6,0.94,16.0,15.0,3.0,10.0,Q4 pricing — URGENT,5.0,1.6,4.0,5.0,4.0,Discovery,4.0,4.0,76.0,0.0,Contracting,1.0,True,4.0,True,False,True,True,False,True,,False,True,True,False,,48.0,False,0.0,95.0,20.0,True,4.0,82.0,"Competitive deal vs Databricks, but we had the better integration story.",Nothing international only method choice thought real article year fire official car look ever last case heavy already become.,10.0,Pipeline,True,,,Won,,
DL-1158,Todd Group Inc,ACC-32332,"Murray, Matthews and Johnson - Core Platform Pilot",Mid-Market,Retail,APAC,Emily Rodriguez,REP-103,Amara Osei,Casey Wu,Core Platform,Pilot,Executive Referral,Alation,,127700.0,89400.0,190800.0,0.3,,<$50k,"November 23, 2024",23-Feb-2025,92.0,51.0,4.0,1.0,45.0,19.0,Closed Lost,Austin Schultz,Data Engineer,IC,3.0,Megan Hall MD,Head of Product,True,1.0,8,6.0,True,,False,2.2,2.6,0.4,0.22,47.0,10.0,28.0,12.0,RE: RE: RE: Next steps??,9.0,1.3,10.0,0.0,4.0,,13.0,5.0,87.0,-3.0,Expanding,2.0,True,3.0,,False,True,True,False,False,False,False,True,False,True,16.0,,True,0.0,,2.0,,,,Prospect stopped engaging after the proposal. No explanation given.,,8.0,Omitted,True,2026-04-28,True,Lost,Missing Feature,Ghost Stall
DL-1551,"Cameron, Fisher and Miller, Inc.",ACC-32798,,SMB,Healthcare,Southeast,Tyler Brooks,REP-108,Jordan Blake,Frankie Hale,Analytics Suite,Annual,LinkedIn Outbound,Databricks,,15900.0,14900.0,14900.0,0.06,False,<$50k,05/17/2024,"June 13, 2024",27.0,44.0,3.0,1.0,42.0,34.0,Closed Lost,Jeffrey Lyons,Chief Data Officer,C-Suite,11.1,,VP Operations,True,5.0,7,5.0,False,True,False,1.9,0.9,-1.0,0.22,47.0,10.0,23.0,27.0,Re: Follow up from our call,12.0,3.0,8.0,0.0,4.0,Technical Review,4.0,1.0,61.0,8.0,Expanding,2.0,True,2.0,True,True,True,False,True,True,,False,,True,True,7.0,,,0.0,54.0,7.0,,6.0,4.0,Lost — champion left. No additional detail.,Wear usually together true worker though church young mouth note well interesting particularly some evidence employee degree.,7.0,Best Case,True,06-May-2026,True,Lost,No Decision / Stalled,Ghost Stall
DL-1002,Kelly-Santiago LLC,ACC-23178,"Zuniga, Wong and Lynch - Governance Module Monthly",Mid-Market,Energy,Midwest,Emily Rodriguez,REP-103,,Elena Ruiz,Governance Module,Monthly,PLG Expansion,Collibra,,99200.0,99200.0,218200.0,0.29,False,<$50k,2025-02-08,05/22/2025,103.0,14.0,4.0,3.0,,,Closed Lost,Nicholas Martin,Analytics Engineer,IC,8.8,William Bowman,SVP Technology,False,0.0,7,5.0,True,True,True,2.0,2.3,0.3,0.29,28.0,8.0,7.0,19.0,,11.0,1.4,11.0,5.0,4.0,Pricing,8.0,1.0,57.0,-1.0,Contracting,3.0,True,3.0,,True,False,False,False,False,,False,True,False,False,,,False,0.0,84.0,19.0,,5.0,72.0,Lost — chose competitor. No additional detail.,,9.0,Omitted,,,True,Lost,No Decision / Stalled,Competitor Displacement
DL-1728,West-Delgado Inc,ACC-64488,Villa and Sons - Analytics Suite Multi-Year,SMB,Education,West,Marcus Chen,REP-102,,Frankie Hale,Analytics Suite,Multi-Year,Cold Email Sequence,None / Greenfield,,16100.0,15900.0,40800.0,0.01,,>$500k,07/11/2024,"August 05, 2024",25.0,20.0,5.0,1.0,44.0,,Closed Lost,Amanda Rogers,Analytics Engineer,IC,8.5,Jeanne Lang,VP Operations,False,0.0,5,5.0,True,,True,0.9,1.1,0.2,0.38,42.0,16.0,6.0,2.0,Q4 pricing — URGENT,3.0,0.6,10.0,4.0,2.0,Pricing,14.0,2.0,76.0,2.0,Stable,1.0,False,0.0,False,False,True,False,False,True,True,True,True,True,True,5.0,,False,0.0,74.0,12.0,False,,91.0,Lost — price / budget. No additional detail.,,7.0,,False,,,Lost,No Decision / Stalled,Exec Vacuum
DL-1208,"DOUGLAS, HOUSTON AND SAMPSON",ACC-76613,,Mid-Market,Media,APAC,Emily Rodriguez,REP-103,Amara Osei,,Analytics Suite,Annual,Partner Referral,Atlan,,49000.0,45600.0,45600.0,0.07,,$50k–$150k,2024-12-31,03/21/2025,80.0,15.0,6.0,1.0,,25.0,Closed Won,Jamie Gallagher,Director of Data,Director,8.0,Regina Lopez,VP Engineering,True,3.0,7,5.0,,True,True,1.0,2.6,1.6,0.26,23.0,6.0,3.0,5.0,Checking in,15.0,0.7,11.0,2.0,1.0,Demo,5.0,1.0,57.0,10.0,Stable,2.0,False,0.0,,True,False,False,False,False,,True,,,True,19.0,,,1.0,89.0,7.0,False,5.0,,Close was delayed 2 weeks on legal but closed strong.,Receive education level view police two everybody interview tough show.,6.0,Omitted,False,2026-04-30,,Won,,
DL-1299,stewart-buchanan,ACC-95202,Meyer Group - Core Platform Multi-Year,Enterprise,Retail,West,David Park,REP-104,Hana Takeda,Henry Vasquez,Core Platform,Multi-Year,Partner Referral,dbt Labs,,611100.0,611100.0,1339800.0,0.3,False,$50k–$150k,25-Aug-2024,2025-02-25,184.0,3.0,6.0,1.0,44.0,34.0,Closed Lost,Donna Johnson,Chief Data Officer,C-Suite,6.1,Erin Allen,CFO,True,1.0,3,1.0,True,True,True,0.9,2.5,1.6,0.76,17.0,13.0,5.0,10.0,,5.0,2.6,10.0,2.0,1.0,POC Review,12.0,5.0,76.0,6.0,Stable,7.0,True,3.0,False,True,True,True,True,False,,,False,True,False,,,False,1.0,60.0,4.0,False,4.0,,Lost to Fivetran on connector breadth. They had 200+ native connectors.,Approach truth write soon recent develop their miss contain picture ask man west appear yeah voice by community.,6.0,Best Case,True,2026-05-21,False,Lost,No Decision / Stalled,Competitor Displacement
DL-1850,"Kelley, Monroe and Thomas LLC",ACC-66353,Short-Douglas - Governance Module Pilot,Mid-Market,Financial Services,West,Alex Morgan,REP-100,Benjamin Cross,Elena Ruiz,Governance Module,Pilot,Executive Referral,Alation,,79600.0,79600.0,212700.0,0.23,True,,12/16/2025,2026-02-17,63.0,3.0,5.0,1.0,37.0,7.0,Closed Lost,Robert Jones,Analytics Manager,Manager,5.6,Cassidy Paul,COO,True,1.0,7,7.0,,False,,0.6,2.0,1.4,0.21,29.0,6.0,6.0,16.0,Checking in,15.0,0.9,8.0,2.0,4.0,Technical Review,3.0,3.0,74.0,5.0,Stable,6.0,True,1.0,False,True,True,False,False,True,True,True,False,False,True,20.0,99.0,,2.0,57.0,23.0,True,1.0,21.0,They went with Databricks. Had deeper existing footprint.,,6.0,Best Case,True,"April 30, 2026",True,Lost,No Decision / Stalled,Competitor Displacement
DL-1436,"Kennedy, Cohen and Pennington LLC",ACC-13141,Duncan and Sons - Governance Module Monthly,SMB,Healthcare,EMEA,Tyler Brooks,REP-108,Liam Sutherland,Danny Patel,Governance Module,Monthly,Cold Email Sequence,Snowflake,Atlan,21200.0,17000.0,34700.0,0.2,False,>$500k,11/05/2024,11/24/2024,19.0,6.0,2.0,0.0,33.0,,Closed Lost,,Director of Data,Director,1.8,Christopher Bates,CTO,False,0.0,6,6.0,True,True,,1.6,0.5,-1.1,0.54,35.0,19.0,8.0,9.0,,11.0,2.6,8.0,1.0,4.0,POC Review,12.0,3.0,68.0,12.0,Contracting,1.0,False,0.0,True,False,True,True,False,False,,False,True,True,True,9.0,79.0,False,2.0,53.0,25.0,False,4.0,49.0,Lost — wrong timing. No additional detail.,What wonder president small sister especially usually line task field certain free government seat.,9.0,Best Case,False,"April 26, 2026",True,Lost,Price / Budget,
DL-1869,Mcneil-Brock Inc,ACC-64263,Tucker PLC - Core Platform Multi-Year,Mid-Market,Energy,Northeast,David Park,REP-104,,Elena Ruiz,Core Platform,Multi-Year,Inbound - Website,Alation,,92700.0,89900.0,225000.0,0.03,False,,2024-08-31,"November 16, 2024",77.0,5.0,5.0,0.0,41.0,,Closed Lost,John Jackson,Head of Data Engineering,Manager,3.5,Ashley Bell,CTO,False,0.0,5,5.0,True,,False,2.4,2.0,-0.4,0.29,35.0,10.0,2.0,3.0,Quick question on the proposal,14.0,2.7,11.0,2.0,2.0,Demo,12.0,2.0,55.0,-3.0,Stable,2.0,False,0.0,False,False,True,True,False,True,,True,,False,True,24.0,25.0,,2.0,81.0,6.0,,3.0,64.0,Lost — champion left. No additional detail.,Cause central challenge company choice actually everyone force choose cover yourself.,6.0,Best Case,,2026-05-04,,Lost,Missing Feature,
DL-1411,Reid Inc LLC,ACC-70063,Hill-Bell - Analytics Suite Annual,SMB,Healthcare,Northeast,Rachel Kim,REP-107,Benjamin Cross,,Analytics Suite,Annual,Outbound SDR,Starburst,,31200.0,23100.0,23100.0,0.26,True,,2025-11-24,2026-01-01,38.0,9.0,6.0,0.0,28.0,,Closed Lost,Keith Horton,Senior Data Engineer,IC,7.8,,COO,False,0.0,3,2.0,False,False,False,1.1,1.2,0.1,0.48,60.0,29.0,2.0,4.0,RE: RE: RE: Next steps??,3.0,2.0,12.0,3.0,4.0,POC Review,12.0,0.0,59.0,3.0,Contracting,1.0,False,0.0,False,True,True,True,False,False,False,True,False,,False,,100.0,False,1.0,66.0,20.0,True,2.0,47.0,Lost — wrong timing. No additional detail.,,8.0,Omitted,True,,False,Lost,Price / Budget,Exec Vacuum
DL-1614,"Walls-Patterson, Inc.",ACC-57645,Chavez-Edwards - Analytics Suite Monthly,Enterprise,Logistics,Southeast,Alex Morgan,REP-100,Amara Osei,Danny Patel,Analytics Suite,Monthly,LinkedIn Outbound,Starburst,,357500.0,282400.0,688800.0,0.21,,>$500k,2025-09-06,"March 08, 2026",183.0,35.0,4.0,1.0,27.0,10.0,Closed Lost,Adam Hoffman,Data Architect,IC,,Charles Zavala,CTO,True,4.0,4,2.0,True,,True,0.6,2.5,1.9,0.13,38.0,4.0,26.0,35.0,,13.0,2.9,11.0,0.0,2.0,Discovery,15.0,5.0,93.0,-5.0,Expanding,2.0,False,0.0,True,True,True,True,False,True,,,False,True,True,15.0,,False,1.0,89.0,3.0,False,,69.0,Multiple follow-ups with no reply. Probably went internal.,Oil during piece every national a whose whether single entire hundred recent direction American.,9.0,Omitted,False,05/05/2026,False,Lost,Missing Feature,Ghost Stall
DL-1907,reynolds plc,ACC-18037,"Estrada, Johnson and Chandler - Governance Module Monthly",Enterprise,Energy,Northeast,Alex Morgan,REP-100,Benjamin Cross,Elena Ruiz,Governance Module,Monthly,Inbound - Website,dbt Labs,Monte Carlo,649000.0,649000.0,1772300.0,0.0,False,,"January 22, 2024",08/11/2024,202.0,18.0,5.0,1.0,,19.0,Closed Lost,Ricardo Bowman,BI Lead,Manager,4.9,James Vargas,COO,True,1.0,3,3.0,True,True,True,1.6,0.5,-1.1,0.76,42.0,32.0,5.0,10.0,fwd: technical review docs,8.0,2.7,6.0,3.0,3.0,Executive QBR,13.0,3.0,60.0,-1.0,Expanding,0.0,False,0.0,False,False,False,False,False,True,True,False,,False,True,25.0,43.0,,1.0,55.0,10.0,False,8.0,27.0,Lost — missing feature. No additional detail.,,10.0,Pipeline,False,11-May-2026,,Lost,Security / Compliance Failed,
DL-1912,Green PLC Inc,ACC-31796,Cox-Harrison - Governance Module Pilot,Enterprise,Technology,Midwest,James O'Brien,REP-106,Jordan Blake,Danny Patel,Governance Module,Pilot,Partner Referral,Monte Carlo,,776900.0,590400.0,1553600.0,0.24,True,$50k–$150k,26-Oct-2025,03/11/2026,136.0,12.0,2.0,0.0,17.0,12.0,Closed Won,Madison Gamble,BI Lead,Manager,,Erin Henson,Head of Product,True,1.0,2,1.0,True,True,,0.7,2.7,2.0,0.64,11.0,7.0,0.0,4.0,Checking in,7.0,1.1,7.0,5.0,3.0,Discovery,5.0,2.0,81.0,5.0,Expanding,2.0,False,0.0,True,True,True,True,True,True,True,True,,True,True,9.0,45.0,False,0.0,75.0,6.0,,1.0,18.0,"Strong champion, got exec in early. Smooth close.",Southern several figure watch which happen impact since many.,6.0,Best Case,False,"April 25, 2026",True,Won,,
DL-1996,"Sanchez, Miller and Rivera",ACC-94276,"Lynn, Aguilar and Olson - Analytics Suite Multi-Year",Mid-Market,Energy,APAC,Alex Morgan,REP-100,Benjamin Cross,Elena Ruiz,Analytics Suite,Multi-Year,Cold Email Sequence,Starburst,,67000.0,67000.0,162300.0,0.0,True,>$500k,12/22/2024,15-Feb-2025,55.0,52.0,6.0,0.0,,11.0,Closed Lost,,Data Engineer,IC,3.1,Lindsey Garcia,COO,True,4.0,6,6.0,False,True,True,0.7,2.0,1.3,0.24,47.0,11.0,31.0,13.0,fwd: technical review docs,20.0,0.9,11.0,0.0,1.0,Pricing,11.0,4.0,90.0,4.0,Stable,0.0,True,4.0,True,False,False,True,False,True,True,False,,,False,,77.0,True,1.0,72.0,21.0,True,,,prospect stopped engaging after teh proposal.. no explanation given..,Bank magazine agree allow improve later arm of available effect usually high form white effect speak set.,8.0,Commit,False,"April 27, 2026",True,Lost,Missing Feature,Ghost Stall
DL-1962,LOPEZ-MARTINEZ,ACC-90325,,SMB,Energy,EMEA,Tyler Brooks,REP-108,,Elena Ruiz,Governance Module,Multi-Year,PLG Expansion,Alation,,31100.0,31100.0,75000.0,0.21,,,"May 20, 2025",2025-06-26,37.0,15.0,4.0,3.0,,,Closed Lost,Lee Wood,VP of Data,VP,9.0,Ryan Spence,SVP Technology,False,0.0,8,7.0,False,,True,0.9,1.1,0.2,0.49,51.0,25.0,7.0,13.0,fwd: technical review docs,5.0,2.2,3.0,1.0,2.0,Pricing,2.0,1.0,69.0,-7.0,Expanding,4.0,True,2.0,False,True,False,True,False,True,,,True,,True,5.0,90.0,True,0.0,62.0,19.0,True,,,Snowflake offered a massive discount at the last minute. We couldn't match.,Subject save big as fire line cover before beautiful.,8.0,Omitted,True,2026-05-15,False,Lost,Chose Competitor,Competitor Displacement
DL-1700,The Wilson-Hull,ACC-55718,"Rodriguez, Booker and Barnes - Governance Module Pilot",Mid-Market,Insurance,West,Priya Shah,REP-101,Jordan Blake,Frankie Hale,Governance Module,Pilot,LinkedIn Outbound,Monte Carlo,,116200.0,116200.0,327500.0,0.0,True,<$50k,24-Mar-2024,2024-06-08,76.0,7.0,5.0,0.0,18.0,,Closed Lost,Maria Weaver,Chief Data Officer,C-Suite,8.2,Matthew Thompson,SVP Technology,False,5.0,2,1.0,True,False,True,2.2,9.79,7.59,0.56,18.0,10.0,6.0,6.0,RE: RE: RE: Next steps??,7.0,1.1,10.0,1.0,4.0,Technical Review,38.0,0.0,25.0,-26.0,Stable,2.0,False,0.0,False,False,True,False,True,False,,False,True,False,False,,,,1.0,59.0,22.0,True,7.0,,Lost — no decision / stalled. No additional detail.,,8.0,Omitted,True,,True,Lost,Price / Budget,Champion Collapse
DL-1778,Harris and Sons,ACC-41281,Wilson-Day - Core Platform Multi-Year,Enterprise,Media,Northeast,Sophia Nguyen,REP-105,Amara Osei,,Core Platform,Multi-Year,LinkedIn Outbound,None / Greenfield,Atlan,556900.0,545800.0,1143400.0,0.02,True,$150k–$500k,2025-09-27,21-Feb-2026,147.0,19.0,3.0,0.0,16.0,,Closed Won,Deanna Marquez,Data Architect,IC,5.7,Elizabeth Mcmillan,CFO,False,0.0,5,5.0,,False,,0.7,1.7,1.0,0.61,51.0,31.0,3.0,8.0,Introduction: Walker <> Tiger Data,18.0,0.9,11.0,1.0,1.0,Executive QBR,4.0,1.0,79.0,1.0,Stable,2.0,False,0.0,False,,True,True,False,True,False,False,True,True,False,,,,1.0,69.0,17.0,True,2.0,,"Strong champion, got exec in early. Smooth close.",Home everybody stage break see least less probably home gun.,6.0,Best Case,False,"May 09, 2026",True,Won,,
DL-1306,maldonado-cooper,,,SMB,Technology,Southwest,Emily Rodriguez,REP-103,Liam Sutherland,Jaylen Ford,Governance Module,Monthly,Outbound SDR,dbt Labs,,17600.0,17600.0,47400.0,0.0,,,22-May-2025,23-Jun-2025,,20.0,3.0,1.0,,29.0,Closed Won,Jamie Brown,VP of Data,VP,8.3,Gary Garcia,Head of Product,True,3.0,8,,False,False,False,0.8,2.3,1.5,,43.0,31.0,0.0,,,3.0,,12.0,,1.0,Technical Review,12.0,3.0,63.0,8.0,Stable,,True,4.0,True,False,False,False,True,False,False,False,,True,True,15.0,44.0,True,0.0,92.0,20.0,True,2.0,86.0,fast cycle.. champion had budget approved before we even started..,That I structure understand agent but most week seem eat later rather thank method produce about.,10.0,Commit,,,,Won,,
DL-1233-DUP,"LEE, CAMPBELL AND WINTERS, INC.",ACC-44083,"Smith, Swanson and Glass - Analytics Suite Multi-Year",Enterprise,Insurance,Northeast,Tyler Brooks,REP-108,Benjamin Cross,Elena Ruiz,Analytics Suite,Multi-Year,Inbound - Website,None / Greenfield,,721200.0,721200.0,1885900.0,0.0,False,$150k–$500k,08/28/2025,"December 29, 2025",123.0,59.0,6.0,1.0,37.0,5.0,Closed Lost,Sarah Wells,Chief Data Officer,C-Suite,8.9,,CFO,True,2.0,8,7.0,,True,False,1.6,3.0,1.4,0.08,11.0,1.0,22.0,16.0,RE: RE: RE: Next steps??,10.0,0.7,5.0,0.0,3.0,Executive QBR,2.0,0.0,67.0,0.0,Stable,2.0,True,4.0,True,False,True,False,False,False,True,False,True,False,True,26.0,,False,0.0,86.0,24.0,,4.0,30.0,Prospect stopped engaging after the proposal. No explanation given.,,7.0,Best Case,False,,False,Lost,No Decision / Stalled,Ghost Stall
DL-1493,Long-Santos,ACC-47385,Johnson-Morrison - Core Platform Annual,Enterprise,Manufacturing,EMEA,Nina Petrov,REP-109,Jordan Blake,Jaylen Ford,Core Platform,Annual,Partner Referral,Alation,,768800.0,599700.0,599700.0,0.22,False,>$500k,"November 14, 2024",2025-03-22,128.0,55.0,2.0,0.0,45.0,,Closed Lost,Kayla Sullivan,Chief Data Officer,C-Suite,9.7,Andrew Ballard,COO,False,0.0,5,4.0,False,,False,1.1,2.7,1.6,0.19,12.0,2.0,23.0,32.0,Quick question on the proposal,14.0,2.2,8.0,0.0,3.0,Demo,7.0,2.0,57.0,-2.0,Stable,1.0,False,0.0,True,False,True,False,False,False,True,True,False,True,True,29.0,74.0,,1.0,58.0,3.0,True,0.0,8.0,"Just went dark. Last email 3 weeks ago, no response.",,7.0,Best Case,,"May 10, 2026",False,Lost,No Decision / Stalled,Ghost Stall
DL-1423,"The Anderson, Adams and George",ACC-33030,"Flores, Walker and Smith - Core Platform Multi-Year",Mid-Market,Education,Southwest,David Park,REP-104,Benjamin Cross,Danny Patel,Core Platform,Multi-Year,Event / Conference,Monte Carlo,,61800.0,59900.0,161700.0,0.03,True,$150k–$500k,07-Jul-2025,15-Sep-2025,70.0,9.0,6.0,1.0,,,Closed Lost,Arthur Roberts,Data Engineer,IC,1.9,Samantha Matthews,CFO,False,0.0,6,5.0,False,False,,1.3,2.9,1.6,0.56,16.0,9.0,1.0,10.0,,15.0,1.8,8.0,2.0,2.0,Pricing,10.0,3.0,58.0,11.0,Expanding,1.0,True,4.0,True,False,False,True,True,False,False,True,True,,True,19.0,,True,0.0,62.0,5.0,False,1.0,,No exec sponsor. Deal died when Q4 budgets froze.,,6.0,Best Case,False,,False,Lost,No Decision / Stalled,Exec Vacuum
DL-1298,GordonLtd,ACC-21177,Hall PLC - Full Bundle Annual,Mid-Market,Logistics,APAC,James O'Brien,REP-106,,Elena Ruiz,Full Bundle,Annual,Cold Email Sequence,Atlan,,147700.0,128500.0,128500.0,0.33,True,$150k–$500k,2024-11-21,"February 18, 2025",89.0,9.0,3.0,3.0,,23.0,Closed Lost,Becky Young,Chief Data Officer,C-Suite,3.2,,SVP Technology,True,2.0,4,2.0,False,,False,1.0,2.1,1.1,0.35,17.0,6.0,5.0,18.0,Introduction: Davidson <> Tiger Data,16.0,0.8,5.0,2.0,3.0,Discovery,15.0,0.0,71.0,1.0,Contracting,5.0,True,4.0,True,True,False,False,False,False,False,True,True,,False,,21.0,False,2.0,91.0,20.0,True,5.0,47.0,Lost — missing feature. No additional detail.,Hear father charge daughter also type our watch school forget.,6.0,Best Case,False,22-Apr-2026,True,Lost,Chose Competitor,Competitor Displacement
DL-1467,KLEIN GROUP,ACC-97922,Duncan PLC - Core Platform Multi-Year,Mid-Market,Energy,APAC,Emily Rodriguez,REP-103,Jordan Blake,,Core Platform,Multi-Year,Event / Conference,dbt Labs,dbt Labs,133200.0,133200.0,311300.0,0.0,,>$500k,"December 11, 2024",2025-03-01,80.0,19.0,3.0,0.0,,10.0,Closed Won,Thomas Harris,Senior Data Engineer,IC,11.6,Tammy Smith,Director of IT,True,5.0,4,4.0,False,True,True,0.8,2.6,1.8,0.28,29.0,8.0,3.0,0.0,,6.0,1.6,8.0,3.0,4.0,,11.0,0.0,94.0,12.0,Contracting,1.0,True,4.0,True,True,False,True,False,False,,False,,True,False,,,False,1.0,76.0,13.0,False,,7.0,Close was delayed 2 weeks on legal but closed strong.,Process trip former computer hope direction true I choose out perform election.,8.0,Pipeline,False,"May 02, 2026",False,Won,,
DL-1884,"Reeves, Garcia and Hopkins LLC",ACC-72905,Solis Group - Full Bundle Monthly,Mid-Market,Technology,Southeast,Nina Petrov,REP-109,Benjamin Cross,Casey Wu,Full Bundle,Monthly,Executive Referral,Starburst,,60500.0,49600.0,140500.0,0.18,False,$150k–$500k,05/26/2025,07/31/2025,66.0,11.0,4.0,0.0,36.0,,Closed Lost,Kelly Khan,Analytics Engineer,IC,,Daniel Mills,COO,False,0.0,2,1.0,True,True,False,1.6,0.9,-0.7,0.68,44.0,30.0,0.0,7.0,Quick question on the proposal,4.0,0.5,9.0,4.0,3.0,Discovery,3.0,3.0,91.0,1.0,Contracting,0.0,True,2.0,True,True,True,True,True,False,True,False,,True,True,6.0,,True,1.0,,12.0,False,,,Lost — chose competitor. No additional detail.,Behind single project air hold good red hotel contain.,10.0,,False,"May 02, 2026",False,Lost,Missing Feature,
DL-1755,"Gallagher-Klein, Inc.",ACC-25551,Wolfe-Powell - Governance Module Annual,Enterprise,Healthcare,EMEA,James O'Brien,REP-106,Amara Osei,Casey Wu,Governance Module,Annual,Outbound SDR,Snowflake,,712900.0,634500.0,634500.0,0.11,True,$150k–$500k,2024-07-05,12/28/2024,176.0,8.0,2.0,0.0,32.0,,Closed Lost,Crystal Parrish,Head of Data Engineering,Manager,0.8,Erin Collins,Head of Product,False,3.0,8,1.0,,False,True,1.0,8.4,7.4,0.35,23.0,8.0,6.0,2.0,fwd: technical review docs,9.0,1.3,4.0,5.0,2.0,Executive QBR,37.0,3.0,33.0,-33.0,Stable,0.0,False,0.0,False,False,True,False,False,True,False,True,True,False,False,,,False,1.0,67.0,25.0,True,,32.0,New data lead came in and had a prior relationship with Snowflake.,Behavior for star they everybody material employee year make.,,Pipeline,True,05/17/2026,True,Lost,Champion Left,Champion Collapse
DL-1106,weaver ltd,ACC-89325,"Wiley, Tapia and Smith - Full Bundle Annual",Enterprise,Logistics,Southeast,David Park,REP-104,Hana Takeda,,Full Bundle,Annual,LinkedIn Outbound,None / Greenfield,Collibra,290800.0,290800.0,290800.0,0.0,True,<$50k,"January 09, 2024",2024-04-30,112.0,8.0,4.0,1.0,,,Closed Lost,Sarah Acosta,Chief Data Officer,C-Suite,3.5,Joseph Allen,Chief Data Officer,False,4.0,5,1.0,False,True,,2.1,7.42,5.32,0.18,44.0,8.0,7.0,2.0,,15.0,1.2,6.0,5.0,1.0,,23.0,1.0,30.0,-28.0,Contracting,1.0,False,0.0,False,,False,False,True,True,True,True,,,True,29.0,,True,1.0,74.0,22.0,,4.0,,Lost — champion left. No additional detail.,Which win central evidence analysis discuss suddenly including time learn security oil measure PM hour option artist.,9.0,Pipeline,False,"April 28, 2026",,Lost,Champion Left,Champion Collapse
DL-1858,The Gomez and Sons,ACC-68495,"Potts, Miller and Long - Governance Module Multi-Year",Enterprise,Insurance,Northeast,David Park,REP-104,Benjamin Cross,Danny Patel,Governance Module,Multi-Year,PLG Expansion,Snowflake,,416000.0,416000.0,951300.0,0.0,False,>$500k,08/02/2024,12/04/2024,124.0,9.0,4.0,0.0,,21.0,Closed Won,Mary Neal,Analytics Manager,Manager,8.2,David Crawford,VP Operations,True,2.0,8,8.0,False,True,False,0.6,1.9,1.3,0.85,13.0,11.0,0.0,10.0,Q4 pricing — URGENT,14.0,1.2,12.0,4.0,2.0,Executive QBR,5.0,4.0,66.0,-10.0,,0.0,False,0.0,False,True,False,False,False,True,True,,True,,False,,63.0,False,1.0,77.0,12.0,False,1.0,68.0,Technical win — their data architect loved the architecture demo.,Listen here likely coach store about believe movie interest loss network represent.,,Commit,True,05/13/2026,,Won,,
DL-1055,Blackwell LLC,ACC-47737,Robertson-Hays - Core Platform Multi-Year,Mid-Market,Manufacturing,Northeast,Nina Petrov,REP-109,Hana Takeda,Grace Okonkwo,Core Platform,Multi-Year,Outbound SDR,Fivetran,,56500.0,56500.0,123100.0,0.21,False,$50k–$150k,2025-02-23,"June 05, 2025",102.0,16.0,2.0,2.0,44.0,24.0,Closed Lost,Dawn Mullins,VP of Data,VP,1.0,Howard Norman,VP Engineering,True,5.0,6,6.0,False,True,True,0.9,1.2,0.3,0.6,30.0,18.0,5.0,12.0,following up again...,8.0,1.8,8.0,2.0,1.0,Pricing,8.0,4.0,79.0,-4.0,Expanding,3.0,True,1.0,True,False,True,False,False,False,,True,True,False,False,,71.0,,0.0,82.0,16.0,,2.0,95.0,Snowflake offered a massive discount at the last minute. We couldn't match.,Event son join hundred keep what fund cost reality happen something entire bar interesting.,8.0,Commit,True,05/06/2026,False,Lost,No Decision / Stalled,Competitor Displacement
DL-1120,Rodriguez-Hernandez,ACC-22580,"Matthews, Chang and Ayers - Core Platform Pilot",Enterprise,Media,Midwest,Nina Petrov,REP-109,Amara Osei,Casey Wu,Core Platform,Pilot,Outbound SDR,Starburst,dbt Labs,404600.0,364100.0,748400.0,0.1,False,<$50k,2025-06-08,"January 03, 2026",209.0,3.0,5.0,0.0,,,Closed Lost,Kristine Garcia,BI Lead,Manager,5.7,Joseph Cooper,COO,False,3.0,2,1.0,True,True,False,1.1,7.64,6.54,0.5,24.0,12.0,4.0,9.0,[External] Re: Tiger Data POC,12.0,0.8,8.0,5.0,4.0,Pricing,31.0,1.0,46.0,-34.0,Stable,2.0,True,4.0,False,True,False,True,True,True,,,False,True,False,,77.0,False,0.0,54.0,3.0,False,8.0,,Lost — no decision / stalled. No additional detail.,,8.0,Best Case,,13-May-2026,True,Lost,Price / Budget,Champion Collapse
DL-1310,Ray-Smith Inc,ACC-26607,Lawrence and Sons - Core Platform Pilot,Enterprise,Retail,Midwest,Emily Rodriguez,REP-103,Liam Sutherland,Isla Berg,Core Platform,Pilot,Executive Referral,Fivetran,,605800.0,514900.0,1337000.0,0.15,True,,08/08/2025,06-Jan-2026,151.0,15.0,6.0,1.0,24.0,,Closed Lost,Veronica Flores,Data Engineer,IC,,Michael Hogan,COO,False,0.0,4,2.0,False,,True,1.4,2.2,0.8,0.83,12.0,10.0,3.0,1.0,[External] Re: Tiger Data POC,19.0,2.9,9.0,2.0,2.0,Executive QBR,15.0,2.0,90.0,2.0,,1.0,False,0.0,True,True,True,False,False,True,False,False,True,False,False,,,False,1.0,50.0,13.0,True,,19.0,lost — no decision / stalled.. no additional detail..,Professional opportunity blood across system firm staff father despite quite challenge exist section support still alone floor.,,Omitted,True,04/26/2026,False,Lost,Price / Budget,Exec Vacuum
DL-1025,Harrison-Alexander LLC,ACC-30410,Sheppard LLC - Governance Module Annual,SMB,Financial Services,Southeast,Marcus Chen,REP-102,Jordan Blake,Elena Ruiz,Governance Module,Annual,Event / Conference,dbt Labs,,10600.0,9100.0,9100.0,0.14,False,>$500k,"January 21, 2025",09-Feb-2025,19.0,52.0,2.0,0.0,18.0,,Closed Lost,Karen Short,Director of Data,Director,9.7,Benjamin Soto,CTO,False,0.0,2,1.0,False,True,False,1.5,3.0,1.5,0.18,29.0,5.0,35.0,28.0,Quick question on the proposal,15.0,2.1,5.0,0.0,4.0,Demo,10.0,3.0,57.0,11.0,Contracting,1.0,False,0.0,False,False,True,False,False,False,,,False,False,False,,,,2.0,94.0,20.0,,,16.0,Lost — wrong timing. No additional detail.,Charge specific we be easy newspaper indicate other peace.,9.0,,True,"May 02, 2026",False,Lost,No Decision / Stalled,Ghost Stall
DL-1072,Schwartz-Brown,ACC-16536,Marshall and Sons - Analytics Suite Pilot,SMB,Logistics,West,Priya Shah,REP-101,Jordan Blake,Casey Wu,Analytics Suite,Pilot,Event / Conference,Alation,,12400.0,12400.0,25600.0,0.0,True,>$500k,2024-04-20,05/28/2024,38.0,11.0,6.0,0.0,,,Closed Lost,Jonathan Jacobson,Senior Data Engineer,IC,10.6,Emily Wilson,Head of Product,False,0.0,2,1.0,True,False,False,0.7,1.7,1.0,0.19,27.0,5.0,0.0,3.0,,8.0,2.7,9.0,5.0,4.0,Discovery,2.0,5.0,60.0,1.0,Contracting,1.0,True,3.0,True,True,False,True,False,False,False,True,False,,False,,53.0,True,2.0,67.0,3.0,True,7.0,62.0,"Champion was IC level, couldn't drive the purchase alone.",Happen determine whatever long lawyer writer health reduce tree serious soon stay seven.,,Commit,False,05/08/2026,,Lost,Price / Budget,Exec Vacuum
DL-1530,Barrett-Sanders LLC,ACC-23067,"Huffman, Cole and Cabrera - Full Bundle Annual",Enterprise,Technology,Midwest,Priya Shah,REP-101,Hana Takeda,Frankie Hale,Full Bundle,Annual,Cold Email Sequence,Monte Carlo,Databricks,284300.0,284300.0,284300.0,0.0,True,>$500k,"August 03, 2025",12/29/2025,148.0,19.0,5.0,1.0,,5.0,Closed Won,Michelle Barrett,Head of Data Engineering,Manager,9.7,Nicole Parrish,Head of Product,True,2.0,2,2.0,False,False,False,0.5,2.2,1.7,0.55,11.0,6.0,3.0,2.0,fwd: technical review docs,9.0,0.7,8.0,4.0,2.0,Executive QBR,11.0,0.0,69.0,-9.0,Contracting,2.0,True,4.0,True,False,False,False,True,True,False,False,,True,False,,,False,2.0,52.0,18.0,False,,31.0,Fast cycle. Champion had budget approved before we even started.,Account situation west indeed main write challenge this drive page whatever.,8.0,Omitted,,10-May-2026,True,Won,,
DL-1044,"The Wilson, Jordan and Campbell",ACC-64127,"Watkins, Rose and Parker - Analytics Suite Annual",Enterprise,Technology,West,Emily Rodriguez,REP-103,Liam Sutherland,Danny Patel,Analytics Suite,Annual,Partner Referral,dbt Labs,,415400.0,407100.0,407100.0,0.02,False,<$50k,06/16/2025,"November 27, 2025",164.0,11.0,4.0,1.0,25.0,,Closed Lost,William Brown,Senior Data Engineer,IC,2.1,Tony Saunders,Chief Data Officer,False,0.0,7,7.0,False,,True,1.1,1.6,0.5,0.17,29.0,5.0,5.0,2.0,Quick question on the proposal,14.0,1.7,12.0,5.0,1.0,POC Review,5.0,2.0,95.0,12.0,Stable,1.0,True,2.0,False,False,True,True,False,False,,,False,,False,,22.0,True,2.0,65.0,7.0,,,79.0,Never got above the data team. Budget decision was above champion's level.,Face build market issue can mouth discover next property government however score.,8.0,Commit,True,2026-04-25,False,Lost,No Decision / Stalled,Exec Vacuum
DL-1275,ChambersGroup,ACC-75279,"Woodard, Warner and Farmer - Core Platform Pilot",Enterprise,Logistics,Northeast,David Park,REP-104,,Grace Okonkwo,Core Platform,Pilot,PLG Expansion,Databricks,,587100.0,446200.0,1333300.0,0.25,False,,"September 07, 2024",04-Feb-2025,150.0,18.0,2.0,3.0,36.0,7.0,Closed Lost,Rachel Banks,Head of Data Engineering,Manager,7.2,Andre Collier,CTO,True,5.0,2,1.0,True,True,True,2.0,2.3,0.3,0.34,41.0,14.0,4.0,20.0,Q4 pricing — URGENT,10.0,0.7,4.0,2.0,3.0,Pricing,12.0,2.0,67.0,11.0,,6.0,True,1.0,True,True,True,True,True,True,,True,True,,False,,90.0,False,2.0,86.0,13.0,,,77.0,They went with Databricks. Had deeper existing footprint.,Public good spend still group concern should recent across leg view know develop after exactly TV.,10.0,Commit,True,04/30/2026,False,Lost,No Decision / Stalled,Competitor Displacement
DL-1478,rodriguez ltd,ACC-13077,Nixon LLC - Core Platform Monthly,SMB,Logistics,Midwest,Tyler Brooks,REP-108,Hana Takeda,Danny Patel,Core Platform,Monthly,Outbound SDR,Atlan,,25800.0,25800.0,53000.0,0.0,True,>$500k,01-Feb-2026,2026-03-08,35.0,10.0,3.0,0.0,,22.0,Closed Won,Ricky Buchanan,Data Platform Lead,Manager,4.1,William Simpson,Director of IT,True,1.0,2,1.0,False,True,True,2.3,0.8,-1.5,0.87,45.0,39.0,0.0,3.0,Checking in,17.0,2.7,9.0,3.0,2.0,Technical Review,8.0,3.0,88.0,-2.0,Contracting,1.0,True,4.0,False,True,False,True,True,True,,True,True,False,False,,30.0,False,0.0,,17.0,,0.0,,"strong champion, got exec in early.. smooth close..",,7.0,Commit,False,10-May-2026,False,Won,,
DL-1314,Chen-Wallace,ACC-11038,,Enterprise,Logistics,EMEA,Alex Morgan,REP-100,Liam Sutherland,Henry Vasquez,Analytics Suite,Multi-Year,LinkedIn Outbound,Alation,Alation,449400.0,373000.0,847800.0,0.17,False,$150k–$500k,"January 09, 2024","May 01, 2024",113.0,31.0,6.0,0.0,18.0,,Closed Lost,Martin Kerr,Senior Data Engineer,IC,8.1,Kevin Archer,SVP Technology,False,0.0,6,5.0,True,,True,0.9,2.8,1.9,0.17,53.0,9.0,22.0,20.0,,18.0,2.4,11.0,0.0,4.0,Demo,15.0,0.0,62.0,-10.0,Expanding,0.0,True,3.0,True,True,True,False,True,False,False,False,False,False,False,,,False,1.0,75.0,4.0,False,3.0,,Lost — missing feature. No additional detail.,Event seat some Congress machine popular its number between as training somebody continue spend after new.,9.0,Omitted,,,True,Lost,No Decision / Stalled,Ghost Stall
DL-1336,"Lindsey, Mccormick and Hensley",ACC-15718,,Mid-Market,Education,Midwest,Sophia Nguyen,REP-105,Jordan Blake,Isla Berg,Full Bundle,Annual,PLG Expansion,Collibra,,120000.0,120000.0,120000.0,0.0,,$50k–$150k,"September 01, 2025",2025-12-01,91.0,4.0,5.0,0.0,,28.0,Closed Won,James Griffith,Data Platform Lead,Manager,10.6,Karen Jones,CTO,True,3.0,6,6.0,False,True,,2.1,1.3,-0.8,1.0,14.0,14.0,5.0,0.0,Re: Follow up from our call,3.0,2.9,9.0,3.0,3.0,,7.0,2.0,86.0,13.0,Expanding,2.0,False,0.0,False,True,False,False,True,False,False,True,,False,False,,,False,0.0,67.0,21.0,True,7.0,14.0,Close was delayed 2 weeks on legal but closed strong.,Into risk certain follow camera should good management loss win own PM catch want TV himself near much.,6.0,,False,,False,Won,,
DL-1689,"Grant and Sons, Inc.",ACC-13302,Smith LLC - Analytics Suite Annual,Mid-Market,Manufacturing,APAC,Alex Morgan,REP-100,Jordan Blake,Jaylen Ford,Analytics Suite,Annual,LinkedIn Outbound,None / Greenfield,,99400.0,99400.0,99400.0,0.0,False,,2024-11-25,03/01/2025,96.0,15.0,5.0,1.0,,35.0,Closed Won,Brian Thompson,Analytics Engineer,IC,,Melinda Green,CTO,True,5.0,3,3.0,,False,False,1.7,2.2,0.5,0.95,55.0,52.0,6.0,1.0,,18.0,2.3,9.0,1.0,1.0,Demo,10.0,4.0,93.0,-3.0,Stable,2.0,True,1.0,True,,False,True,True,True,True,True,False,False,True,20.0,97.0,True,2.0,83.0,13.0,False,7.0,87.0,Multi-threaded well. Finance and Eng both bought in.,Sure court crime save realize staff dark face few theory street fight subject material out.,6.0,Pipeline,True,"May 15, 2026",,Won,,
DL-1430,norris-rivera,ACC-69271,,Mid-Market,Financial Services,Northeast,Alex Morgan,REP-100,Hana Takeda,,Analytics Suite,Multi-Year,PLG Expansion,Atlan,,100700.0,100700.0,231300.0,0.0,True,,"January 25, 2024",30-Apr-2024,96.0,13.0,3.0,1.0,,20.0,Closed Won,Pam Hernandez,Analytics Engineer,IC,1.9,,SVP Technology,True,2.0,6,4.0,True,False,True,1.2,1.5,0.3,0.36,39.0,14.0,6.0,3.0,following up again...,8.0,2.8,3.0,2.0,4.0,Pricing,7.0,1.0,79.0,5.0,Expanding,1.0,False,0.0,False,,False,False,False,False,True,False,False,,True,27.0,63.0,False,0.0,76.0,2.0,True,8.0,5.0,Technical win — their data architect loved the architecture demo.,,9.0,Commit,True,"May 15, 2026",,Won,,
DL-1950,palmer-clarke,ACC-27988,"Jenkins, Campos and Holmes - Full Bundle Pilot",Enterprise,Retail,APAC,Rachel Kim,REP-107,Benjamin Cross,Isla Berg,Full Bundle,Pilot,Partner Referral,Monte Carlo,,468600.0,468600.0,1042800.0,0.28,False,$50k–$150k,2024-10-29,2025-06-05,219.0,13.0,4.0,1.0,,23.0,Closed Lost,David Goodman,Director of Data,Director,5.1,,Chief Data Officer,True,1.0,6,6.0,False,False,True,2.3,2.5,0.2,0.92,24.0,22.0,0.0,10.0,[External] Re: Tiger Data POC,15.0,2.4,7.0,3.0,2.0,POC Review,8.0,2.0,61.0,-2.0,Expanding,4.0,True,2.0,True,True,False,False,False,True,,True,True,False,False,,43.0,True,1.0,76.0,19.0,False,4.0,,snowflake offered a massive discount at teh last minute.. we couldn't match..,,7.0,Pipeline,False,04/22/2026,False,Lost,No Decision / Stalled,Competitor Displacement
DL-1833,HarrisonPLC,ACC-55346,Phillips and Sons - Analytics Suite Annual,SMB,Retail,APAC,Nina Petrov,REP-109,Liam Sutherland,Grace Okonkwo,Analytics Suite,Annual,Executive Referral,dbt Labs,Fivetran,14300.0,14300.0,14300.0,0.0,False,$50k–$150k,2025-01-14,"February 03, 2025",20.0,59.0,6.0,0.0,30.0,13.0,Closed Lost,Samantha Underwood,Director of Data,Director,3.1,Jennifer Dunn,Chief Data Officer,True,5.0,8,7.0,,True,,0.5,2.6,2.1,0.16,58.0,9.0,34.0,17.0,,11.0,2.0,2.0,0.0,4.0,Pricing,3.0,5.0,67.0,15.0,Contracting,2.0,False,0.0,,True,True,False,True,False,False,False,False,True,False,,78.0,False,1.0,57.0,3.0,,2.0,5.0,multiple follow-ups with no reply.. probably went internal..,Value until dog least certain president budget person.,9.0,,True,,False,Lost,Missing Feature,Ghost Stall
DL-1588,"MORGAN, CHAPMAN AND OCONNELL",ACC-19355,Cobb-Skinner - Core Platform Multi-Year,SMB,Manufacturing,EMEA,Alex Morgan,REP-100,Liam Sutherland,,Core Platform,Multi-Year,Cold Email Sequence,Collibra,,20100.0,20100.0,42400.0,0.0,True,$50k–$150k,"January 14, 2025","February 11, 2025",28.0,17.0,6.0,1.0,,35.0,Closed Won,Jonathan Torres,Data Platform Lead,Manager,4.3,Barbara Miller,COO,True,5.0,7,7.0,True,False,False,1.4,3.0,1.6,0.63,41.0,26.0,0.0,4.0,Checking in,7.0,1.8,10.0,3.0,2.0,Technical Review,10.0,5.0,74.0,4.0,Contracting,2.0,True,3.0,False,False,False,True,False,True,True,False,True,True,False,,,,1.0,74.0,21.0,False,2.0,73.0,Fast cycle. Champion had budget approved before we even started.,World agent usually according always choose fill police only there authority door poor stay yard.,7.0,Omitted,,,True,Won,,
DL-1703,"Rodriguez, James and Frank Inc",ACC-62806,"Johnson, Roberts and Smith - Full Bundle Multi-Year",SMB,Healthcare,Midwest,Alex Morgan,REP-100,Amara Osei,Elena Ruiz,Full Bundle,Multi-Year,Cold Email Sequence,None / Greenfield,,26700.0,26700.0,71800.0,0.0,False,<$50k,03/07/2025,03/31/2025,24.0,19.0,2.0,1.0,25.0,26.0,Closed Won,Mary Robertson,Data Platform Lead,Manager,5.1,Adam Hanna,VP Engineering,True,3.0,8,7.0,,False,False,1.9,0.7,-1.2,0.72,18.0,13.0,4.0,1.0,fwd: technical review docs,13.0,1.9,5.0,1.0,3.0,POC Review,15.0,3.0,61.0,11.0,Stable,0.0,False,0.0,True,False,True,True,True,True,,,False,True,False,,,,1.0,86.0,12.0,True,,29.0,Multi-threaded well. Finance and Eng both bought in.,Structure worry clearly cause learn however face own article style.,7.0,Omitted,,05/12/2026,False,Won,,
DL-1327,RODRIGUEZ-COX,ACC-91445,Dawson-Wright - Full Bundle Multi-Year,Enterprise,Healthcare,Southeast,Alex Morgan,REP-100,Benjamin Cross,Grace Okonkwo,Full Bundle,Multi-Year,Inbound - Website,Starburst,,539100.0,436700.0,1120000.0,0.27,,$150k–$500k,02/27/2024,2024-08-09,164.0,12.0,4.0,3.0,,18.0,Closed Lost,Catherine Smith,VP of Data,VP,,Erica Mitchell,VP Operations,True,5.0,5,3.0,True,True,True,2.2,2.4,0.2,0.21,24.0,5.0,1.0,20.0,,19.0,1.9,6.0,1.0,3.0,Pricing,7.0,0.0,86.0,-3.0,Expanding,3.0,True,3.0,True,False,False,True,False,False,False,True,True,,True,16.0,,True,0.0,92.0,13.0,False,,,Lost — security / compliance failed. No additional detail.,Training beyond continue way hair fight best add necessary technology former scientist guess.,,Best Case,False,2026-05-03,True,Lost,Chose Competitor,Competitor Displacement
DL-1308-DUP,JACKSON-GRIFFIN LLC,ACC-91560,Olson PLC - Core Platform Annual,Mid-Market,Technology,Midwest,Tyler Brooks,REP-108,Liam Sutherland,Danny Patel,Core Platform,Annual,Executive Referral,Databricks,,149600.0,130200.0,,0.13,,>$500k,2025-08-21,11/29/2025,100.0,20.0,3.0,1.0,,,Closed Lost,Daniel Mullins,Head of Data Engineering,Manager,,Ann Graham,Chief Data Officer,False,3.0,8,1.0,False,True,,2.4,9.69,7.29,0.95,19.0,18.0,8.0,2.0,,20.0,2.6,11.0,1.0,2.0,Pricing,24.0,1.0,48.0,-21.0,Expanding,2.0,True,3.0,False,True,False,False,True,False,False,False,True,,True,6.0,96.0,True,2.0,73.0,24.0,False,5.0,57.0,Lost — no decision / stalled. No additional detail.,Civil upon total short detail election live today.,10.0,Omitted,True,2026-05-07,,Lost,Price / Budget,Champion Collapse
DL-1603,HAYNES LLC,ACC-99497,Wright Inc - Core Platform Multi-Year,Enterprise,Healthcare,Southwest,Sophia Nguyen,REP-105,Jordan Blake,Elena Ruiz,Core Platform,Multi-Year,LinkedIn Outbound,Snowflake,,583900.0,583900.0,1722800.0,0.0,False,$50k–$150k,2024-09-22,2025-04-24,214.0,33.0,4.0,1.0,,,Closed Lost,Jack Stein,Chief Data Officer,C-Suite,6.7,Kristy Tate,SVP Technology,False,0.0,8,7.0,,True,True,0.8,1.2,0.4,0.14,26.0,3.0,20.0,24.0,Re: Follow up from our call,4.0,1.0,7.0,0.0,4.0,POC Review,2.0,1.0,82.0,-2.0,Contracting,1.0,False,0.0,,False,False,True,True,True,True,True,,False,True,29.0,,False,2.0,61.0,5.0,False,1.0,,Multiple follow-ups with no reply. Probably went internal.,Happy throw final assume kind quality your head interesting common early look blood student economy its.,6.0,Pipeline,False,27-Apr-2026,False,Lost,No Decision / Stalled,Ghost Stall
DL-1927,"Simon, Keith and Powers, Inc.",ACC-45031,"Martinez, Chan and Jenkins - Analytics Suite Monthly",SMB,Manufacturing,Midwest,Marcus Chen,REP-102,Liam Sutherland,,Analytics Suite,Monthly,Inbound - Website,Snowflake,Starburst,20800.0,17500.0,37200.0,0.16,True,$150k–$500k,12/06/2025,12/31/2025,25.0,11.0,3.0,1.0,29.0,,Closed Lost,,Analytics Manager,Manager,3.3,Melanie Wong,VP Operations,False,0.0,3,1.0,,True,False,1.0,7.74,6.74,0.82,34.0,28.0,5.0,8.0,,5.0,3.0,11.0,4.0,1.0,Pricing,31.0,1.0,44.0,-32.0,Stable,0.0,False,0.0,False,False,True,False,False,True,True,True,True,False,True,30.0,,True,2.0,54.0,19.0,True,2.0,83.0,Our champion got moved to a different team mid-deal. Lost access.,Wrong scene outside letter member relationship possible into contain amount government ball recognize between anyone listen.,9.0,Commit,,"May 13, 2026",True,Lost,Champion Left,Champion Collapse
DL-1980,Holmes Ltd,ACC-79895,Alvarado-Alvarez - Analytics Suite Annual,Enterprise,Energy,Midwest,Priya Shah,REP-101,Benjamin Cross,Danny Patel,Analytics Suite,Annual,PLG Expansion,Atlan,,414700.0,414700.0,,0.0,True,,2025-09-07,23-Jan-2026,138.0,4.0,5.0,1.0,18.0,13.0,Closed Lost,Jeffrey Gray,Analytics Engineer,IC,8.6,Steven Olson,SVP Technology,True,4.0,4,4.0,True,,,1.8,2.0,0.2,0.83,12.0,10.0,6.0,6.0,Q4 pricing — URGENT,8.0,1.6,12.0,5.0,2.0,POC Review,15.0,3.0,60.0,0.0,Contracting,1.0,True,4.0,True,False,True,True,False,False,,False,True,,True,22.0,51.0,False,1.0,67.0,22.0,,1.0,74.0,lost — price / budget.. no additional detail..,For rise enjoy soldier decision structure development she Mr price big teacher song company.,7.0,Commit,False,,False,Lost,Wrong Timing,
DL-1971,"simon, krueger and hall",ACC-56048,Anderson-Allen - Analytics Suite Monthly,Enterprise,Healthcare,Midwest,Tyler Brooks,REP-108,Hana Takeda,Henry Vasquez,Analytics Suite,Monthly,Inbound - Website,Starburst,,224000.0,224000.0,669900.0,0.0,,<$50k,06/17/2024,11/16/2024,152.0,7.0,3.0,1.0,,,Closed Lost,Brandon Moss,Data Engineer,IC,6.9,Mark Wilkins,Chief Data Officer,False,0.0,6,5.0,True,True,True,1.7,0.8,-0.9,0.46,13.0,6.0,1.0,3.0,Quick question on the proposal,5.0,1.1,2.0,4.0,3.0,,2.0,1.0,84.0,1.0,Contracting,0.0,True,1.0,True,True,False,False,False,True,,True,,,False,,28.0,,2.0,93.0,6.0,False,5.0,43.0,Lost — champion left. No additional detail.,Rock call role management space eight member military spring more show strong forward read.,8.0,Omitted,True,2026-05-06,False,Lost,Price / Budget,Exec Vacuum
DL-1762,"EATON, SIMMONS AND MARTINEZ",ACC-60863,Rodriguez-Martin - Core Platform Monthly,SMB,Financial Services,Midwest,Tyler Brooks,REP-108,Benjamin Cross,Isla Berg,Core Platform,Monthly,Outbound SDR,Alation,,30900.0,30900.0,79400.0,0.0,True,$150k–$500k,2025-02-14,03/14/2025,28.0,20.0,3.0,0.0,23.0,,Closed Lost,Brooke Ware,Senior Data Engineer,IC,,Dylan Hood,SVP Technology,False,0.0,3,3.0,,True,True,0.9,1.1,0.2,0.94,31.0,29.0,6.0,6.0,[External] Re: Tiger Data POC,11.0,1.5,4.0,2.0,4.0,Pricing,7.0,5.0,57.0,1.0,Contracting,0.0,True,2.0,True,False,True,False,True,True,,,True,False,False,,80.0,True,0.0,85.0,2.0,True,3.0,15.0,Never got above the data team. Budget decision was above champion's level.,,10.0,,False,04/29/2026,False,Lost,No Decision / Stalled,Exec Vacuum
DL-1331,"The Allen, Williams and Hernandez",ACC-57477,Ho-Nelson - Core Platform Multi-Year,Mid-Market,Media,West,Rachel Kim,REP-107,,Grace Okonkwo,Core Platform,Multi-Year,Outbound SDR,Snowflake,,119900.0,119900.0,290100.0,0.0,True,,07/16/2025,09/29/2025,75.0,10.0,4.0,0.0,,,Closed Lost,Maria Wright,Analytics Manager,Manager,9.4,Kimberly Smith,Director of IT,False,0.0,8,1.0,True,True,False,1.8,9.09,7.29,0.7,33.0,23.0,5.0,2.0,,6.0,0.6,7.0,5.0,1.0,POC Review,21.0,5.0,42.0,-34.0,Expanding,0.0,False,0.0,False,False,False,False,True,False,True,False,False,,False,,20.0,False,0.0,80.0,25.0,False,3.0,,Lost — champion left. No additional detail.,Plan win foot watch this enough card together far world personal action green room.,8.0,Omitted,False,"May 07, 2026",False,Lost,Champion Left,Champion Collapse
DL-1060,GuerraPLC,ACC-25571,Torres and Sons - Full Bundle Monthly,SMB,Retail,APAC,Alex Morgan,REP-100,Hana Takeda,Elena Ruiz,Full Bundle,Monthly,Partner Referral,Alation,Atlan,17100.0,12000.0,35900.0,0.3,True,>$500k,"January 10, 2025",15-Feb-2025,36.0,8.0,5.0,0.0,,,Closed Lost,,Chief Data Officer,C-Suite,,Stephanie Singleton,Head of Product,False,5.0,4,1.0,,False,True,0.6,6.79,6.19,0.97,30.0,29.0,8.0,3.0,RE: RE: RE: Next steps??,7.0,1.5,11.0,1.0,3.0,Demo,33.0,5.0,50.0,-30.0,Contracting,0.0,True,2.0,True,True,False,True,True,True,True,,True,True,True,6.0,,,0.0,59.0,15.0,False,,,Lost — missing feature. No additional detail.,,6.0,Pipeline,,25-Apr-2026,True,Lost,Price / Budget,Champion Collapse
DL-1745,beltran-martinez,ACC-72354,Shields-Cain - Analytics Suite Monthly,Mid-Market,Media,West,Priya Shah,REP-101,Jordan Blake,Danny Patel,Analytics Suite,Monthly,Executive Referral,Collibra,Databricks,43400.0,43000.0,101600.0,0.01,True,$50k–$150k,06/12/2024,2024-08-24,73.0,14.0,4.0,0.0,,7.0,Closed Won,Eric Barnes,Analytics Engineer,IC,0.7,,CFO,True,2.0,6,4.0,False,True,True,2.2,0.7,-1.5,0.65,51.0,33.0,3.0,3.0,Introduction: Webb <> Tiger Data,14.0,2.0,10.0,3.0,4.0,Pricing,5.0,5.0,74.0,5.0,Stable,1.0,False,0.0,False,False,False,False,False,False,,False,False,True,False,,74.0,True,0.0,80.0,8.0,True,,12.0,Close was delayed 2 weeks on legal but closed strong.,Character from PM such painting seem clear either size admit.,10.0,Best Case,True,,True,Won,,
DL-1371,"Ho, Murray and White, Inc.",ACC-64776,Davis-Rose - Governance Module Multi-Year,Mid-Market,Education,Midwest,Nina Petrov,REP-109,Jordan Blake,Jaylen Ford,Governance Module,Multi-Year,Partner Referral,Monte Carlo,,111500.0,111500.0,304100.0,0.0,True,,"July 10, 2025",18-Oct-2025,100.0,9.0,2.0,1.0,,13.0,Closed Won,Kathy Jennings,Chief Data Officer,C-Suite,1.3,Hector Owens,CTO,True,2.0,6,5.0,True,True,True,1.1,2.0,0.9,1.0,16.0,16.0,1.0,7.0,Introduction: Miller <> Tiger Data,3.0,0.7,8.0,4.0,4.0,Demo,14.0,0.0,71.0,7.0,Stable,2.0,True,4.0,,False,False,False,True,False,False,False,False,True,True,25.0,73.0,,1.0,67.0,21.0,True,,66.0,Multi-threaded well. Finance and Eng both bought in.,,9.0,Pipeline,True,30-Apr-2026,True,Won,,
DL-1092,"Lopez, Nguyen and Ellis, Inc.",ACC-18693,Lambert-Burns - Governance Module Annual,Mid-Market,Media,Northeast,Emily Rodriguez,REP-103,Hana Takeda,Isla Berg,Governance Module,Annual,Partner Referral,Starburst,,49700.0,49700.0,49700.0,0.0,True,>$500k,17-Nov-2025,02/11/2026,86.0,6.0,2.0,0.0,33.0,,Closed Lost,Emily Price,Analytics Engineer,IC,6.7,Brian Bell,VP Engineering,False,0.0,8,6.0,True,,True,0.6,2.5,1.9,0.44,36.0,16.0,5.0,4.0,Re: Follow up from our call,8.0,2.0,4.0,5.0,2.0,Demo,11.0,0.0,86.0,-4.0,,1.0,False,0.0,False,True,True,False,False,False,,False,False,False,False,,,False,0.0,,6.0,True,6.0,25.0,lost — chose competitor.. no additional detail..,,,Commit,True,2026-05-02,False,Lost,Price / Budget,Exec Vacuum
DL-1722,"Ellison,OrtizandBaker",ACC-50368,Richmond-Johnson - Governance Module Multi-Year,Mid-Market,Insurance,West,Rachel Kim,REP-107,Hana Takeda,Danny Patel,Governance Module,Multi-Year,Inbound - Website,None / Greenfield,,112100.0,112100.0,257300.0,0.0,True,,11-Jul-2024,"September 26, 2024",77.0,10.0,2.0,1.0,,,Closed Lost,Kimberly Taylor,Senior Data Engineer,IC,10.9,,VP Engineering,False,0.0,5,3.0,,False,True,2.2,2.8,0.6,0.35,20.0,7.0,7.0,5.0,[External] Re: Tiger Data POC,15.0,2.8,10.0,1.0,1.0,POC Review,13.0,3.0,65.0,-10.0,Expanding,2.0,False,0.0,False,False,False,True,False,False,False,False,True,False,False,,,,1.0,88.0,20.0,True,,16.0,"Champion was IC level, couldn't drive the purchase alone.",Decade care tax their enjoy else establish break sense discover first deep again in something.,,Best Case,False,05/19/2026,False,Lost,No Decision / Stalled,Exec Vacuum
DL-1490,Lucas-Foster,ACC-92434,Austin-Hodges - Governance Module Multi-Year,Enterprise,Media,APAC,Marcus Chen,REP-102,Benjamin Cross,,Governance Module,Multi-Year,Executive Referral,Fivetran,,352700.0,335100.0,758300.0,0.05,True,>$500k,24-May-2024,"November 04, 2024",164.0,12.0,6.0,0.0,,,Closed Lost,Erica Avila,VP of Data,VP,0.6,Jorge Sharp,VP Operations,False,1.0,8,1.0,True,True,True,1.8,9.03,7.23,0.65,20.0,13.0,2.0,8.0,[External] Re: Tiger Data POC,6.0,1.6,11.0,5.0,4.0,Pricing,30.0,3.0,36.0,-27.0,Stable,0.0,False,0.0,True,False,False,True,True,False,False,True,,True,True,9.0,,True,1.0,52.0,17.0,,8.0,77.0,Lost — no decision / stalled. No additional detail.,,6.0,Commit,,18-May-2026,True,Lost,Price / Budget,Champion Collapse
DL-1462,The Houston Inc,ACC-61064,"Mcfarland, Chandler and Rivera - Full Bundle Multi-Year",Enterprise,Logistics,APAC,Priya Shah,REP-101,Liam Sutherland,Casey Wu,Full Bundle,Multi-Year,Event / Conference,Fivetran,Collibra,294000.0,294000.0,,0.0,True,>$500k,2025-03-03,07/26/2025,145.0,3.0,3.0,1.0,,,Closed Lost,Jamie Haynes,Senior Data Engineer,IC,2.8,,SVP Technology,False,0.0,5,1.0,False,True,,1.6,8.33,6.73,0.31,39.0,12.0,7.0,9.0,Quick question on the proposal,17.0,0.8,12.0,5.0,3.0,Discovery,33.0,0.0,33.0,-32.0,Contracting,2.0,False,0.0,True,False,False,False,False,True,,False,False,False,False,,76.0,False,2.0,64.0,22.0,,7.0,93.0,lost — missing feature.. no additional detail..,Catch gas benefit great religious these matter continue husband dinner worry plan fund sell model after.,9.0,Commit,True,"May 04, 2026",,Lost,Champion Left,Champion Collapse
DL-1218,Blair Ltd Inc,ACC-25408,Wright Group - Governance Module Monthly,SMB,Financial Services,Northeast,Rachel Kim,REP-107,Hana Takeda,Frankie Hale,Governance Module,Monthly,PLG Expansion,Databricks,,24600.0,24600.0,56600.0,0.0,False,>$500k,2024-04-13,16-May-2024,33.0,18.0,2.0,1.0,,,Closed Lost,Stephanie Vargas,Analytics Engineer,IC,6.2,Kenneth Smith,SVP Technology,False,2.0,3,1.0,True,True,False,1.0,8.06,7.06,0.37,35.0,13.0,7.0,5.0,Introduction: Ford <> Tiger Data,13.0,2.9,3.0,2.0,3.0,Discovery,27.0,1.0,31.0,-20.0,Stable,1.0,False,0.0,False,,False,False,True,False,,,True,True,False,,25.0,False,1.0,73.0,2.0,False,4.0,62.0,our champion got moved to a different team mid-deal.. lost access..,Always likely shoulder almost most look something start laugh.,10.0,Best Case,False,"April 25, 2026",,Lost,Champion Left,Champion Collapse
DL-1513,,ACC-58979,"Stewart, Robinson and Shaffer - Full Bundle Multi-Year",Mid-Market,Media,Midwest,David Park,REP-104,Benjamin Cross,,Full Bundle,Multi-Year,PLG Expansion,Collibra,,62200.0,62200.0,154100.0,0.0,False,>$500k,2025-05-08,2025-07-16,69.0,10.0,6.0,0.0,31.0,,Closed Won,Christina Jensen,VP of Data,VP,1.1,Anna Yang,VP Engineering,False,0.0,7,5.0,,False,True,2.4,1.8,-0.6,0.88,17.0,15.0,6.0,2.0,Checking in,17.0,2.1,9.0,3.0,3.0,POC Review,1.0,2.0,95.0,7.0,Stable,1.0,False,0.0,False,False,True,False,True,True,True,False,True,,True,19.0,66.0,True,1.0,74.0,16.0,True,3.0,,multi-threaded well.. finance and eng both bought in..,Special buy east image drug participant throughout truth evidence about provide itself team.,10.0,Pipeline,True,04/26/2026,True,Won,,
DL-1620,"Wright, Williams and Knapp Inc",ACC-22867,Fleming-Hill - Analytics Suite Annual,SMB,Logistics,Southwest,David Park,REP-104,Liam Sutherland,Jaylen Ford,Analytics Suite,Annual,Partner Referral,Collibra,,26100.0,21100.0,21100.0,0.19,True,$150k–$500k,26-May-2024,"July 02, 2024",37.0,13.0,6.0,0.0,,,Closed Lost,Shannon Austin,Data Platform Lead,Manager,3.9,Jason Murphy,Head of Product,False,0.0,5,4.0,True,,False,1.8,2.8,1.0,0.21,24.0,5.0,5.0,2.0,,19.0,1.7,6.0,2.0,1.0,,3.0,3.0,65.0,15.0,,0.0,True,4.0,False,True,False,True,True,True,,True,False,False,True,9.0,80.0,False,1.0,87.0,14.0,True,0.0,,Lost — chose competitor. No additional detail.,Energy add so financial interest hair series future throughout number site final five determine sit source.,,Commit,True,14-May-2026,False,Lost,Wrong Timing,
DL-1425,WANG LTD,ACC-66912,Pierce-Bell - Governance Module Pilot,SMB,Logistics,Southwest,Sophia Nguyen,REP-105,Liam Sutherland,Elena Ruiz,Governance Module,Pilot,Event / Conference,Snowflake,Starburst,30800.0,30800.0,,0.0,,,13-Apr-2024,05/19/2024,36.0,16.0,3.0,1.0,,19.0,Closed Won,Steven Ramirez,Analytics Engineer,IC,5.8,Lorraine Beck,Director of IT,True,3.0,3,3.0,False,False,,2.3,1.2,-1.1,0.64,22.0,14.0,3.0,5.0,Quick question on the proposal,17.0,2.9,7.0,1.0,2.0,Discovery,13.0,2.0,81.0,-9.0,Stable,2.0,False,0.0,False,False,False,True,True,False,False,True,False,True,True,8.0,74.0,False,1.0,55.0,24.0,,1.0,,"competitive deal vs snowflake, but we had teh better integration story..",Maybe mouth different identify series experience under church them hundred about stop several prevent.,6.0,Best Case,False,,False,Won,,
DL-1332,Thompson-Bonilla,ACC-96713,"Sandoval, Parrish and Crosby - Full Bundle Annual",Mid-Market,Education,West,Emily Rodriguez,REP-103,Liam Sutherland,Jaylen Ford,Full Bundle,Annual,LinkedIn Outbound,dbt Labs,,75300.0,55700.0,55700.0,0.26,False,>$500k,2024-11-02,01/13/2025,72.0,8.0,4.0,1.0,33.0,,Closed Lost,Miranda Watts,Data Platform Lead,Manager,12.0,Dawn Sims,CFO,False,0.0,5,1.0,False,False,,0.8,6.9,6.1,0.14,58.0,8.0,7.0,6.0,,15.0,1.6,11.0,1.0,1.0,Executive QBR,21.0,4.0,40.0,-35.0,Stable,2.0,True,3.0,True,True,True,True,False,False,False,False,False,False,False,,,False,1.0,50.0,13.0,,,72.0,Our champion got moved to a different team mid-deal. Lost access.,Nearly stage determine environmental ok space send choose discussion risk happy total behavior consider continue television country make role.,9.0,Commit,True,,True,Lost,Price / Budget,Champion Collapse
DL-1859,"Kemp, Hughes and Hill Inc",ACC-90993,Wilson Inc - Core Platform Monthly,Enterprise,Manufacturing,Northeast,Tyler Brooks,REP-108,Amara Osei,,Core Platform,Monthly,Partner Referral,Alation,,651200.0,651200.0,1630000.0,0.0,True,$50k–$150k,"August 07, 2024",22-Feb-2025,199.0,7.0,6.0,1.0,18.0,,Closed Lost,Jennifer Gonzalez,Data Engineer,IC,4.3,Rachel Ramos,COO,False,0.0,4,2.0,,True,True,1.6,0.7,-0.9,0.86,14.0,12.0,2.0,3.0,[External] Re: Tiger Data POC,10.0,0.5,5.0,5.0,1.0,Discovery,11.0,0.0,80.0,8.0,Expanding,0.0,True,1.0,False,True,True,True,True,True,True,False,,True,False,,,False,1.0,60.0,22.0,,,76.0,Lost — security / compliance failed. No additional detail.,Follow everyone century official story clearly successful fast seek day staff.,10.0,,True,"May 15, 2026",True,Lost,Price / Budget,Exec Vacuum
DL-1989,The Cameron PLC,ACC-37840,Long-Chang - Core Platform Monthly,Enterprise,Energy,Southwest,Emily Rodriguez,REP-103,Benjamin Cross,,Core Platform,Monthly,Outbound SDR,Collibra,Starburst,365800.0,329200.0,738300.0,0.1,False,>$500k,25-May-2024,2024-09-27,125.0,11.0,5.0,0.0,39.0,,Closed Won,Victor Soto,VP of Data,VP,0.6,Thomas Graves,VP Operations,False,0.0,4,3.0,True,True,False,2.3,1.2,-1.1,0.84,37.0,31.0,0.0,1.0,Checking in,16.0,1.4,4.0,3.0,2.0,Executive QBR,4.0,1.0,80.0,12.0,Stable,0.0,True,1.0,True,True,True,True,True,True,True,,False,False,True,14.0,,True,0.0,73.0,7.0,False,7.0,39.0,"competitive deal vs collibra, but we had teh better integration story..",Hear standard exactly under body best significant mother sure toward garden.,8.0,Commit,False,2026-05-09,False,Won,,
DL-1582,ALVARADO LLC,ACC-65408,James-Harvey - Core Platform Multi-Year,Enterprise,Energy,APAC,Priya Shah,REP-101,Hana Takeda,Grace Okonkwo,Core Platform,Multi-Year,Partner Referral,dbt Labs,,221300.0,221300.0,591000.0,0.0,True,$150k–$500k,07-Sep-2025,"February 10, 2026",156.0,5.0,4.0,1.0,,,Closed Lost,Laura Johnson,BI Lead,Manager,6.8,Douglas Weaver,VP Operations,False,0.0,4,3.0,True,False,True,1.1,2.0,0.9,0.61,18.0,11.0,0.0,1.0,Introduction: Dominguez <> Tiger Data,18.0,3.0,2.0,4.0,4.0,Technical Review,14.0,1.0,58.0,10.0,Expanding,1.0,False,0.0,True,True,False,True,True,False,False,False,False,True,True,20.0,100.0,False,0.0,72.0,6.0,False,0.0,42.0,lost — security / compliance failed.. no additional detail..,System environmental consumer model leave hour cell step particularly control east weight raise school.,8.0,Pipeline,True,02-May-2026,False,Lost,Missing Feature,
DL-1355,"Kirk-Durham, Inc.",ACC-80007,,Mid-Market,Education,Midwest,Marcus Chen,REP-102,Amara Osei,,Full Bundle,Multi-Year,Cold Email Sequence,None / Greenfield,,61100.0,56800.0,162400.0,0.07,True,$50k–$150k,2025-04-21,2025-08-01,102.0,31.0,2.0,0.0,24.0,,Closed Lost,Jennifer Tucker,Data Architect,IC,3.8,Christine Barnes,Head of Product,False,0.0,7,5.0,True,False,False,1.5,0.6,-0.9,0.07,58.0,4.0,32.0,27.0,Checking in,15.0,1.3,12.0,0.0,3.0,Demo,10.0,2.0,83.0,2.0,Expanding,2.0,True,3.0,False,False,True,True,False,False,False,,True,False,False,,71.0,False,2.0,90.0,3.0,,8.0,,"Just went dark. Last email 3 weeks ago, no response.",,10.0,Commit,False,2026-05-15,,Lost,No Decision / Stalled,Ghost Stall
DL-1482,Ramos PLC LLC,ACC-31473,Miller and Sons - Governance Module Multi-Year,Mid-Market,Financial Services,EMEA,David Park,REP-104,Liam Sutherland,,Governance Module,Multi-Year,Outbound SDR,Snowflake,,141200.0,141200.0,293800.0,0.0,True,,11/22/2025,"January 14, 2026",53.0,7.0,5.0,0.0,30.0,29.0,Closed Lost,Shawn Johnston,Lead Data Engineer,IC,1.6,Caleb Gill,VP Operations,True,1.0,7,6.0,,False,False,0.6,1.5,0.9,0.35,48.0,17.0,7.0,4.0,Checking in,12.0,1.2,8.0,4.0,4.0,Executive QBR,8.0,0.0,56.0,6.0,Stable,0.0,False,0.0,False,True,True,True,True,False,,True,False,False,False,,78.0,,1.0,93.0,10.0,,,52.0,Lost — security / compliance failed. No additional detail.,,10.0,Omitted,True,05/10/2026,True,Lost,Wrong Timing,
DL-1545,Nelson-Castillo,ACC-81294,Conway-Smith - Analytics Suite Multi-Year,SMB,Energy,Southeast,James O'Brien,REP-106,Hana Takeda,Jaylen Ford,Analytics Suite,Multi-Year,LinkedIn Outbound,dbt Labs,,17100.0,17100.0,35900.0,0.0,False,,2024-08-09,09/04/2024,26.0,4.0,5.0,0.0,18.0,,Closed Won,John Robinson,Lead Data Engineer,IC,6.5,Katrina Villa,Director of IT,False,0.0,2,1.0,True,,False,1.1,2.4,1.3,0.45,38.0,17.0,4.0,3.0,,10.0,0.7,12.0,2.0,1.0,Demo,12.0,3.0,69.0,7.0,Contracting,0.0,True,4.0,True,,True,False,True,False,True,True,False,,False,,96.0,False,1.0,85.0,22.0,True,8.0,39.0,technical win — their data architect loved teh architecture demo..,Environment he effort better television might financial identify as whatever.,9.0,Commit,False,14-May-2026,False,Won,,
DL-1110,Griffin-Hernandez LLC,ACC-76416,"Harvey, Sanchez and Phillips - Core Platform Pilot",Enterprise,Logistics,APAC,James O'Brien,REP-106,Jordan Blake,,Core Platform,Pilot,Cold Email Sequence,Starburst,,165500.0,127400.0,,0.23,False,>$500k,05-Feb-2024,07-Jun-2024,123.0,17.0,4.0,1.0,,,Closed Lost,Juan Brown,Analytics Engineer,IC,9.7,Chad Gonzalez,Director of IT,False,0.0,6,4.0,False,True,True,2.0,1.6,-0.4,0.55,11.0,6.0,4.0,10.0,,7.0,1.5,9.0,3.0,4.0,Demo,3.0,3.0,68.0,4.0,Stable,0.0,False,0.0,False,False,False,True,True,True,,False,,,False,,,True,0.0,53.0,14.0,True,4.0,,lost — wrong timing.. no additional detail..,,6.0,Commit,False,"April 29, 2026",True,Lost,Price / Budget,Exec Vacuum
DL-1514,GRIFFIN-HALL,ACC-81980,Ortiz Group - Core Platform Pilot,SMB,Energy,Southwest,Emily Rodriguez,REP-103,Hana Takeda,Frankie Hale,Core Platform,Pilot,Inbound - Website,Atlan,,18300.0,14600.0,37000.0,0.2,False,$150k–$500k,"December 18, 2025",18-Jan-2026,31.0,3.0,4.0,0.0,,,Closed Lost,Patrick Cruz,Senior Data Engineer,IC,5.2,Jamie Weaver,Head of Product,False,0.0,2,1.0,True,True,False,1.3,0.5,-0.8,0.38,16.0,6.0,6.0,0.0,,14.0,1.2,10.0,2.0,2.0,POC Review,12.0,2.0,72.0,-9.0,Contracting,1.0,True,2.0,False,False,False,False,True,True,True,False,,True,True,16.0,41.0,,2.0,59.0,15.0,,4.0,42.0,lost — price / budget.. no additional detail..,,9.0,Best Case,True,04/24/2026,,Lost,Price / Budget,Exec Vacuum
DL-1602,,ACC-56447,Henderson LLC - Governance Module Annual,SMB,Education,Northeast,Nina Petrov,REP-109,Hana Takeda,Danny Patel,Governance Module,Annual,Executive Referral,dbt Labs,Atlan,13900.0,13900.0,13900.0,0.0,True,<$50k,2024-07-28,08/17/2024,20.0,16.0,5.0,1.0,,,Closed Lost,Karen Grant,Data Engineer,IC,7.7,,COO,False,0.0,2,1.0,True,,True,0.9,1.5,0.6,0.62,53.0,33.0,2.0,7.0,Checking in,4.0,2.3,5.0,1.0,1.0,Pricing,12.0,0.0,66.0,-3.0,Stable,2.0,False,0.0,False,False,False,False,True,False,False,,True,False,True,30.0,56.0,False,2.0,54.0,8.0,False,5.0,27.0,lost — no decision / stalled.. no additional detail..,Responsibility who issue technology against direction call example practice too garden end tell still range politics.,6.0,Omitted,False,05/19/2026,True,Lost,No Decision / Stalled,Exec Vacuum
DL-1995,gonzalez llc,ACC-48775,"Hall, Gordon and Evans - Analytics Suite Multi-Year",Mid-Market,Media,Northeast,Emily Rodriguez,REP-103,,Isla Berg,Analytics Suite,Multi-Year,Partner Referral,Alation,,76400.0,74100.0,207200.0,0.03,False,<$50k,05/19/2024,"July 20, 2024",62.0,13.0,4.0,0.0,43.0,7.0,Closed Won,,Director of Data,Director,,Jerry Mcclure,VP Operations,True,1.0,2,1.0,False,False,True,1.8,0.5,-1.3,0.69,13.0,9.0,1.0,10.0,Q4 pricing — URGENT,5.0,2.2,6.0,4.0,4.0,Technical Review,10.0,4.0,91.0,-9.0,Contracting,2.0,True,1.0,False,False,True,True,False,True,,True,False,True,False,,,True,0.0,52.0,21.0,False,3.0,40.0,multi-threaded well.. finance and eng both bought in..,Surface lose full effect off sign relationship business then same fight traditional share character.,,Commit,False,04/25/2026,True,Won,,
DL-1507,woods inc,ACC-13011,"Martin, Sims and Gutierrez - Full Bundle Monthly",Enterprise,Logistics,EMEA,Nina Petrov,REP-109,Hana Takeda,Elena Ruiz,Full Bundle,Monthly,Inbound - Website,None / Greenfield,,479100.0,364100.0,932500.0,0.24,True,,01-Aug-2024,2024-12-28,149.0,42.0,5.0,0.0,,30.0,Closed Lost,Teresa Clayton,VP of Data,VP,,Paul Williams,SVP Technology,True,1.0,3,3.0,True,,False,1.0,2.7,1.7,0.21,20.0,4.0,17.0,34.0,Re: Follow up from our call,11.0,2.9,2.0,0.0,4.0,Executive QBR,3.0,2.0,73.0,-6.0,Expanding,1.0,False,0.0,False,False,False,False,True,False,False,False,True,,True,30.0,91.0,True,0.0,51.0,15.0,True,,26.0,Lost — price / budget. No additional detail.,Sister agree public us hospital paper term security camera past so thousand position sense.,7.0,Pipeline,True,,True,Lost,No Decision / Stalled,Ghost Stall
DL-1334,"Adams Ltd, Inc.",ACC-28819,"Smith, Burch and Rosario - Governance Module Pilot",SMB,Education,APAC,James O'Brien,REP-106,Benjamin Cross,Jaylen Ford,Governance Module,Pilot,Cold Email Sequence,Snowflake,dbt Labs,12200.0,8800.0,25300.0,0.28,False,<$50k,"July 22, 2024","August 28, 2024",37.0,20.0,2.0,1.0,,,Closed Lost,Noah Morgan,BI Lead,Manager,6.1,Christina Castillo,SVP Technology,False,0.0,4,1.0,False,,True,1.9,8.04,6.14,0.35,34.0,12.0,2.0,4.0,fwd: technical review docs,12.0,1.8,9.0,4.0,2.0,POC Review,28.0,1.0,26.0,-24.0,Contracting,2.0,True,4.0,False,False,False,False,False,True,False,True,,,False,,29.0,True,0.0,86.0,4.0,True,2.0,,Lost — chose competitor. No additional detail.,Throughout spring film look during myself environment myself again and name bill though indeed ability difference dinner history.,6.0,,True,2026-05-06,False,Lost,Price / Budget,Champion Collapse
DL-1848,"Dominguez, Brooks and Olson, Inc.",ACC-76852,"Gallegos, Hernandez and Davis - Full Bundle Pilot",SMB,Technology,West,Alex Morgan,REP-100,Benjamin Cross,Danny Patel,Full Bundle,Pilot,Inbound - Website,Snowflake,,23100.0,23100.0,,0.0,False,$150k–$500k,10/16/2024,10-Nov-2024,25.0,20.0,3.0,0.0,44.0,,Closed Lost,Richard Ellis,Senior Data Engineer,IC,0.9,Leah Stewart,CFO,False,0.0,3,1.0,True,False,False,1.7,1.9,0.2,0.89,19.0,17.0,1.0,2.0,Introduction: Gray <> Tiger Data,15.0,2.3,10.0,2.0,2.0,Technical Review,15.0,1.0,78.0,1.0,Stable,2.0,False,0.0,True,False,True,True,False,True,True,False,False,False,False,,25.0,True,0.0,77.0,14.0,False,8.0,,Never got above the data team. Budget decision was above champion's level.,Care read face on experience kid practice interesting message.,7.0,Best Case,False,"May 06, 2026",False,Lost,No Decision / Stalled,Exec Vacuum
DL-1294,reese-foley,ACC-52212,Johnson-King - Core Platform Multi-Year,SMB,Healthcare,Southeast,Priya Shah,REP-101,Benjamin Cross,Henry Vasquez,Core Platform,Multi-Year,Event / Conference,Monte Carlo,,8000.0,8000.0,22000.0,0.0,True,<$50k,"October 27, 2024","November 15, 2024",19.0,20.0,3.0,1.0,,,Closed Lost,Breanna Santiago,Director of Data,Director,8.1,Joel Miller,VP Engineering,False,1.0,6,1.0,True,,False,0.8,6.24,5.44,0.29,21.0,6.0,3.0,8.0,Q4 pricing — URGENT,6.0,2.1,10.0,4.0,1.0,,33.0,4.0,46.0,-28.0,Expanding,1.0,False,0.0,True,False,False,False,False,False,True,True,False,True,False,,90.0,False,1.0,67.0,6.0,True,,39.0,lost — wrong timing.. no additional detail..,Require just likely evidence claim stuff parent concern buy scientist collection provide.,6.0,,False,,True,Lost,Champion Left,Champion Collapse
DL-1286,Baldwin-Simpson LLC,ACC-94104,Perkins-Little - Analytics Suite Annual,Mid-Market,Manufacturing,Northeast,Nina Petrov,REP-109,Liam Sutherland,Frankie Hale,Analytics Suite,Annual,Outbound SDR,Starburst,,90700.0,86200.0,86200.0,0.05,False,$150k–$500k,"April 24, 2025",07/18/2025,85.0,7.0,4.0,1.0,,,Closed Lost,Marie Clark,Analytics Engineer,IC,10.7,Jodi Young,Chief Data Officer,False,0.0,8,7.0,True,True,,2.4,0.8,-1.6,0.42,31.0,13.0,3.0,10.0,RE: RE: RE: Next steps??,14.0,1.7,9.0,4.0,1.0,Pricing,8.0,1.0,85.0,-3.0,Contracting,1.0,False,0.0,False,True,False,False,True,False,,True,True,True,True,23.0,70.0,False,0.0,76.0,12.0,,4.0,24.0,No exec sponsor. Deal died when Q4 budgets froze.,Fill thousand number very hear nearly care base know goal once let.,7.0,Omitted,False,"April 27, 2026",,Lost,No Decision / Stalled,Exec Vacuum
DL-1938,,ACC-59942,Conway Inc - Governance Module Multi-Year,SMB,Manufacturing,Southeast,Rachel Kim,REP-107,Liam Sutherland,Henry Vasquez,Governance Module,Multi-Year,Partner Referral,Starburst,,29700.0,29700.0,69100.0,0.0,False,$150k–$500k,24-Sep-2024,2024-10-13,19.0,19.0,4.0,1.0,,,Closed Lost,Wendy Mann,Chief Data Officer,C-Suite,2.6,Andrew Horton,Head of Product,False,3.0,8,1.0,False,False,True,2.4,8.73,6.33,0.87,46.0,40.0,3.0,10.0,Introduction: Cameron <> Tiger Data,9.0,2.1,5.0,3.0,2.0,Pricing,25.0,4.0,46.0,-34.0,Stable,1.0,True,2.0,False,True,False,False,False,True,False,True,,True,True,12.0,58.0,False,2.0,76.0,11.0,True,4.0,,New data lead came in and had a prior relationship with Snowflake.,Do our group best debate significant edge do finish design apply drug thus song our.,10.0,Omitted,,2026-05-17,True,Lost,Champion Left,Champion Collapse
DL-1447,"Gonzalez, Robinson and Anderson LLC",ACC-42624,Perez Inc - Analytics Suite Pilot,SMB,Education,EMEA,Sophia Nguyen,REP-105,Liam Sutherland,Henry Vasquez,Analytics Suite,Pilot,Partner Referral,Fivetran,,11600.0,10300.0,28400.0,0.11,True,$150k–$500k,2025-10-16,20-Nov-2025,35.0,9.0,4.0,0.0,42.0,8.0,Closed Won,Michelle Campbell,Analytics Manager,Manager,12.0,Danielle King,COO,True,5.0,6,6.0,True,False,True,0.7,2.2,1.5,0.5,10.0,5.0,1.0,4.0,RE: RE: RE: Next steps??,9.0,0.8,8.0,2.0,2.0,Pricing,12.0,4.0,78.0,-7.0,Contracting,1.0,False,0.0,,True,True,True,False,False,False,True,,,False,,86.0,False,0.0,89.0,5.0,False,2.0,,Fast cycle. Champion had budget approved before we even started.,,,Best Case,False,05/19/2026,,Won,,
DL-1692,Robinson-Hernandez,ACC-71007,Stewart-Ortega - Analytics Suite Monthly,Enterprise,Energy,Southeast,Tyler Brooks,REP-108,Amara Osei,Elena Ruiz,Analytics Suite,Monthly,Executive Referral,Alation,Monte Carlo,419600.0,419600.0,1013000.0,0.0,True,$50k–$150k,05-Jun-2024,11/20/2024,168.0,18.0,2.0,0.0,,,Closed Lost,Crystal Sanchez,BI Lead,Manager,4.4,Robin Brewer,CTO,False,5.0,6,1.0,False,,,2.2,8.15,5.95,0.27,49.0,13.0,6.0,2.0,fwd: technical review docs,7.0,1.8,6.0,3.0,1.0,Executive QBR,22.0,1.0,36.0,-29.0,Contracting,1.0,False,0.0,False,False,False,True,True,False,,False,False,False,True,9.0,,,2.0,91.0,6.0,True,,86.0,Lost — security / compliance failed. No additional detail.,,10.0,Omitted,True,2026-05-04,True,Lost,Price / Budget,Champion Collapse
DL-1652,LEWIS-WATSON,ACC-56896,"Pierce, Cross and Gilmore - Full Bundle Pilot",Mid-Market,Insurance,APAC,Marcus Chen,REP-102,Jordan Blake,,Full Bundle,Pilot,Outbound SDR,None / Greenfield,,106500.0,91600.0,271300.0,0.14,False,>$500k,"September 25, 2024","November 15, 2024",51.0,20.0,3.0,1.0,36.0,17.0,Closed Won,Julie Kaufman,Head of Data Engineering,Manager,7.6,,VP Operations,True,4.0,5,3.0,False,True,True,1.0,2.5,1.5,0.77,13.0,10.0,7.0,5.0,[External] Re: Tiger Data POC,5.0,1.8,4.0,5.0,3.0,Demo,11.0,5.0,59.0,6.0,Contracting,1.0,False,0.0,True,,True,True,False,False,True,True,,False,False,,,,0.0,92.0,12.0,False,0.0,,"Strong champion, got exec in early. Smooth close.",And anyone yeah fund door movement space page democratic natural heart wall meet old tonight sound everybody.,10.0,Commit,False,,True,Won,,
DL-1968,Williams-Tran,ACC-83417,Moody and Sons - Analytics Suite Pilot,Mid-Market,Education,West,Tyler Brooks,REP-108,Liam Sutherland,Frankie Hale,Analytics Suite,Pilot,Partner Referral,Collibra,,80700.0,80700.0,,0.0,,,03/10/2024,21-Jun-2024,103.0,49.0,6.0,0.0,43.0,5.0,Closed Lost,Jason Howard,VP of Data,VP,3.6,John Hayes,Director of IT,True,4.0,4,2.0,False,True,False,1.0,1.9,0.9,0.1,28.0,2.0,21.0,38.0,fwd: technical review docs,6.0,0.8,4.0,0.0,3.0,POC Review,14.0,2.0,95.0,-2.0,Stable,1.0,True,4.0,False,True,True,True,False,False,False,True,True,True,True,28.0,25.0,,1.0,92.0,13.0,True,,,lost — security / compliance failed.. no additional detail..,Realize parent game responsibility age that play will once form hot reach daughter behind home.,,Commit,False,04/30/2026,False,Lost,Missing Feature,Ghost Stall
DL-1277,"The Casey, Lee and Gregory",ACC-43916,"Byrd, Mendez and Becker - Governance Module Multi-Year",Enterprise,Logistics,Midwest,David Park,REP-104,Hana Takeda,Danny Patel,Governance Module,Multi-Year,LinkedIn Outbound,Monte Carlo,,442600.0,376200.0,,0.21,True,>$500k,05-Aug-2024,23-Jan-2025,171.0,3.0,5.0,2.0,27.0,26.0,Closed Lost,April Simmons,Data Platform Lead,Manager,9.2,,VP Engineering,True,4.0,6,4.0,False,False,False,1.4,2.2,0.8,0.31,16.0,5.0,2.0,16.0,fwd: technical review docs,7.0,2.1,2.0,4.0,2.0,,9.0,1.0,59.0,-7.0,Contracting,6.0,True,3.0,True,True,True,False,True,False,False,True,,True,False,,,,2.0,67.0,2.0,False,,,snowflake offered a massive discount at teh last minute.. we couldn't match..,Item yet ever quite level guess service this different everyone information large accept create.,10.0,Pipeline,,,False,Lost,No Decision / Stalled,Competitor Displacement
DL-1758,gordon-nguyen,ACC-13284,Powers-Reyes - Analytics Suite Monthly,Mid-Market,Media,APAC,Sophia Nguyen,REP-105,Amara Osei,Jaylen Ford,Analytics Suite,Monthly,Executive Referral,Snowflake,Fivetran,146100.0,133000.0,323100.0,0.09,True,<$50k,2025-01-13,"March 06, 2025",52.0,11.0,2.0,0.0,31.0,,Closed Lost,,Data Engineer,IC,,Melinda Powell,VP Engineering,False,0.0,4,2.0,True,False,,1.1,0.6,-0.5,0.67,42.0,28.0,8.0,0.0,[External] Re: Tiger Data POC,16.0,1.3,2.0,3.0,2.0,POC Review,1.0,3.0,84.0,-3.0,Stable,1.0,True,3.0,False,True,True,True,True,True,False,False,,True,False,,,True,2.0,91.0,22.0,True,,,Lost — no decision / stalled. No additional detail.,Throw control might feel animal indicate economy act present help.,9.0,Commit,False,2026-05-18,True,Lost,Price / Budget,Exec Vacuum
DL-1137,"The Burke, Andrade and Gordon",ACC-75942,Barnes-Lynch - Analytics Suite Monthly,SMB,Energy,EMEA,Nina Petrov,REP-109,Benjamin Cross,,Analytics Suite,Monthly,Inbound - Website,Collibra,,33400.0,31700.0,84100.0,0.05,True,$150k–$500k,10/29/2024,2024-11-19,21.0,4.0,5.0,1.0,,,Closed Lost,Danielle Sanders,Senior Data Engineer,IC,5.3,Edward Ballard,Head of Product,False,0.0,5,5.0,,,False,1.2,2.0,0.8,0.81,16.0,13.0,5.0,4.0,fwd: technical review docs,7.0,1.2,7.0,3.0,3.0,POC Review,13.0,0.0,87.0,-6.0,Expanding,0.0,True,3.0,True,False,False,True,False,False,True,True,,True,True,27.0,49.0,,1.0,,14.0,,0.0,55.0,Lost — chose competitor. No additional detail.,Include record security federal reduce team Republican very plan cut.,6.0,Commit,False,2026-05-18,False,Lost,Price / Budget,Exec Vacuum
DL-1501,"Martinez-Lopez, Inc.",ACC-65441,"Jones, King and Tapia - Core Platform Monthly",Mid-Market,Energy,Southeast,Tyler Brooks,REP-108,Hana Takeda,Frankie Hale,Core Platform,Monthly,Inbound - Website,Monte Carlo,,70400.0,70400.0,201800.0,0.0,False,$50k–$150k,2025-01-03,16-Mar-2025,72.0,20.0,4.0,0.0,34.0,29.0,Closed Won,Hunter Powell,Analytics Engineer,IC,,Elizabeth Hughes,SVP Technology,True,5.0,2,2.0,,,True,1.0,1.7,0.7,0.55,11.0,6.0,2.0,4.0,Checking in,13.0,2.7,12.0,2.0,4.0,,15.0,0.0,57.0,-6.0,Expanding,0.0,True,1.0,True,False,True,True,False,False,True,False,True,False,False,,77.0,False,1.0,90.0,22.0,False,,25.0,"Strong champion, got exec in early. Smooth close.",Field people try play order quickly with matter goal eight list something.,,Omitted,True,2026-05-09,,Won,,
DL-1404,"The Barnes, Smith and Wilson",ACC-37490,Cortez-Beard - Analytics Suite Annual,SMB,Media,Southwest,Nina Petrov,REP-109,Liam Sutherland,Casey Wu,Analytics Suite,Annual,Event / Conference,Starburst,,29000.0,23500.0,23500.0,0.19,False,$50k–$150k,05/31/2025,06/29/2025,29.0,28.0,6.0,0.0,30.0,12.0,Closed Lost,Frank Preston,Senior Data Engineer,IC,6.6,Carol Roberts,COO,True,4.0,5,4.0,False,True,False,1.6,2.0,0.4,0.21,26.0,5.0,18.0,33.0,,14.0,2.3,4.0,0.0,1.0,Executive QBR,8.0,4.0,68.0,-2.0,Contracting,0.0,True,1.0,True,False,True,False,False,True,True,True,True,True,False,,95.0,False,1.0,69.0,21.0,,4.0,58.0,"Just went dark. Last email 3 weeks ago, no response.",Sort weight he page line decision form section you until clearly resource.,,Omitted,True,,True,Lost,Missing Feature,Ghost Stall
DL-1523,BUTLER AND SONS,ACC-35002,Payne-Scott - Analytics Suite Monthly,Enterprise,Education,EMEA,Rachel Kim,REP-107,,,Analytics Suite,Monthly,Event / Conference,Fivetran,,711900.0,647800.0,1942600.0,0.09,True,$150k–$500k,2023-11-16,"May 16, 2024",182.0,13.0,3.0,1.0,,,Closed Lost,April Jones,Data Engineer,IC,2.7,Deborah Webb,SVP Technology,False,0.0,3,1.0,,True,False,1.5,2.5,1.0,0.51,45.0,23.0,4.0,2.0,Checking in,20.0,2.0,2.0,5.0,4.0,POC Review,8.0,1.0,88.0,11.0,Expanding,1.0,True,1.0,True,False,False,False,False,True,,True,,False,True,15.0,,True,1.0,55.0,12.0,True,,,No exec sponsor. Deal died when Q4 budgets froze.,Despite trip close pull box prove speech garden road.,6.0,Best Case,,04/22/2026,True,Lost,Price / Budget,Exec Vacuum
DL-1780,"White, Khan and Mitchell, Inc.",ACC-18469,,Mid-Market,Retail,Northeast,Tyler Brooks,REP-108,Hana Takeda,Henry Vasquez,Full Bundle,Monthly,Event / Conference,Starburst,,98800.0,97800.0,242500.0,0.01,,<$50k,"July 02, 2024",2024-08-30,59.0,19.0,5.0,1.0,,23.0,Closed Won,Angela Crawford,Director of Data,Director,3.8,Gregory Norman,COO,True,1.0,5,3.0,,,False,1.2,2.5,1.3,0.22,60.0,13.0,5.0,8.0,Introduction: Thompson <> Tiger Data,11.0,2.0,3.0,1.0,3.0,,3.0,0.0,62.0,8.0,Expanding,1.0,True,2.0,False,False,False,False,True,True,True,,True,False,True,19.0,,False,2.0,55.0,10.0,True,3.0,29.0,Technical win — their data architect loved the architecture demo.,May home eight now young close them significant have different success.,6.0,Best Case,False,04/25/2026,False,Won,,
DL-1977,"ross, hatfield and tucker",ACC-20490,Nguyen-Nelson - Governance Module Annual,Mid-Market,Retail,West,Tyler Brooks,REP-108,Jordan Blake,Henry Vasquez,Governance Module,Annual,Partner Referral,Collibra,Collibra,109900.0,101100.0,101100.0,0.08,False,<$50k,"April 27, 2025","July 01, 2025",65.0,14.0,5.0,1.0,,,Closed Lost,Haley Willis,Data Architect,IC,6.2,,Director of IT,False,2.0,6,1.0,,,True,2.3,10.07,7.77,0.32,28.0,9.0,2.0,9.0,Q4 pricing — URGENT,14.0,1.7,2.0,2.0,3.0,Demo,18.0,2.0,25.0,-22.0,Stable,0.0,False,0.0,True,False,False,False,True,False,,False,,True,False,,42.0,True,2.0,60.0,25.0,False,8.0,68.0,Lost — champion left. No additional detail.,Talk use station idea red many answer four deal understand system federal of blood real report start.,8.0,Pipeline,False,04/25/2026,True,Lost,Price / Budget,Champion Collapse
DL-1580,"Holt, Romero and Carter, Inc.",ACC-49507,Evans PLC - Full Bundle Monthly,SMB,Insurance,EMEA,Priya Shah,REP-101,Jordan Blake,Isla Berg,Full Bundle,Monthly,Cold Email Sequence,Snowflake,,26200.0,23800.0,56100.0,0.09,False,>$500k,01/03/2025,2025-01-24,21.0,15.0,2.0,1.0,,,Closed Won,Nicolas Hunt,Lead Data Engineer,IC,8.0,Maria Campbell,CTO,False,0.0,8,8.0,,True,False,1.5,1.0,-0.5,0.34,41.0,14.0,8.0,8.0,,17.0,2.8,9.0,3.0,2.0,Discovery,7.0,2.0,83.0,-4.0,,2.0,False,0.0,,,False,True,True,True,,False,True,False,True,30.0,64.0,True,0.0,63.0,21.0,True,5.0,10.0,Close was delayed 2 weeks on legal but closed strong.,Personal medical while seem along pressure begin type dog name language local much will cost value.,10.0,Best Case,False,"April 30, 2026",True,Won,,
DL-1237,"Ewing Inc, Inc.",ACC-68046,Cole-Farrell - Governance Module Pilot,Enterprise,Manufacturing,APAC,David Park,REP-104,Jordan Blake,Jaylen Ford,Governance Module,Pilot,Executive Referral,Starburst,,702500.0,702500.0,2052100.0,0.27,True,<$50k,2025-05-05,"September 29, 2025",147.0,10.0,6.0,2.0,,21.0,Closed Lost,Andrew Thompson,Data Platform Lead,Manager,3.0,,CTO,True,3.0,7,6.0,True,False,True,2.0,0.8,-1.2,0.72,32.0,23.0,3.0,11.0,following up again...,17.0,1.2,3.0,4.0,1.0,Pricing,5.0,4.0,87.0,-4.0,Stable,7.0,True,3.0,True,,False,True,False,False,True,False,True,False,False,,62.0,False,1.0,64.0,17.0,,,,Snowflake offered a massive discount at the last minute. We couldn't match.,Man care resource maintain body push process rate occur live take.,9.0,Commit,False,05/10/2026,False,Lost,No Decision / Stalled,Competitor Displacement
DL-1988,White-Frey Inc,ACC-20327,Young-Blair - Governance Module Annual,Mid-Market,Energy,Southwest,Nina Petrov,REP-109,Liam Sutherland,Jaylen Ford,Governance Module,Annual,LinkedIn Outbound,dbt Labs,Alation,63100.0,56800.0,56800.0,0.1,True,>$500k,2024-09-07,"December 03, 2024",87.0,11.0,2.0,0.0,32.0,,Closed Lost,Theresa Zimmerman,BI Lead,Manager,,Brenda Hunter,Head of Product,False,2.0,7,1.0,False,False,,0.6,6.27,5.67,0.8,10.0,8.0,0.0,10.0,Quick question on the proposal,8.0,1.3,2.0,2.0,1.0,Executive QBR,21.0,2.0,41.0,-24.0,Contracting,2.0,True,3.0,False,False,True,False,True,True,,False,False,True,False,,,False,1.0,69.0,8.0,False,1.0,,Lost — security / compliance failed. No additional detail.,,8.0,Commit,True,08-May-2026,False,Lost,Price / Budget,Champion Collapse
DL-1215,Grant and Sons Inc,ACC-78295,Downs Inc - Full Bundle Monthly,Enterprise,Energy,Midwest,Alex Morgan,REP-100,Liam Sutherland,Elena Ruiz,Full Bundle,Monthly,Event / Conference,Atlan,,364000.0,316700.0,656700.0,0.13,True,<$50k,06/20/2024,11-Oct-2024,113.0,3.0,2.0,0.0,18.0,,Closed Won,Shari Hatfield,Senior Data Engineer,IC,6.9,Julie Sims,Head of Product,False,0.0,6,5.0,False,True,False,1.6,1.8,0.2,0.57,14.0,8.0,5.0,6.0,Quick question on the proposal,10.0,1.6,8.0,1.0,4.0,Demo,12.0,3.0,67.0,7.0,,1.0,True,3.0,False,False,True,False,False,False,False,True,True,True,True,11.0,40.0,True,2.0,55.0,21.0,True,1.0,,"Strong champion, got exec in early. Smooth close.",,9.0,Omitted,False,15-May-2026,False,Won,,
DL-1894,"HARRISON, DECKER AND GONZALES",ACC-56047,,Mid-Market,Financial Services,Northeast,James O'Brien,REP-106,Jordan Blake,Jaylen Ford,Governance Module,Pilot,Inbound - Website,Starburst,,98900.0,98900.0,213900.0,0.22,False,$150k–$500k,"June 11, 2025",08/11/2025,61.0,16.0,5.0,3.0,,10.0,Closed Lost,Austin Kane,Director of Data,Director,11.7,Sharon Cook,SVP Technology,True,1.0,6,6.0,False,,True,0.8,2.5,1.7,0.16,32.0,5.0,8.0,16.0,,8.0,1.8,2.0,1.0,1.0,Discovery,12.0,0.0,84.0,-8.0,Expanding,4.0,True,3.0,True,True,False,False,False,False,True,False,False,True,True,18.0,,False,2.0,56.0,10.0,True,2.0,64.0,snowflake offered a massive discount at teh last minute.. we couldn't match..,Debate couple ground much open instead keep change hard half dream easy prevent side meeting executive hold.,9.0,Commit,True,,False,Lost,No Decision / Stalled,Competitor Displacement
DL-1244,Gonzales-King LLC,ACC-11331,"Brown, Ferguson and Lyons - Core Platform Monthly",Mid-Market,Media,EMEA,Emily Rodriguez,REP-103,Liam Sutherland,Grace Okonkwo,Core Platform,Monthly,LinkedIn Outbound,Snowflake,,76000.0,70700.0,157500.0,0.07,True,<$50k,08/25/2024,04-Dec-2024,101.0,13.0,4.0,1.0,31.0,,Closed Lost,Joshua Wells,Senior Data Engineer,IC,4.3,Donald Mueller,VP Operations,False,0.0,8,8.0,,False,True,0.9,2.1,1.2,0.64,11.0,7.0,5.0,8.0,Introduction: Lewis <> Tiger Data,17.0,2.5,4.0,3.0,1.0,Technical Review,3.0,4.0,81.0,6.0,Contracting,2.0,True,3.0,True,True,True,False,False,True,True,False,,True,False,,51.0,True,2.0,85.0,4.0,True,8.0,97.0,"Champion was IC level, couldn't drive the purchase alone.",Guy resource start again whom paper success production wait real.,9.0,Best Case,True,,True,Lost,No Decision / Stalled,Exec Vacuum
DL-1552,"The Yates, Houston and Gonzalez",ACC-23362,Bennett-Nichols - Full Bundle Pilot,Enterprise,Energy,Southwest,Alex Morgan,REP-100,Hana Takeda,Danny Patel,Full Bundle,Pilot,LinkedIn Outbound,Snowflake,,426700.0,396800.0,813200.0,0.07,,,"July 22, 2025","February 27, 2026",220.0,9.0,5.0,0.0,,,Closed Lost,Shelly Wilson,BI Lead,Manager,8.2,Stephanie Hall,Director of IT,False,0.0,7,6.0,False,False,,0.6,0.9,0.3,0.66,38.0,25.0,1.0,6.0,,17.0,1.6,5.0,5.0,3.0,Discovery,2.0,4.0,61.0,-8.0,Stable,2.0,False,0.0,True,False,False,True,False,True,True,True,True,True,True,5.0,,,1.0,86.0,9.0,True,1.0,,lost — missing feature.. no additional detail..,Wear both look training oil scene career military much discussion call traditional meet parent this drop need.,6.0,Commit,True,18-May-2026,,Lost,Champion Left,
DL-1837,Walker Ltd,ACC-32895,"Bates, Atkinson and Stanley - Full Bundle Annual",Enterprise,Healthcare,APAC,Rachel Kim,REP-107,,Henry Vasquez,Full Bundle,Annual,Executive Referral,Fivetran,None / Greenfield,233200.0,172600.0,172600.0,0.26,True,$50k–$150k,08-Apr-2025,"October 14, 2025",189.0,10.0,2.0,1.0,34.0,,Closed Lost,Jordan Williams,Analytics Manager,Manager,0.9,,COO,False,4.0,7,1.0,,False,True,1.4,7.01,5.61,0.93,14.0,13.0,3.0,6.0,RE: RE: RE: Next steps??,15.0,2.8,6.0,4.0,4.0,Discovery,18.0,2.0,38.0,-27.0,Expanding,2.0,True,4.0,True,False,True,False,True,False,True,False,True,False,True,29.0,,,1.0,76.0,19.0,True,,10.0,New data lead came in and had a prior relationship with Snowflake.,Memory including million role different window full real actually main door big color south together design.,7.0,Omitted,True,2026-05-01,False,Lost,Champion Left,Champion Collapse
DL-1863,Wright and Sons LLC,ACC-45427,Blevins and Sons - Analytics Suite Multi-Year,SMB,Media,Northeast,Emily Rodriguez,REP-103,Hana Takeda,,Analytics Suite,Multi-Year,Inbound - Website,Collibra,,9100.0,8700.0,24300.0,0.04,True,,2025-09-22,10/31/2025,39.0,18.0,3.0,0.0,,,Closed Lost,Steven Michael,BI Lead,Manager,11.0,Dean Moore,VP Engineering,False,1.0,8,1.0,,True,False,1.5,7.98,6.48,0.53,51.0,27.0,2.0,0.0,fwd: technical review docs,19.0,0.8,6.0,1.0,2.0,Discovery,31.0,5.0,41.0,-25.0,Contracting,2.0,True,4.0,False,True,False,True,False,True,False,True,False,False,True,25.0,,False,1.0,87.0,11.0,True,7.0,26.0,Our champion got moved to a different team mid-deal. Lost access.,Decide culture international receive not provide magazine voice option.,10.0,Pipeline,,"April 23, 2026",True,Lost,Price / Budget,Champion Collapse
DL-1667,The Jackson Ltd,ACC-24261,"Townsend, Ramos and Lyons - Analytics Suite Pilot",Mid-Market,Education,Northeast,David Park,REP-104,Amara Osei,Henry Vasquez,Analytics Suite,Pilot,LinkedIn Outbound,Monte Carlo,None / Greenfield,66700.0,52700.0,107800.0,0.21,False,>$500k,05-Apr-2025,2025-07-04,90.0,17.0,3.0,0.0,,,Closed Lost,Joseph Franklin,Analytics Manager,Manager,2.3,Jack Wells,VP Engineering,False,0.0,2,1.0,True,True,True,0.7,0.5,-0.2,0.68,34.0,23.0,7.0,8.0,Checking in,8.0,2.5,12.0,1.0,3.0,Executive QBR,10.0,4.0,86.0,-4.0,,2.0,True,3.0,False,True,False,False,False,False,False,,True,,True,25.0,,False,2.0,93.0,21.0,True,4.0,4.0,Lost — wrong timing. No additional detail.,Site different dinner interview medical will light before any wish animal could.,8.0,Commit,,2026-05-01,True,Lost,Chose Competitor,
DL-1621,The Coleman and Sons,ACC-63216,,SMB,Education,Northeast,Tyler Brooks,REP-108,Jordan Blake,,Core Platform,Pilot,PLG Expansion,Snowflake,,33600.0,27600.0,55800.0,0.18,,$50k–$150k,06/06/2024,"July 17, 2024",41.0,18.0,3.0,1.0,,,Closed Won,Carlos Schultz,Head of Data Engineering,Manager,8.2,Gabrielle Roberts,VP Operations,False,0.0,6,4.0,True,,False,0.7,2.0,1.3,0.86,37.0,32.0,2.0,10.0,Re: Follow up from our call,17.0,0.8,2.0,2.0,2.0,Pricing,11.0,4.0,81.0,-2.0,Contracting,1.0,True,2.0,True,False,False,False,True,False,,False,True,True,True,15.0,,,0.0,,2.0,False,0.0,,Close was delayed 2 weeks on legal but closed strong.,How free part director approach reason push civil cost company.,,Pipeline,False,2026-05-20,,Won,,
DL-1078,Floyd-Flores LLC,ACC-59655,Russell-Evans - Analytics Suite Annual,Mid-Market,Retail,Southeast,Priya Shah,REP-101,Jordan Blake,Elena Ruiz,Analytics Suite,Annual,Event / Conference,Fivetran,Databricks,56200.0,48900.0,48900.0,0.22,True,>$500k,2024-06-30,2024-09-02,64.0,6.0,3.0,1.0,,9.0,Closed Lost,Joshua Allen,BI Lead,Manager,8.1,Scott Thomas,VP Engineering,True,1.0,7,6.0,True,False,False,1.9,0.7,-1.2,0.42,48.0,20.0,5.0,19.0,Checking in,4.0,1.9,7.0,1.0,1.0,Technical Review,5.0,2.0,68.0,0.0,Contracting,5.0,True,2.0,False,False,False,False,True,False,False,True,False,False,False,,49.0,True,1.0,73.0,15.0,True,6.0,,lost — price / budget.. no additional detail..,Trip none whose newspaper care drug data position two suggest begin right couple environmental purpose owner.,8.0,Pipeline,,05/05/2026,True,Lost,No Decision / Stalled,Competitor Displacement
DL-1029,"Johnson,MillerandKing",ACC-21507,Cordova Group - Full Bundle Annual,SMB,Education,Midwest,James O'Brien,REP-106,Benjamin Cross,Frankie Hale,Full Bundle,Annual,Inbound - Website,Snowflake,,25900.0,23100.0,23100.0,0.11,False,,05/07/2025,05/27/2025,20.0,10.0,4.0,1.0,12.0,25.0,Closed Lost,Samantha Smith,BI Lead,Manager,4.1,Julia Brown,SVP Technology,True,3.0,3,2.0,True,True,True,2.2,2.1,-0.1,0.47,15.0,7.0,5.0,1.0,Checking in,20.0,1.7,5.0,5.0,4.0,Executive QBR,9.0,5.0,86.0,2.0,Expanding,2.0,True,2.0,True,False,True,True,False,False,False,,,,False,,98.0,True,1.0,82.0,3.0,True,,99.0,Lost — missing feature. No additional detail.,Gun series personal service data near until just recognize building win participant dream citizen nearly need behavior.,7.0,Omitted,False,"May 04, 2026",,Lost,Security / Compliance Failed,
DL-1450,"White, Wilkins and Blackwell",ACC-24093,,SMB,Technology,Midwest,Sophia Nguyen,REP-105,Hana Takeda,,Governance Module,Annual,LinkedIn Outbound,Snowflake,,25400.0,23600.0,23600.0,0.07,False,,2024-04-07,"May 17, 2024",40.0,6.0,5.0,0.0,,17.0,Closed Won,Nicholas Gomez,Chief Data Officer,C-Suite,8.1,,VP Operations,True,4.0,6,5.0,False,False,True,1.8,2.2,0.4,0.95,19.0,18.0,1.0,6.0,Re: Follow up from our call,12.0,0.7,3.0,1.0,3.0,Executive QBR,1.0,0.0,75.0,11.0,Contracting,2.0,False,0.0,False,False,False,True,False,True,,False,True,,True,30.0,20.0,False,1.0,57.0,4.0,True,,,"competitive deal vs snowflake, but we had teh better integration story..",Another mouth much really young coach city quite play teacher difficult us respond must western interest dark.,9.0,Best Case,False,05/16/2026,False,Won,,
DL-1289,Patterson Ltd,ACC-38188,Clark-Cole - Full Bundle Multi-Year,Enterprise,Insurance,APAC,David Park,REP-104,Liam Sutherland,Casey Wu,Full Bundle,Multi-Year,Executive Referral,Collibra,,728200.0,582600.0,1377200.0,0.2,True,>$500k,11/11/2023,2024-05-26,197.0,40.0,6.0,0.0,16.0,,Closed Lost,Jade Ray,Analytics Manager,Manager,0.6,,SVP Technology,False,0.0,2,1.0,,,False,1.9,2.1,0.2,0.24,24.0,5.0,31.0,32.0,RE: RE: RE: Next steps??,5.0,1.5,6.0,0.0,2.0,Discovery,7.0,1.0,56.0,-7.0,Contracting,1.0,True,1.0,,False,True,False,False,False,False,,True,True,False,,68.0,True,1.0,91.0,8.0,True,4.0,32.0,Multiple follow-ups with no reply. Probably went internal.,Fund industry rate idea single Mrs for age size two child well form picture.,6.0,Omitted,True,"May 15, 2026",,Lost,No Decision / Stalled,Ghost Stall
DL-1049,Collins Group LLC,ACC-29209,"Conner, Li and Santiago - Governance Module Annual",Enterprise,Insurance,APAC,Tyler Brooks,REP-108,,Casey Wu,Governance Module,Annual,Outbound SDR,dbt Labs,,621300.0,596400.0,596400.0,0.04,False,>$500k,"October 26, 2024",05-Jun-2025,222.0,14.0,6.0,1.0,13.0,,Closed Lost,Nancy Jennings,Head of Data Engineering,Manager,7.8,Maria Henderson,Head of Product,False,2.0,4,1.0,False,False,True,0.9,6.92,6.02,0.45,47.0,21.0,2.0,10.0,Checking in,20.0,0.6,5.0,3.0,4.0,Pricing,40.0,1.0,42.0,-31.0,Contracting,0.0,True,1.0,True,True,True,False,False,True,False,True,,False,True,16.0,25.0,True,1.0,90.0,21.0,False,,,New data lead came in and had a prior relationship with Snowflake.,Adult final week game she court yourself choice fast small medical music school money.,10.0,Commit,False,04/28/2026,,Lost,Price / Budget,Champion Collapse
DL-1670,"TYLER, MENDOZA AND LINDSEY",ACC-26405,Wyatt Inc - Governance Module Multi-Year,Mid-Market,Insurance,Southwest,Priya Shah,REP-101,Amara Osei,Danny Patel,Governance Module,Multi-Year,Partner Referral,Monte Carlo,,132400.0,132400.0,311800.0,0.0,True,>$500k,04/09/2025,06/01/2025,53.0,18.0,2.0,0.0,,25.0,Closed Won,,Chief Data Officer,C-Suite,5.0,Brian Young MD,CTO,True,1.0,6,4.0,True,,True,2.2,1.1,-1.1,0.92,48.0,44.0,7.0,0.0,Quick question on the proposal,20.0,3.0,2.0,4.0,1.0,Executive QBR,9.0,2.0,91.0,7.0,Stable,0.0,True,4.0,False,False,False,True,True,True,True,True,True,True,False,,,True,2.0,72.0,8.0,False,,,Fast cycle. Champion had budget approved before we even started.,Director next figure business no chance thousand author simple company produce meet expert human.,7.0,Omitted,False,"May 13, 2026",False,Won,,
DL-1798,"Gonzalez-Rice, Inc.",ACC-53070,Cherry PLC - Full Bundle Monthly,SMB,Manufacturing,West,James O'Brien,REP-106,Liam Sutherland,Jaylen Ford,Full Bundle,Monthly,Inbound - Website,Alation,,14100.0,14100.0,31500.0,0.3,,,26-Apr-2024,05/15/2024,19.0,16.0,2.0,2.0,,,Closed Lost,William Powell,Director of Data,Director,,Steven Roberts,Head of Product,False,0.0,5,5.0,False,False,True,0.8,2.5,1.7,0.84,57.0,48.0,4.0,19.0,Quick question on the proposal,16.0,0.9,11.0,4.0,1.0,Demo,12.0,0.0,55.0,10.0,,7.0,True,3.0,False,,False,True,True,False,False,False,,False,False,,67.0,,0.0,74.0,6.0,,7.0,,Lost — champion left. No additional detail.,Present probably letter human style right want what figure.,9.0,Omitted,,2026-04-22,,Lost,Chose Competitor,Competitor Displacement
DL-1132-DUP,"jackson, howard and kim llc",ACC-42587,,SMB,Healthcare,West,James O'Brien,REP-106,Liam Sutherland,Danny Patel,Analytics Suite,Monthly,Inbound - Website,Snowflake,Snowflake,34500.0,34500.0,81400.0,0.0,False,,2024-05-10,"June 15, 2024",36.0,7.0,5.0,1.0,,,Closed Lost,Brian Ross,Lead Data Engineer,IC,,Russell Vaughn,CFO,False,0.0,3,1.0,True,False,True,1.3,8.4,7.1,0.84,44.0,37.0,3.0,9.0,[External] Re: Tiger Data POC,15.0,1.2,5.0,5.0,1.0,POC Review,37.0,5.0,46.0,-30.0,Expanding,2.0,False,0.0,True,True,False,True,False,True,True,False,,True,True,16.0,72.0,True,2.0,54.0,5.0,False,6.0,33.0,Our champion got moved to a different team mid-deal. Lost access.,Son power someone both receive around wall city indeed opportunity soon question consider here grow agreement.,6.0,Best Case,False,"May 09, 2026",False,Lost,Champion Left,Champion Collapse
DL-1165,"Roberson, Johnson and Alvarado",ACC-88454,Lin-Mcdonald - Core Platform Monthly,SMB,Insurance,Southwest,Alex Morgan,REP-100,Amara Osei,,Core Platform,Monthly,Event / Conference,Databricks,,17900.0,17900.0,49000.0,0.24,False,>$500k,2025-02-13,14-Mar-2025,29.0,3.0,4.0,1.0,30.0,20.0,Closed Lost,Taylor Dunn,Lead Data Engineer,IC,1.7,,CTO,True,2.0,5,3.0,,False,False,2.0,2.3,0.3,0.58,24.0,14.0,3.0,11.0,fwd: technical review docs,13.0,1.1,10.0,1.0,1.0,POC Review,5.0,3.0,86.0,3.0,Contracting,5.0,True,2.0,True,False,True,False,False,True,True,False,True,False,False,,,True,1.0,57.0,4.0,,6.0,51.0,Lost — price / budget. No additional detail.,Our piece player nor model police finally girl music source kind hand employee field a spring summer gas.,10.0,Best Case,False,"May 06, 2026",,Lost,No Decision / Stalled,Competitor Displacement
DL-1930,"Woods, Mitchell and Haney LLC",ACC-51689,Blair and Sons - Governance Module Annual,Enterprise,Financial Services,West,Priya Shah,REP-101,Amara Osei,Grace Okonkwo,Governance Module,Annual,Event / Conference,None / Greenfield,,743300.0,654100.0,654100.0,0.12,,$150k–$500k,2025-05-03,2025-12-03,214.0,17.0,3.0,1.0,17.0,,Closed Lost,Tanya Juarez,Analytics Manager,Manager,6.3,James Jones,CTO,False,0.0,2,1.0,,,False,2.2,7.7,5.5,0.85,48.0,41.0,2.0,0.0,Quick question on the proposal,18.0,2.7,5.0,3.0,4.0,,27.0,4.0,39.0,-30.0,Expanding,2.0,False,0.0,True,False,True,False,True,True,False,False,,False,False,,,False,0.0,86.0,25.0,False,,,Lost — chose competitor. No additional detail.,Skin though compare interest road a week book south indicate benefit fear phone.,9.0,Commit,False,2026-04-29,,Lost,Price / Budget,Champion Collapse
DL-1178,KelleyLLC,ACC-30565,Ross Group - Analytics Suite Annual,Enterprise,Healthcare,Southeast,Sophia Nguyen,REP-105,Benjamin Cross,,Analytics Suite,Annual,Partner Referral,Snowflake,Alation,545400.0,545400.0,,0.0,False,$50k–$150k,"June 05, 2024",2024-12-06,184.0,17.0,5.0,1.0,18.0,,Closed Lost,Bianca Taylor,Lead Data Engineer,IC,10.2,Katherine Pearson,VP Engineering,False,5.0,7,1.0,,False,True,2.0,7.27,5.27,0.17,35.0,6.0,1.0,3.0,fwd: technical review docs,8.0,1.9,2.0,5.0,4.0,,35.0,1.0,42.0,-32.0,Stable,1.0,False,0.0,True,,True,False,True,True,False,,True,True,True,8.0,,True,2.0,68.0,9.0,False,,,Lost — missing feature. No additional detail.,,10.0,Pipeline,,04-May-2026,False,Lost,Champion Left,Champion Collapse
DL-1693,Lee Ltd,ACC-57068,Walker PLC - Analytics Suite Multi-Year,SMB,Education,APAC,Marcus Chen,REP-102,Amara Osei,Henry Vasquez,Analytics Suite,Multi-Year,Inbound - Website,dbt Labs,,11600.0,11600.0,,0.3,True,<$50k,02-Feb-2026,2026-02-24,22.0,13.0,6.0,2.0,,31.0,Closed Lost,Amanda Nelson,Data Architect,IC,5.7,,Director of IT,True,3.0,6,4.0,True,,,2.3,0.8,-1.5,0.39,51.0,20.0,5.0,10.0,Quick question on the proposal,20.0,2.9,5.0,5.0,2.0,Executive QBR,2.0,3.0,81.0,5.0,Contracting,3.0,True,4.0,False,False,False,True,True,True,False,True,True,False,True,6.0,,True,0.0,83.0,14.0,False,0.0,,Lost — champion left. No additional detail.,,10.0,Best Case,True,05/03/2026,,Lost,Chose Competitor,Competitor Displacement
DL-1065,LONG PLC,ACC-24435,"Kirby, Wheeler and Romero - Analytics Suite Annual",Enterprise,Insurance,Northeast,James O'Brien,REP-106,Liam Sutherland,,Analytics Suite,Annual,Inbound - Website,Collibra,Databricks,221500.0,221500.0,221500.0,0.0,True,$150k–$500k,"July 19, 2025",02/06/2026,202.0,18.0,3.0,1.0,18.0,,Closed Lost,Katherine Hart,Director of Data,Director,8.4,Alan Rivera,VP Engineering,False,0.0,4,1.0,True,False,False,0.8,6.52,5.72,0.18,60.0,11.0,0.0,9.0,[External] Re: Tiger Data POC,3.0,2.5,10.0,3.0,1.0,POC Review,25.0,0.0,27.0,-35.0,Expanding,1.0,True,2.0,False,False,True,True,True,False,False,True,,False,True,21.0,43.0,False,1.0,52.0,11.0,False,6.0,,New data lead came in and had a prior relationship with Snowflake.,Woman on someone rise read ago listen whose situation simply.,10.0,Best Case,False,05/07/2026,False,Lost,Price / Budget,Champion Collapse
DL-1141,"Carlson-Ayala, Inc.",ACC-46306,"Gilbert, Stanley and Henry - Analytics Suite Annual",Mid-Market,Energy,APAC,Nina Petrov,REP-109,Amara Osei,,Analytics Suite,Annual,Cold Email Sequence,None / Greenfield,,139500.0,132500.0,132500.0,0.05,True,,02/01/2025,2025-04-17,75.0,20.0,3.0,0.0,,,Closed Lost,Heather Bowers,Analytics Engineer,IC,9.2,Daniel White,VP Operations,False,0.0,2,1.0,True,,True,2.4,1.3,-1.1,0.25,20.0,5.0,2.0,8.0,Re: Follow up from our call,18.0,0.9,2.0,2.0,2.0,Executive QBR,2.0,3.0,63.0,11.0,Stable,0.0,True,4.0,True,True,False,False,True,False,True,True,True,True,False,,68.0,True,1.0,83.0,4.0,True,,,Never got above the data team. Budget decision was above champion's level.,,7.0,,False,2026-04-26,True,Lost,No Decision / Stalled,Exec Vacuum
DL-1985,The Stevens-Gibbs,ACC-47797,Andrews-Burns - Governance Module Pilot,SMB,Energy,Southwest,Rachel Kim,REP-107,Jordan Blake,Casey Wu,Governance Module,Pilot,Inbound - Website,Snowflake,Starburst,31100.0,31100.0,77600.0,0.0,True,>$500k,"July 08, 2025","August 04, 2025",27.0,17.0,5.0,0.0,16.0,29.0,Closed Won,Kyle Raymond,BI Lead,Manager,1.9,Michael Sanders,VP Operations,True,4.0,4,4.0,False,False,False,1.9,2.5,0.6,0.69,13.0,9.0,4.0,5.0,[External] Re: Tiger Data POC,16.0,0.6,5.0,4.0,2.0,Executive QBR,12.0,2.0,65.0,-7.0,Contracting,2.0,True,4.0,True,True,True,True,False,True,True,True,,True,True,15.0,57.0,False,2.0,86.0,24.0,,8.0,,Close was delayed 2 weeks on legal but closed strong.,,8.0,Pipeline,False,09-May-2026,False,Won,,
DL-1351,Contreras Group LLC,ACC-31857,,SMB,Financial Services,APAC,James O'Brien,REP-106,,,Full Bundle,Pilot,LinkedIn Outbound,None / Greenfield,,12800.0,10600.0,26000.0,0.17,True,,04-Dec-2025,01/14/2026,41.0,12.0,2.0,1.0,,21.0,Closed Lost,Ashley Gates,Chief Data Officer,C-Suite,1.0,Heather Leon,SVP Technology,True,1.0,5,4.0,False,True,True,2.1,2.6,0.5,0.38,16.0,6.0,1.0,2.0,Quick question on the proposal,10.0,2.3,4.0,4.0,3.0,POC Review,8.0,1.0,68.0,-9.0,Contracting,0.0,True,1.0,True,True,False,True,True,True,True,,False,,True,9.0,50.0,True,1.0,51.0,24.0,,,80.0,Lost — missing feature. No additional detail.,Include star region scientist account hear difference exist they enough stuff somebody increase drop too increase.,9.0,Commit,True,20-May-2026,True,Lost,Security / Compliance Failed,
DL-1861,GLOVER-DUNCAN,ACC-98735,,Enterprise,Healthcare,EMEA,Marcus Chen,REP-102,Benjamin Cross,Grace Okonkwo,Full Bundle,Monthly,Executive Referral,Monte Carlo,,604100.0,525600.0,1134100.0,0.13,False,$150k–$500k,2024-04-21,"October 14, 2024",176.0,53.0,5.0,1.0,,11.0,Closed Lost,Kyle Simon,Senior Data Engineer,IC,1.5,Paul Lee,Chief Data Officer,True,5.0,4,2.0,True,,False,0.8,1.0,0.2,0.07,17.0,1.0,20.0,19.0,following up again...,10.0,2.2,9.0,0.0,3.0,Discovery,2.0,5.0,61.0,4.0,Stable,2.0,True,1.0,True,False,False,True,True,True,,False,False,True,False,,54.0,,2.0,91.0,24.0,True,3.0,91.0,lost — wrong timing.. no additional detail..,,10.0,Pipeline,False,14-May-2026,True,Lost,No Decision / Stalled,Ghost Stall
DL-1440,"Jenkins, Foster and Tucker, Inc.",ACC-64287,Decker Inc - Analytics Suite Annual,Enterprise,Media,Northeast,James O'Brien,REP-106,Liam Sutherland,,Analytics Suite,Annual,LinkedIn Outbound,Databricks,None / Greenfield,287100.0,275600.0,275600.0,0.04,True,<$50k,"January 28, 2025",24-May-2025,116.0,60.0,6.0,1.0,32.0,31.0,Closed Lost,Kayla Smith,Chief Data Officer,C-Suite,8.1,Andrew Gordon,Chief Data Officer,True,2.0,5,5.0,,False,,1.1,2.3,1.2,0.08,42.0,3.0,12.0,36.0,,14.0,1.8,3.0,0.0,1.0,Discovery,10.0,4.0,85.0,-6.0,,1.0,True,1.0,,True,True,True,False,False,True,True,True,True,True,8.0,,True,2.0,88.0,11.0,,,,Lost — missing feature. No additional detail.,So man offer plant same north wind sister mother sometimes suffer because two particular.,9.0,Commit,True,06-May-2026,True,Lost,Missing Feature,Ghost Stall
DL-1346,Rodriguez-White Inc,ACC-65866,Lowery Group - Core Platform Monthly,SMB,Media,Midwest,Sophia Nguyen,REP-105,Amara Osei,Jaylen Ford,Core Platform,Monthly,Executive Referral,None / Greenfield,Atlan,33700.0,33700.0,95600.0,0.0,False,,2025-01-07,03-Feb-2025,27.0,14.0,5.0,1.0,,,Closed Lost,Christina Murphy,Director of Data,Director,10.6,Zachary Tucker,Head of Product,False,4.0,8,1.0,True,True,,2.0,9.17,7.17,0.19,27.0,5.0,0.0,5.0,Checking in,10.0,2.3,3.0,1.0,2.0,,28.0,4.0,33.0,-35.0,Contracting,1.0,False,0.0,False,False,False,False,False,False,True,True,,,False,,,,0.0,87.0,17.0,False,6.0,13.0,Lost — security / compliance failed. No additional detail.,Boy lawyer nation we certainly degree nothing write similar artist speak smile without degree deep age.,7.0,Omitted,False,"May 09, 2026",False,Lost,Champion Left,Champion Collapse
DL-1254,"Moore, Evans and Owen LLC",ACC-41161,"Drake, Collins and Cohen - Full Bundle Monthly",SMB,Energy,APAC,Nina Petrov,REP-109,Hana Takeda,Henry Vasquez,Full Bundle,Monthly,Cold Email Sequence,None / Greenfield,Atlan,15200.0,15200.0,41200.0,0.0,,,06/22/2025,07/28/2025,36.0,19.0,3.0,0.0,10.0,,Closed Lost,Max Collier,Analytics Engineer,IC,2.0,Katherine Mcclure,CFO,False,0.0,6,5.0,,True,False,1.2,1.8,0.6,0.18,34.0,6.0,2.0,1.0,,14.0,2.6,5.0,5.0,4.0,Discovery,3.0,2.0,76.0,-1.0,Stable,1.0,False,0.0,True,,True,False,False,True,False,,True,True,False,,31.0,,2.0,66.0,16.0,False,,,lost — wrong timing.. no additional detail..,Environmental outside bed institution happy control piece behavior message wind put positive require us money positive.,7.0,Best Case,False,"April 24, 2026",,Lost,Price / Budget,Exec Vacuum
DL-1694,MEDINA-KANE,ACC-43235,"Butler, Porter and Morales - Analytics Suite Pilot",Enterprise,Healthcare,Northeast,Tyler Brooks,REP-108,Jordan Blake,Danny Patel,Analytics Suite,Pilot,Partner Referral,Fivetran,Fivetran,597700.0,567800.0,1270700.0,0.05,True,<$50k,2023-12-12,2024-06-22,193.0,36.0,3.0,1.0,,16.0,Closed Lost,Ashley Aguilar,Senior Data Engineer,IC,,Deborah Medina,SVP Technology,True,5.0,4,2.0,True,False,,1.5,2.3,0.8,0.12,17.0,2.0,28.0,19.0,,11.0,1.6,4.0,0.0,1.0,Demo,9.0,5.0,88.0,13.0,,2.0,True,4.0,False,True,False,True,False,True,True,True,False,True,False,,77.0,False,0.0,50.0,22.0,False,2.0,,Lost — champion left. No additional detail.,Finally figure card student a some concern up trouble marriage point lose story minute simply.,7.0,Pipeline,False,22-Apr-2026,True,Lost,Missing Feature,Ghost Stall
DL-1344,davis-edwards,ACC-33501,Martin-Ramirez - Core Platform Annual,Mid-Market,Manufacturing,Northeast,Emily Rodriguez,REP-103,Amara Osei,Henry Vasquez,Core Platform,Annual,Cold Email Sequence,Alation,Snowflake,103000.0,93700.0,93700.0,0.09,True,,10/14/2024,"December 17, 2024",64.0,53.0,3.0,1.0,21.0,22.0,Closed Lost,Brandon White,Senior Data Engineer,IC,6.4,Deanna Kennedy,COO,True,5.0,4,3.0,True,False,True,1.6,2.5,0.9,0.22,19.0,4.0,23.0,12.0,[External] Re: Tiger Data POC,6.0,1.0,4.0,0.0,1.0,Discovery,10.0,2.0,61.0,11.0,Stable,2.0,True,1.0,True,False,True,False,False,False,True,False,,,True,20.0,97.0,,0.0,79.0,16.0,False,8.0,63.0,Prospect stopped engaging after the proposal. No explanation given.,Shake kind under vote will major guy expert important people quite kid.,10.0,Pipeline,True,"April 24, 2026",,Lost,No Decision / Stalled,Ghost Stall
DL-1221,flores llc,ACC-49879,,SMB,Technology,West,Alex Morgan,REP-100,Jordan Blake,,Analytics Suite,Pilot,PLG Expansion,Collibra,,12700.0,9100.0,22900.0,0.25,False,<$50k,22-Jun-2025,"July 11, 2025",19.0,11.0,3.0,2.0,,,Closed Lost,John Rose,VP of Data,VP,,Michael Gregory,SVP Technology,False,0.0,3,2.0,,False,False,1.8,1.5,-0.3,0.16,37.0,6.0,0.0,17.0,,6.0,0.9,10.0,5.0,4.0,Executive QBR,3.0,1.0,93.0,-3.0,Stable,3.0,True,4.0,True,False,False,True,False,True,True,False,False,,True,30.0,91.0,False,1.0,50.0,16.0,False,0.0,,Lost to Fivetran on connector breadth. They had 200+ native connectors.,Tonight later happy pull really within third could this beautiful hospital condition when baby clearly born challenge.,10.0,Omitted,True,"May 12, 2026",True,Lost,No Decision / Stalled,Competitor Displacement
DL-1235,figueroa and sons,ACC-64116,Cox and Sons - Analytics Suite Annual,SMB,Logistics,Northeast,David Park,REP-104,Amara Osei,Elena Ruiz,Analytics Suite,Annual,Event / Conference,Fivetran,,31700.0,29800.0,29800.0,0.32,True,>$500k,"July 28, 2025",2025-08-25,28.0,15.0,4.0,2.0,,7.0,Closed Lost,Kurt Ewing,BI Lead,Manager,,Ryan Hardy,CFO,True,1.0,8,6.0,False,True,True,1.6,3.0,1.4,0.83,36.0,30.0,0.0,14.0,following up again...,6.0,2.7,5.0,1.0,4.0,Executive QBR,3.0,2.0,55.0,-3.0,Contracting,7.0,True,2.0,False,False,False,False,False,False,False,False,,False,True,5.0,45.0,True,2.0,75.0,16.0,,5.0,,Lost to Fivetran on connector breadth. They had 200+ native connectors.,Share she order series song wall green project wear would memory challenge lawyer.,9.0,Best Case,True,2026-04-29,False,Lost,No Decision / Stalled,Competitor Displacement
DL-1547,"CUNNINGHAM, KELLY AND JAMES",ACC-46002,"Gonzalez, Sanchez and Williams - Full Bundle Annual",SMB,Insurance,Northeast,Tyler Brooks,REP-108,Amara Osei,Casey Wu,Full Bundle,Annual,Cold Email Sequence,Databricks,Atlan,14000.0,14000.0,14000.0,0.0,False,,11/02/2024,01-Dec-2024,29.0,9.0,2.0,0.0,16.0,26.0,Closed Won,John Allen,VP of Data,VP,6.1,Darren Bernard,Head of Product,True,3.0,7,6.0,True,True,True,0.8,2.6,1.8,0.31,35.0,11.0,8.0,5.0,,10.0,1.2,11.0,1.0,4.0,,8.0,5.0,64.0,8.0,Expanding,1.0,False,0.0,False,False,True,True,True,True,True,True,False,False,True,12.0,,True,1.0,63.0,6.0,False,,35.0,technical win — their data architect loved teh architecture demo..,Ready billion time discuss term day include you.,10.0,Omitted,False,"May 10, 2026",False,Won,,
DL-1499,"TAYLOR, VELASQUEZ AND HARRIS",ACC-58986,"Sanders, Colon and Gilmore - Core Platform Monthly",SMB,Financial Services,Northeast,Priya Shah,REP-101,Liam Sutherland,Grace Okonkwo,Core Platform,Monthly,PLG Expansion,dbt Labs,,29900.0,29900.0,80200.0,0.0,False,>$500k,2024-04-30,"May 24, 2024",24.0,14.0,2.0,0.0,18.0,,Closed Lost,Kimberly Stone DDS,Analytics Engineer,IC,10.9,,Head of Product,False,0.0,7,7.0,True,,True,0.9,1.1,0.2,0.49,47.0,23.0,8.0,2.0,following up again...,5.0,2.5,2.0,1.0,1.0,Discovery,2.0,2.0,86.0,11.0,Expanding,2.0,True,3.0,,False,True,False,False,True,False,True,False,False,False,,96.0,False,0.0,91.0,3.0,False,5.0,,"Champion was IC level, couldn't drive the purchase alone.",,9.0,,True,,True,Lost,Price / Budget,Exec Vacuum
DL-1595,Munoz-Charles,ACC-85840,"Gonzales, Lopez and Thompson - Full Bundle Monthly",Enterprise,Energy,West,David Park,REP-104,,Casey Wu,Full Bundle,Monthly,Outbound SDR,Starburst,dbt Labs,523700.0,523700.0,1355300.0,0.0,True,$150k–$500k,04/02/2025,"October 10, 2025",191.0,16.0,4.0,0.0,22.0,,Closed Lost,Anthony Wright,Head of Data Engineering,Manager,1.1,Julie Rose,Head of Product,False,0.0,8,6.0,True,True,False,1.5,1.1,-0.4,0.18,50.0,9.0,4.0,7.0,Checking in,20.0,2.0,10.0,4.0,1.0,Pricing,11.0,5.0,73.0,-4.0,Expanding,0.0,True,1.0,False,True,True,True,True,True,True,True,True,False,False,,91.0,,1.0,81.0,15.0,,4.0,31.0,Lost — missing feature. No additional detail.,Responsibility Democrat remain stage catch week watch million candidate agreement push will care hair role risk approach.,7.0,Best Case,True,16-May-2026,False,Lost,No Decision / Stalled,
DL-1940,"bautista, frost and barnes",ACC-10193,"Brown, Wiley and Lewis - Governance Module Multi-Year",Enterprise,Media,West,Emily Rodriguez,REP-103,Hana Takeda,Henry Vasquez,Governance Module,Multi-Year,Outbound SDR,Fivetran,,697100.0,627400.0,1552000.0,0.1,,$50k–$150k,07/03/2025,2025-12-26,176.0,15.0,2.0,1.0,,24.0,Closed Won,Cheryl Patterson,VP of Data,VP,,Michael Martinez,Director of IT,True,2.0,7,5.0,False,False,False,0.8,1.0,0.2,0.83,23.0,19.0,4.0,1.0,[External] Re: Tiger Data POC,4.0,2.7,4.0,2.0,1.0,POC Review,15.0,2.0,76.0,3.0,Stable,1.0,False,0.0,False,False,False,False,True,False,,False,True,True,True,12.0,34.0,False,1.0,89.0,7.0,True,,96.0,Fast cycle. Champion had budget approved before we even started.,Religious window relationship Congress car commercial color surface establish read modern social.,7.0,Commit,False,,True,Won,,
DL-1249,"Holland, Miller and Harrison Inc",ACC-96804,Mccann-Sanders - Core Platform Multi-Year,SMB,Insurance,APAC,Tyler Brooks,REP-108,Liam Sutherland,Frankie Hale,Core Platform,Multi-Year,Executive Referral,Starburst,Databricks,23200.0,23200.0,62900.0,0.0,True,>$500k,2024-10-18,2024-11-22,35.0,12.0,5.0,1.0,,9.0,Closed Lost,James Henderson,BI Lead,Manager,0.6,Angel Hawkins,SVP Technology,True,4.0,7,6.0,True,False,False,2.1,0.6,-1.5,0.22,55.0,12.0,5.0,7.0,following up again...,13.0,2.3,6.0,2.0,3.0,Discovery,3.0,1.0,91.0,0.0,Expanding,1.0,True,3.0,,False,False,True,False,False,True,False,True,,False,,88.0,False,2.0,50.0,5.0,False,,,Lost — price / budget. No additional detail.,,8.0,Pipeline,False,2026-05-07,False,Lost,Champion Left,
DL-1823-DUP,"COHEN GROUP, INC.",ACC-17849,"Hale, Calhoun and Martin - Full Bundle Annual",Mid-Market,Energy,EMEA,Priya Shah,REP-101,Amara Osei,,Full Bundle,Annual,PLG Expansion,Atlan,,56300.0,54000.0,54000.0,0.04,False,<$50k,06/15/2025,"September 14, 2025",91.0,17.0,5.0,1.0,10.0,14.0,Closed Won,Ruth Stanton,Data Architect,IC,5.0,,COO,True,3.0,5,4.0,True,,True,2.4,2.3,-0.1,0.34,41.0,14.0,2.0,2.0,,15.0,1.7,5.0,2.0,2.0,Pricing,15.0,2.0,88.0,-7.0,Expanding,2.0,True,2.0,True,True,True,False,False,False,False,True,False,True,True,8.0,20.0,False,1.0,88.0,25.0,,8.0,55.0,fast cycle.. champion had budget approved before we even started..,Step upon claim huge leave mean man suggest similar money training.,9.0,Commit,,"May 07, 2026",False,Won,,
DL-1381,The George-Salazar,ACC-24162,Clay Group - Full Bundle Multi-Year,Enterprise,Logistics,Northeast,David Park,REP-104,Hana Takeda,,Full Bundle,Multi-Year,Event / Conference,dbt Labs,,541700.0,541700.0,1518300.0,0.28,,$50k–$150k,2025-03-13,2025-07-02,111.0,18.0,5.0,3.0,11.0,7.0,Closed Lost,Debra Williams,Director of Data,Director,5.4,Jordan Santos,Head of Product,True,3.0,2,2.0,,,False,1.1,1.8,0.7,0.75,53.0,40.0,5.0,12.0,Introduction: Zavala <> Tiger Data,8.0,3.0,5.0,1.0,3.0,POC Review,10.0,3.0,93.0,15.0,,3.0,True,2.0,False,True,True,False,False,False,,True,,False,False,,31.0,,1.0,90.0,9.0,False,1.0,65.0,Snowflake offered a massive discount at the last minute. We couldn't match.,Local sit theory direction use ago site cultural part here raise adult lot hit help by.,6.0,Best Case,False,05-May-2026,True,Lost,Chose Competitor,Competitor Displacement
DL-1071,BRADLEY-TODD,ACC-58349,Carr Ltd - Full Bundle Multi-Year,Mid-Market,Insurance,Northeast,Nina Petrov,REP-109,Benjamin Cross,Casey Wu,Full Bundle,Multi-Year,LinkedIn Outbound,Databricks,,101300.0,101300.0,,0.0,False,>$500k,05/19/2024,08/10/2024,83.0,28.0,4.0,1.0,,,Closed Lost,Samantha Robertson,Director of Data,Director,1.9,,COO,False,0.0,4,4.0,False,True,True,2.5,2.8,0.3,0.06,12.0,1.0,15.0,38.0,[External] Re: Tiger Data POC,19.0,2.7,12.0,0.0,1.0,POC Review,14.0,2.0,72.0,0.0,Stable,1.0,False,0.0,False,False,False,True,False,False,True,True,True,True,True,16.0,,True,2.0,94.0,17.0,,1.0,75.0,Lost — security / compliance failed. No additional detail.,Local very according himself land environment form old of end.,6.0,Pipeline,False,05/12/2026,True,Lost,Missing Feature,Ghost Stall
DL-1094,"Barton,SimpsonandDixon",ACC-97498,"Wilson, Hampton and Morrow - Governance Module Annual",Enterprise,Media,Southeast,Marcus Chen,REP-102,Benjamin Cross,Danny Patel,Governance Module,Annual,PLG Expansion,Alation,Databricks,718900.0,711700.0,711700.0,0.01,False,<$50k,"December 13, 2024","July 04, 2025",203.0,16.0,2.0,1.0,,,Closed Lost,Rodney Williams,Analytics Engineer,IC,6.5,Kimberly Fritz,Director of IT,False,0.0,6,6.0,False,True,,0.7,1.7,1.0,0.93,15.0,14.0,4.0,7.0,following up again...,6.0,1.1,11.0,3.0,2.0,,15.0,3.0,95.0,-7.0,Expanding,1.0,False,0.0,False,False,False,False,False,False,,True,False,True,False,,90.0,False,0.0,,24.0,True,1.0,78.0,Lost — price / budget. No additional detail.,Save president easy themselves allow enjoy television beautiful tend bring.,8.0,Best Case,False,2026-05-15,False,Lost,No Decision / Stalled,Exec Vacuum
DL-1033,JORDAN-SANCHEZ,ACC-70674,Knight-Sparks - Governance Module Monthly,Mid-Market,Logistics,West,Rachel Kim,REP-107,Jordan Blake,Elena Ruiz,Governance Module,Monthly,PLG Expansion,Fivetran,,89700.0,89700.0,189200.0,0.0,False,,07/19/2025,2025-09-29,72.0,15.0,3.0,1.0,,11.0,Closed Won,Bob Pitts,Data Engineer,IC,8.1,Cynthia Durham,CTO,True,5.0,6,6.0,,False,False,1.1,1.4,0.3,0.73,30.0,22.0,6.0,1.0,,6.0,2.5,12.0,1.0,3.0,Pricing,9.0,2.0,94.0,-3.0,Expanding,2.0,True,4.0,True,True,False,False,False,True,,,False,True,True,10.0,,False,2.0,77.0,12.0,False,,22.0,close was delayed 2 weeks on legal but closed strong..,,9.0,Omitted,False,26-Apr-2026,,Won,,
DL-1259,"Freeman Group, Inc.",ACC-36526,"Garza, Carr and Gregory - Core Platform Multi-Year",Mid-Market,Manufacturing,Northeast,James O'Brien,REP-106,Liam Sutherland,Henry Vasquez,Core Platform,Multi-Year,Cold Email Sequence,Alation,,81300.0,81300.0,243900.0,0.22,False,>$500k,11/18/2024,01-Mar-2025,103.0,19.0,6.0,3.0,23.0,27.0,Closed Lost,Katherine Klein,Director of Data,Director,0.8,Jennifer Stewart,Director of IT,True,2.0,8,6.0,True,True,True,2.4,0.8,-1.6,0.8,60.0,48.0,1.0,16.0,fwd: technical review docs,8.0,2.7,12.0,5.0,2.0,Technical Review,14.0,4.0,65.0,5.0,,7.0,True,4.0,False,False,True,False,True,False,False,,True,True,False,,46.0,,2.0,50.0,25.0,False,,51.0,lost — wrong timing.. no additional detail..,Environmental possible threat bring performance position large job claim.,10.0,Omitted,True,,,Lost,Chose Competitor,Competitor Displacement
DL-1204,DOUGLAS LLC,ACC-24051,"Weber, Mitchell and Miller - Core Platform Monthly",SMB,Manufacturing,APAC,Priya Shah,REP-101,Hana Takeda,Danny Patel,Core Platform,Monthly,LinkedIn Outbound,dbt Labs,Alation,25600.0,25600.0,61200.0,0.26,False,,06/21/2025,2025-07-17,26.0,14.0,5.0,3.0,,,Closed Lost,Sarah Ramirez,BI Lead,Manager,2.1,Douglas Hodge,SVP Technology,False,0.0,8,6.0,False,,True,1.3,1.4,0.1,0.5,16.0,8.0,2.0,16.0,,10.0,2.5,6.0,2.0,4.0,Discovery,3.0,3.0,84.0,-5.0,Expanding,4.0,True,4.0,False,True,False,True,False,False,False,False,False,True,True,25.0,,False,1.0,90.0,4.0,True,,99.0,lost — security / compliance failed.. no additional detail..,Scientist page travel school process have compare site.,6.0,Best Case,True,15-May-2026,,Lost,Chose Competitor,Competitor Displacement
DL-1359,"JONES, STAFFORD AND FISHER",ACC-21110,Stewart-Flores - Core Platform Pilot,Mid-Market,Logistics,Midwest,David Park,REP-104,Liam Sutherland,Henry Vasquez,Core Platform,Pilot,Event / Conference,Atlan,Alation,37500.0,37500.0,97400.0,0.0,False,>$500k,"June 04, 2024",09/09/2024,97.0,6.0,2.0,1.0,28.0,,Closed Lost,Robert Jimenez,Analytics Engineer,IC,1.2,Jennifer Martinez MD,Head of Product,False,0.0,6,4.0,False,True,True,0.8,2.1,1.3,0.27,44.0,12.0,6.0,6.0,fwd: technical review docs,4.0,1.4,10.0,4.0,3.0,Technical Review,10.0,0.0,67.0,3.0,,0.0,False,0.0,False,False,True,False,False,False,False,True,,False,True,10.0,,False,0.0,65.0,21.0,False,1.0,3.0,Lost — missing feature. No additional detail.,Option door again adult situation office above left capital whom already mouth month front.,6.0,Pipeline,True,11-May-2026,True,Lost,No Decision / Stalled,Exec Vacuum
DL-1601,Cochran Ltd LLC,ACC-63855,"Smith, Galvan and Baldwin - Core Platform Monthly",SMB,Healthcare,West,Sophia Nguyen,REP-105,Benjamin Cross,Elena Ruiz,Core Platform,Monthly,PLG Expansion,None / Greenfield,,11100.0,11100.0,30900.0,0.0,True,$150k–$500k,2024-07-17,11-Aug-2024,25.0,17.0,2.0,0.0,43.0,,Closed Won,Haley Maxwell,Analytics Manager,Manager,7.7,Samantha Frank,SVP Technology,False,0.0,7,6.0,False,True,True,0.6,1.3,0.7,0.67,43.0,29.0,2.0,2.0,following up again...,19.0,1.3,8.0,4.0,1.0,POC Review,9.0,3.0,83.0,-2.0,Contracting,2.0,True,2.0,True,True,True,True,False,True,False,,True,True,False,,,True,1.0,52.0,5.0,True,,12.0,Multi-threaded well. Finance and Eng both bought in.,,6.0,Pipeline,False,,False,Won,,
DL-1398,wilson-marshall,ACC-97835,Guerrero-Bailey - Core Platform Multi-Year,Enterprise,Manufacturing,APAC,Nina Petrov,REP-109,Hana Takeda,Henry Vasquez,Core Platform,Multi-Year,LinkedIn Outbound,None / Greenfield,,752700.0,752700.0,,0.34,True,$50k–$150k,"June 07, 2024",11/12/2024,158.0,8.0,5.0,1.0,44.0,,Closed Lost,Carl Khan,Analytics Engineer,IC,3.4,Sharon Burke,SVP Technology,False,0.0,3,3.0,True,True,True,2.0,2.1,0.1,0.86,58.0,50.0,3.0,10.0,following up again...,4.0,2.8,9.0,1.0,2.0,Technical Review,5.0,1.0,56.0,3.0,Expanding,7.0,True,4.0,False,False,True,True,True,True,True,True,False,True,True,26.0,68.0,False,0.0,90.0,5.0,,,27.0,Lost — wrong timing. No additional detail.,,9.0,Omitted,False,16-May-2026,True,Lost,No Decision / Stalled,Competitor Displacement
DL-1077,"Holder, Young and Hendricks LLC",ACC-44410,"Flores, Harper and Chambers - Governance Module Annual",Mid-Market,Technology,Southwest,Sophia Nguyen,REP-105,Benjamin Cross,Casey Wu,Governance Module,Annual,Outbound SDR,Starburst,,67200.0,67200.0,67200.0,0.0,True,>$500k,13-Aug-2024,"October 05, 2024",53.0,11.0,4.0,1.0,27.0,19.0,Closed Won,Eric Thomas,Director of Data,Director,8.8,Connie Turner,Chief Data Officer,True,1.0,3,3.0,False,,True,1.0,2.4,1.4,0.67,51.0,34.0,0.0,2.0,Q4 pricing — URGENT,17.0,2.9,3.0,1.0,4.0,POC Review,6.0,0.0,60.0,-9.0,Expanding,1.0,False,0.0,False,,True,False,True,False,False,False,,False,True,26.0,42.0,True,1.0,61.0,19.0,,5.0,,"Strong champion, got exec in early. Smooth close.",,7.0,Commit,False,05/06/2026,False,Won,,
DL-1084,White LLC Inc,ACC-37619,Ali PLC - Analytics Suite Monthly,SMB,Retail,APAC,Priya Shah,REP-101,Hana Takeda,Danny Patel,Analytics Suite,Monthly,PLG Expansion,Snowflake,,16300.0,11700.0,28900.0,0.28,False,<$50k,2025-09-30,07-Nov-2025,38.0,11.0,5.0,0.0,,,Closed Won,Robert Nicholson,Data Architect,IC,0.6,Elizabeth Elliott,COO,False,0.0,4,4.0,,False,False,1.1,1.4,0.3,0.41,27.0,11.0,5.0,2.0,fwd: technical review docs,9.0,1.5,4.0,3.0,3.0,Discovery,5.0,4.0,77.0,8.0,Stable,1.0,False,0.0,False,False,False,False,True,True,False,False,False,True,False,,,False,1.0,86.0,24.0,False,2.0,38.0,Close was delayed 2 weeks on legal but closed strong.,Strong home to forward sense cause write right may window approach join stuff future shoulder western however similar.,9.0,Best Case,True,2026-05-02,False,Won,,
DL-1319,"Rice Ltd, Inc.",ACC-63575,"Grimes, Arnold and Lawson - Full Bundle Multi-Year",Enterprise,Retail,Midwest,Sophia Nguyen,REP-105,Hana Takeda,Elena Ruiz,Full Bundle,Multi-Year,Outbound SDR,Starburst,,586000.0,509800.0,1143100.0,0.13,True,$50k–$150k,19-Aug-2024,12/08/2024,111.0,19.0,2.0,1.0,42.0,28.0,Closed Lost,Carolyn Potts,Analytics Manager,Manager,10.6,Gregory Figueroa,SVP Technology,True,4.0,6,4.0,False,True,True,1.4,1.0,-0.4,0.22,45.0,10.0,2.0,7.0,Re: Follow up from our call,13.0,1.2,11.0,5.0,4.0,Pricing,13.0,3.0,86.0,0.0,Contracting,2.0,False,0.0,True,False,True,True,True,False,True,False,True,False,True,24.0,86.0,False,1.0,80.0,18.0,True,6.0,,Lost — wrong timing. No additional detail.,Necessary think I or else rather require price central nothing environment truth police have since question industry.,8.0,Omitted,False,05/06/2026,False,Lost,Price / Budget,
DL-1082,"Peck, Durham and Hopkins",ACC-34598,Smith PLC - Full Bundle Annual,Mid-Market,Technology,Midwest,James O'Brien,REP-106,Jordan Blake,,Full Bundle,Annual,Inbound - Website,Alation,,78200.0,74300.0,74300.0,0.05,False,$50k–$150k,2025-07-06,10/03/2025,89.0,6.0,4.0,1.0,28.0,,Closed Lost,Alan Bowen,Data Architect,IC,9.9,Donna Shaw,CTO,False,0.0,2,1.0,False,False,,0.9,7.32,6.42,0.32,41.0,13.0,7.0,6.0,,19.0,0.9,10.0,4.0,4.0,Demo,28.0,1.0,25.0,-31.0,Stable,1.0,False,0.0,True,False,True,True,True,False,False,False,True,,False,,,True,1.0,95.0,21.0,True,,56.0,new data lead came in and had a prior relationship with snowflake..,South travel blood benefit chance court money spring environment however health image north wrong difficult range.,7.0,Pipeline,True,"May 04, 2026",False,Lost,Champion Left,Champion Collapse
DL-1947,Bryant-Ortiz Inc,ACC-42410,Ellis Ltd - Full Bundle Multi-Year,Mid-Market,Healthcare,EMEA,Nina Petrov,REP-109,Benjamin Cross,Casey Wu,Full Bundle,Multi-Year,Inbound - Website,Starburst,,132400.0,132400.0,299900.0,0.0,False,$150k–$500k,04-Jun-2024,2024-09-07,95.0,8.0,2.0,1.0,,13.0,Closed Lost,Scott Wyatt,Data Engineer,IC,9.7,Angela Green,CFO,True,4.0,7,7.0,False,False,,0.9,1.5,0.6,0.92,12.0,11.0,2.0,3.0,Quick question on the proposal,10.0,2.2,7.0,1.0,4.0,POC Review,8.0,3.0,60.0,5.0,Stable,0.0,True,2.0,True,True,False,False,False,True,,True,False,True,True,15.0,,True,0.0,66.0,12.0,,6.0,,Lost — champion left. No additional detail.,Traditional ball white Democrat model someone week usually large from lose grow it for present baby.,10.0,,False,,,Lost,Security / Compliance Failed,
DL-1707,cobb and sons,ACC-43227,Morris LLC - Full Bundle Pilot,Mid-Market,Manufacturing,West,David Park,REP-104,Liam Sutherland,,Full Bundle,Pilot,LinkedIn Outbound,Alation,Alation,137000.0,121900.0,298500.0,0.11,True,$50k–$150k,"January 01, 2025","April 04, 2025",93.0,5.0,5.0,1.0,12.0,,Closed Lost,Jessica Woods,Analytics Engineer,IC,,Jeffery Thompson,VP Engineering,False,0.0,2,1.0,True,True,True,2.4,0.7,-1.7,0.37,27.0,10.0,8.0,1.0,Checking in,12.0,3.0,3.0,1.0,2.0,Pricing,4.0,4.0,73.0,-1.0,Contracting,0.0,False,0.0,,False,True,True,True,False,False,True,False,False,False,,,,2.0,,18.0,,7.0,,Lost — missing feature. No additional detail.,,10.0,Pipeline,True,05/03/2026,False,Lost,No Decision / Stalled,Exec Vacuum
DL-1538,Sanchez-Herrera,ACC-40088,Carter-Trevino - Core Platform Multi-Year,Mid-Market,Financial Services,APAC,Sophia Nguyen,REP-105,Liam Sutherland,Casey Wu,Core Platform,Multi-Year,PLG Expansion,Databricks,None / Greenfield,55900.0,55300.0,160000.0,0.25,False,$50k–$150k,"May 10, 2024",27-Jul-2024,78.0,14.0,4.0,2.0,,6.0,Closed Lost,Eric Maynard,Data Engineer,IC,11.8,David Gray,VP Operations,True,5.0,5,3.0,False,,False,1.5,1.9,0.4,0.27,41.0,11.0,4.0,12.0,following up again...,10.0,2.0,11.0,1.0,1.0,,10.0,0.0,62.0,-2.0,Stable,3.0,True,3.0,False,False,False,False,False,False,,,,True,False,,,False,2.0,68.0,9.0,False,,79.0,Lost — no decision / stalled. No additional detail.,Exactly sure wonder window hair marriage school imagine ago expect continue.,8.0,,False,"May 12, 2026",False,Lost,No Decision / Stalled,Competitor Displacement
DL-1543,Anderson-Robinson,ACC-76499,Andrews Ltd - Core Platform Monthly,Enterprise,Logistics,Southwest,Priya Shah,REP-101,,Danny Patel,Core Platform,Monthly,Executive Referral,None / Greenfield,Fivetran,483300.0,483300.0,996200.0,0.0,True,,10/04/2023,22-Apr-2024,201.0,9.0,5.0,1.0,,34.0,Closed Won,Brian Horton,Analytics Manager,Manager,,Glenn West,SVP Technology,True,4.0,2,1.0,,False,False,2.3,2.4,0.1,0.18,38.0,7.0,3.0,0.0,Re: Follow up from our call,15.0,2.3,2.0,4.0,1.0,Demo,9.0,1.0,70.0,6.0,Contracting,0.0,True,1.0,True,True,False,False,True,False,True,False,,False,True,17.0,,False,0.0,,6.0,True,,93.0,Multi-threaded well. Finance and Eng both bought in.,,,Omitted,True,04/30/2026,,Won,,
DL-1825,Robertson-Parks,ACC-54545,"Adams, Hampton and Hughes - Governance Module Annual",Enterprise,Healthcare,Midwest,Priya Shah,REP-101,,Frankie Hale,Governance Module,Annual,PLG Expansion,None / Greenfield,Monte Carlo,446200.0,397100.0,397100.0,0.11,True,$150k–$500k,17-May-2025,"October 22, 2025",158.0,16.0,3.0,1.0,,,Closed Lost,Kimberly Maddox,Data Engineer,IC,4.5,Shannon Wallace,CFO,False,0.0,8,6.0,True,False,False,1.6,1.4,-0.2,0.89,19.0,17.0,8.0,5.0,Checking in,11.0,2.8,11.0,3.0,2.0,Demo,10.0,3.0,79.0,8.0,Contracting,1.0,True,2.0,True,False,False,True,True,True,True,False,,True,True,12.0,98.0,True,1.0,83.0,24.0,False,6.0,85.0,Lost — champion left. No additional detail.,House budget style arrive they individual his car between follow too.,6.0,Pipeline,True,2026-05-20,True,Lost,Price / Budget,Exec Vacuum
DL-1428,"Russell, Meyer and Harrison, Inc.",ACC-62145,,Mid-Market,Education,Midwest,Sophia Nguyen,REP-105,Liam Sutherland,Casey Wu,Analytics Suite,Annual,Partner Referral,Monte Carlo,,84800.0,68700.0,68700.0,0.19,,$50k–$150k,"March 23, 2024",21-Jun-2024,90.0,14.0,2.0,0.0,45.0,,Closed Lost,Mike Martinez,Data Engineer,IC,2.6,Maria Ferguson,VP Operations,False,0.0,2,1.0,False,,True,2.3,0.8,-1.5,0.19,57.0,11.0,1.0,0.0,RE: RE: RE: Next steps??,12.0,1.3,6.0,1.0,3.0,Executive QBR,5.0,1.0,70.0,11.0,Stable,1.0,False,0.0,False,False,True,False,True,False,True,,True,False,False,,21.0,True,1.0,61.0,15.0,True,5.0,9.0,Lost — champion left. No additional detail.,Just still art speech stock rise always human.,,Best Case,True,19-May-2026,True,Lost,Price / Budget,Exec Vacuum
DL-1309,Wade PLC,ACC-37611,"Swanson, Davis and Holt - Core Platform Pilot",Enterprise,Retail,Midwest,Rachel Kim,REP-107,Jordan Blake,Isla Berg,Core Platform,Pilot,PLG Expansion,None / Greenfield,Fivetran,360500.0,360500.0,781500.0,0.0,,$150k–$500k,2024-05-28,"November 21, 2024",177.0,15.0,5.0,1.0,,23.0,Closed Won,Tara Miranda,Senior Data Engineer,IC,11.9,Maria Bennett,VP Operations,True,4.0,2,1.0,False,False,True,1.1,1.1,0.0,0.75,12.0,9.0,5.0,2.0,following up again...,4.0,1.4,3.0,2.0,1.0,Discovery,1.0,3.0,77.0,-6.0,Stable,1.0,True,2.0,True,False,False,False,True,True,False,True,,True,True,18.0,,True,1.0,63.0,12.0,,,98.0,Technical win — their data architect loved the architecture demo.,President size whom join do else fact born future or could walk of camera finish.,6.0,Omitted,False,02-May-2026,False,Won,,
DL-1005,dennis inc,ACC-22624,"Cannon, Anderson and Alvarez - Full Bundle Pilot",Enterprise,Logistics,Midwest,Sophia Nguyen,REP-105,Amara Osei,Grace Okonkwo,Full Bundle,Pilot,Partner Referral,Alation,Starburst,618200.0,445100.0,925400.0,0.28,False,$50k–$150k,2023-12-21,2024-06-03,165.0,9.0,4.0,1.0,10.0,,Closed Won,Deborah Brennan,Lead Data Engineer,IC,4.9,,CFO,False,0.0,8,8.0,True,True,False,2.4,1.8,-0.6,1.0,18.0,18.0,0.0,10.0,[External] Re: Tiger Data POC,16.0,2.4,12.0,2.0,1.0,Technical Review,14.0,0.0,58.0,9.0,Contracting,2.0,False,0.0,True,False,True,False,True,True,True,False,,,False,,46.0,False,0.0,51.0,10.0,,3.0,49.0,Fast cycle. Champion had budget approved before we even started.,Require human public health tonight later easy ask again network open.,10.0,Omitted,True,2026-05-14,,Won,,
DL-1788,"nichols, mckay and young",ACC-55833,Craig and Sons - Analytics Suite Multi-Year,Enterprise,Energy,APAC,Priya Shah,REP-101,Hana Takeda,Danny Patel,Analytics Suite,Multi-Year,Cold Email Sequence,Monte Carlo,,595300.0,458400.0,1249800.0,0.23,True,<$50k,2025-05-23,"October 27, 2025",157.0,6.0,2.0,1.0,20.0,,Closed Lost,Elizabeth Mayo,Analytics Manager,Manager,8.9,,COO,False,3.0,5,1.0,False,,True,2.1,7.76,5.66,0.61,46.0,28.0,2.0,1.0,RE: RE: RE: Next steps??,18.0,2.3,11.0,4.0,1.0,Demo,38.0,4.0,49.0,-33.0,Expanding,0.0,False,0.0,False,True,True,True,False,True,False,True,True,True,True,12.0,100.0,False,1.0,78.0,25.0,False,2.0,,Lost — price / budget. No additional detail.,Particular industry agree herself conference pay standard keep ability election parent class yourself discussion tree score everyone skill.,6.0,Commit,False,05-May-2026,True,Lost,Champion Left,Champion Collapse
DL-1104,Richardson LLC,ACC-72456,Shannon Ltd - Governance Module Annual,Mid-Market,Technology,Southwest,Marcus Chen,REP-102,,Frankie Hale,Governance Module,Annual,Event / Conference,Snowflake,None / Greenfield,92500.0,72200.0,72200.0,0.22,True,,12/05/2024,02/15/2025,72.0,11.0,4.0,0.0,10.0,25.0,Closed Lost,Crystal Hicks,Head of Data Engineering,Manager,,Scott Sanchez,COO,True,2.0,5,4.0,False,True,True,1.7,0.9,-0.8,1.0,14.0,14.0,4.0,9.0,Checking in,10.0,2.5,3.0,1.0,1.0,Technical Review,9.0,5.0,83.0,2.0,Stable,2.0,True,3.0,True,True,True,True,True,False,False,True,False,False,True,14.0,,True,0.0,,15.0,False,,84.0,Lost — chose competitor. No additional detail.,Hair turn condition whether along sort research pretty different eat trouble floor step number budget pull.,9.0,Best Case,False,"May 10, 2026",False,Lost,Price / Budget,
DL-1097,Reid-Terry LLC,ACC-80030,,Mid-Market,Technology,APAC,Rachel Kim,REP-107,Liam Sutherland,Henry Vasquez,Core Platform,Monthly,Outbound SDR,Atlan,Snowflake,132500.0,132500.0,355700.0,0.0,True,<$50k,2024-07-07,"September 29, 2024",84.0,15.0,5.0,0.0,,30.0,Closed Won,Jeffrey Lewis,BI Lead,Manager,10.8,,CTO,True,3.0,6,5.0,True,,False,1.6,2.3,0.7,0.45,38.0,17.0,3.0,8.0,Introduction: Davis <> Tiger Data,7.0,1.2,6.0,4.0,4.0,POC Review,13.0,2.0,56.0,5.0,Expanding,0.0,False,0.0,False,False,False,False,False,False,False,,True,False,False,,74.0,False,2.0,52.0,4.0,False,0.0,52.0,Close was delayed 2 weeks on legal but closed strong.,Candidate system small thus several animal phone student administration upon citizen lead yeah into yet travel think few.,6.0,Best Case,False,,,Won,,
DL-1296,Johnson-Smith LLC,ACC-53361,Frazier Inc - Analytics Suite Annual,Mid-Market,Education,APAC,Priya Shah,REP-101,Jordan Blake,Danny Patel,Analytics Suite,Annual,Executive Referral,dbt Labs,,90300.0,68600.0,68600.0,0.24,,,05/28/2025,14-Jul-2025,47.0,51.0,3.0,0.0,,,Closed Lost,Stephen Robles,Data Architect,IC,,Carol Jackson,CTO,False,0.0,8,6.0,,,True,0.9,2.6,1.7,0.15,28.0,4.0,25.0,27.0,following up again...,12.0,2.5,10.0,0.0,2.0,POC Review,4.0,0.0,56.0,10.0,Stable,2.0,True,3.0,False,True,False,True,True,False,True,True,,False,True,23.0,,True,0.0,60.0,4.0,False,8.0,,Lost — security / compliance failed. No additional detail.,Mention spring follow phone person various house into discussion black follow address pressure activity defense.,,Omitted,True,04/30/2026,False,Lost,No Decision / Stalled,Ghost Stall
DL-1408,"Reed, Coleman and Jensen",ACC-14686,Reyes and Sons - Analytics Suite Pilot,SMB,Media,Midwest,James O'Brien,REP-106,Jordan Blake,Danny Patel,Analytics Suite,Pilot,Executive Referral,None / Greenfield,,9200.0,7500.0,17000.0,0.19,True,>$500k,"November 15, 2024",2024-12-24,39.0,3.0,2.0,1.0,44.0,6.0,Closed Won,,Data Engineer,IC,11.8,Cory Willis,CTO,True,1.0,6,4.0,True,False,True,1.4,0.6,-0.8,0.76,33.0,25.0,1.0,0.0,Checking in,7.0,1.8,12.0,4.0,4.0,POC Review,8.0,0.0,55.0,6.0,Contracting,1.0,True,2.0,False,False,True,False,True,True,,True,,True,True,10.0,52.0,False,2.0,59.0,6.0,True,4.0,20.0,Multi-threaded well. Finance and Eng both bought in.,,,Best Case,False,23-Apr-2026,False,Won,,
DL-1445,"Moore,NealandFarmer",ACC-36481,Carlson and Sons - Core Platform Multi-Year,Mid-Market,Energy,Southwest,Nina Petrov,REP-109,Jordan Blake,,Core Platform,Multi-Year,Partner Referral,Fivetran,Fivetran,73400.0,55000.0,152900.0,0.25,False,<$50k,"June 04, 2025",08/11/2025,68.0,5.0,4.0,1.0,22.0,5.0,Closed Won,Mary Watson,BI Lead,Manager,,Christopher Thompson,Director of IT,True,5.0,3,2.0,True,False,False,0.6,1.8,1.2,0.89,54.0,48.0,0.0,10.0,Q4 pricing — URGENT,5.0,1.6,11.0,1.0,4.0,,14.0,4.0,69.0,14.0,Expanding,1.0,False,0.0,True,True,True,True,False,False,False,True,True,True,False,,97.0,,0.0,75.0,5.0,,8.0,,"Competitive deal vs Fivetran, but we had the better integration story.",,8.0,Pipeline,True,2026-05-01,False,Won,,
DL-1903,James Ltd,ACC-94333,Cain Inc - Full Bundle Pilot,SMB,Logistics,Southwest,Alex Morgan,REP-100,,Grace Okonkwo,Full Bundle,Pilot,Inbound - Website,Databricks,,18300.0,17200.0,39500.0,0.06,False,<$50k,25-Sep-2025,10/31/2025,36.0,18.0,4.0,1.0,,,Closed Lost,Amy Johnson,VP of Data,VP,11.0,Robert Chapman,SVP Technology,False,1.0,2,1.0,False,True,False,0.5,6.93,6.43,0.36,44.0,16.0,8.0,4.0,Re: Follow up from our call,18.0,1.5,11.0,3.0,4.0,POC Review,23.0,0.0,46.0,-20.0,Contracting,0.0,True,2.0,False,True,False,True,True,False,,False,True,True,False,,,True,2.0,64.0,11.0,,4.0,,New data lead came in and had a prior relationship with Snowflake.,Network minute road special finally station whose community popular.,10.0,Commit,True,"May 08, 2026",True,Lost,Price / Budget,Champion Collapse
DL-1281,The Robles Inc,ACC-32190,Collins Group - Core Platform Multi-Year,Enterprise,Media,EMEA,Tyler Brooks,REP-108,Liam Sutherland,Frankie Hale,Core Platform,Multi-Year,Cold Email Sequence,Monte Carlo,,150200.0,150200.0,394300.0,0.0,False,>$500k,30-Oct-2025,2026-02-22,115.0,4.0,3.0,0.0,,19.0,Closed Won,Marissa Howard,Data Architect,IC,,Kimberly Thomas,VP Engineering,True,5.0,2,2.0,False,,True,1.6,2.1,0.5,0.31,32.0,10.0,8.0,1.0,fwd: technical review docs,11.0,2.0,5.0,5.0,3.0,Executive QBR,13.0,3.0,68.0,-8.0,Expanding,1.0,False,0.0,False,True,False,False,True,False,,,True,False,True,30.0,61.0,False,1.0,,19.0,,,24.0,"Strong champion, got exec in early. Smooth close.",Final garden hard account only question arm medical strong teach instead crime customer training size game.,6.0,Best Case,False,"May 17, 2026",True,Won,,
DL-1266,"vargas, allen and schroeder",ACC-46588,,Mid-Market,Insurance,Southeast,David Park,REP-104,Amara Osei,Casey Wu,Analytics Suite,Annual,Event / Conference,Starburst,None / Greenfield,56300.0,56300.0,56300.0,0.35,False,<$50k,2024-10-03,01/01/2025,90.0,10.0,6.0,1.0,,,Closed Lost,Debbie Romero,Chief Data Officer,C-Suite,7.1,Peter Pugh,CTO,False,0.0,7,6.0,True,,True,1.1,1.2,0.1,0.45,22.0,10.0,0.0,19.0,[External] Re: Tiger Data POC,20.0,1.1,9.0,5.0,4.0,Demo,5.0,5.0,75.0,6.0,Contracting,6.0,True,1.0,False,True,False,False,False,False,False,False,False,,True,14.0,53.0,False,1.0,74.0,23.0,False,7.0,83.0,Snowflake offered a massive discount at the last minute. We couldn't match.,Fear say law work south writer not thus physical mouth other go expect size resource public.,10.0,Pipeline,False,,False,Lost,Chose Competitor,Competitor Displacement
DL-1739,"Wright,PerkinsandPadilla",ACC-21470,Reynolds-Hernandez - Governance Module Pilot,SMB,Education,EMEA,Sophia Nguyen,REP-105,Amara Osei,Henry Vasquez,Governance Module,Pilot,Cold Email Sequence,Fivetran,Starburst,25800.0,25800.0,51900.0,0.0,False,$150k–$500k,"July 09, 2025",2025-08-17,39.0,35.0,6.0,0.0,,,Closed Lost,Anthony Taylor,Data Engineer,IC,7.3,Michelle Patrick,Director of IT,False,0.0,2,2.0,False,,,0.6,1.8,1.2,0.13,59.0,7.0,20.0,17.0,[External] Re: Tiger Data POC,3.0,3.0,6.0,0.0,2.0,Technical Review,1.0,4.0,60.0,-9.0,Stable,0.0,True,3.0,False,True,False,True,True,False,True,True,True,,False,,,,1.0,89.0,11.0,False,4.0,30.0,lost — no decision / stalled.. no additional detail..,Travel read charge case development land two eye ability which hospital almost get thought market read toward life.,7.0,Commit,True,26-Apr-2026,True,Lost,Missing Feature,Ghost Stall
DL-1886,Parker Ltd Inc,ACC-30949,Edwards Group - Governance Module Annual,Enterprise,Media,EMEA,Alex Morgan,REP-100,,Danny Patel,Governance Module,Annual,PLG Expansion,Atlan,Databricks,539600.0,442500.0,442500.0,0.18,True,$150k–$500k,"January 08, 2025",2025-06-10,153.0,4.0,5.0,0.0,,,Closed Won,Tracy Barnes,VP of Data,VP,11.0,Timothy Trevino,VP Engineering,False,0.0,7,5.0,,False,False,0.5,1.8,1.3,0.57,14.0,8.0,6.0,3.0,Re: Follow up from our call,17.0,2.7,12.0,3.0,1.0,Pricing,10.0,4.0,72.0,11.0,Expanding,0.0,False,0.0,True,,False,True,True,False,True,False,False,,False,,51.0,True,2.0,92.0,4.0,True,,95.0,Technical win — their data architect loved the architecture demo.,Stand approach instead call language individual man others discuss floor.,10.0,Commit,,05/17/2026,True,Won,,
DL-1534,"Scott, Sandoval and Powers Inc",ACC-36903,Martin-Simmons - Core Platform Annual,Enterprise,Energy,Midwest,Tyler Brooks,REP-108,Jordan Blake,Jaylen Ford,Core Platform,Annual,PLG Expansion,Atlan,,514200.0,375400.0,375400.0,0.27,True,,07/15/2025,2025-12-22,160.0,27.0,4.0,0.0,33.0,27.0,Closed Lost,Heather Hubbard,Senior Data Engineer,IC,10.8,Zachary Holt,VP Operations,True,1.0,2,1.0,True,True,False,1.2,2.0,0.8,0.21,39.0,8.0,22.0,37.0,Quick question on the proposal,9.0,1.1,6.0,0.0,4.0,POC Review,11.0,1.0,80.0,-5.0,Contracting,0.0,True,4.0,True,False,True,True,True,False,True,True,,False,False,,,False,2.0,52.0,12.0,,,75.0,Lost — missing feature. No additional detail.,Baby choose building view well at show serve establish.,10.0,Pipeline,True,05/03/2026,True,Lost,Missing Feature,Ghost Stall
DL-1432,Porter-Hudson Inc,ACC-63810,"Escobar, Larsen and Singleton - Full Bundle Multi-Year",Enterprise,Insurance,Southwest,Alex Morgan,REP-100,Liam Sutherland,Danny Patel,Full Bundle,Multi-Year,Executive Referral,dbt Labs,Fivetran,648400.0,628900.0,1647600.0,0.03,True,$50k–$150k,2023-10-27,24-May-2024,210.0,16.0,3.0,0.0,,34.0,Closed Won,Kelly Perez,Chief Data Officer,C-Suite,10.4,Matthew Ross,VP Operations,True,5.0,6,6.0,True,False,True,1.4,0.8,-0.6,0.57,40.0,23.0,0.0,7.0,Quick question on the proposal,13.0,2.9,3.0,1.0,2.0,,4.0,3.0,81.0,13.0,Expanding,1.0,False,0.0,False,False,False,True,False,True,False,,False,True,False,,,True,1.0,55.0,9.0,False,6.0,18.0,fast cycle.. champion had budget approved before we even started..,Weight medical even which suggest Mrs bag something land mission.,7.0,Best Case,False,"May 08, 2026",True,Won,,
DL-1911,morales ltd,ACC-62778,,Mid-Market,Insurance,APAC,Emily Rodriguez,REP-103,Amara Osei,Danny Patel,Full Bundle,Annual,Executive Referral,Databricks,Alation,110200.0,110200.0,110200.0,0.25,True,$150k–$500k,"January 04, 2026",03/17/2026,72.0,16.0,5.0,2.0,21.0,12.0,Closed Lost,Jennifer Clark,Data Architect,IC,4.6,Justin Cruz,Chief Data Officer,True,1.0,2,1.0,,True,,2.5,2.3,-0.2,0.38,24.0,9.0,2.0,12.0,Re: Follow up from our call,11.0,2.7,8.0,2.0,3.0,Discovery,11.0,5.0,92.0,-9.0,Contracting,4.0,True,4.0,False,True,True,True,False,False,,False,True,True,True,22.0,,False,2.0,57.0,10.0,False,1.0,,Lost — missing feature. No additional detail.,Add weight police after carry energy common his report.,7.0,Omitted,False,04/28/2026,False,Lost,No Decision / Stalled,Competitor Displacement
DL-1656,Perkins PLC LLC,ACC-96728,Wilson Inc - Core Platform Multi-Year,SMB,Healthcare,EMEA,Tyler Brooks,REP-108,Amara Osei,Elena Ruiz,Core Platform,Multi-Year,Event / Conference,Collibra,,15400.0,13900.0,28500.0,0.1,False,$150k–$500k,10/28/2024,"December 08, 2024",41.0,27.0,2.0,0.0,38.0,,Closed Lost,Ryan Harmon,Data Engineer,IC,11.0,Andrea Hughes,Chief Data Officer,False,0.0,3,3.0,True,,True,2.2,2.0,-0.2,0.2,30.0,6.0,27.0,23.0,,6.0,1.3,8.0,0.0,2.0,Executive QBR,2.0,1.0,84.0,-6.0,Expanding,1.0,False,0.0,True,False,True,False,False,False,True,False,,,True,16.0,,False,2.0,65.0,15.0,True,7.0,77.0,Lost — price / budget. No additional detail.,Character ball than voice information add argue image those why individual.,10.0,Omitted,True,04/29/2026,,Lost,Missing Feature,Ghost Stall
DL-1118,"Cooper, Weaver and Arellano LLC",ACC-77618,"Perez, Brown and Hughes - Core Platform Annual",SMB,Logistics,Southeast,Rachel Kim,REP-107,Amara Osei,Danny Patel,Core Platform,Annual,Event / Conference,None / Greenfield,Fivetran,29200.0,26000.0,26000.0,0.11,False,<$50k,06/05/2024,"July 11, 2024",36.0,7.0,4.0,1.0,44.0,17.0,Closed Won,Tracie Mcdaniel,Senior Data Engineer,IC,,Laura Young,Chief Data Officer,True,4.0,4,3.0,False,False,False,0.6,0.9,0.3,0.45,51.0,23.0,1.0,10.0,[External] Re: Tiger Data POC,19.0,2.5,6.0,3.0,2.0,Discovery,7.0,5.0,86.0,6.0,Contracting,0.0,True,1.0,True,True,True,True,False,True,,True,,False,True,5.0,42.0,False,2.0,,21.0,True,6.0,24.0,"Competitive deal vs None / Greenfield, but we had the better integration story.",,6.0,Pipeline,True,04-May-2026,False,Won,,
DL-1405,Smith-Butler,ACC-17385,Ruiz Inc - Core Platform Pilot,SMB,Financial Services,APAC,Priya Shah,REP-101,,Henry Vasquez,Core Platform,Pilot,Event / Conference,Snowflake,Snowflake,14000.0,14000.0,34500.0,0.0,True,,"April 25, 2024",05/18/2024,23.0,18.0,6.0,1.0,,,Closed Lost,Cody Benson,Director of Data,Director,,Erin Brown,COO,False,3.0,5,1.0,True,False,False,1.5,8.76,7.26,0.29,41.0,12.0,7.0,4.0,,3.0,1.8,4.0,1.0,2.0,Technical Review,35.0,3.0,22.0,-29.0,Contracting,0.0,False,0.0,False,False,False,True,True,False,True,False,False,False,True,16.0,26.0,,0.0,52.0,20.0,True,3.0,60.0,Lost — wrong timing. No additional detail.,Organization at player third general add cover exist treatment international role happen short various night political.,10.0,,True,,,Lost,Price / Budget,Champion Collapse
DL-1250,Wagner-James LLC,ACC-53821,Lambert-Anderson - Full Bundle Annual,Enterprise,Healthcare,APAC,Priya Shah,REP-101,,Casey Wu,Full Bundle,Annual,Executive Referral,Collibra,Fivetran,467000.0,453000.0,453000.0,0.03,True,>$500k,2025-08-08,01/04/2026,149.0,8.0,5.0,1.0,,,Closed Lost,Amanda White,Data Architect,IC,4.6,Johnathan Morgan,VP Engineering,False,0.0,4,3.0,True,False,False,1.1,1.5,0.4,0.24,25.0,6.0,1.0,10.0,Quick question on the proposal,19.0,2.9,11.0,4.0,3.0,POC Review,12.0,0.0,68.0,13.0,,2.0,False,0.0,True,,False,True,True,False,True,True,True,False,False,,75.0,,1.0,85.0,25.0,False,0.0,,Lost — wrong timing. No additional detail.,Car fish most center bring analysis campaign the strong security unit executive theory party seven enough.,9.0,Best Case,False,"May 01, 2026",True,Lost,Price / Budget,
DL-1377,"Moore, Davis and Rodriguez, Inc.",ACC-63413,,SMB,Healthcare,EMEA,David Park,REP-104,Jordan Blake,Frankie Hale,Analytics Suite,Pilot,Inbound - Website,Atlan,None / Greenfield,24600.0,24600.0,72400.0,0.0,False,<$50k,2025-11-17,12/05/2025,18.0,5.0,3.0,0.0,41.0,,Closed Won,Morgan Young,Analytics Engineer,IC,10.4,Carrie Stafford,Director of IT,False,0.0,4,4.0,True,True,False,1.8,1.6,-0.2,0.34,32.0,11.0,7.0,4.0,RE: RE: RE: Next steps??,13.0,1.0,3.0,1.0,4.0,Technical Review,11.0,2.0,55.0,4.0,Contracting,0.0,False,0.0,False,False,True,True,False,False,,False,True,False,True,28.0,,False,2.0,51.0,15.0,False,4.0,,Multi-threaded well. Finance and Eng both bought in.,,7.0,Best Case,True,05/06/2026,,Won,,
DL-1615,Taylor-Green,ACC-24722,Hernandez-Archer - Governance Module Annual,SMB,Retail,Southeast,Emily Rodriguez,REP-103,Amara Osei,Jaylen Ford,Governance Module,Annual,LinkedIn Outbound,Atlan,Snowflake,14800.0,14800.0,14800.0,0.0,True,<$50k,"February 07, 2026",09-Mar-2026,30.0,11.0,6.0,0.0,21.0,33.0,Closed Won,Lindsay Jones,BI Lead,Manager,0.9,Roy Davis,Director of IT,True,1.0,8,8.0,False,,False,1.8,2.1,0.3,0.53,58.0,31.0,2.0,8.0,fwd: technical review docs,5.0,2.8,4.0,3.0,2.0,Demo,10.0,4.0,73.0,10.0,,0.0,False,0.0,True,True,True,False,True,True,False,False,True,True,False,,49.0,True,2.0,65.0,6.0,False,3.0,58.0,Technical win — their data architect loved the architecture demo.,,9.0,Pipeline,False,05/12/2026,True,Won,,
DL-1009,"SILVA, MILLS AND DONOVAN",ACC-58177,Santiago LLC - Governance Module Annual,Enterprise,Retail,Southwest,Priya Shah,REP-101,Amara Osei,Elena Ruiz,Governance Module,Annual,Outbound SDR,Alation,,160600.0,152600.0,152600.0,0.05,True,$50k–$150k,08/07/2024,"January 08, 2025",154.0,12.0,5.0,0.0,,23.0,Closed Won,James Powers,BI Lead,Manager,5.6,Eugene Walton,Chief Data Officer,True,2.0,3,1.0,True,False,False,0.9,2.2,1.3,0.27,26.0,7.0,4.0,2.0,Checking in,14.0,0.7,7.0,2.0,1.0,Demo,5.0,5.0,60.0,12.0,Expanding,0.0,True,3.0,True,False,False,True,False,True,True,False,True,True,True,18.0,,True,2.0,,12.0,,6.0,,Technical win — their data architect loved the architecture demo.,Act perform none beyond Mrs media car give attention.,10.0,,,2026-04-28,False,Won,,
DL-1357,"Wright and Sons, Inc.",ACC-26798,"Mathis, Love and Hayden - Full Bundle Annual",Enterprise,Retail,APAC,James O'Brien,REP-106,Hana Takeda,Henry Vasquez,Full Bundle,Annual,Executive Referral,Fivetran,dbt Labs,312500.0,312500.0,312500.0,0.0,False,>$500k,06/28/2024,"January 15, 2025",201.0,8.0,2.0,0.0,,6.0,Closed Won,Ricky Matthews,Analytics Manager,Manager,5.2,Daniel Bowen,Director of IT,True,1.0,3,3.0,True,False,True,1.7,2.3,0.6,0.31,36.0,11.0,2.0,7.0,,19.0,2.1,12.0,1.0,3.0,Executive QBR,1.0,0.0,79.0,5.0,Stable,2.0,True,4.0,,False,False,True,False,False,False,False,True,False,True,13.0,67.0,True,1.0,54.0,19.0,False,5.0,61.0,multi-threaded well.. finance and eng both bought in..,Third interest section staff performance parent investment note hear plan ask cold almost memory only fall.,8.0,Pipeline,False,05/08/2026,True,Won,,
DL-1196,"palmer, clark and bell",ACC-35305,Nelson-Harding - Governance Module Annual,Mid-Market,Logistics,West,Alex Morgan,REP-100,Amara Osei,Grace Okonkwo,Governance Module,Annual,Partner Referral,Collibra,,121300.0,95800.0,95800.0,0.21,,$50k–$150k,06/04/2025,07/29/2025,55.0,28.0,2.0,1.0,,34.0,Closed Lost,Laura Jackson,Director of Data,Director,9.5,Steven Fernandez,CFO,True,3.0,6,5.0,,True,,2.0,2.3,0.3,0.11,18.0,1.0,28.0,26.0,fwd: technical review docs,11.0,2.2,4.0,0.0,1.0,Discovery,10.0,5.0,66.0,-6.0,Contracting,0.0,False,0.0,False,False,False,False,False,True,,True,False,,False,,,False,0.0,79.0,6.0,True,,42.0,lost — missing feature.. no additional detail..,Candidate likely push black approach interview condition other or.,9.0,Pipeline,,"May 03, 2026",,Lost,Missing Feature,Ghost Stall
DL-1631,HURST LLC,ACC-50151,Santos-Davidson - Analytics Suite Multi-Year,Mid-Market,Education,Southwest,Marcus Chen,REP-102,Liam Sutherland,Henry Vasquez,Analytics Suite,Multi-Year,Inbound - Website,Fivetran,Snowflake,71400.0,71400.0,173000.0,0.0,False,$50k–$150k,01/30/2024,04/28/2024,89.0,15.0,4.0,1.0,,26.0,Closed Won,Jordan Williams,Chief Data Officer,C-Suite,7.0,Mr. Paul Chase,VP Operations,True,1.0,4,4.0,,False,False,2.4,0.5,-1.9,0.56,18.0,10.0,1.0,1.0,Introduction: Lowery <> Tiger Data,15.0,2.1,9.0,3.0,3.0,Discovery,4.0,3.0,79.0,12.0,Contracting,1.0,False,0.0,False,True,False,True,False,False,,True,False,,True,25.0,96.0,False,1.0,66.0,10.0,,8.0,54.0,close was delayed 2 weeks on legal but closed strong..,Crime finally term open story so alone cup significant admit.,10.0,Pipeline,True,19-May-2026,False,Won,,
DL-1081,oconnor llc,ACC-87095,Taylor PLC - Analytics Suite Monthly,Enterprise,Healthcare,EMEA,Marcus Chen,REP-102,Amara Osei,Grace Okonkwo,Analytics Suite,Monthly,Event / Conference,Snowflake,,708800.0,708800.0,1434200.0,0.0,,>$500k,"August 19, 2024",2025-03-05,198.0,12.0,3.0,0.0,28.0,25.0,Closed Won,Thomas Weaver DDS,Chief Data Officer,C-Suite,5.2,Andrew Bradford,Head of Product,True,4.0,7,7.0,True,False,False,1.2,1.0,-0.2,0.81,16.0,13.0,0.0,0.0,,19.0,2.4,8.0,4.0,1.0,POC Review,1.0,1.0,95.0,14.0,Contracting,2.0,True,4.0,True,False,True,True,False,True,False,,,False,True,21.0,,False,2.0,67.0,4.0,,,39.0,Close was delayed 2 weeks on legal but closed strong.,Share include successful discuss religious across media health pay.,7.0,Commit,False,04/30/2026,False,Won,,
DL-1526,Sullivan and Sons LLC,ACC-23723,Sanchez-Ballard - Governance Module Annual,Mid-Market,Manufacturing,Midwest,Tyler Brooks,REP-108,Benjamin Cross,Grace Okonkwo,Governance Module,Annual,Partner Referral,Monte Carlo,dbt Labs,131000.0,95600.0,95600.0,0.27,False,>$500k,17-Mar-2025,"June 04, 2025",79.0,16.0,2.0,0.0,,,Closed Lost,Kyle Watkins,Analytics Engineer,IC,7.7,,CTO,False,0.0,4,4.0,False,True,,2.4,2.0,-0.4,0.71,52.0,37.0,3.0,8.0,,13.0,0.9,9.0,3.0,2.0,Pricing,3.0,0.0,72.0,9.0,Stable,1.0,False,0.0,False,False,False,True,False,False,False,False,False,False,True,21.0,38.0,True,2.0,54.0,8.0,False,5.0,,Lost — champion left. No additional detail.,,9.0,Omitted,False,"May 03, 2026",False,Lost,Price / Budget,
DL-1830,BerryGroup,ACC-88128,"Fowler, Walker and King - Core Platform Multi-Year",Enterprise,Insurance,Midwest,James O'Brien,REP-106,Liam Sutherland,Grace Okonkwo,Core Platform,Multi-Year,LinkedIn Outbound,Starburst,Monte Carlo,638000.0,523200.0,1299300.0,0.18,True,,21-Apr-2024,"August 04, 2024",105.0,6.0,6.0,1.0,12.0,,Closed Lost,George Clayton,Analytics Engineer,IC,1.6,,Chief Data Officer,False,0.0,4,4.0,False,True,True,1.9,1.0,-0.9,0.89,19.0,17.0,3.0,1.0,,5.0,0.6,3.0,3.0,3.0,Executive QBR,2.0,4.0,65.0,-6.0,Expanding,1.0,False,0.0,False,,True,False,False,True,False,,True,,True,17.0,43.0,True,1.0,66.0,10.0,,5.0,88.0,"Champion was IC level, couldn't drive the purchase alone.",Ability response economy chair the task soon wide government most window cause minute particular that light.,9.0,Best Case,True,2026-05-11,True,Lost,No Decision / Stalled,Exec Vacuum
DL-1905,"Farrell-Grimes, Inc.",ACC-50055,"Turner, Ellis and Terry - Full Bundle Pilot",Enterprise,Technology,EMEA,Nina Petrov,REP-109,Jordan Blake,Jaylen Ford,Full Bundle,Pilot,Cold Email Sequence,dbt Labs,Snowflake,534100.0,512700.0,1451800.0,0.04,True,$150k–$500k,06-Mar-2024,08/22/2024,169.0,15.0,6.0,1.0,,,Closed Lost,Jimmy Smith,Head of Data Engineering,Manager,,Mitchell Jones,CTO,False,1.0,7,1.0,False,True,False,1.7,8.45,6.75,0.75,48.0,36.0,1.0,9.0,Introduction: Meyer <> Tiger Data,13.0,2.1,9.0,5.0,1.0,Executive QBR,22.0,4.0,43.0,-29.0,Expanding,0.0,False,0.0,True,True,False,False,True,False,True,False,False,True,False,,,,1.0,61.0,20.0,False,6.0,,Champion left the company. Couldn't rebuild the relationship in time.,Already give nature deep sister each television item upon.,9.0,Omitted,True,,True,Lost,Price / Budget,Champion Collapse
DL-1239,Bradley-Valenzuela,ACC-85968,Smith-Harrison - Core Platform Monthly,Enterprise,Education,Southeast,Alex Morgan,REP-100,Liam Sutherland,Casey Wu,Core Platform,Monthly,Event / Conference,Databricks,Atlan,253800.0,251300.0,709100.0,0.01,False,$150k–$500k,16-May-2024,08/27/2024,103.0,20.0,3.0,1.0,,,Closed Won,Eugene Hudson,VP of Data,VP,3.0,Brent Freeman,CTO,False,0.0,3,1.0,False,,True,0.8,0.9,0.1,0.47,30.0,14.0,4.0,7.0,fwd: technical review docs,4.0,1.0,11.0,5.0,3.0,POC Review,8.0,3.0,90.0,-6.0,Stable,0.0,False,0.0,False,True,False,True,True,True,,False,True,True,False,,27.0,True,2.0,51.0,7.0,True,1.0,96.0,fast cycle.. champion had budget approved before we even started..,,10.0,,True,,False,Won,,
DL-1323,WallsPLC,ACC-11613,Brown-Smith - Core Platform Monthly,SMB,Healthcare,West,David Park,REP-104,Amara Osei,Isla Berg,Core Platform,Monthly,Event / Conference,Alation,,23000.0,21600.0,63700.0,0.06,True,$150k–$500k,"April 10, 2025",04/30/2025,20.0,4.0,6.0,0.0,44.0,13.0,Closed Won,Edwin Rodriguez,Data Engineer,IC,11.1,Nathan Morales,COO,True,2.0,7,7.0,True,False,True,2.1,2.2,0.1,0.11,44.0,5.0,1.0,0.0,,11.0,1.5,4.0,2.0,4.0,Demo,9.0,3.0,69.0,6.0,,2.0,False,0.0,,False,True,True,True,True,False,True,,False,False,,43.0,False,0.0,56.0,9.0,False,0.0,27.0,"Competitive deal vs Alation, but we had the better integration story.",,10.0,Omitted,True,"April 23, 2026",False,Won,,
DL-1211,"Davis,NicholsandWoodward",ACC-60872,Randall LLC - Governance Module Multi-Year,Enterprise,Technology,Northeast,Rachel Kim,REP-107,Hana Takeda,Henry Vasquez,Governance Module,Multi-Year,PLG Expansion,Starburst,Collibra,394400.0,287900.0,837600.0,0.27,False,$150k–$500k,30-Aug-2024,22-Jan-2025,145.0,6.0,3.0,0.0,24.0,,Closed Lost,Cassandra Williams,Head of Data Engineering,Manager,8.0,Connor Dominguez,VP Operations,False,0.0,7,6.0,,False,False,0.8,2.9,2.1,0.86,50.0,43.0,4.0,4.0,[External] Re: Tiger Data POC,9.0,2.2,6.0,4.0,4.0,Technical Review,4.0,0.0,67.0,-3.0,Expanding,1.0,False,0.0,False,False,True,False,True,False,False,True,False,,False,,96.0,True,1.0,64.0,16.0,True,7.0,83.0,Lost — wrong timing. No additional detail.,,6.0,Commit,True,2026-04-30,False,Lost,Security / Compliance Failed,
DL-1846,ellis group,ACC-66999,Hamilton-Parker - Analytics Suite Annual,SMB,Healthcare,Midwest,Nina Petrov,REP-109,Amara Osei,Danny Patel,Analytics Suite,Annual,Outbound SDR,Collibra,,34600.0,34600.0,34600.0,0.0,True,<$50k,25-Sep-2024,"November 02, 2024",38.0,5.0,6.0,0.0,11.0,,Closed Lost,Jamie Williams,Analytics Engineer,IC,4.3,Danielle Walton,VP Engineering,False,0.0,4,3.0,False,True,,1.0,2.3,1.3,0.39,18.0,7.0,0.0,0.0,,6.0,2.8,8.0,2.0,2.0,Demo,5.0,4.0,90.0,6.0,Expanding,0.0,True,1.0,False,,True,True,True,True,,True,,True,False,,53.0,,2.0,75.0,18.0,True,,68.0,Lost — no decision / stalled. No additional detail.,,10.0,Best Case,False,05/03/2026,False,Lost,Price / Budget,Exec Vacuum
DL-1548,Garcia PLC LLC,ACC-72294,Higgins-Walker - Analytics Suite Multi-Year,Mid-Market,Logistics,Southwest,Rachel Kim,REP-107,Hana Takeda,Frankie Hale,Analytics Suite,Multi-Year,PLG Expansion,Snowflake,,82200.0,75600.0,207700.0,0.08,False,<$50k,"June 21, 2025","September 16, 2025",87.0,18.0,6.0,1.0,22.0,,Closed Won,Jacob Johnson,Data Architect,IC,,,SVP Technology,False,0.0,4,3.0,True,,,1.2,1.2,0.0,0.77,52.0,40.0,4.0,3.0,following up again...,17.0,1.2,4.0,1.0,1.0,Executive QBR,7.0,2.0,70.0,1.0,,0.0,True,4.0,True,,True,True,False,True,,False,True,False,False,,,,0.0,52.0,15.0,True,6.0,,"competitive deal vs snowflake, but we had teh better integration story..",,8.0,Omitted,False,05/18/2026,,Won,,
DL-1497,Young Group LLC,ACC-24870,Forbes Inc - Core Platform Pilot,Enterprise,Healthcare,APAC,Nina Petrov,REP-109,,Isla Berg,Core Platform,Pilot,Executive Referral,Monte Carlo,Monte Carlo,470800.0,343700.0,754900.0,0.3,False,$50k–$150k,2024-02-29,"July 17, 2024",139.0,19.0,3.0,3.0,,17.0,Closed Lost,Sara Graham,Senior Data Engineer,IC,6.8,Katherine Hall,VP Engineering,True,3.0,6,6.0,False,False,True,1.9,1.2,-0.7,1.0,14.0,14.0,6.0,15.0,,16.0,2.2,2.0,1.0,4.0,Technical Review,4.0,4.0,75.0,-5.0,Stable,4.0,True,3.0,True,True,False,False,True,True,False,False,False,True,False,,22.0,False,1.0,94.0,18.0,,5.0,,They went with Databricks. Had deeper existing footprint.,Expert because happen star name health top risk must.,9.0,Pipeline,True,"April 28, 2026",True,Lost,Chose Competitor,Competitor Displacement
DL-1227,"AVILA, DAVIS AND ORTIZ",ACC-47901,Perry-Peters - Full Bundle Annual,SMB,Energy,APAC,Emily Rodriguez,REP-103,Liam Sutherland,Isla Berg,Full Bundle,Annual,Inbound - Website,Snowflake,Monte Carlo,32400.0,32400.0,32400.0,0.0,False,<$50k,04/04/2025,"May 09, 2025",35.0,16.0,3.0,0.0,,31.0,Closed Lost,,Data Architect,IC,,James Spencer,Director of IT,True,4.0,8,8.0,,True,False,1.7,1.1,-0.6,0.43,58.0,25.0,1.0,7.0,Re: Follow up from our call,18.0,1.3,7.0,4.0,1.0,Discovery,10.0,4.0,87.0,10.0,Expanding,2.0,True,1.0,,False,False,False,False,True,False,True,False,,False,,65.0,True,2.0,58.0,4.0,True,6.0,51.0,lost — no decision / stalled.. no additional detail..,State few one management science different social child feel.,6.0,Best Case,True,"April 22, 2026",,Lost,Wrong Timing,
DL-1891,THOMAS PLC,ACC-11516,Gallagher-Davis - Analytics Suite Monthly,Enterprise,Education,Southeast,Nina Petrov,REP-109,Liam Sutherland,Henry Vasquez,Analytics Suite,Monthly,Outbound SDR,Collibra,,476100.0,476100.0,1376600.0,0.0,True,$50k–$150k,2024-05-07,26-Sep-2024,142.0,4.0,2.0,1.0,,20.0,Closed Won,,Data Engineer,IC,10.1,Stacy Smith,COO,True,1.0,4,4.0,False,True,False,2.0,0.9,-1.1,0.67,30.0,20.0,3.0,1.0,following up again...,14.0,0.9,12.0,2.0,2.0,Executive QBR,1.0,5.0,83.0,-7.0,Expanding,1.0,False,0.0,False,False,False,True,True,True,False,True,,False,True,27.0,,False,2.0,,13.0,,4.0,,"Strong champion, got exec in early. Smooth close.",,7.0,Omitted,True,05/11/2026,False,Won,,
DL-1814,"TAPIA, HENDERSON AND LAMB",ACC-14090,Henderson-Reed - Full Bundle Monthly,Enterprise,Financial Services,APAC,David Park,REP-104,Jordan Blake,Danny Patel,Full Bundle,Monthly,Inbound - Website,Alation,Atlan,773600.0,773600.0,1780900.0,0.0,False,,12/06/2025,"March 22, 2026",106.0,4.0,6.0,1.0,,,Closed Lost,Antonio Anderson,Analytics Manager,Manager,9.9,Benjamin Sanchez,Chief Data Officer,False,2.0,6,1.0,False,False,True,1.9,8.99,7.09,0.64,42.0,27.0,8.0,3.0,RE: RE: RE: Next steps??,17.0,1.0,9.0,1.0,3.0,Executive QBR,27.0,3.0,21.0,-32.0,Expanding,2.0,True,2.0,False,False,False,True,False,True,,,,True,False,,72.0,True,0.0,89.0,24.0,True,1.0,,Our champion got moved to a different team mid-deal. Lost access.,Film note argue heart enough seat degree quite floor voice truth on floor least.,9.0,Commit,True,26-Apr-2026,True,Lost,Champion Left,Champion Collapse
DL-1828,Cross Group,ACC-12613,Mullen Group - Core Platform Multi-Year,Enterprise,Media,APAC,Tyler Brooks,REP-108,,Frankie Hale,Core Platform,Multi-Year,Partner Referral,Alation,Atlan,611600.0,611600.0,1621000.0,0.0,False,,05/02/2025,2025-11-21,203.0,13.0,4.0,1.0,,32.0,Closed Won,Stephen Evans,Data Engineer,IC,,Brittany Lewis,SVP Technology,True,5.0,8,8.0,False,,True,1.3,2.6,1.3,0.7,60.0,42.0,2.0,7.0,fwd: technical review docs,19.0,2.0,7.0,3.0,2.0,POC Review,13.0,5.0,80.0,6.0,Stable,0.0,False,0.0,,False,False,True,True,False,,False,True,,True,11.0,37.0,,0.0,83.0,9.0,False,7.0,,multi-threaded well.. finance and eng both bought in..,Article and really rule music save development work since everyone attorney especially official on item.,10.0,Pipeline,False,2026-04-27,True,Won,,
DL-1177,The Weeks LLC,ACC-45735,Hobbs-Hamilton - Analytics Suite Pilot,Mid-Market,Retail,Southeast,David Park,REP-104,Liam Sutherland,Casey Wu,Analytics Suite,Pilot,Executive Referral,Snowflake,Fivetran,139400.0,107300.0,,0.35,True,<$50k,05-Aug-2024,11/08/2024,95.0,5.0,3.0,2.0,15.0,,Closed Lost,Barbara Townsend,Data Engineer,IC,5.3,Sarah Mcfarland,VP Operations,False,0.0,6,4.0,,,False,0.6,2.3,1.7,0.92,48.0,44.0,2.0,10.0,following up again...,6.0,0.6,3.0,5.0,3.0,Executive QBR,8.0,0.0,79.0,2.0,Stable,6.0,True,1.0,True,True,True,False,False,False,,False,,False,True,8.0,,True,2.0,75.0,23.0,True,3.0,1.0,Snowflake offered a massive discount at the last minute. We couldn't match.,,6.0,Commit,False,,True,Lost,Chose Competitor,Competitor Displacement
DL-1974,"Graves, Freeman and Medina",ACC-90893,Sanford-Miller - Governance Module Pilot,Mid-Market,Manufacturing,Midwest,Sophia Nguyen,REP-105,Jordan Blake,Grace Okonkwo,Governance Module,Pilot,LinkedIn Outbound,Alation,,96800.0,96800.0,208500.0,0.0,False,$150k–$500k,08/29/2024,2024-12-03,96.0,9.0,6.0,1.0,29.0,7.0,Closed Lost,Michele Carter,Data Architect,IC,5.8,Melinda Mcgrath,VP Operations,True,5.0,4,2.0,True,False,False,1.5,2.0,0.5,1.0,12.0,12.0,4.0,3.0,Introduction: Moore <> Tiger Data,8.0,2.0,10.0,2.0,3.0,Executive QBR,15.0,1.0,68.0,0.0,Contracting,0.0,True,4.0,False,,True,True,True,False,,False,,,False,,95.0,True,1.0,75.0,8.0,,7.0,48.0,Lost — no decision / stalled. No additional detail.,Investment follow build security brother pay manage either difference party green.,9.0,Best Case,True,2026-05-21,True,Lost,Missing Feature,
DL-1433,SCOTT LTD,ACC-15738,Norris Ltd - Full Bundle Pilot,SMB,Energy,Southeast,Sophia Nguyen,REP-105,Hana Takeda,,Full Bundle,Pilot,Outbound SDR,Starburst,,25500.0,20100.0,58900.0,0.31,False,$150k–$500k,20-Feb-2026,03/21/2026,29.0,10.0,4.0,3.0,29.0,,Closed Lost,Crystal Love,Senior Data Engineer,IC,11.7,William Baker,VP Engineering,False,0.0,3,1.0,True,True,False,2.5,1.9,-0.6,0.44,54.0,24.0,3.0,16.0,,5.0,0.8,10.0,2.0,3.0,Executive QBR,3.0,2.0,73.0,-1.0,Stable,6.0,True,1.0,False,True,True,False,True,False,False,,True,False,True,7.0,,True,2.0,87.0,2.0,False,4.0,61.0,They went with Databricks. Had deeper existing footprint.,,9.0,,,"April 23, 2026",False,Lost,Chose Competitor,Competitor Displacement
DL-1943,"Winters, Chan and Johnson Inc",ACC-42953,Flores LLC - Full Bundle Monthly,Enterprise,Energy,EMEA,Sophia Nguyen,REP-105,Liam Sutherland,,Full Bundle,Monthly,Outbound SDR,,,230400.0,202800.0,455100.0,0.12,True,$50k–$150k,04-Aug-2024,24-Jan-2025,173.0,10.0,6.0,0.0,,,Closed Won,Catherine Lane,Data Platform Lead,Manager,,,,False,0.0,2,1.0,False,False,True,1.1,2.4,1.3,,25.0,6.0,1.0,3.0,[External] Re: Tiger Data POC,16.0,2.2,8.0,2.0,4.0,,,3.0,64.0,13.0,Contracting,0.0,True,,,False,False,True,False,False,,True,False,,True,9.0,,True,2.0,,22.0,False,,19.0,"Competitive deal vs Starburst, but we had the better integration story.",Represent item professional yourself outside simple now do Mr behavior economic strong person my senior.,7.0,Omitted,False,"April 22, 2026",,Won,,
DL-1516,"Holmes, Schmidt and Gonzalez Inc",ACC-81062,Werner LLC - Full Bundle Annual,Enterprise,Logistics,Midwest,Marcus Chen,REP-102,Liam Sutherland,Casey Wu,Full Bundle,Annual,Executive Referral,Collibra,Atlan,600000.0,528000.0,528000.0,0.12,False,$50k–$150k,2024-07-27,2025-01-30,187.0,7.0,6.0,0.0,41.0,,Closed Won,Darryl Mann,Head of Data Engineering,Manager,9.8,Luis Tran,COO,False,0.0,8,7.0,False,True,False,1.5,1.1,-0.4,0.08,60.0,5.0,6.0,4.0,,18.0,1.5,4.0,5.0,4.0,Technical Review,15.0,4.0,56.0,1.0,Stable,1.0,True,3.0,True,False,True,True,True,False,True,False,False,True,True,20.0,,False,0.0,74.0,14.0,False,,,"competitive deal vs collibra, but we had teh better integration story..",Bad use laugh fall teach everything trouble director find minute discussion begin.,9.0,Commit,False,,True,Won,,
DL-1350,"Simmons,DicksonandRogers",ACC-34319,Ellis LLC - Full Bundle Pilot,Enterprise,Logistics,APAC,David Park,REP-104,Liam Sutherland,Danny Patel,Full Bundle,Pilot,Executive Referral,dbt Labs,,253000.0,253000.0,,0.0,False,>$500k,08-May-2025,2025-09-30,145.0,4.0,2.0,1.0,43.0,7.0,Closed Won,Kurt Daniels,Head of Data Engineering,Manager,4.9,,CTO,True,1.0,7,7.0,,True,False,0.8,1.9,1.1,0.78,18.0,14.0,6.0,4.0,,11.0,2.6,11.0,4.0,1.0,,13.0,0.0,90.0,11.0,,1.0,True,2.0,True,True,True,False,True,False,False,False,,False,True,24.0,,True,0.0,83.0,25.0,True,7.0,,"Strong champion, got exec in early. Smooth close.",Plant reduce visit town between because student bed administration usually billion seek perhaps name plant me.,9.0,Best Case,True,2026-04-24,True,Won,,
DL-1518,SanchezInc,ACC-40789,Foley-Miranda - Analytics Suite Multi-Year,SMB,Insurance,Northeast,Sophia Nguyen,REP-105,Benjamin Cross,Henry Vasquez,Analytics Suite,Multi-Year,Cold Email Sequence,Collibra,,34800.0,31700.0,94100.0,0.09,False,<$50k,16-Dec-2025,03-Jan-2026,18.0,5.0,3.0,1.0,31.0,31.0,Closed Won,Alicia Wagner,Analytics Engineer,IC,6.0,Chad Williams,Head of Product,True,2.0,6,5.0,False,True,False,1.6,1.9,0.3,0.86,58.0,50.0,3.0,0.0,,12.0,2.5,5.0,4.0,1.0,,14.0,1.0,79.0,-7.0,Expanding,2.0,True,3.0,False,True,True,True,False,True,,False,True,True,True,30.0,50.0,,0.0,91.0,21.0,False,6.0,,Fast cycle. Champion had budget approved before we even started.,,6.0,,,,True,Won,,
DL-1007,The Henderson LLC,ACC-49356,,SMB,Manufacturing,Southeast,Priya Shah,REP-101,,Henry Vasquez,Analytics Suite,Pilot,Cold Email Sequence,Starburst,Fivetran,23700.0,17100.0,46900.0,0.28,True,>$500k,12/11/2024,"January 18, 2025",38.0,13.0,2.0,1.0,,,Closed Lost,Scott Pierce,VP of Data,VP,2.6,Zachary Huff,Chief Data Officer,False,5.0,4,1.0,True,False,True,1.6,7.17,5.57,0.9,52.0,47.0,1.0,8.0,Quick question on the proposal,10.0,0.8,7.0,2.0,1.0,POC Review,22.0,0.0,29.0,-24.0,Contracting,1.0,True,2.0,False,False,False,True,False,False,False,False,False,False,False,,78.0,False,0.0,51.0,11.0,True,,,New data lead came in and had a prior relationship with Snowflake.,Unit support coach magazine degree husband around her world.,10.0,Best Case,False,"May 10, 2026",False,Lost,Price / Budget,Champion Collapse
DL-1155,Schroeder-Sanders LLC,ACC-72700,Wyatt Ltd - Core Platform Multi-Year,SMB,Logistics,Southeast,Priya Shah,REP-101,Liam Sutherland,,Core Platform,Multi-Year,Event / Conference,Alation,,19400.0,19000.0,45200.0,0.02,False,<$50k,05/10/2024,06/01/2024,22.0,9.0,4.0,0.0,,19.0,Closed Won,David Logan,Chief Data Officer,C-Suite,2.1,Ariel Romero,COO,True,3.0,3,2.0,False,False,,1.5,2.0,0.5,0.33,21.0,7.0,8.0,0.0,,20.0,1.7,7.0,2.0,4.0,Executive QBR,15.0,0.0,90.0,3.0,,0.0,False,0.0,True,False,False,True,False,True,True,True,,True,True,20.0,72.0,False,2.0,92.0,12.0,True,,65.0,"strong champion, got exec in early.. smooth close..",Song pass range appear home player source statement likely outside because enjoy he participant.,9.0,Omitted,False,21-May-2026,False,Won,,
DL-1944,"Rhodes, Houston and Mcguire LLC",ACC-86132,Martinez-Valdez - Full Bundle Monthly,Enterprise,Healthcare,EMEA,Emily Rodriguez,REP-103,Amara Osei,Jaylen Ford,Full Bundle,Monthly,Partner Referral,Collibra,Snowflake,612800.0,612800.0,1587100.0,0.0,True,>$500k,"November 28, 2024",23-Mar-2025,115.0,12.0,3.0,1.0,,,Closed Lost,Elizabeth Gray,Data Engineer,IC,5.8,Kayla Lopez,SVP Technology,False,0.0,3,2.0,False,False,,2.2,1.1,-1.1,0.27,26.0,7.0,6.0,0.0,Re: Follow up from our call,12.0,1.1,8.0,4.0,2.0,Discovery,6.0,1.0,78.0,10.0,Expanding,0.0,False,0.0,True,True,False,False,True,True,False,True,,True,False,,,True,1.0,75.0,6.0,,2.0,60.0,No exec sponsor. Deal died when Q4 budgets froze.,Course south purpose much discover draw decade he voice scene high total effort also itself.,6.0,Commit,False,2026-04-29,False,Lost,No Decision / Stalled,Exec Vacuum
DL-1972-DUP,The watkins and sons,ACC-88142,Schroeder-Crosby - Analytics Suite Annual,Enterprise,Manufacturing,Northeast,Emily Rodriguez,REP-103,Hana Takeda,Frankie Hale,Analytics Suite,Annual,Partner Referral,Databricks,,544200.0,435400.0,435400.0,0.2,,$150k–$500k,2024-07-05,"October 28, 2024",115.0,6.0,5.0,1.0,,,Closed Lost,Charlene Blackwell,Data Engineer,IC,4.0,,CFO,False,0.0,2,1.0,True,False,,1.6,1.8,0.2,0.19,32.0,6.0,5.0,1.0,,7.0,1.3,11.0,5.0,1.0,Pricing,2.0,1.0,83.0,8.0,Stable,1.0,True,1.0,True,True,False,False,True,False,True,True,True,False,True,8.0,,True,0.0,73.0,25.0,True,7.0,,"Champion was IC level, couldn't drive the purchase alone.",,7.0,,True,05/11/2026,True,Lost,No Decision / Stalled,Exec Vacuum
DL-1329,Pierce-King,ACC-33487,"Hester, Jacobson and West - Governance Module Annual",Enterprise,Technology,West,Priya Shah,REP-101,Amara Osei,,Governance Module,Annual,Event / Conference,Databricks,Fivetran,346000.0,290600.0,290600.0,0.16,False,$50k–$150k,"December 29, 2024",13-Jul-2025,196.0,15.0,4.0,0.0,,15.0,Closed Won,Susan Jones,VP of Data,VP,1.3,Timothy Gordon,VP Operations,True,2.0,7,6.0,True,True,True,1.6,1.0,-0.6,0.46,24.0,11.0,3.0,7.0,Quick question on the proposal,6.0,1.9,9.0,1.0,3.0,Discovery,11.0,3.0,78.0,0.0,Contracting,1.0,True,1.0,False,,False,False,False,True,True,True,False,,False,,51.0,True,2.0,82.0,8.0,False,3.0,,close was delayed 2 weeks on legal but closed strong..,Cold ever whose face what article win couple.,8.0,Best Case,,04/25/2026,True,Won,,
DL-1542,"Roberts, Wright and Chase LLC",ACC-67038,Mann LLC - Core Platform Annual,Enterprise,Retail,Northeast,Nina Petrov,REP-109,Hana Takeda,Jaylen Ford,Core Platform,Annual,Event / Conference,dbt Labs,,746400.0,552300.0,552300.0,0.26,True,<$50k,2025-03-06,"October 01, 2025",209.0,3.0,3.0,0.0,,,Closed Won,Kathleen Levine,Director of Data,Director,11.8,Corey King,VP Operations,False,0.0,6,5.0,False,True,True,2.1,1.8,-0.3,0.24,41.0,10.0,2.0,7.0,,3.0,0.9,12.0,1.0,2.0,Demo,7.0,1.0,81.0,3.0,Stable,2.0,False,0.0,True,False,False,False,True,False,False,False,,False,True,10.0,,True,1.0,80.0,17.0,False,,31.0,"Competitive deal vs dbt Labs, but we had the better integration story.",Office sport oil whose eat represent discuss economic another authority.,7.0,Omitted,False,04/28/2026,True,Won,,
DL-1439,"Gonzalez, Miller and Sanchez Inc",ACC-93338,"Payne, Guerrero and Hawkins - Analytics Suite Annual",Enterprise,Energy,EMEA,Rachel Kim,REP-107,Jordan Blake,,Analytics Suite,Annual,Partner Referral,Starburst,,595600.0,488400.0,488400.0,0.31,False,$50k–$150k,"September 15, 2025","December 31, 2025",107.0,12.0,5.0,2.0,30.0,20.0,Closed Lost,Melissa Taylor,Data Platform Lead,Manager,9.1,Shelby Lyons,COO,True,3.0,8,8.0,True,False,False,0.8,0.6,-0.2,0.22,32.0,7.0,1.0,13.0,fwd: technical review docs,19.0,3.0,5.0,4.0,3.0,Demo,6.0,0.0,76.0,-5.0,Expanding,6.0,True,1.0,True,False,True,True,True,False,True,True,True,True,False,,36.0,False,0.0,52.0,7.0,False,0.0,79.0,Snowflake offered a massive discount at the last minute. We couldn't match.,Whatever guess significant section Democrat fly direction gun current will else page usually cell.,6.0,Best Case,False,14-May-2026,False,Lost,Chose Competitor,Competitor Displacement
DL-1809,"Armstrong, Daniel and Ray",ACC-98382,Walter-Tucker - Core Platform Monthly,Mid-Market,Insurance,APAC,David Park,REP-104,Amara Osei,Jaylen Ford,Core Platform,Monthly,PLG Expansion,Snowflake,,134500.0,130500.0,302400.0,0.03,False,,08/30/2025,2025-10-15,46.0,30.0,2.0,0.0,,10.0,Closed Lost,Jason Salas,Data Architect,IC,2.9,Gabriel Blake,SVP Technology,True,4.0,2,2.0,True,True,True,2.4,2.5,0.1,0.08,40.0,3.0,25.0,37.0,RE: RE: RE: Next steps??,3.0,2.7,3.0,0.0,2.0,Pricing,7.0,0.0,88.0,5.0,Expanding,2.0,False,0.0,True,False,False,True,True,True,False,True,False,False,True,7.0,,True,0.0,92.0,19.0,False,,49.0,Multiple follow-ups with no reply. Probably went internal.,Type guy wish case his science feeling can main new large democratic home husband former.,10.0,Omitted,,,True,Lost,No Decision / Stalled,Ghost Stall
DL-1900,"Wilson, Velez and Murphy",ACC-24269,"Park, Williams and Sanders - Governance Module Multi-Year",Enterprise,Logistics,Midwest,Alex Morgan,REP-100,Benjamin Cross,Frankie Hale,Governance Module,Multi-Year,Inbound - Website,Fivetran,,770900.0,770900.0,1608400.0,0.0,False,,2024-02-05,2024-05-25,110.0,9.0,5.0,0.0,40.0,28.0,Closed Won,,VP of Data,VP,9.9,Brandy Bailey,VP Engineering,True,5.0,6,5.0,False,True,False,1.4,0.6,-0.8,0.49,59.0,29.0,1.0,8.0,following up again...,4.0,0.6,4.0,1.0,2.0,,3.0,1.0,70.0,-2.0,Contracting,1.0,True,1.0,False,True,True,False,True,True,True,,True,False,False,,21.0,,1.0,56.0,7.0,True,5.0,22.0,"competitive deal vs fivetran, but we had teh better integration story..",Response prove suddenly travel our tell truth data five medical research group thus outside blue now line before.,8.0,Omitted,False,2026-05-11,True,Won,,
DL-1370,"mullen, castro and mckay",ACC-72937,"Nelson, Ferrell and Gonzalez - Full Bundle Annual",SMB,Manufacturing,EMEA,Rachel Kim,REP-107,Hana Takeda,Henry Vasquez,Full Bundle,Annual,LinkedIn Outbound,Starburst,,32200.0,27000.0,27000.0,0.16,False,,"November 09, 2024","December 08, 2024",29.0,10.0,5.0,1.0,36.0,26.0,Closed Won,Angela Robinson,Data Architect,IC,11.6,Henry Cain,Chief Data Officer,True,2.0,2,1.0,False,,,1.3,2.9,1.6,0.12,48.0,6.0,5.0,3.0,[External] Re: Tiger Data POC,20.0,1.6,11.0,1.0,1.0,Demo,9.0,2.0,74.0,10.0,Stable,2.0,True,3.0,True,False,True,True,False,True,,False,,True,False,,35.0,False,1.0,70.0,20.0,False,,25.0,Multi-threaded well. Finance and Eng both bought in.,Institution whom better end few financial nor quickly follow official raise current career never feeling.,7.0,Pipeline,True,"May 10, 2026",True,Won,,
DL-1604,Williams Inc LLC,ACC-18570,Robles PLC - Governance Module Pilot,SMB,Insurance,Northeast,Rachel Kim,REP-107,Hana Takeda,Isla Berg,Governance Module,Pilot,Partner Referral,Alation,,12300.0,9200.0,26400.0,0.25,True,>$500k,2024-06-07,"June 26, 2024",19.0,20.0,3.0,1.0,,,Closed Lost,Daniel Shaffer,Data Architect,IC,4.4,Jennifer Hall,SVP Technology,False,0.0,2,2.0,False,False,True,2.2,1.5,-0.7,0.17,41.0,7.0,1.0,1.0,Quick question on the proposal,6.0,2.8,6.0,1.0,3.0,Discovery,9.0,5.0,85.0,-1.0,Contracting,2.0,True,4.0,False,True,False,False,True,True,False,True,True,False,False,,76.0,True,0.0,,9.0,False,5.0,11.0,Lost — wrong timing. No additional detail.,Human shake bed class might name might speech prove language challenge air rest wind region less.,9.0,Best Case,,2026-05-04,,Lost,Champion Left,
DL-1973,"Luna, Maldonado and Decker Inc",ACC-45999,Knox-Fowler - Core Platform Pilot,SMB,Insurance,APAC,Rachel Kim,REP-107,Jordan Blake,Danny Patel,Core Platform,Pilot,LinkedIn Outbound,Atlan,,22200.0,21500.0,64300.0,0.03,True,$50k–$150k,02/07/2025,01-Mar-2025,22.0,19.0,6.0,0.0,30.0,,Closed Lost,Lisa Ross,BI Lead,Manager,8.3,Juan Castillo,VP Engineering,False,5.0,7,1.0,False,False,True,0.7,8.02,7.32,0.22,27.0,6.0,2.0,0.0,RE: RE: RE: Next steps??,7.0,1.8,3.0,5.0,3.0,Executive QBR,23.0,2.0,45.0,-33.0,Stable,1.0,False,0.0,False,False,True,False,True,False,False,True,False,False,False,,,False,2.0,60.0,17.0,,0.0,72.0,Lost — no decision / stalled. No additional detail.,Safe off store little chair discuss player ball local today raise remember outside.,10.0,Omitted,True,04/25/2026,True,Lost,Price / Budget,Champion Collapse
DL-1593,"Rios,LevyandFrye",ACC-66358,Nguyen and Sons - Full Bundle Monthly,Mid-Market,Healthcare,Northeast,Marcus Chen,REP-102,Hana Takeda,Grace Okonkwo,Full Bundle,Monthly,Outbound SDR,Snowflake,,143900.0,122300.0,299600.0,0.32,False,>$500k,2024-04-01,"June 18, 2024",78.0,5.0,3.0,2.0,,,Closed Lost,Tyler Browning,Analytics Engineer,IC,3.7,,CFO,False,0.0,2,1.0,,,False,2.3,2.8,0.5,0.86,50.0,43.0,4.0,19.0,Checking in,20.0,1.8,6.0,4.0,3.0,Pricing,9.0,3.0,72.0,12.0,Expanding,4.0,True,4.0,True,False,False,False,True,False,,True,True,True,True,20.0,,True,2.0,85.0,25.0,True,0.0,80.0,Lost to Fivetran on connector breadth. They had 200+ native connectors.,Run son price one policy door nearly door coach president.,6.0,Pipeline,False,,True,Lost,Chose Competitor,Competitor Displacement
DL-1876,The Hill Group,ACC-22220,"Martinez, Rodriguez and Rivera - Full Bundle Pilot",SMB,Retail,Southeast,Marcus Chen,REP-102,Liam Sutherland,Frankie Hale,Full Bundle,Pilot,Event / Conference,Alation,,22500.0,21400.0,44600.0,0.05,True,>$500k,2025-05-04,"June 08, 2025",35.0,17.0,4.0,1.0,,18.0,Closed Won,Shane Burke,Data Architect,IC,,George Ellis,Head of Product,True,2.0,2,1.0,True,False,True,1.3,2.4,1.1,0.76,21.0,16.0,0.0,5.0,,20.0,2.1,9.0,2.0,4.0,Executive QBR,12.0,0.0,76.0,3.0,Contracting,1.0,False,0.0,False,True,False,True,True,True,True,True,,True,False,,,True,0.0,78.0,21.0,False,8.0,91.0,technical win — their data architect loved teh architecture demo..,Up his street none her class clearly laugh dream several develop certain some put fact consider develop bar.,8.0,Best Case,True,2026-05-19,False,Won,,
DL-1554,The Johnson-Cannon,ACC-61021,Rowe Ltd - Analytics Suite Multi-Year,Enterprise,Education,EMEA,Emily Rodriguez,REP-103,Amara Osei,,Analytics Suite,Multi-Year,Executive Referral,Databricks,Alation,218400.0,198700.0,432300.0,0.09,True,<$50k,2025-10-25,"February 02, 2026",100.0,11.0,6.0,0.0,,,Closed Lost,Robert Johnson,Analytics Manager,Manager,8.0,Peter Morton,Chief Data Officer,False,5.0,3,1.0,True,True,False,0.8,6.34,5.54,0.69,13.0,9.0,4.0,1.0,[External] Re: Tiger Data POC,4.0,2.2,2.0,1.0,4.0,Demo,31.0,2.0,45.0,-28.0,Contracting,0.0,True,4.0,,True,False,False,False,True,,True,False,False,True,14.0,,,2.0,95.0,23.0,True,1.0,47.0,Lost — security / compliance failed. No additional detail.,,9.0,Omitted,True,05/13/2026,True,Lost,Price / Budget,Champion Collapse
DL-1753,Terry-Ayers LLC,ACC-85646,Davis Inc - Full Bundle Pilot,Mid-Market,Media,West,Alex Morgan,REP-100,Liam Sutherland,Elena Ruiz,Full Bundle,Pilot,Outbound SDR,Snowflake,Snowflake,55000.0,54400.0,151200.0,0.01,True,>$500k,2025-07-12,09/03/2025,53.0,13.0,5.0,1.0,,15.0,Closed Won,Sara Kline,Data Architect,IC,,Jasmine Smith,CTO,True,5.0,8,8.0,False,,,0.6,2.6,2.0,0.33,54.0,18.0,8.0,0.0,[External] Re: Tiger Data POC,14.0,2.9,5.0,3.0,2.0,Pricing,1.0,1.0,55.0,-5.0,Contracting,2.0,True,3.0,False,False,False,False,True,True,False,False,,False,True,13.0,,True,2.0,94.0,17.0,False,3.0,,Close was delayed 2 weeks on legal but closed strong.,Design hair without western possible short throughout church.,8.0,Omitted,False,2026-05-04,True,Won,,
DL-1873,"Grant-Mejia, Inc.",ACC-96615,"Thomas, Walker and Guerrero - Governance Module Multi-Year",SMB,Manufacturing,Northeast,Nina Petrov,REP-109,Jordan Blake,,Governance Module,Multi-Year,PLG Expansion,Alation,,17600.0,17600.0,46700.0,0.0,True,>$500k,2024-12-24,24-Jan-2025,31.0,30.0,5.0,0.0,,30.0,Closed Lost,Michelle King,VP of Data,VP,,Cynthia Le,CFO,True,1.0,5,3.0,False,False,,1.9,2.8,0.9,0.13,44.0,5.0,15.0,19.0,,13.0,2.6,6.0,0.0,3.0,Discovery,7.0,0.0,71.0,-1.0,Stable,0.0,False,0.0,True,False,False,False,True,True,True,False,,,True,5.0,39.0,True,1.0,50.0,5.0,True,,91.0,Prospect stopped engaging after the proposal. No explanation given.,,6.0,Omitted,True,"May 10, 2026",False,Lost,Missing Feature,Ghost Stall
DL-1532,williams-cook,ACC-34918,Lawrence-Hanna - Full Bundle Pilot,SMB,Logistics,West,Rachel Kim,REP-107,Hana Takeda,,Full Bundle,Pilot,Cold Email Sequence,Collibra,,30600.0,30600.0,73200.0,0.3,False,,04-Nov-2025,"December 14, 2025",40.0,5.0,6.0,1.0,,,Closed Lost,Ronald Butler,Analytics Engineer,IC,10.1,,Head of Product,False,0.0,3,2.0,False,True,,0.7,2.2,1.5,0.93,40.0,37.0,6.0,13.0,following up again...,11.0,0.7,6.0,3.0,1.0,POC Review,6.0,4.0,68.0,12.0,Stable,4.0,True,1.0,True,True,False,False,True,True,True,False,,True,False,,25.0,True,0.0,81.0,13.0,,3.0,,lost — chose competitor.. no additional detail..,Strong development enter through system stage protect often house above director develop start dream.,7.0,Pipeline,False,22-Apr-2026,False,Lost,Chose Competitor,Competitor Displacement
DL-1866,"The Lopez, Jones and Kelley",ACC-41187,Rogers-Murillo - Analytics Suite Multi-Year,SMB,Technology,Southeast,Nina Petrov,REP-109,Benjamin Cross,Elena Ruiz,Analytics Suite,Multi-Year,Executive Referral,Atlan,Monte Carlo,20100.0,20100.0,43700.0,0.0,True,$50k–$150k,2024-03-30,08-May-2024,39.0,14.0,5.0,0.0,,35.0,Closed Won,Matthew Singh,Data Architect,IC,1.1,,SVP Technology,True,1.0,2,1.0,True,False,False,1.3,2.4,1.1,0.64,25.0,16.0,5.0,8.0,,14.0,0.6,6.0,3.0,2.0,Executive QBR,9.0,5.0,66.0,13.0,Contracting,2.0,True,1.0,False,False,False,True,True,False,True,False,True,False,False,,93.0,True,0.0,50.0,18.0,,,42.0,"Competitive deal vs Atlan, but we had the better integration story.",Main speak various level myself relate every moment travel international page media word.,8.0,Best Case,False,04/23/2026,False,Won,,
DL-1228,"Flowers,KennedyandValdez",ACC-49802,Butler-Vasquez - Full Bundle Multi-Year,Enterprise,Energy,Northeast,Rachel Kim,REP-107,Jordan Blake,Jaylen Ford,Full Bundle,Multi-Year,Event / Conference,Starburst,,423000.0,423000.0,859700.0,0.0,False,,"September 12, 2025","February 21, 2026",162.0,17.0,4.0,0.0,36.0,16.0,Closed Lost,Danielle Wilson,Analytics Engineer,IC,3.3,,Director of IT,True,1.0,8,7.0,False,,True,2.4,1.1,-1.3,0.94,16.0,15.0,8.0,7.0,,14.0,2.4,6.0,3.0,3.0,Discovery,10.0,4.0,79.0,5.0,Stable,1.0,True,1.0,True,True,True,False,False,False,False,False,True,False,False,,24.0,True,1.0,81.0,4.0,True,7.0,,Lost — price / budget. No additional detail.,Ok not than physical live reason build mention offer suddenly clear around floor there.,10.0,Best Case,True,04/22/2026,False,Lost,No Decision / Stalled,
DL-1390,The Lawson Ltd,ACC-56064,"Meyer, Stewart and Lee - Governance Module Pilot",Enterprise,Media,EMEA,David Park,REP-104,Jordan Blake,Henry Vasquez,Governance Module,Pilot,PLG Expansion,dbt Labs,,434800.0,395700.0,936500.0,0.09,True,<$50k,02-Jun-2024,04-Dec-2024,185.0,6.0,4.0,0.0,,,Closed Lost,Susan Murphy,Analytics Manager,Manager,2.3,Vanessa Hall,Head of Product,False,0.0,3,1.0,True,False,,2.3,9.17,6.87,0.62,16.0,10.0,1.0,10.0,,19.0,2.1,8.0,4.0,3.0,POC Review,27.0,1.0,30.0,-24.0,Expanding,2.0,False,0.0,True,True,False,False,False,False,,True,True,True,False,,85.0,True,1.0,88.0,3.0,False,,,our champion got moved to a different team mid-deal.. lost access..,,6.0,Best Case,False,05/18/2026,True,Lost,Champion Left,Champion Collapse
DL-1759,"Thomas Inc, Inc.",ACC-36706,"Clark, Morgan and Barber - Core Platform Multi-Year",Mid-Market,Financial Services,Southeast,Priya Shah,REP-101,Benjamin Cross,Henry Vasquez,Core Platform,Multi-Year,Outbound SDR,None / Greenfield,Snowflake,132200.0,132200.0,323600.0,0.0,False,<$50k,28-Jun-2024,18-Aug-2024,51.0,13.0,5.0,1.0,,,Closed Lost,Jennifer Butler,Data Engineer,IC,7.3,Larry Robinson,COO,False,0.0,6,4.0,,False,True,2.1,2.6,0.5,1.0,32.0,32.0,7.0,7.0,,9.0,2.6,8.0,4.0,1.0,Demo,4.0,2.0,90.0,-5.0,,0.0,True,3.0,False,,False,False,True,False,False,False,True,False,False,,29.0,False,1.0,63.0,20.0,False,2.0,,Lost — wrong timing. No additional detail.,Issue mean little appear time really something military very year option do arm free have dog accept.,9.0,Omitted,False,16-May-2026,False,Lost,Price / Budget,Exec Vacuum
DL-1212,SparksLtd,ACC-76941,Porter-Hanna - Governance Module Monthly,SMB,Technology,EMEA,Tyler Brooks,REP-108,Hana Takeda,Casey Wu,Governance Module,Monthly,Event / Conference,Starburst,Alation,17900.0,17900.0,43200.0,0.0,False,$50k–$150k,2025-08-07,29-Aug-2025,22.0,10.0,6.0,1.0,13.0,22.0,Closed Won,Tracy Smith,Head of Data Engineering,Manager,4.7,George Le,Head of Product,True,1.0,5,4.0,,True,True,2.2,0.8,-1.4,0.73,26.0,19.0,0.0,10.0,fwd: technical review docs,4.0,2.7,2.0,5.0,1.0,POC Review,1.0,5.0,78.0,3.0,Expanding,0.0,True,2.0,False,False,True,False,False,True,,False,,,False,,,True,1.0,78.0,10.0,False,4.0,57.0,"Strong champion, got exec in early. Smooth close.",,8.0,Commit,False,06-May-2026,,Won,,
DL-1079,The Lopez PLC,ACC-83941,"Powers, Robinson and Clark - Full Bundle Monthly",Mid-Market,Financial Services,Southeast,Priya Shah,REP-101,Benjamin Cross,Isla Berg,Full Bundle,Monthly,PLG Expansion,Databricks,,130900.0,130900.0,285200.0,0.3,True,$150k–$500k,13-Nov-2025,2026-01-07,55.0,5.0,5.0,2.0,12.0,,Closed Lost,Elizabeth Stout,Lead Data Engineer,IC,2.4,Colton Figueroa,VP Engineering,False,0.0,5,4.0,True,False,False,0.8,2.7,1.9,0.42,55.0,23.0,6.0,19.0,Quick question on the proposal,10.0,2.2,3.0,3.0,3.0,Discovery,6.0,5.0,81.0,10.0,Stable,7.0,True,2.0,,True,True,False,False,True,,True,False,False,True,9.0,,False,0.0,87.0,18.0,True,1.0,55.0,Lost to Fivetran on connector breadth. They had 200+ native connectors.,,7.0,Best Case,True,2026-05-17,True,Lost,Chose Competitor,Competitor Displacement
DL-1148,"jones, jones and smith",ACC-27495,"Welch, Hess and Riley - Full Bundle Multi-Year",SMB,Manufacturing,Southeast,Alex Morgan,REP-100,Amara Osei,,Full Bundle,Multi-Year,Partner Referral,dbt Labs,,16400.0,16400.0,39400.0,0.22,True,,07/29/2025,08/22/2025,24.0,7.0,5.0,1.0,,19.0,Closed Lost,Christy Johnson,Analytics Engineer,IC,,Steven Fernandez,COO,True,3.0,3,1.0,False,False,True,1.8,0.5,-1.3,0.95,60.0,57.0,6.0,15.0,Q4 pricing — URGENT,15.0,1.8,10.0,1.0,1.0,Pricing,8.0,3.0,92.0,-9.0,Contracting,7.0,True,3.0,True,True,False,False,False,False,,True,True,False,True,9.0,,True,0.0,69.0,12.0,,,8.0,snowflake offered a massive discount at teh last minute.. we couldn't match..,Hand development sign run fact let member however maybe production summer.,7.0,,True,05/13/2026,,Lost,Chose Competitor,Competitor Displacement
DL-1302,cruz plc,ACC-97148,Lee Group - Analytics Suite Monthly,Mid-Market,Financial Services,EMEA,Emily Rodriguez,REP-103,Benjamin Cross,Casey Wu,Analytics Suite,Monthly,Inbound - Website,Atlan,Snowflake,109500.0,82100.0,207800.0,0.25,False,>$500k,30-May-2025,08/11/2025,73.0,3.0,5.0,0.0,,,Closed Lost,Patricia Walton,Analytics Engineer,IC,10.1,,VP Engineering,False,0.0,7,5.0,False,,True,1.6,1.2,-0.4,0.82,22.0,18.0,0.0,3.0,following up again...,19.0,1.8,5.0,2.0,2.0,Executive QBR,11.0,1.0,79.0,-3.0,Stable,2.0,True,4.0,True,False,False,True,False,True,False,False,True,False,True,7.0,,True,1.0,70.0,9.0,False,4.0,66.0,No exec sponsor. Deal died when Q4 budgets froze.,Recent prepare unit save drug alone spend piece put recently population end lay race.,,Pipeline,False,2026-05-11,False,Lost,Price / Budget,Exec Vacuum
DL-1448,Welch-Bauer LLC,ACC-10069,Smith Ltd - Analytics Suite Pilot,Mid-Market,Healthcare,Midwest,Rachel Kim,REP-107,Hana Takeda,,Analytics Suite,Pilot,Executive Referral,Monte Carlo,dbt Labs,66900.0,52900.0,129500.0,0.22,False,$150k–$500k,"February 25, 2025",05/07/2025,71.0,10.0,4.0,2.0,21.0,,Closed Lost,Robert Martin,Head of Data Engineering,Manager,3.4,Kenneth Webb,VP Engineering,False,0.0,2,1.0,,,False,0.9,1.2,0.3,0.79,34.0,27.0,4.0,14.0,[External] Re: Tiger Data POC,4.0,2.2,7.0,2.0,3.0,,8.0,4.0,74.0,-2.0,Expanding,5.0,True,1.0,False,True,True,False,False,True,,True,True,,False,,,,1.0,50.0,22.0,False,7.0,,snowflake offered a massive discount at teh last minute.. we couldn't match..,,10.0,Best Case,True,,,Lost,Chose Competitor,Competitor Displacement
DL-1361,Villa Inc LLC,ACC-65878,Ware-Williams - Core Platform Multi-Year,Enterprise,Insurance,Southeast,Emily Rodriguez,REP-103,,Danny Patel,Core Platform,Multi-Year,Outbound SDR,Collibra,,234400.0,192200.0,535400.0,0.18,,$150k–$500k,2025-09-27,23-Feb-2026,149.0,26.0,2.0,1.0,,,Closed Lost,Eric Baker,Lead Data Engineer,IC,4.3,Rebecca Gray,Head of Product,False,0.0,4,3.0,True,False,True,1.7,1.5,-0.2,0.16,24.0,3.0,17.0,37.0,,13.0,0.6,6.0,0.0,2.0,Demo,10.0,5.0,63.0,-7.0,Contracting,2.0,False,0.0,True,True,False,False,True,True,False,False,,False,True,13.0,61.0,,2.0,94.0,18.0,True,,,"Just went dark. Last email 3 weeks ago, no response.",,6.0,Commit,True,"May 20, 2026",True,Lost,No Decision / Stalled,Ghost Stall
DL-1531,Le Group,ACC-68203,Townsend Ltd - Analytics Suite Annual,Mid-Market,Education,EMEA,Tyler Brooks,REP-108,,Grace Okonkwo,Analytics Suite,Annual,Inbound - Website,Starburst,,139700.0,139700.0,139700.0,0.0,True,<$50k,2024-12-14,"March 11, 2025",87.0,4.0,6.0,0.0,40.0,,Closed Lost,Grant Mendez,Director of Data,Director,,Brian Ingram,VP Engineering,False,0.0,6,6.0,,True,False,2.1,2.8,0.7,0.84,38.0,32.0,8.0,9.0,[External] Re: Tiger Data POC,15.0,2.7,2.0,1.0,3.0,Executive QBR,11.0,4.0,81.0,14.0,Contracting,1.0,False,0.0,,False,True,False,True,True,False,,True,False,True,13.0,,False,1.0,73.0,15.0,True,2.0,,Lost — price / budget. No additional detail.,Cut challenge quite tax season event hospital more opportunity unit cultural show rule always who opportunity face.,6.0,Best Case,False,"May 15, 2026",False,Lost,Security / Compliance Failed,
DL-1529,Watts-Riley,ACC-42753,"Olson, Ortiz and Spears - Full Bundle Multi-Year",Enterprise,Education,Southwest,David Park,REP-104,Liam Sutherland,Casey Wu,Full Bundle,Multi-Year,LinkedIn Outbound,Fivetran,Monte Carlo,368800.0,269200.0,764900.0,0.27,,,12/03/2023,06/28/2024,208.0,19.0,4.0,0.0,,,Closed Lost,Megan Daniel,Data Engineer,IC,,Michael Huang,SVP Technology,False,0.0,5,5.0,True,,,0.5,2.6,2.1,0.61,18.0,11.0,1.0,0.0,Introduction: Campbell <> Tiger Data,13.0,2.0,3.0,3.0,3.0,Technical Review,11.0,4.0,78.0,13.0,Expanding,2.0,False,0.0,True,,False,False,True,False,True,False,,False,False,,59.0,False,0.0,55.0,16.0,True,0.0,81.0,Lost — chose competitor. No additional detail.,,6.0,,,"May 10, 2026",False,Lost,No Decision / Stalled,Exec Vacuum
DL-1043,Nelson LLC,ACC-57746,Bell-White - Governance Module Multi-Year,SMB,Logistics,West,Sophia Nguyen,REP-105,Amara Osei,Grace Okonkwo,Governance Module,Multi-Year,Executive Referral,Collibra,,21400.0,16300.0,,0.34,True,$150k–$500k,08/13/2024,20-Sep-2024,38.0,9.0,2.0,3.0,,13.0,Closed Lost,Matthew Jones,Director of Data,Director,3.2,,COO,True,5.0,4,2.0,True,False,False,0.9,1.2,0.3,0.55,47.0,26.0,1.0,20.0,[External] Re: Tiger Data POC,6.0,2.3,6.0,1.0,4.0,Discovery,7.0,2.0,74.0,6.0,,4.0,True,3.0,True,True,False,False,True,False,False,True,True,False,True,23.0,72.0,True,1.0,85.0,2.0,,8.0,66.0,Lost — missing feature. No additional detail.,Democrat information game have return since nothing be apply church pay purpose evening product magazine kind event.,10.0,Pipeline,True,25-Apr-2026,False,Lost,No Decision / Stalled,Competitor Displacement
DL-1673,"jordan, potts and powell",ACC-77858,"Knight, Gibson and Johnson - Core Platform Monthly",Enterprise,Energy,West,Alex Morgan,REP-100,Amara Osei,Isla Berg,Core Platform,Monthly,Partner Referral,Starburst,,791800.0,562200.0,1252300.0,0.29,True,,04/04/2024,10/03/2024,182.0,9.0,4.0,1.0,42.0,16.0,Closed Won,Karen Jones,Analytics Engineer,IC,4.4,Steven Hall,CTO,True,3.0,5,4.0,True,True,True,0.5,1.4,0.9,0.53,60.0,32.0,8.0,3.0,Q4 pricing — URGENT,15.0,1.1,11.0,3.0,4.0,,8.0,0.0,94.0,9.0,Stable,2.0,False,0.0,False,False,True,False,False,False,False,,False,,False,,42.0,,1.0,77.0,24.0,True,8.0,22.0,multi-threaded well.. finance and eng both bought in..,World continue just hope share leave fund officer most perform possible inside down PM debate piece occur trouble realize.,7.0,,True,30-Apr-2026,False,Won,,
DL-1133,"Hobbs,AcostaandSnow",ACC-99444,Knapp-Rodriguez - Governance Module Monthly,SMB,Logistics,Midwest,Priya Shah,REP-101,Benjamin Cross,Isla Berg,Governance Module,Monthly,Outbound SDR,None / Greenfield,,27500.0,27000.0,65800.0,0.02,False,$150k–$500k,"October 15, 2024",18-Nov-2024,34.0,13.0,5.0,0.0,36.0,20.0,Closed Won,Angel Green,Senior Data Engineer,IC,0.8,Michael Gregory,CFO,True,1.0,5,3.0,False,True,True,2.5,1.1,-1.4,0.22,37.0,8.0,1.0,5.0,Re: Follow up from our call,5.0,0.7,5.0,5.0,4.0,Demo,1.0,2.0,63.0,-7.0,Stable,2.0,False,0.0,False,True,True,False,False,True,False,,False,False,True,14.0,,,2.0,91.0,11.0,,,97.0,Fast cycle. Champion had budget approved before we even started.,Rich difference what their mind read peace item risk loss professional political chance step throughout party activity various.,,Omitted,False,26-Apr-2026,,Won,,
DL-1575,"Martin,JamesandRobinson",ACC-80426,Young-Palmer - Analytics Suite Monthly,SMB,Healthcare,Southwest,Nina Petrov,REP-109,Hana Takeda,Henry Vasquez,Analytics Suite,Monthly,Event / Conference,Atlan,Alation,13800.0,13800.0,27900.0,0.0,True,$150k–$500k,2024-10-01,11/04/2024,34.0,10.0,4.0,1.0,,14.0,Closed Won,Brandi Simpson,Head of Data Engineering,Manager,,,Head of Product,True,3.0,3,1.0,False,,True,1.1,0.8,-0.3,0.35,26.0,9.0,0.0,9.0,following up again...,9.0,2.0,8.0,5.0,2.0,Pricing,5.0,3.0,74.0,7.0,Contracting,0.0,True,4.0,False,True,False,False,True,True,,False,False,False,False,,68.0,True,1.0,,9.0,False,3.0,,Technical win — their data architect loved the architecture demo.,Language through nation film or rise collection often answer ten family amount.,10.0,Commit,False,"May 07, 2026",False,Won,,
DL-1311,"Mooney,MartinezandShea",ACC-87504,"Berry, Welch and Lewis - Core Platform Monthly",SMB,Energy,Northeast,Marcus Chen,REP-102,Amara Osei,Frankie Hale,Core Platform,Monthly,Inbound - Website,Snowflake,,10000.0,9200.0,22200.0,0.08,True,,26-Jul-2024,"August 31, 2024",36.0,3.0,4.0,0.0,10.0,5.0,Closed Won,Vincent Brown,Analytics Manager,Manager,10.0,,Chief Data Officer,True,2.0,4,4.0,,False,True,1.7,2.9,1.2,0.61,18.0,11.0,8.0,4.0,Checking in,6.0,2.2,10.0,1.0,4.0,,8.0,2.0,87.0,7.0,Contracting,2.0,True,3.0,False,True,True,False,True,True,,,False,False,True,27.0,65.0,True,2.0,51.0,3.0,False,8.0,,"Strong champion, got exec in early. Smooth close.",Red apply tend condition maintain hot worker process summer yard nature front.,7.0,Pipeline,False,"May 08, 2026",True,Won,,
DL-1634,"Patterson, Cox and Anthony, Inc.",ACC-63965,"Gibson, Bennett and Steele - Full Bundle Pilot",SMB,Insurance,West,David Park,REP-104,Benjamin Cross,Danny Patel,Full Bundle,Pilot,Partner Referral,Snowflake,,35000.0,25200.0,,0.28,False,,"January 05, 2026","January 28, 2026",23.0,50.0,6.0,0.0,,28.0,Closed Lost,Alex Miller,Data Engineer,IC,6.5,Michael Mcneil,VP Operations,True,1.0,5,5.0,False,True,True,0.6,1.9,1.3,0.06,30.0,1.0,31.0,15.0,Introduction: Watson <> Tiger Data,8.0,0.9,2.0,0.0,4.0,Discovery,4.0,5.0,65.0,1.0,Expanding,1.0,True,1.0,True,True,False,False,False,False,,True,True,True,False,,32.0,False,2.0,75.0,16.0,True,4.0,11.0,Multiple follow-ups with no reply. Probably went internal.,Support piece officer store cost address within network accept want today happy cause authority leave friend.,9.0,,False,,True,Lost,No Decision / Stalled,Ghost Stall
DL-1567,"Short, Romero and Kaiser",ACC-27935,"Zimmerman, Pratt and Mitchell - Full Bundle Multi-Year",SMB,Technology,EMEA,Emily Rodriguez,REP-103,Hana Takeda,Isla Berg,Full Bundle,Multi-Year,Partner Referral,Collibra,,27200.0,23700.0,59500.0,0.3,,$50k–$150k,08/17/2024,04-Sep-2024,18.0,14.0,4.0,1.0,17.0,5.0,Closed Lost,Alan Cowan,Lead Data Engineer,IC,4.7,Lauren Martin PhD,COO,True,1.0,8,7.0,False,,,1.6,1.4,-0.2,0.68,22.0,15.0,1.0,12.0,[External] Re: Tiger Data POC,6.0,1.7,10.0,5.0,1.0,Technical Review,3.0,4.0,63.0,-2.0,Contracting,3.0,True,3.0,True,False,True,True,False,True,,True,,True,False,,,True,0.0,85.0,2.0,True,,36.0,Lost — champion left. No additional detail.,Perhaps personal short of heart sister fast need painting outside role question wonder lay threat far movement hand.,9.0,Commit,False,05/06/2026,,Lost,No Decision / Stalled,Competitor Displacement
DL-1820,Mendez-Jackson,ACC-68560,"Flynn, Taylor and Roberts - Full Bundle Annual",Mid-Market,Education,EMEA,Rachel Kim,REP-107,Benjamin Cross,Casey Wu,Full Bundle,Annual,LinkedIn Outbound,Monte Carlo,,122800.0,93300.0,93300.0,0.24,False,$50k–$150k,2024-04-06,10-Jul-2024,95.0,9.0,4.0,0.0,,,Closed Lost,Amanda Kennedy,Analytics Engineer,IC,6.6,Monica Anderson,CTO,False,0.0,8,8.0,,True,,1.0,2.8,1.8,0.57,53.0,30.0,6.0,6.0,,18.0,2.2,7.0,3.0,2.0,Demo,12.0,3.0,67.0,-4.0,,1.0,True,1.0,True,True,False,True,False,False,False,False,True,False,True,16.0,,,0.0,80.0,19.0,False,1.0,,Lost — chose competitor. No additional detail.,Establish push than list serve media into inside he unit success involve civil successful early if source.,10.0,Best Case,False,04/23/2026,False,Lost,No Decision / Stalled,Exec Vacuum
DL-1000,figueroa and sons,ACC-26912,Taylor Inc - Full Bundle Multi-Year,SMB,Healthcare,Southeast,Priya Shah,REP-101,Jordan Blake,Elena Ruiz,Full Bundle,Multi-Year,PLG Expansion,Databricks,,26000.0,21800.0,59100.0,0.16,False,,25-Apr-2025,05/19/2025,24.0,20.0,5.0,1.0,,,Closed Won,Stephanie Miller,BI Lead,Manager,,Allen Robinson,Director of IT,False,0.0,7,5.0,,False,True,2.2,2.3,0.1,0.22,60.0,13.0,8.0,5.0,Introduction: Fowler <> Tiger Data,9.0,1.1,5.0,4.0,1.0,,3.0,5.0,90.0,-6.0,Contracting,2.0,True,2.0,False,True,False,True,False,False,False,False,,True,True,15.0,40.0,False,2.0,76.0,4.0,False,5.0,40.0,"Strong champion, got exec in early. Smooth close.",Own night respond red information last everything thank serve civil institution everyone democratic shake bill here grow.,9.0,Omitted,False,25-Apr-2026,True,Won,,
DL-1477,BECK AND SONS,ACC-29992,Davis-Williams - Governance Module Pilot,SMB,Retail,EMEA,Alex Morgan,REP-100,Liam Sutherland,Casey Wu,Governance Module,Pilot,Event / Conference,Alation,,15200.0,15200.0,31300.0,0.0,True,$150k–$500k,2025-07-17,"August 26, 2025",40.0,18.0,2.0,1.0,,,Closed Lost,Kaitlyn Woods,Data Engineer,IC,5.9,Laurie Huerta,SVP Technology,False,0.0,4,4.0,,False,False,1.1,2.9,1.8,0.5,48.0,24.0,7.0,3.0,Checking in,11.0,1.2,3.0,4.0,3.0,Executive QBR,6.0,1.0,64.0,-4.0,Contracting,2.0,True,3.0,True,False,False,True,True,True,,True,,True,True,14.0,,True,2.0,54.0,4.0,False,1.0,,lost — security / compliance failed.. no additional detail..,Us once consider thus wife water note those write though attention career feel hour.,6.0,Commit,True,2026-05-18,False,Lost,No Decision / Stalled,Exec Vacuum
DL-1316,miller inc,ACC-52357,"Evans, Burch and Jackson - Analytics Suite Pilot",Enterprise,Financial Services,West,Sophia Nguyen,REP-105,Jordan Blake,,Analytics Suite,Pilot,Inbound - Website,Databricks,Fivetran,269000.0,231300.0,589100.0,0.14,True,$50k–$150k,02-Aug-2025,11/12/2025,102.0,16.0,2.0,1.0,25.0,,Closed Lost,Mary Wright,Analytics Engineer,IC,5.5,,VP Operations,False,0.0,7,7.0,True,False,True,1.6,1.0,-0.6,0.53,40.0,21.0,6.0,2.0,Q4 pricing — URGENT,9.0,1.8,8.0,1.0,2.0,POC Review,4.0,5.0,78.0,5.0,Stable,1.0,True,3.0,False,False,True,True,True,False,,True,True,False,False,,26.0,True,1.0,72.0,4.0,False,4.0,44.0,lost — chose competitor.. no additional detail..,Process knowledge officer reason mission worry goal Mrs decide between standard down could.,6.0,Pipeline,True,,False,Lost,No Decision / Stalled,Exec Vacuum
DL-1737,peck ltd,ACC-84608,"Nunez, Landry and Ray - Analytics Suite Annual",SMB,Energy,Midwest,James O'Brien,REP-106,,Isla Berg,Analytics Suite,Annual,Cold Email Sequence,Monte Carlo,,15900.0,15900.0,15900.0,0.0,True,$150k–$500k,2025-05-25,06/19/2025,25.0,19.0,6.0,0.0,,,Closed Lost,Mitchell Williams,Head of Data Engineering,Manager,3.8,Robert Rogers,VP Engineering,False,0.0,7,7.0,True,True,False,1.6,1.5,-0.1,0.39,36.0,14.0,7.0,1.0,Quick question on the proposal,5.0,2.5,5.0,1.0,2.0,Technical Review,11.0,3.0,87.0,15.0,Expanding,0.0,True,3.0,True,True,False,True,True,True,False,False,,True,True,18.0,35.0,,0.0,72.0,7.0,,7.0,93.0,Lost — no decision / stalled. No additional detail.,Writer week wall term natural lose election each anything TV staff win middle range eat budget benefit strong.,9.0,Omitted,True,12-May-2026,,Lost,No Decision / Stalled,
DL-1572,The Wilson Group,ACC-71628,"Harris, Miller and Lee - Governance Module Pilot",Enterprise,Manufacturing,Southeast,David Park,REP-104,Hana Takeda,Elena Ruiz,Governance Module,Pilot,Outbound SDR,Fivetran,,759800.0,645800.0,1415600.0,0.15,True,<$50k,08/21/2025,"January 04, 2026",136.0,7.0,6.0,0.0,,8.0,Closed Won,Samantha Morrow,Lead Data Engineer,IC,0.6,,VP Operations,True,1.0,4,3.0,False,False,,0.9,1.7,0.8,0.82,11.0,9.0,3.0,8.0,Checking in,4.0,0.9,7.0,5.0,4.0,,1.0,3.0,69.0,-5.0,Contracting,1.0,False,0.0,True,True,False,False,False,False,False,False,,True,False,,22.0,True,2.0,,17.0,False,4.0,43.0,"Competitive deal vs Fivetran, but we had the better integration story.",Partner evidence fall paper tax focus laugh similar television.,7.0,Pipeline,False,,,Won,,
DL-1380,"The Collins, Montgomery and Gardner",ACC-59511,Aguilar LLC - Analytics Suite Pilot,Enterprise,Retail,West,Alex Morgan,REP-100,Jordan Blake,Casey Wu,Analytics Suite,Pilot,Inbound - Website,Alation,,657300.0,473300.0,1314800.0,0.28,False,,10/31/2024,25-Feb-2025,117.0,11.0,3.0,0.0,,12.0,Closed Lost,Amanda Fisher,Head of Data Engineering,Manager,,Stephen Brown,SVP Technology,True,5.0,6,4.0,True,,True,0.5,2.6,2.1,0.87,15.0,13.0,5.0,6.0,Checking in,7.0,2.3,11.0,3.0,4.0,POC Review,5.0,0.0,92.0,4.0,,1.0,False,0.0,True,False,False,True,True,True,True,,True,False,False,,84.0,False,1.0,76.0,22.0,True,2.0,53.0,Lost — champion left. No additional detail.,,8.0,Best Case,False,2026-05-12,False,Lost,No Decision / Stalled,
DL-1832,"Lucas and Sons, Inc.",ACC-28758,Maddox Group - Full Bundle Annual,Enterprise,Energy,APAC,Sophia Nguyen,REP-105,Hana Takeda,,Full Bundle,Annual,LinkedIn Outbound,Collibra,Collibra,355400.0,355400.0,355400.0,0.27,,>$500k,09/15/2024,2025-04-25,222.0,7.0,4.0,3.0,,13.0,Closed Lost,Marvin Sharp,Head of Data Engineering,Manager,1.1,Marcus Ramirez,COO,True,5.0,8,8.0,False,False,,1.9,1.9,0.0,0.7,54.0,38.0,6.0,18.0,Quick question on the proposal,19.0,1.7,11.0,5.0,4.0,Discovery,8.0,4.0,90.0,15.0,Stable,3.0,True,1.0,,True,False,False,True,True,,True,False,False,False,,44.0,True,1.0,61.0,16.0,,0.0,,lost — price / budget.. no additional detail..,Information lose up decide support kitchen record himself consider opportunity price politics race he word morning.,9.0,Best Case,True,04/25/2026,True,Lost,No Decision / Stalled,Competitor Displacement
DL-1972,watkins and sons,ACC-88142,Schroeder-Crosby - Analytics Suite Annual,Enterprise,Manufacturing,Northeast,Emily Rodriguez,REP-103,Hana Takeda,Frankie Hale,Analytics Suite,Annual,Partner Referral,Databricks,,544200.0,435400.0,435400.0,0.2,,$150k–$500k,2024-07-05,"October 28, 2024",115.0,6.0,5.0,1.0,,,Closed Lost,Charlene Blackwell,Data Engineer,IC,4.0,,CFO,False,0.0,2,1.0,True,False,,1.6,1.8,0.2,0.19,32.0,6.0,5.0,1.0,,7.0,1.3,11.0,5.0,1.0,Pricing,2.0,1.0,83.0,8.0,Stable,1.0,True,1.0,True,True,False,False,True,False,True,True,True,False,True,8.0,,True,0.0,73.0,25.0,True,7.0,,"Champion was IC level, couldn't drive the purchase alone.",,7.0,,True,05/11/2026,True,Lost,No Decision / Stalled,Exec Vacuum
DL-1961,"Mercado,LeonandJones",ACC-19900,Maddox PLC - Analytics Suite Annual,Mid-Market,Technology,EMEA,Rachel Kim,REP-107,Liam Sutherland,Casey Wu,Analytics Suite,Annual,Partner Referral,Collibra,None / Greenfield,125800.0,125800.0,125800.0,0.0,,>$500k,"July 21, 2024",30-Oct-2024,101.0,3.0,3.0,0.0,41.0,12.0,Closed Lost,Erin Aguirre,Director of Data,Director,5.0,Valerie Rodriguez,SVP Technology,True,1.0,2,1.0,True,False,True,1.4,2.3,0.9,1.0,13.0,13.0,7.0,10.0,Introduction: Mills <> Tiger Data,8.0,2.3,7.0,2.0,1.0,Pricing,6.0,5.0,63.0,8.0,Contracting,1.0,True,3.0,False,True,True,True,False,True,True,,,False,True,20.0,,False,2.0,51.0,5.0,True,6.0,,lost — wrong timing.. no additional detail..,Generation per Democrat day take onto find several occur natural respond American area cultural mouth standard.,9.0,Best Case,False,07-May-2026,True,Lost,Missing Feature,
DL-1172,"JIMENEZ, ARNOLD AND AUSTIN",ACC-62621,Ortiz-Morris - Analytics Suite Annual,SMB,Insurance,West,Rachel Kim,REP-107,,Isla Berg,Analytics Suite,Annual,Cold Email Sequence,Alation,Snowflake,22800.0,22800.0,22800.0,0.0,True,<$50k,12/12/2024,2025-01-16,35.0,4.0,5.0,1.0,,5.0,Closed Lost,Matthew Williams,Data Architect,IC,7.0,Cassandra Johnson,CTO,True,3.0,6,4.0,True,False,True,1.3,2.6,1.3,0.88,42.0,37.0,0.0,1.0,Introduction: Lee <> Tiger Data,17.0,2.4,8.0,3.0,2.0,Demo,5.0,3.0,68.0,8.0,Contracting,1.0,True,1.0,False,False,False,False,True,False,True,,True,True,True,9.0,31.0,True,0.0,92.0,20.0,False,,45.0,Lost — price / budget. No additional detail.,Magazine better number student price moment red eight hand paper.,8.0,Omitted,False,24-Apr-2026,,Lost,Champion Left,
DL-1125,"Jimenez, Phillips and Meadows, Inc.",ACC-57986,Price-Johnson - Governance Module Annual,Enterprise,Technology,Midwest,Tyler Brooks,REP-108,Amara Osei,Jaylen Ford,Governance Module,Annual,Event / Conference,Collibra,,611900.0,611900.0,611900.0,0.0,False,,21-Feb-2024,05/30/2024,99.0,5.0,5.0,0.0,42.0,30.0,Closed Won,Laura Lee,Senior Data Engineer,IC,,Courtney Nichols,VP Operations,True,1.0,5,3.0,,,False,1.5,1.2,-0.3,0.46,26.0,12.0,5.0,0.0,Q4 pricing — URGENT,12.0,2.4,2.0,2.0,3.0,Discovery,6.0,4.0,93.0,5.0,Stable,0.0,True,2.0,,False,True,True,False,True,False,True,False,False,False,,94.0,False,1.0,63.0,4.0,,,,multi-threaded well.. finance and eng both bought in..,Trade public medical suddenly subject theory Congress best campaign else space several consumer quite friend become.,6.0,Pipeline,False,05-May-2026,False,Won,,
DL-1666,KERR AND SONS,ACC-44758,Gonzalez PLC - Governance Module Pilot,Mid-Market,Retail,Midwest,Sophia Nguyen,REP-105,,Henry Vasquez,Governance Module,Pilot,Cold Email Sequence,Collibra,,67400.0,57300.0,166300.0,0.28,True,,18-Apr-2024,07/31/2024,104.0,6.0,4.0,2.0,,13.0,Closed Lost,Michael Holmes,Data Platform Lead,Manager,10.3,Terrence Johnson,Head of Product,True,1.0,2,1.0,True,True,,1.4,2.0,0.6,0.22,36.0,8.0,0.0,16.0,RE: RE: RE: Next steps??,16.0,1.2,7.0,2.0,2.0,Executive QBR,8.0,5.0,86.0,-7.0,Contracting,3.0,True,2.0,False,False,False,False,True,True,True,True,False,False,False,,,,2.0,89.0,25.0,,1.0,34.0,Lost — champion left. No additional detail.,Offer piece machine early campaign health past still teacher raise travel.,10.0,Pipeline,True,05/04/2026,False,Lost,No Decision / Stalled,Competitor Displacement
DL-1377-DUP,"The Moore, Davis and Rodriguez, Inc.",ACC-63413,,SMB,Healthcare,EMEA,David Park,REP-104,Jordan Blake,Frankie Hale,Analytics Suite,Pilot,Inbound - Website,Atlan,None / Greenfield,24600.0,24600.0,72400.0,0.0,False,<$50k,2025-11-17,12/05/2025,18.0,5.0,3.0,0.0,41.0,,Closed Won,Morgan Young,Analytics Engineer,IC,10.4,Carrie Stafford,Director of IT,False,0.0,4,4.0,True,True,False,1.8,1.6,-0.2,0.34,32.0,11.0,7.0,4.0,RE: RE: RE: Next steps??,13.0,1.0,3.0,1.0,4.0,Technical Review,11.0,2.0,55.0,4.0,Contracting,0.0,False,0.0,False,False,True,True,False,False,,False,True,False,True,28.0,,False,2.0,51.0,15.0,False,4.0,,Multi-threaded well. Finance and Eng both bought in.,,7.0,Best Case,True,05/06/2026,,Won,,
DL-1834,"JOHNSON, HERNANDEZ AND JACKSON",ACC-23984,,Enterprise,Healthcare,APAC,Marcus Chen,REP-102,Jordan Blake,Grace Okonkwo,Core Platform,Monthly,PLG Expansion,None / Greenfield,Fivetran,253000.0,197300.0,412300.0,0.22,True,<$50k,2025-05-24,"December 14, 2025",204.0,47.0,6.0,1.0,12.0,34.0,Closed Lost,Robert Hines,Director of Data,Director,4.8,,Director of IT,True,5.0,7,5.0,True,,True,1.9,1.6,-0.3,0.22,23.0,5.0,34.0,34.0,RE: RE: RE: Next steps??,12.0,1.0,8.0,0.0,3.0,POC Review,14.0,5.0,79.0,-8.0,,1.0,False,0.0,False,True,True,True,False,True,True,True,True,,True,18.0,66.0,True,2.0,83.0,11.0,,0.0,20.0,Prospect stopped engaging after the proposal. No explanation given.,,6.0,Commit,True,"May 08, 2026",False,Lost,No Decision / Stalled,Ghost Stall
DL-1939,"Stanley, Morgan and Rubio, Inc.",ACC-70321,Curtis Group - Full Bundle Annual,Mid-Market,Manufacturing,APAC,Alex Morgan,REP-100,Hana Takeda,Isla Berg,Full Bundle,Annual,PLG Expansion,Collibra,Snowflake,94000.0,93100.0,93100.0,0.01,False,$150k–$500k,2025-08-04,2025-10-10,67.0,8.0,6.0,0.0,,,Closed Won,Elizabeth Macias,VP of Data,VP,5.0,,VP Operations,False,0.0,5,3.0,True,True,,0.8,0.8,0.0,0.83,53.0,44.0,3.0,10.0,Q4 pricing — URGENT,4.0,1.2,3.0,1.0,3.0,Discovery,3.0,1.0,88.0,1.0,Expanding,2.0,True,4.0,False,True,False,False,False,True,,True,False,,True,13.0,50.0,True,2.0,51.0,25.0,False,5.0,,Multi-threaded well. Finance and Eng both bought in.,None see painting compare blue low simply could.,8.0,Pipeline,False,16-May-2026,,Won,,
DL-1090,Griffin Group,ACC-61126,Barton-Chapman - Governance Module Multi-Year,Mid-Market,Education,APAC,Rachel Kim,REP-107,Hana Takeda,,Governance Module,Multi-Year,Executive Referral,Atlan,Snowflake,51700.0,51700.0,117700.0,0.0,,$50k–$150k,2025-02-27,04-May-2025,66.0,11.0,4.0,1.0,23.0,,Closed Won,Haley Johnson,Data Platform Lead,Manager,8.9,Jason Nixon,Director of IT,False,0.0,5,4.0,False,True,False,1.4,1.6,0.2,0.25,51.0,13.0,0.0,6.0,,14.0,2.9,9.0,3.0,1.0,POC Review,1.0,4.0,56.0,0.0,Stable,1.0,False,0.0,True,True,True,False,True,True,False,False,False,,True,15.0,,False,2.0,67.0,9.0,,,82.0,Multi-threaded well. Finance and Eng both bought in.,Story role give gas six miss give best reveal laugh.,10.0,Omitted,True,,False,Won,,
DL-1978,"Ortiz-Rodgers, Inc.",ACC-56708,"Hernandez, Mason and Rojas - Full Bundle Multi-Year",Mid-Market,Retail,APAC,Nina Petrov,REP-109,Jordan Blake,Jaylen Ford,Full Bundle,Multi-Year,Event / Conference,Starburst,Monte Carlo,88100.0,81100.0,211800.0,0.08,False,$50k–$150k,2025-11-22,2026-02-22,92.0,17.0,3.0,1.0,,,Closed Lost,Bradley Ibarra,Senior Data Engineer,IC,3.2,Frank Mercado,Director of IT,False,0.0,4,2.0,True,,False,0.7,1.1,0.4,0.38,32.0,12.0,0.0,1.0,fwd: technical review docs,16.0,2.9,12.0,5.0,1.0,Demo,10.0,2.0,89.0,9.0,Expanding,1.0,False,0.0,True,False,False,False,False,False,False,False,False,,False,,83.0,,1.0,68.0,5.0,False,,,Never got above the data team. Budget decision was above champion's level.,News team purpose law themselves near become city consumer employee wall he.,9.0,Omitted,False,"May 20, 2026",True,Lost,No Decision / Stalled,Exec Vacuum
DL-1181,Pena-Smith Inc,ACC-99056,Guerrero-Alvarado - Analytics Suite Pilot,Mid-Market,Financial Services,Northeast,Marcus Chen,REP-102,Hana Takeda,Grace Okonkwo,Analytics Suite,Pilot,Cold Email Sequence,Databricks,,128900.0,101800.0,272600.0,0.21,True,,"August 27, 2024",2024-10-29,63.0,17.0,2.0,1.0,23.0,27.0,Closed Won,Heather Rodriguez,Lead Data Engineer,IC,6.7,,COO,True,1.0,7,7.0,True,,False,1.1,2.6,1.5,0.93,14.0,13.0,7.0,6.0,,18.0,2.4,10.0,5.0,2.0,Technical Review,6.0,5.0,76.0,11.0,Contracting,2.0,False,0.0,False,False,True,True,False,True,False,,,False,False,,,False,1.0,66.0,13.0,False,,7.0,Multi-threaded well. Finance and Eng both bought in.,Meet report tough machine others because current whom night Republican always two figure majority season.,7.0,Pipeline,True,20-May-2026,,Won,,
DL-1363,"Gill, Palmer and Edwards Inc",ACC-93235,Erickson-Rios - Governance Module Monthly,SMB,Insurance,Southeast,Sophia Nguyen,REP-105,Jordan Blake,Grace Okonkwo,Governance Module,Monthly,LinkedIn Outbound,Snowflake,,30100.0,27400.0,63600.0,0.09,,$50k–$150k,"January 24, 2025",2025-02-22,29.0,19.0,5.0,1.0,44.0,28.0,Closed Won,Ashley Anderson,Data Architect,IC,9.8,Janice Chavez,Head of Product,True,5.0,5,3.0,False,True,True,2.1,2.3,0.2,0.3,23.0,7.0,3.0,3.0,Q4 pricing — URGENT,12.0,2.0,2.0,5.0,3.0,Discovery,12.0,5.0,90.0,4.0,,2.0,True,4.0,True,False,True,True,False,False,True,False,False,,True,22.0,,False,2.0,83.0,23.0,False,,,Fast cycle. Champion had budget approved before we even started.,,7.0,,True,2026-04-27,False,Won,,
DL-1274,"Stevenson PLC, Inc.",ACC-69848,Turner Group - Core Platform Monthly,SMB,Financial Services,Southeast,Alex Morgan,REP-100,,Henry Vasquez,Core Platform,Monthly,Inbound - Website,dbt Labs,Databricks,34100.0,34100.0,92900.0,0.0,True,$50k–$150k,26-Sep-2025,"November 02, 2025",37.0,16.0,6.0,0.0,,,Closed Lost,Sandra Hardy,Analytics Engineer,IC,4.5,Dr. Christine Wagner PhD,Chief Data Officer,False,0.0,4,3.0,True,,False,1.2,1.0,-0.2,1.0,47.0,47.0,6.0,1.0,fwd: technical review docs,20.0,2.4,5.0,5.0,2.0,POC Review,15.0,4.0,90.0,0.0,Stable,2.0,True,3.0,False,False,False,True,True,True,,True,True,,True,29.0,52.0,False,1.0,74.0,23.0,,5.0,,Lost — champion left. No additional detail.,Play woman remain event production focus decision where foreign trial card two participant above.,10.0,Best Case,False,,False,Lost,No Decision / Stalled,Exec Vacuum
DL-1964,"reynolds, curry and torres",ACC-70805,Wilson-Grant - Governance Module Monthly,Enterprise,Financial Services,EMEA,David Park,REP-104,Liam Sutherland,Casey Wu,Governance Module,Monthly,Outbound SDR,Fivetran,,509900.0,464000.0,960600.0,0.09,True,<$50k,11/03/2024,2025-02-07,96.0,27.0,6.0,0.0,,9.0,Closed Lost,Linda Garcia,Analytics Engineer,IC,9.2,Louis Stein,Chief Data Officer,True,4.0,6,4.0,False,False,,0.6,2.1,1.5,0.12,27.0,3.0,22.0,24.0,RE: RE: RE: Next steps??,18.0,2.8,7.0,0.0,2.0,Pricing,4.0,3.0,64.0,11.0,Stable,1.0,True,3.0,False,False,False,False,True,False,False,,False,True,False,,,False,0.0,62.0,9.0,False,,,Lost — wrong timing. No additional detail.,Game area fill bank peace safe bill information bit reason him political real.,6.0,Commit,False,2026-04-22,,Lost,Missing Feature,Ghost Stall
DL-1069,Smith PLC LLC,ACC-67331,Russell Group - Full Bundle Annual,SMB,Education,West,Tyler Brooks,REP-108,Amara Osei,Isla Berg,Full Bundle,Annual,PLG Expansion,Databricks,Starburst,26000.0,24400.0,24400.0,0.06,False,,2024-07-30,09/04/2024,36.0,50.0,5.0,1.0,,31.0,Closed Lost,,Analytics Manager,Manager,8.6,,VP Engineering,True,5.0,5,5.0,,True,,1.3,1.0,-0.3,0.17,10.0,1.0,18.0,38.0,RE: RE: RE: Next steps??,15.0,2.8,5.0,0.0,3.0,POC Review,6.0,2.0,70.0,-10.0,Expanding,1.0,True,2.0,False,True,False,True,True,True,True,,,False,True,22.0,,False,1.0,60.0,15.0,True,7.0,,Multiple follow-ups with no reply. Probably went internal.,Present discussion school sure also TV individual study value.,10.0,Commit,False,"May 02, 2026",True,Lost,Missing Feature,Ghost Stall
DL-1291,The Hall Ltd,ACC-45804,"Jones, Brown and Stone - Governance Module Annual",SMB,Media,West,Tyler Brooks,REP-108,Hana Takeda,Danny Patel,Governance Module,Annual,LinkedIn Outbound,Starburst,,16800.0,16300.0,16300.0,0.03,False,>$500k,2024-11-16,12/25/2024,39.0,6.0,3.0,0.0,33.0,,Closed Won,Scott Jenkins,Analytics Engineer,IC,9.5,,Director of IT,False,0.0,5,5.0,True,False,True,0.8,2.1,1.3,0.94,17.0,16.0,8.0,2.0,,3.0,1.0,10.0,2.0,2.0,Executive QBR,15.0,4.0,59.0,-4.0,Expanding,1.0,True,1.0,True,False,True,False,True,False,False,False,False,False,True,10.0,94.0,True,1.0,89.0,13.0,False,1.0,,"Strong champion, got exec in early. Smooth close.",,,Omitted,True,"May 07, 2026",,Won,,
DL-1131,"Caldwell, Hernandez and Davis LLC",ACC-22281,"Jones, Cummings and Conway - Full Bundle Annual",Mid-Market,Retail,Northeast,Tyler Brooks,REP-108,Amara Osei,Isla Berg,Full Bundle,Annual,PLG Expansion,dbt Labs,,45200.0,45200.0,45200.0,0.0,True,>$500k,17-Mar-2024,05/10/2024,54.0,5.0,2.0,1.0,17.0,,Closed Lost,Joyce Madden,Lead Data Engineer,IC,5.4,Anthony Li,CTO,False,5.0,7,1.0,False,False,True,1.8,9.48,7.68,0.64,25.0,16.0,8.0,1.0,Re: Follow up from our call,5.0,2.9,12.0,5.0,4.0,Executive QBR,29.0,5.0,49.0,-21.0,Expanding,2.0,False,0.0,True,False,True,True,True,False,,,False,True,True,23.0,,False,1.0,57.0,13.0,,0.0,53.0,Our champion got moved to a different team mid-deal. Lost access.,System growth quality international break surface three act catch.,7.0,Omitted,True,,False,Lost,Price / Budget,Champion Collapse
DL-1300,"Guerra, Frederick and Young, Inc.",ACC-37300,Simmons Group - Analytics Suite Pilot,Mid-Market,Manufacturing,Southwest,James O'Brien,REP-106,Liam Sutherland,Frankie Hale,Analytics Suite,Pilot,Inbound - Website,Databricks,Snowflake,82600.0,82600.0,213000.0,0.0,True,<$50k,2025-07-20,03-Oct-2025,75.0,9.0,4.0,1.0,,25.0,Closed Won,Nathan Sanchez,Head of Data Engineering,Manager,5.2,David Mitchell,Chief Data Officer,True,3.0,8,7.0,True,,,2.4,2.3,-0.1,0.78,18.0,14.0,5.0,9.0,[External] Re: Tiger Data POC,3.0,2.1,6.0,5.0,3.0,Demo,2.0,5.0,84.0,5.0,Expanding,1.0,False,0.0,True,,False,True,True,False,False,False,True,,True,27.0,,False,1.0,52.0,20.0,False,,,Fast cycle. Champion had budget approved before we even started.,Whose cut television loss week growth help likely institution participant item choose west lot seven into.,6.0,Commit,False,05/01/2026,False,Won,,
DL-1605,RomeroGroup,ACC-71892,Garcia-Brown - Governance Module Pilot,Mid-Market,Technology,Midwest,Rachel Kim,REP-107,Amara Osei,Elena Ruiz,Governance Module,Pilot,PLG Expansion,Monte Carlo,,68200.0,60700.0,128300.0,0.11,True,$150k–$500k,"May 20, 2024",01-Sep-2024,104.0,34.0,2.0,1.0,31.0,21.0,Closed Lost,Evelyn Novak,Senior Data Engineer,IC,,Donna Booker,VP Engineering,True,2.0,3,2.0,True,,False,0.9,2.8,1.9,0.14,43.0,6.0,28.0,25.0,,8.0,1.0,12.0,0.0,1.0,POC Review,3.0,2.0,68.0,2.0,Contracting,0.0,False,0.0,True,False,True,True,False,False,,True,True,False,False,,44.0,False,2.0,,19.0,True,4.0,41.0,lost — wrong timing.. no additional detail..,,,Commit,False,02-May-2026,True,Lost,Missing Feature,Ghost Stall
DL-1326,"The Wright, Hoover and Gonzalez",ACC-29471,"Patton, Garcia and Cross - Core Platform Pilot",Enterprise,Manufacturing,Northeast,Nina Petrov,REP-109,Jordan Blake,Grace Okonkwo,Core Platform,Pilot,Cold Email Sequence,None / Greenfield,,738100.0,738100.0,1963900.0,0.0,True,$150k–$500k,"December 15, 2024",27-Mar-2025,102.0,29.0,3.0,0.0,12.0,5.0,Closed Lost,Chelsea Bond,Head of Data Engineering,Manager,8.1,,SVP Technology,True,2.0,3,2.0,,True,,1.5,2.5,1.0,0.06,15.0,1.0,12.0,33.0,[External] Re: Tiger Data POC,15.0,2.8,2.0,0.0,1.0,Discovery,1.0,3.0,83.0,-4.0,Contracting,2.0,True,1.0,True,,True,True,True,False,False,True,False,,False,,,False,0.0,74.0,15.0,,6.0,34.0,Lost — no decision / stalled. No additional detail.,Although wrong upon international pattern before anything imagine fill plan discuss from look member popular.,8.0,,False,,True,Lost,No Decision / Stalled,Ghost Stall
DL-1144,The Miller Inc,ACC-90733,Bauer PLC - Core Platform Annual,SMB,Financial Services,Midwest,Marcus Chen,REP-102,Benjamin Cross,,Core Platform,Annual,Outbound SDR,Monte Carlo,Monte Carlo,27700.0,27700.0,27700.0,0.0,True,,"November 11, 2024","December 03, 2024",22.0,8.0,3.0,0.0,,,Closed Lost,Roberto Bartlett,VP of Data,VP,,Jerry Sullivan,CFO,False,1.0,2,1.0,True,,True,1.8,8.85,7.05,0.31,59.0,18.0,4.0,9.0,RE: RE: RE: Next steps??,6.0,1.1,8.0,5.0,1.0,Pricing,37.0,0.0,46.0,-24.0,Contracting,1.0,False,0.0,True,,False,False,True,False,,True,True,True,True,16.0,83.0,False,0.0,86.0,17.0,False,4.0,,our champion got moved to a different team mid-deal.. lost access..,Admit pull movement political peace series one red authority up blood skin feeling beat.,10.0,Pipeline,True,,True,Lost,Champion Left,Champion Collapse
DL-1898,The Todd Ltd,ACC-70181,Michael-Byrd - Analytics Suite Multi-Year,Mid-Market,Financial Services,Northeast,Alex Morgan,REP-100,Liam Sutherland,Casey Wu,Analytics Suite,Multi-Year,Outbound SDR,Monte Carlo,dbt Labs,130500.0,130500.0,273300.0,0.0,,$50k–$150k,06/25/2025,2025-09-18,85.0,20.0,5.0,0.0,,10.0,Closed Lost,Karen Bennett,Head of Data Engineering,Manager,10.4,,Director of IT,True,2.0,7,6.0,True,True,True,0.9,2.4,1.5,0.36,14.0,5.0,2.0,0.0,following up again...,3.0,2.7,7.0,5.0,4.0,Discovery,11.0,5.0,64.0,0.0,Stable,0.0,True,3.0,False,False,False,False,False,True,False,False,True,True,True,23.0,100.0,False,1.0,81.0,9.0,False,1.0,,lost — security / compliance failed.. no additional detail..,Show image American participant race model doctor explain entire admit require charge view style war.,6.0,Commit,False,05-May-2026,False,Lost,Price / Budget,
DL-1016-DUP,The Hernandez Inc Inc,ACC-69759,Riggs PLC - Full Bundle Pilot,SMB,Retail,Southeast,Sophia Nguyen,REP-105,Benjamin Cross,Isla Berg,Full Bundle,Pilot,Partner Referral,Monte Carlo,,29000.0,23500.0,68200.0,0.19,True,,05/20/2024,06/11/2024,22.0,18.0,2.0,1.0,,26.0,Closed Won,Angel Perry,Data Architect,IC,0.8,,CFO,True,1.0,3,3.0,True,False,True,0.6,1.6,1.0,0.78,18.0,14.0,7.0,2.0,Quick question on the proposal,5.0,2.5,8.0,4.0,4.0,Discovery,10.0,5.0,57.0,7.0,,0.0,False,0.0,True,False,False,True,False,True,False,True,True,True,False,,54.0,True,2.0,72.0,5.0,True,,,Fast cycle. Champion had budget approved before we even started.,,7.0,Best Case,True,,False,Won,,
DL-1668,"The Jimenez, Moyer and Duran",ACC-76651,Gallegos and Sons - Full Bundle Monthly,SMB,Retail,West,Marcus Chen,REP-102,Liam Sutherland,Danny Patel,Full Bundle,Monthly,Event / Conference,Monte Carlo,,17700.0,17700.0,46100.0,0.0,True,,07/04/2024,22-Jul-2024,18.0,9.0,2.0,1.0,23.0,23.0,Closed Lost,Brett Henry,Data Architect,IC,6.1,Brett Newman,VP Engineering,True,4.0,3,2.0,True,False,False,2.1,1.2,-0.9,0.42,31.0,13.0,6.0,9.0,,18.0,2.4,7.0,3.0,2.0,Executive QBR,6.0,2.0,81.0,14.0,,2.0,False,0.0,False,False,True,True,False,False,False,False,True,,False,,94.0,True,0.0,64.0,5.0,True,5.0,6.0,Lost — missing feature. No additional detail.,,10.0,Commit,False,"April 27, 2026",False,Lost,Missing Feature,
DL-1135,conner plc,ACC-23717,"Torres, Romero and Clark - Full Bundle Pilot",Enterprise,Healthcare,Southwest,Tyler Brooks,REP-108,Hana Takeda,Grace Okonkwo,Full Bundle,Pilot,PLG Expansion,Databricks,Snowflake,738300.0,664500.0,1901700.0,0.1,False,$50k–$150k,03/09/2025,07/05/2025,118.0,20.0,2.0,0.0,,,Closed Lost,Tiffany Cox,Data Platform Lead,Manager,2.4,Daniel Gibson,VP Operations,False,0.0,4,3.0,,True,,1.0,2.2,1.2,0.64,44.0,28.0,0.0,6.0,Q4 pricing — URGENT,9.0,2.6,3.0,4.0,2.0,Demo,5.0,4.0,75.0,-3.0,Expanding,2.0,True,1.0,True,,False,True,False,False,,,,False,True,29.0,,True,2.0,86.0,20.0,False,,10.0,Lost — no decision / stalled. No additional detail.,,9.0,Omitted,,05/15/2026,False,Lost,Missing Feature,
DL-1451,HaleyGroup,ACC-92205,Price-Boyd - Governance Module Annual,Enterprise,Education,Northeast,Alex Morgan,REP-100,,,Governance Module,Annual,Inbound - Website,Atlan,,221700.0,192900.0,192900.0,0.13,True,,07/21/2025,12-Dec-2025,144.0,14.0,6.0,0.0,,33.0,Closed Won,John Morris,Director of Data,Director,,Elizabeth Jones,Chief Data Officer,True,5.0,4,2.0,,False,True,0.5,2.5,2.0,0.64,56.0,36.0,8.0,0.0,,9.0,1.5,6.0,5.0,3.0,Discovery,3.0,3.0,67.0,-8.0,Contracting,2.0,False,0.0,False,False,False,False,False,False,,True,False,False,True,29.0,,False,1.0,79.0,5.0,False,7.0,,Fast cycle. Champion had budget approved before we even started.,Property decade safe order at sense cell lose civil will with within hospital city industry option eat go.,7.0,Pipeline,True,,True,Won,,
DL-1164,"king, manning and brady",ACC-97704,Jackson Inc - Analytics Suite Annual,Mid-Market,Logistics,Southeast,Rachel Kim,REP-107,Amara Osei,Elena Ruiz,Analytics Suite,Annual,Outbound SDR,Monte Carlo,Atlan,95800.0,83300.0,83300.0,0.13,True,<$50k,"August 28, 2024","November 25, 2024",89.0,7.0,3.0,0.0,,,Closed Lost,Timothy Kennedy,Lead Data Engineer,IC,10.2,Randy Warren,VP Operations,False,2.0,8,1.0,True,False,,0.8,7.95,7.15,0.69,16.0,11.0,7.0,3.0,,16.0,0.8,2.0,5.0,1.0,Executive QBR,35.0,1.0,41.0,-35.0,Contracting,2.0,False,0.0,False,,False,False,False,False,True,False,True,True,True,5.0,,,0.0,,15.0,False,,27.0,Lost — wrong timing. No additional detail.,Billion peace base use hope director scene kitchen call.,9.0,Best Case,False,2026-05-01,True,Lost,Champion Left,Champion Collapse
DL-1028,"Wright, Davis and Hayden",ACC-44413,"Matthews, Smith and Hubbard - Core Platform Pilot",SMB,Manufacturing,APAC,Priya Shah,REP-101,Benjamin Cross,Elena Ruiz,Core Platform,Pilot,Event / Conference,Starburst,,29400.0,29400.0,73100.0,0.0,True,,03-Jul-2024,"August 09, 2024",37.0,3.0,2.0,1.0,24.0,6.0,Closed Won,Laura Hines,Data Architect,IC,,Joseph Ramos,Director of IT,True,4.0,7,6.0,False,True,True,2.1,0.7,-1.4,0.44,59.0,26.0,6.0,9.0,,4.0,0.7,7.0,4.0,4.0,Demo,1.0,4.0,74.0,6.0,Stable,0.0,False,0.0,,True,True,True,False,True,,,,True,False,,,True,1.0,86.0,9.0,,3.0,,multi-threaded well.. finance and eng both bought in..,Consider one play man before girl four prove tax form really explain war.,9.0,Pipeline,True,2026-05-13,True,Won,,
DL-1587,"CONLEY, TODD AND SMITH",ACC-65046,,Mid-Market,Energy,Midwest,James O'Brien,REP-106,Benjamin Cross,Elena Ruiz,Full Bundle,Multi-Year,Event / Conference,Fivetran,,133500.0,133500.0,293700.0,0.0,True,$50k–$150k,2025-02-08,2025-04-08,59.0,17.0,3.0,1.0,29.0,,Closed Won,Selena Bailey,Senior Data Engineer,IC,,Chad Rivera,VP Operations,False,0.0,7,6.0,False,True,False,2.3,2.7,0.4,0.98,41.0,40.0,2.0,7.0,,20.0,1.7,3.0,5.0,3.0,,6.0,3.0,70.0,6.0,Stable,0.0,True,4.0,False,True,True,False,False,True,True,True,True,False,False,,,,0.0,85.0,23.0,,6.0,4.0,Close was delayed 2 weeks on legal but closed strong.,Indicate western tell on indeed senior much evidence television catch relationship member work throw evidence.,8.0,Omitted,,05/12/2026,True,Won,,
DL-1193,"The Huang, Ford and Olsen",ACC-33638,"Brown, Meyer and Cunningham - Governance Module Monthly",Mid-Market,Education,EMEA,Tyler Brooks,REP-108,Jordan Blake,Elena Ruiz,Governance Module,Monthly,Partner Referral,Snowflake,Fivetran,84400.0,84400.0,183500.0,0.0,True,,11/22/2024,18-Feb-2025,88.0,5.0,5.0,0.0,,,Closed Won,Kristen Smith,Analytics Manager,Manager,4.3,Evelyn Hendricks,VP Operations,False,0.0,3,2.0,True,False,False,1.2,1.6,0.4,0.73,15.0,11.0,5.0,4.0,fwd: technical review docs,4.0,1.6,7.0,2.0,4.0,Executive QBR,13.0,3.0,90.0,-8.0,Expanding,1.0,True,4.0,True,True,False,True,False,True,,True,True,False,True,25.0,,True,2.0,62.0,14.0,False,2.0,,Multi-threaded well. Finance and Eng both bought in.,,6.0,Best Case,False,2026-05-20,True,Won,,
DL-1429,"Soto, Alexander and Cobb, Inc.",ACC-95608,Thomas LLC - Core Platform Monthly,Mid-Market,Financial Services,Southwest,Rachel Kim,REP-107,Benjamin Cross,Danny Patel,Core Platform,Monthly,Event / Conference,Atlan,Atlan,98300.0,98300.0,215900.0,0.0,False,,23-Sep-2024,"November 29, 2024",67.0,17.0,2.0,1.0,,,Closed Lost,Lauren Moody,VP of Data,VP,8.6,Holly Douglas,Director of IT,False,0.0,7,1.0,False,True,True,0.7,6.42,5.72,0.45,22.0,10.0,3.0,3.0,,3.0,1.1,7.0,4.0,4.0,Technical Review,38.0,2.0,26.0,-22.0,Contracting,0.0,True,2.0,False,True,False,False,True,False,False,False,True,True,False,,35.0,,0.0,84.0,24.0,,,,Lost — price / budget. No additional detail.,Tree somebody decide best politics available tonight man each employee.,7.0,Commit,True,"April 30, 2026",True,Lost,Price / Budget,Champion Collapse
DL-1665,The Nguyen-Stone,ACC-96460,Johnson and Sons - Governance Module Annual,SMB,Healthcare,West,David Park,REP-104,Amara Osei,,Governance Module,Annual,Cold Email Sequence,Collibra,None / Greenfield,27900.0,27900.0,27900.0,0.0,False,$150k–$500k,10/22/2025,02-Dec-2025,41.0,7.0,2.0,0.0,27.0,,Closed Won,Mr. Nicholas Jones,VP of Data,VP,2.3,Joel Bradford,Director of IT,False,0.0,4,3.0,True,True,,1.2,2.3,1.1,0.4,52.0,21.0,7.0,5.0,[External] Re: Tiger Data POC,6.0,2.0,4.0,5.0,2.0,Pricing,2.0,5.0,94.0,4.0,Expanding,2.0,False,0.0,False,False,True,True,True,True,,True,,True,True,12.0,21.0,False,2.0,67.0,6.0,,4.0,2.0,Technical win — their data architect loved the architecture demo.,Build ago feeling whose realize but truth several more physical beautiful.,8.0,Pipeline,False,05/17/2026,True,Won,,
DL-1986,"Tucker-Allen, Inc.",ACC-48618,"Pope, Warner and Wheeler - Full Bundle Monthly",Mid-Market,Logistics,Southeast,Sophia Nguyen,REP-105,Jordan Blake,Frankie Hale,Full Bundle,Monthly,Inbound - Website,Collibra,,134100.0,111300.0,324000.0,0.17,True,,2024-03-21,"May 25, 2024",65.0,3.0,5.0,1.0,25.0,5.0,Closed Won,Anthony Anderson,Chief Data Officer,C-Suite,7.7,,SVP Technology,True,2.0,3,3.0,False,False,True,1.2,0.7,-0.5,0.18,45.0,8.0,5.0,3.0,[External] Re: Tiger Data POC,4.0,2.8,9.0,1.0,2.0,Demo,2.0,1.0,93.0,-5.0,Stable,1.0,False,0.0,False,False,True,True,True,True,False,False,False,,True,15.0,,True,1.0,,12.0,True,4.0,56.0,Fast cycle. Champion had budget approved before we even started.,,10.0,Commit,False,"April 30, 2026",False,Won,,
DL-1169,The Wright-Vang,ACC-97230,Murray Inc - Core Platform Monthly,Mid-Market,Logistics,Northeast,Marcus Chen,REP-102,Hana Takeda,Henry Vasquez,Core Platform,Monthly,Event / Conference,Monte Carlo,Monte Carlo,69400.0,68700.0,173800.0,0.01,True,$150k–$500k,"August 07, 2024",11/11/2024,96.0,13.0,6.0,0.0,,20.0,Closed Lost,Vickie Kennedy,Senior Data Engineer,IC,2.5,Emily Morris,CTO,True,4.0,3,2.0,,True,True,2.3,1.7,-0.6,0.39,18.0,7.0,2.0,9.0,Re: Follow up from our call,11.0,1.4,3.0,5.0,2.0,POC Review,8.0,5.0,66.0,13.0,,0.0,False,0.0,False,True,False,False,False,True,,True,False,,False,,58.0,,1.0,63.0,7.0,False,,21.0,Lost — security / compliance failed. No additional detail.,,10.0,,True,2026-05-17,False,Lost,Price / Budget,
DL-1525,The Marshall and Sons,ACC-47119,Terry PLC - Core Platform Pilot,Mid-Market,Financial Services,West,Tyler Brooks,REP-108,Jordan Blake,Isla Berg,Core Platform,Pilot,Cold Email Sequence,dbt Labs,Alation,145900.0,109400.0,311100.0,0.25,True,<$50k,11/01/2025,01/19/2026,79.0,19.0,4.0,1.0,,,Closed Won,Patrick Barnes,Chief Data Officer,C-Suite,12.0,Brad Martin,Chief Data Officer,False,0.0,3,1.0,,True,False,1.9,2.9,1.0,0.6,10.0,6.0,5.0,8.0,Introduction: Logan <> Tiger Data,11.0,1.2,8.0,1.0,4.0,POC Review,3.0,0.0,58.0,-7.0,Expanding,1.0,False,0.0,True,True,False,True,True,False,,False,False,True,True,14.0,,False,1.0,89.0,15.0,False,,60.0,Close was delayed 2 weeks on legal but closed strong.,Way production simple unit arm image it increase within free have final main young until how.,8.0,Pipeline,False,01-May-2026,True,Won,,
DL-1140,"The Bush, Holland and Fischer",ACC-84133,"Rodgers, Gonzalez and Hardy - Core Platform Multi-Year",Mid-Market,Retail,Midwest,Sophia Nguyen,REP-105,Jordan Blake,Isla Berg,Core Platform,Multi-Year,Partner Referral,Monte Carlo,,91700.0,83400.0,246300.0,0.09,True,$50k–$150k,25-Dec-2024,02/15/2025,52.0,4.0,5.0,0.0,10.0,9.0,Closed Won,Jerry Lucero,Data Engineer,IC,5.8,,CTO,True,1.0,6,5.0,,,False,0.9,0.8,-0.1,0.5,24.0,12.0,0.0,9.0,following up again...,7.0,2.1,6.0,3.0,1.0,Demo,3.0,4.0,57.0,1.0,Expanding,0.0,True,4.0,,,True,False,False,True,True,False,False,,True,14.0,34.0,True,2.0,78.0,6.0,False,1.0,40.0,"Competitive deal vs Monte Carlo, but we had the better integration story.",Help investment news candidate once effort form report choice child.,6.0,Omitted,True,2026-05-08,False,Won,,
DL-1173,Smith and Sons,ACC-18597,"Henry, Preston and Miller - Analytics Suite Monthly",Enterprise,Energy,Southeast,Alex Morgan,REP-100,Hana Takeda,Elena Ruiz,Analytics Suite,Monthly,Event / Conference,Starburst,,658800.0,494100.0,1310000.0,0.25,False,$150k–$500k,2024-06-04,2024-09-17,105.0,15.0,6.0,1.0,16.0,29.0,Closed Won,Amy Grant,Data Architect,IC,6.4,Jennifer Wood,CFO,True,1.0,8,8.0,True,False,,0.7,1.7,1.0,0.37,52.0,19.0,6.0,10.0,,11.0,2.9,12.0,1.0,3.0,,7.0,4.0,64.0,10.0,Contracting,2.0,True,4.0,True,False,True,False,True,True,,True,,True,False,,42.0,,0.0,88.0,15.0,,3.0,76.0,Multi-threaded well. Finance and Eng both bought in.,Statement entire American audience fight war whether best rise.,6.0,Pipeline,False,,False,Won,,
DL-1006,JONES LTD,ACC-83339,Perez Inc - Governance Module Pilot,Mid-Market,Technology,APAC,Alex Morgan,REP-100,Amara Osei,Elena Ruiz,Governance Module,Pilot,LinkedIn Outbound,Databricks,,125100.0,116300.0,267600.0,0.07,True,$150k–$500k,"December 15, 2024",2025-03-03,78.0,13.0,2.0,1.0,,,Closed Lost,Andrea Young,Analytics Engineer,IC,11.4,Cindy Anderson,SVP Technology,False,0.0,7,6.0,True,True,False,1.4,2.2,0.8,0.6,15.0,9.0,4.0,9.0,fwd: technical review docs,5.0,2.5,4.0,4.0,2.0,Executive QBR,2.0,2.0,60.0,-10.0,Stable,1.0,False,0.0,True,True,False,False,False,True,True,False,False,True,True,7.0,55.0,False,1.0,85.0,5.0,True,,98.0,Lost — security / compliance failed. No additional detail.,Office drug list imagine behind probably great in tell approach president position art rock song body court movie.,9.0,Omitted,True,2026-05-01,False,Lost,Price / Budget,Exec Vacuum
DL-1764,CarterandSons,ACC-41986,Lopez Group - Analytics Suite Annual,SMB,Logistics,APAC,Emily Rodriguez,REP-103,,Frankie Hale,Analytics Suite,Annual,Executive Referral,Alation,,24400.0,24400.0,24400.0,0.0,False,<$50k,26-Feb-2025,2025-03-16,18.0,50.0,3.0,0.0,45.0,16.0,Closed Lost,Thomas Bennett,Data Engineer,IC,,Brian Stokes,Director of IT,True,4.0,3,2.0,False,True,False,0.6,2.2,1.6,0.22,12.0,2.0,17.0,15.0,RE: RE: RE: Next steps??,15.0,2.9,12.0,0.0,1.0,Technical Review,2.0,2.0,89.0,14.0,Contracting,0.0,True,1.0,False,True,True,True,True,False,False,True,,,True,24.0,,True,1.0,70.0,18.0,False,2.0,45.0,Lost — chose competitor. No additional detail.,None site item drop new music when allow huge upon employee.,8.0,Commit,True,04/26/2026,False,Lost,No Decision / Stalled,Ghost Stall
DL-1519,JonesGroup,ACC-81085,Smith Group - Full Bundle Annual,Mid-Market,Retail,Southeast,Priya Shah,REP-101,Liam Sutherland,Casey Wu,Full Bundle,Annual,Partner Referral,Atlan,,118500.0,118500.0,118500.0,0.0,False,>$500k,"September 25, 2025","January 03, 2026",100.0,4.0,3.0,0.0,23.0,32.0,Closed Won,Katherine Webster,Analytics Engineer,IC,,Molly Oneal,Director of IT,True,5.0,6,4.0,False,True,False,2.1,0.7,-1.4,0.83,42.0,35.0,8.0,9.0,Q4 pricing — URGENT,4.0,1.0,11.0,5.0,2.0,,1.0,5.0,88.0,15.0,Contracting,2.0,True,4.0,True,True,True,False,True,True,,True,True,False,True,22.0,,False,0.0,76.0,23.0,True,3.0,77.0,"Competitive deal vs Atlan, but we had the better integration story.",While wall government painting responsibility see seem model imagine me matter source deal outside happen fear.,7.0,Omitted,False,2026-05-08,True,Won,,
DL-1678,Lane-Mitchell,ACC-22493,"Ibarra, Wiley and Baker - Governance Module Monthly",Enterprise,Retail,Midwest,Emily Rodriguez,REP-103,Benjamin Cross,Grace Okonkwo,Governance Module,Monthly,Event / Conference,Alation,,603400.0,603400.0,,0.0,False,$150k–$500k,12/07/2024,"July 08, 2025",213.0,43.0,4.0,1.0,16.0,24.0,Closed Lost,Megan Sandoval,Chief Data Officer,C-Suite,1.0,Brianna Williams,Chief Data Officer,True,4.0,3,1.0,True,,True,2.0,2.4,0.4,0.18,56.0,10.0,30.0,30.0,Checking in,16.0,0.7,10.0,0.0,2.0,POC Review,4.0,0.0,93.0,3.0,Stable,1.0,False,0.0,False,True,True,True,True,False,True,True,,True,True,17.0,49.0,False,2.0,68.0,4.0,True,,,Lost — price / budget. No additional detail.,,7.0,Pipeline,False,04/25/2026,,Lost,No Decision / Stalled,Ghost Stall
DL-1073,"The Fischer, Marks and Miller",ACC-55481,Rice-Cox - Governance Module Monthly,Enterprise,Logistics,West,David Park,REP-104,Jordan Blake,Elena Ruiz,Governance Module,Monthly,PLG Expansion,Alation,,158800.0,158800.0,363600.0,0.0,True,,05-Apr-2024,2024-10-08,186.0,42.0,6.0,0.0,,33.0,Closed Lost,Ashley Poole,Head of Data Engineering,Manager,3.0,,Chief Data Officer,True,5.0,8,6.0,False,False,,2.0,2.6,0.6,0.17,19.0,3.0,24.0,21.0,Quick question on the proposal,3.0,2.2,5.0,0.0,3.0,Demo,8.0,2.0,82.0,1.0,Contracting,0.0,True,2.0,True,True,False,True,False,True,True,True,True,False,False,,69.0,True,1.0,83.0,23.0,False,2.0,86.0,Lost — no decision / stalled. No additional detail.,Foreign minute break day on before member speak law message lead.,9.0,Best Case,True,05/05/2026,True,Lost,Missing Feature,Ghost Stall
DL-1713,GARCIA PLC,ACC-61112,Kelly Ltd - Governance Module Monthly,Enterprise,Healthcare,Southeast,Emily Rodriguez,REP-103,Liam Sutherland,Jaylen Ford,Governance Module,Monthly,Executive Referral,None / Greenfield,,361100.0,288900.0,587200.0,0.2,,<$50k,21-Dec-2023,"May 16, 2024",147.0,7.0,3.0,1.0,,,Closed Lost,Eduardo Booth,Data Platform Lead,Manager,,Nicholas Ramos MD,VP Engineering,False,3.0,4,1.0,False,True,,0.9,6.43,5.53,0.62,58.0,36.0,8.0,0.0,[External] Re: Tiger Data POC,5.0,2.7,10.0,4.0,4.0,Technical Review,18.0,2.0,26.0,-22.0,Contracting,1.0,True,1.0,,True,False,True,True,True,,False,False,True,True,15.0,72.0,,2.0,89.0,12.0,True,8.0,8.0,Lost — price / budget. No additional detail.,Or however usually would difference sport carry painting either heavy soldier.,10.0,Best Case,False,"April 26, 2026",,Lost,Price / Budget,Champion Collapse
DL-1675,The Castillo-Dawson,ACC-82569,,Enterprise,Logistics,Southwest,David Park,REP-104,Liam Sutherland,Henry Vasquez,Core Platform,Annual,Executive Referral,None / Greenfield,,641800.0,455700.0,455700.0,0.29,False,,"January 06, 2024","May 13, 2024",128.0,17.0,5.0,1.0,42.0,,Closed Lost,Eric Gardner,Analytics Engineer,IC,2.9,Kathleen Evans,SVP Technology,False,0.0,7,1.0,False,True,,1.0,7.45,6.45,0.32,34.0,11.0,5.0,3.0,Introduction: Marsh <> Tiger Data,15.0,2.7,11.0,1.0,4.0,,27.0,3.0,39.0,-32.0,Stable,1.0,True,1.0,,True,True,True,True,True,True,,True,True,True,7.0,31.0,True,0.0,95.0,11.0,,,,lost — no decision / stalled.. no additional detail..,Or type those become staff history girl real almost teach almost image good recognize like also.,8.0,Best Case,True,04/25/2026,,Lost,Champion Left,Champion Collapse
DL-1238,"Brown, Baker and Garza Inc",ACC-38362,Jensen-Gomez - Core Platform Annual,Enterprise,Media,Northeast,Priya Shah,REP-101,Amara Osei,Frankie Hale,Core Platform,Annual,Cold Email Sequence,Fivetran,,197900.0,180100.0,180100.0,0.09,,$50k–$150k,08/15/2024,"March 18, 2025",215.0,13.0,5.0,0.0,36.0,,Closed Lost,Erica Johnson,VP of Data,VP,8.8,Russell Bailey,SVP Technology,False,3.0,8,1.0,False,,,1.6,7.78,6.18,0.83,52.0,43.0,1.0,2.0,following up again...,10.0,1.9,3.0,2.0,4.0,Executive QBR,28.0,2.0,21.0,-25.0,,0.0,True,1.0,False,True,True,True,True,True,,True,,True,True,13.0,,True,1.0,94.0,23.0,False,1.0,,New data lead came in and had a prior relationship with Snowflake.,Agree through game best generation group goal product easy possible or travel assume figure front after for leave.,8.0,Best Case,True,2026-05-12,True,Lost,Price / Budget,Champion Collapse
DL-1145,James-Short,ACC-96651,,Enterprise,Healthcare,APAC,Sophia Nguyen,REP-105,Liam Sutherland,Frankie Hale,Governance Module,Monthly,Partner Referral,None / Greenfield,Alation,616300.0,486900.0,1161800.0,0.21,False,<$50k,27-Feb-2025,2025-09-21,206.0,20.0,4.0,0.0,17.0,26.0,Closed Won,Paul Robles,Chief Data Officer,C-Suite,11.3,Elizabeth Walters,CFO,True,3.0,2,1.0,False,,False,2.0,1.4,-0.6,0.35,34.0,12.0,5.0,9.0,Quick question on the proposal,4.0,1.0,12.0,4.0,2.0,,3.0,5.0,80.0,11.0,Expanding,1.0,False,0.0,False,True,True,True,True,True,False,False,True,True,False,,,False,0.0,69.0,22.0,,,93.0,"Strong champion, got exec in early. Smooth close.",,7.0,Commit,True,"May 05, 2026",False,Won,,
DL-1823,"Cohen Group, Inc.",ACC-17849,"Hale, Calhoun and Martin - Full Bundle Annual",Mid-Market,Energy,EMEA,Priya Shah,REP-101,Amara Osei,,Full Bundle,Annual,PLG Expansion,Atlan,,56300.0,54000.0,54000.0,0.04,False,<$50k,06/15/2025,"September 14, 2025",91.0,17.0,5.0,1.0,10.0,14.0,Closed Won,Ruth Stanton,Data Architect,IC,5.0,,COO,True,3.0,5,4.0,True,,True,2.4,2.3,-0.1,0.34,41.0,14.0,2.0,2.0,,15.0,1.7,5.0,2.0,2.0,Pricing,15.0,2.0,88.0,-7.0,Expanding,2.0,True,2.0,True,True,True,False,False,False,False,True,False,True,True,8.0,20.0,False,1.0,88.0,25.0,,8.0,55.0,fast cycle.. champion had budget approved before we even started..,Step upon claim huge leave mean man suggest similar money training.,9.0,Commit,,"May 07, 2026",False,Won,,
DL-1234,"roberts, bowen and miller",ACC-93557,Wilson-Campbell - Analytics Suite Monthly,SMB,,APAC,Nina Petrov,REP-109,Benjamin Cross,Elena Ruiz,Analytics Suite,Monthly,LinkedIn Outbound,Snowflake,Snowflake,20600.0,20600.0,55300.0,0.0,,,"July 18, 2024",15-Aug-2024,28.0,9.0,5.0,1.0,40.0,,Closed Lost,Emily Cherry,Analytics Manager,Manager,3.8,Julian Roberts,,,,5,1.0,,True,True,0.9,8.18,7.28,0.73,26.0,19.0,1.0,5.0,Introduction: Farmer <> Tiger Data,7.0,1.9,6.0,1.0,1.0,Demo,24.0,2.0,20.0,-29.0,,2.0,False,,True,False,True,True,False,False,True,,False,,False,,,False,,56.0,13.0,True,4.0,,our champion got moved to a different team mid-deal.. lost access..,,,,True,04/22/2026,,Lost,Champion Left,Champion Collapse
DL-1220,"Johnston, Clark and Cohen",ACC-96691,"Gilmore, Fitzgerald and Brown - Core Platform Multi-Year",SMB,Energy,EMEA,Rachel Kim,REP-107,Hana Takeda,Frankie Hale,Core Platform,Multi-Year,Cold Email Sequence,Monte Carlo,,34100.0,32700.0,,0.04,False,<$50k,05/06/2024,2024-05-28,22.0,7.0,2.0,0.0,,,Closed Lost,Megan Barron,Analytics Engineer,IC,1.0,Jacob Harvey,VP Operations,False,0.0,6,6.0,False,,False,1.8,0.8,-1.0,0.5,44.0,22.0,8.0,6.0,Re: Follow up from our call,6.0,1.3,9.0,1.0,3.0,,8.0,5.0,59.0,-2.0,Expanding,2.0,True,3.0,False,False,False,True,True,False,,True,False,True,True,11.0,,False,0.0,60.0,14.0,True,7.0,,Lost — wrong timing. No additional detail.,Hand possible relate night similar catch friend much power say sell that reflect send.,6.0,Commit,False,2026-04-25,False,Lost,No Decision / Stalled,Exec Vacuum
DL-1214,"Martin, Sanchez and Perkins",ACC-92762,Garcia Ltd - Governance Module Pilot,Enterprise,Manufacturing,EMEA,James O'Brien,REP-106,Benjamin Cross,Danny Patel,Governance Module,Pilot,Cold Email Sequence,Monte Carlo,,361600.0,347100.0,774200.0,0.04,False,$50k–$150k,"April 01, 2025",2025-09-15,167.0,47.0,5.0,1.0,36.0,30.0,Closed Lost,Paula Smith,Analytics Engineer,IC,,Mr. Christopher Davis,SVP Technology,True,1.0,5,3.0,False,False,False,1.7,0.7,-1.0,0.21,36.0,7.0,32.0,32.0,[External] Re: Tiger Data POC,4.0,1.4,12.0,0.0,1.0,Technical Review,14.0,4.0,94.0,-8.0,Stable,0.0,True,2.0,,False,True,True,True,False,True,True,True,,True,26.0,,,0.0,76.0,6.0,,6.0,38.0,Lost — security / compliance failed. No additional detail.,Thought indicate southern significant realize deal policy mission include visit particular also conference matter wear physical site girl.,9.0,Omitted,,2026-05-10,True,Lost,Missing Feature,Ghost Stall
DL-1688,,ACC-76786,,Enterprise,,West,James O'Brien,REP-106,Jordan Blake,Jaylen Ford,,Multi-Year,Partner Referral,dbt Labs,None / Greenfield,400400.0,284300.0,679600.0,0.29,False,<$50k,03/04/2024,,194.0,13.0,,1.0,,,Closed Lost,Kari Steele,Senior Data Engineer,IC,5.5,Tara George,Chief Data Officer,False,0.0,3,2.0,False,False,False,1.0,0.8,-0.2,0.71,45.0,32.0,,10.0,[External] Re: Tiger Data POC,8.0,,11.0,,4.0,,4.0,0.0,86.0,-4.0,Expanding,,False,0.0,True,True,False,False,False,,True,False,True,,True,6.0,80.0,,1.0,72.0,15.0,,,,"Champion was IC level, couldn't drive the purchase alone.",Billion will pay reason condition five though share management common center man hold effort.,8.0,Commit,True,"May 05, 2026",False,Lost,Price / Budget,Exec Vacuum
DL-1132,"Jackson, Howard and Kim LLC",ACC-42587,,SMB,Healthcare,West,James O'Brien,REP-106,Liam Sutherland,Danny Patel,Analytics Suite,Monthly,Inbound - Website,Snowflake,Snowflake,34500.0,34500.0,81400.0,0.0,False,,2024-05-10,"June 15, 2024",36.0,7.0,5.0,1.0,,,Closed Lost,Brian Ross,Lead Data Engineer,IC,,Russell Vaughn,CFO,False,0.0,3,1.0,True,False,True,1.3,8.4,7.1,0.84,44.0,37.0,3.0,9.0,[External] Re: Tiger Data POC,15.0,1.2,5.0,5.0,1.0,POC Review,37.0,5.0,46.0,-30.0,Expanding,2.0,False,0.0,True,True,False,True,False,True,True,False,,True,True,16.0,72.0,True,2.0,54.0,5.0,False,6.0,33.0,Our champion got moved to a different team mid-deal. Lost access.,Son power someone both receive around wall city indeed opportunity soon question consider here grow agreement.,6.0,Best Case,False,"May 09, 2026",False,Lost,Champion Left,Champion Collapse
DL-1985-DUP,THE STEVENS-GIBBS,ACC-47797,Andrews-Burns - Governance Module Pilot,SMB,Energy,Southwest,Rachel Kim,REP-107,Jordan Blake,Casey Wu,Governance Module,Pilot,Inbound - Website,Snowflake,Starburst,31100.0,31100.0,77600.0,0.0,True,>$500k,"July 08, 2025","August 04, 2025",27.0,17.0,5.0,0.0,16.0,29.0,Closed Won,Kyle Raymond,BI Lead,Manager,1.9,Michael Sanders,VP Operations,True,4.0,4,4.0,False,False,False,1.9,2.5,0.6,0.69,13.0,9.0,4.0,5.0,[External] Re: Tiger Data POC,16.0,0.6,5.0,4.0,2.0,Executive QBR,12.0,2.0,65.0,-7.0,Contracting,2.0,True,4.0,True,True,True,True,False,True,True,True,,True,True,15.0,57.0,False,2.0,86.0,24.0,,8.0,,Close was delayed 2 weeks on legal but closed strong.,,8.0,Pipeline,False,09-May-2026,False,Won,,
DL-1457,Fowler-Sherman LLC,ACC-20161,Baker Ltd - Core Platform Pilot,Enterprise,Insurance,Northeast,Rachel Kim,REP-107,Hana Takeda,,Core Platform,Pilot,Event / Conference,Starburst,Databricks,564700.0,519500.0,1142700.0,0.08,True,>$500k,31-Oct-2025,2026-02-21,113.0,18.0,2.0,0.0,,,Closed Lost,Mr. Jeffrey Ward,Senior Data Engineer,IC,6.0,Christopher Smith,Chief Data Officer,False,0.0,8,6.0,True,False,True,0.6,2.9,2.3,0.08,60.0,5.0,0.0,5.0,Introduction: Edwards <> Tiger Data,12.0,1.0,9.0,5.0,2.0,Technical Review,14.0,4.0,71.0,6.0,Expanding,1.0,True,3.0,True,False,False,False,True,False,,False,,False,False,,76.0,False,0.0,83.0,3.0,,,8.0,"Champion was IC level, couldn't drive the purchase alone.",Ok training record night series Mrs huge receive cup bed our.,10.0,Commit,False,05/03/2026,,Lost,No Decision / Stalled,Exec Vacuum
DL-1684,RobinsonLLC,ACC-11592,Mcdonald-Jones - Governance Module Annual,Mid-Market,Healthcare,APAC,James O'Brien,REP-106,,Casey Wu,Governance Module,Annual,Event / Conference,Fivetran,,145200.0,108900.0,108900.0,0.28,True,,"January 21, 2026",17-Mar-2026,55.0,13.0,6.0,1.0,,24.0,Closed Lost,Meagan Patterson,Data Engineer,IC,11.2,Timothy Smith,CTO,True,4.0,5,5.0,False,True,True,1.7,0.8,-0.9,0.6,25.0,15.0,4.0,15.0,Re: Follow up from our call,15.0,0.5,8.0,5.0,4.0,Technical Review,3.0,3.0,92.0,-7.0,Expanding,4.0,True,3.0,False,False,False,False,True,True,False,False,,True,False,,,,2.0,84.0,9.0,,0.0,43.0,Lost — price / budget. No additional detail.,,9.0,Best Case,False,"May 12, 2026",,Lost,Chose Competitor,Competitor Displacement
DL-1422,Copeland Group,ACC-53733,Leon PLC - Full Bundle Annual,Mid-Market,Retail,Northeast,Alex Morgan,REP-100,,Henry Vasquez,Full Bundle,Annual,Inbound - Website,None / Greenfield,None / Greenfield,83600.0,71100.0,71100.0,0.24,True,$150k–$500k,01-Feb-2025,2025-05-11,99.0,17.0,6.0,2.0,41.0,16.0,Closed Lost,Eric Palmer,Lead Data Engineer,IC,10.3,Dana Lindsey,Chief Data Officer,True,2.0,3,3.0,False,True,True,0.9,2.2,1.3,0.61,18.0,11.0,1.0,18.0,Introduction: Newton <> Tiger Data,4.0,2.5,12.0,4.0,2.0,Pricing,2.0,5.0,61.0,15.0,Stable,4.0,True,1.0,False,True,True,True,True,True,True,False,True,False,True,30.0,,True,0.0,50.0,14.0,False,6.0,50.0,Snowflake offered a massive discount at the last minute. We couldn't match.,Of Democrat very ever read control maybe animal human consider expect above debate site.,7.0,Pipeline,False,"April 29, 2026",False,Lost,No Decision / Stalled,Competitor Displacement
DL-1185,"The Chan, Anderson and Mathis",ACC-49307,Joseph-Brooks - Core Platform Pilot,Mid-Market,Manufacturing,APAC,Marcus Chen,REP-102,Hana Takeda,Grace Okonkwo,Core Platform,Pilot,Event / Conference,Snowflake,,90200.0,76700.0,201900.0,0.15,False,>$500k,2025-09-25,"November 21, 2025",57.0,5.0,6.0,1.0,18.0,14.0,Closed Won,Katherine Taylor,Analytics Manager,Manager,,Andrew Duran,Director of IT,True,1.0,4,3.0,,True,True,1.2,2.9,1.7,0.81,16.0,13.0,2.0,2.0,,10.0,2.2,8.0,5.0,2.0,Technical Review,12.0,0.0,78.0,12.0,Expanding,2.0,False,0.0,False,False,True,True,True,True,True,False,True,False,False,,36.0,True,2.0,,13.0,False,3.0,98.0,Technical win — their data architect loved the architecture demo.,Understand wear development provide dark daughter computer western.,9.0,Omitted,False,2026-05-15,False,Won,,
DL-1041,"The Wilson, Pena and Rich",ACC-87251,"Le, Lewis and Hayes - Core Platform Annual",SMB,Retail,Northeast,Rachel Kim,REP-107,Jordan Blake,Henry Vasquez,Core Platform,Annual,Outbound SDR,Atlan,,13300.0,13300.0,13300.0,0.0,True,,2024-06-20,07/23/2024,33.0,3.0,3.0,0.0,,31.0,Closed Won,Gerald Chavez,Director of Data,Director,4.7,Brandon Simmons,VP Engineering,True,5.0,4,4.0,True,True,False,0.6,0.8,0.2,0.38,48.0,18.0,0.0,4.0,Quick question on the proposal,6.0,2.4,11.0,2.0,2.0,Technical Review,2.0,3.0,72.0,8.0,Expanding,1.0,False,0.0,False,False,False,True,True,True,True,False,,False,True,29.0,70.0,,2.0,95.0,11.0,False,1.0,,"Strong champion, got exec in early. Smooth close.",Hear check type attack story behavior benefit school speech news only no.,6.0,Pipeline,False,"May 18, 2026",False,Won,,
DL-1638,HARTMAN PLC,ACC-70446,"Wolfe, Rush and Davis - Analytics Suite Multi-Year",Enterprise,Media,Southeast,David Park,REP-104,Amara Osei,Grace Okonkwo,Analytics Suite,Multi-Year,PLG Expansion,Monte Carlo,,438500.0,438500.0,883600.0,0.0,True,<$50k,"August 15, 2024","February 22, 2025",191.0,19.0,6.0,0.0,26.0,,Closed Lost,Vanessa Bishop,Senior Data Engineer,IC,8.0,Stacey Rodriguez,COO,False,0.0,2,1.0,False,True,False,1.6,2.4,0.8,0.72,36.0,26.0,4.0,6.0,Re: Follow up from our call,3.0,1.0,11.0,2.0,1.0,Demo,6.0,5.0,66.0,4.0,Contracting,2.0,True,1.0,True,True,True,False,False,False,True,False,False,,True,12.0,20.0,,1.0,71.0,8.0,True,0.0,29.0,no exec sponsor.. deal died when q4 budgets froze..,,8.0,,True,,,Lost,No Decision / Stalled,Exec Vacuum
DL-1108,"Wright, Kelly and Palmer, Inc.",ACC-60236,"Evans, Wilkins and Thompson - Full Bundle Pilot",SMB,Healthcare,Southeast,Tyler Brooks,REP-108,,,Full Bundle,Pilot,Executive Referral,Starburst,None / Greenfield,13400.0,13400.0,30400.0,0.0,True,,"October 09, 2024",11/06/2024,28.0,16.0,2.0,0.0,16.0,12.0,Closed Won,Sarah Hawkins,Analytics Manager,Manager,11.1,,Head of Product,True,2.0,5,4.0,False,False,,1.7,1.7,0.0,0.5,12.0,6.0,2.0,2.0,,4.0,0.8,6.0,1.0,3.0,Discovery,2.0,3.0,91.0,-9.0,Stable,0.0,True,4.0,,False,True,False,False,False,False,False,False,False,False,,,True,0.0,86.0,19.0,,,40.0,technical win — their data architect loved teh architecture demo..,Building article sit develop cup hundred rather visit base only.,7.0,Pipeline,False,2026-05-07,True,Won,,
DL-1616,Espinoza Inc Inc,ACC-46476,Lewis Ltd - Analytics Suite Monthly,Enterprise,Manufacturing,EMEA,James O'Brien,REP-106,Amara Osei,,Analytics Suite,Monthly,Outbound SDR,dbt Labs,,652600.0,606900.0,1582700.0,0.07,True,$150k–$500k,2023-12-20,26-Jun-2024,189.0,16.0,6.0,1.0,,,Closed Lost,Aaron Lopez,Analytics Manager,Manager,,,VP Operations,False,4.0,4,1.0,True,,False,0.5,6.78,6.28,0.8,10.0,8.0,2.0,1.0,,20.0,1.7,8.0,3.0,3.0,POC Review,25.0,4.0,20.0,-20.0,Expanding,2.0,True,3.0,True,,False,False,False,False,False,False,False,,False,,,False,0.0,56.0,8.0,,6.0,88.0,New data lead came in and had a prior relationship with Snowflake.,Behind forward stop against close trade everything few certain buy best fish all cover eye agreement note.,6.0,Pipeline,False,,True,Lost,Champion Left,Champion Collapse
DL-1056,Morrison-Short,ACC-25834,"Carter, Garcia and Murphy - Analytics Suite Monthly",SMB,Financial Services,Southwest,Tyler Brooks,REP-108,Jordan Blake,,Analytics Suite,Monthly,Inbound - Website,Databricks,,12500.0,12500.0,27700.0,0.0,False,,12/02/2024,"December 26, 2024",24.0,35.0,6.0,0.0,,7.0,Closed Lost,Jeremy Robbins,Data Architect,IC,7.4,,Head of Product,True,1.0,2,1.0,True,True,False,1.2,1.0,-0.2,0.08,51.0,4.0,33.0,13.0,Checking in,19.0,2.2,12.0,0.0,4.0,POC Review,9.0,1.0,55.0,-9.0,Contracting,1.0,True,3.0,,True,False,True,False,True,False,True,,True,True,12.0,74.0,,0.0,50.0,8.0,False,,26.0,Lost — no decision / stalled. No additional detail.,,,Omitted,False,2026-05-02,False,Lost,Missing Feature,Ghost Stall
DL-1449,Roman-Freeman,ACC-86464,"Bryant, Davis and Chase - Analytics Suite Monthly",SMB,Logistics,APAC,Emily Rodriguez,REP-103,Hana Takeda,Grace Okonkwo,Analytics Suite,Monthly,Executive Referral,Alation,,29300.0,29300.0,71600.0,0.0,True,$150k–$500k,"April 12, 2025",05/20/2025,38.0,4.0,6.0,1.0,,,Closed Won,Deborah Casey,Lead Data Engineer,IC,8.5,Alexander Daniels,Head of Product,False,0.0,7,6.0,True,True,False,0.6,0.5,-0.1,0.66,59.0,39.0,0.0,10.0,[External] Re: Tiger Data POC,18.0,0.5,3.0,4.0,1.0,Executive QBR,8.0,2.0,75.0,-6.0,Expanding,1.0,False,0.0,False,False,False,True,False,True,True,True,False,False,True,9.0,30.0,False,2.0,57.0,4.0,,7.0,76.0,Fast cycle. Champion had budget approved before we even started.,Dinner leader book nearly fast their film job worker bar.,6.0,Commit,True,05/18/2026,,Won,,
DL-1773,"Bender, Martin and Mcdonald Inc",ACC-45861,"Wade, Choi and Hill - Governance Module Monthly",Enterprise,Energy,Southwest,Sophia Nguyen,REP-105,Hana Takeda,Grace Okonkwo,Governance Module,Monthly,Inbound - Website,Fivetran,,236000.0,236000.0,510200.0,0.0,False,$150k–$500k,2024-01-06,05/06/2024,121.0,13.0,4.0,0.0,31.0,,Closed Lost,Felicia Gordon,Data Engineer,IC,5.8,Nancy Moreno,SVP Technology,False,0.0,4,2.0,,False,True,1.4,1.2,-0.2,0.53,15.0,8.0,1.0,5.0,fwd: technical review docs,15.0,2.2,3.0,3.0,4.0,Technical Review,2.0,5.0,79.0,-5.0,Stable,0.0,True,1.0,False,False,True,True,True,False,,True,True,,False,,,True,1.0,59.0,14.0,True,7.0,,No exec sponsor. Deal died when Q4 budgets froze.,Commercial simple record report local identify commercial science entire lot probably single gun under television point five health.,10.0,Best Case,True,19-May-2026,False,Lost,No Decision / Stalled,Exec Vacuum
DL-1589,The Lloyd LLC,ACC-18497,Clark LLC - Governance Module Annual,Mid-Market,Logistics,Northeast,Sophia Nguyen,REP-105,Hana Takeda,Casey Wu,Governance Module,Annual,Event / Conference,Databricks,None / Greenfield,98500.0,82700.0,82700.0,0.16,True,,"March 15, 2024",05/02/2024,48.0,11.0,6.0,0.0,44.0,,Closed Won,Andrew Harris,Head of Data Engineering,Manager,2.8,Kristi White,Director of IT,False,0.0,7,7.0,True,False,True,2.0,1.5,-0.5,0.22,50.0,11.0,7.0,6.0,following up again...,8.0,1.7,5.0,4.0,1.0,Discovery,6.0,0.0,57.0,-10.0,Expanding,2.0,False,0.0,False,,True,True,True,False,True,False,True,True,True,5.0,43.0,,2.0,65.0,24.0,True,4.0,25.0,Close was delayed 2 weeks on legal but closed strong.,Exist expect mind pay history people respond century white real.,7.0,Best Case,True,2026-05-17,,Won,,
DL-1895,"Thomas, Mcdonald and Frank LLC",ACC-70636,Rogers-Williams - Core Platform Multi-Year,Enterprise,Insurance,Midwest,Priya Shah,REP-101,Liam Sutherland,Grace Okonkwo,Core Platform,Multi-Year,Event / Conference,Alation,,501200.0,406000.0,960200.0,0.31,True,,06-Jun-2025,2025-12-03,180.0,13.0,5.0,2.0,,,Closed Lost,Kimberly Adams,Director of Data,Director,9.5,Joshua Jacobs,CFO,False,0.0,3,2.0,False,False,True,2.5,0.9,-1.6,0.2,44.0,9.0,5.0,16.0,,4.0,0.8,3.0,5.0,4.0,Discovery,13.0,4.0,75.0,7.0,Stable,3.0,True,1.0,False,False,False,False,True,False,True,True,False,False,False,,80.0,True,2.0,92.0,10.0,False,,40.0,Lost to Fivetran on connector breadth. They had 200+ native connectors.,,10.0,Commit,True,07-May-2026,False,Lost,Chose Competitor,Competitor Displacement
DL-1435,"Thompson, Hunter and Palmer",ACC-71928,"Evans, Camacho and Wright - Governance Module Pilot",Mid-Market,Education,Southwest,James O'Brien,REP-106,,,Governance Module,Pilot,Event / Conference,Snowflake,Starburst,124400.0,90800.0,230100.0,0.3,False,$150k–$500k,2025-06-23,09/06/2025,75.0,17.0,2.0,3.0,,,Closed Lost,Justin Parker,Analytics Manager,Manager,1.8,William Bautista,CTO,False,0.0,4,2.0,True,False,True,2.0,1.5,-0.5,0.66,47.0,31.0,3.0,11.0,,16.0,1.5,3.0,4.0,2.0,,13.0,1.0,84.0,12.0,Stable,7.0,True,3.0,True,True,False,True,False,False,True,,,False,False,,45.0,False,2.0,89.0,10.0,,2.0,,They went with Databricks. Had deeper existing footprint.,According throw meeting many condition set pull behind television garden reach state cover board discussion film figure.,7.0,Commit,False,"May 01, 2026",False,Lost,No Decision / Stalled,Competitor Displacement
DL-1024,newton ltd,ACC-11276,Lee Ltd - Analytics Suite Annual,Enterprise,Manufacturing,West,Rachel Kim,REP-107,Hana Takeda,Henry Vasquez,Analytics Suite,Annual,Cold Email Sequence,dbt Labs,,476600.0,476600.0,476600.0,0.0,True,,26-Mar-2025,"September 25, 2025",183.0,11.0,4.0,0.0,45.0,,Closed Lost,Dr. William Warren,Data Engineer,IC,1.6,Brian Lee,VP Engineering,False,0.0,6,5.0,False,False,,1.4,0.8,-0.6,0.23,47.0,11.0,0.0,0.0,[External] Re: Tiger Data POC,15.0,2.2,7.0,3.0,3.0,POC Review,6.0,1.0,85.0,9.0,Contracting,1.0,False,0.0,True,False,True,True,False,False,False,False,False,False,True,23.0,38.0,False,2.0,67.0,20.0,False,,,Lost — missing feature. No additional detail.,Guess few remain call animal approach factor want point sell bill activity.,8.0,Pipeline,False,06-May-2026,False,Lost,No Decision / Stalled,Exec Vacuum
DL-1810,The Young-Foster,ACC-54584,Hamilton Inc - Full Bundle Multi-Year,SMB,Technology,Southeast,Rachel Kim,REP-107,Liam Sutherland,Danny Patel,Full Bundle,Multi-Year,LinkedIn Outbound,Starburst,Fivetran,29800.0,29800.0,68000.0,0.0,,$50k–$150k,"November 17, 2025",16-Dec-2025,29.0,12.0,2.0,1.0,15.0,,Closed Lost,Carl Schmidt,Data Engineer,IC,3.6,Maria Patterson,VP Engineering,False,3.0,6,1.0,False,True,False,2.3,8.52,6.22,0.27,37.0,10.0,1.0,4.0,Introduction: Hess <> Tiger Data,19.0,1.9,12.0,3.0,4.0,Pricing,34.0,1.0,36.0,-29.0,Expanding,1.0,False,0.0,True,True,True,False,False,False,False,True,True,True,True,8.0,45.0,False,0.0,92.0,17.0,True,3.0,,New data lead came in and had a prior relationship with Snowflake.,,7.0,Omitted,False,,True,Lost,Price / Budget,Champion Collapse
DL-1494,The Robinson-Johnson,ACC-97676,Robinson and Sons - Governance Module Pilot,Mid-Market,Energy,Southwest,Tyler Brooks,REP-108,Jordan Blake,Henry Vasquez,Governance Module,Pilot,Outbound SDR,Databricks,Databricks,115100.0,115100.0,327500.0,0.0,True,$150k–$500k,2024-08-16,"November 28, 2024",104.0,8.0,3.0,0.0,,,Closed Lost,Christine Arroyo,Lead Data Engineer,IC,,Garrett Joyce,SVP Technology,False,0.0,3,2.0,,True,,1.6,2.6,1.0,0.52,33.0,17.0,1.0,4.0,Re: Follow up from our call,17.0,2.2,8.0,4.0,1.0,Executive QBR,5.0,0.0,65.0,-3.0,Stable,2.0,True,2.0,,False,False,False,True,True,False,False,,True,True,30.0,62.0,True,0.0,74.0,8.0,,1.0,72.0,Lost — security / compliance failed. No additional detail.,Send TV lose others some project visit back blue a all anyone action ever a knowledge rock which best.,10.0,Best Case,False,14-May-2026,,Lost,Wrong Timing,
DL-1826,"Cole, Hunter and Tapia, Inc.",ACC-21138,Porter-Mcintosh - Full Bundle Multi-Year,SMB,Retail,EMEA,David Park,REP-104,Benjamin Cross,,Full Bundle,Multi-Year,Inbound - Website,Fivetran,,26800.0,26800.0,55000.0,0.0,True,$150k–$500k,2024-09-03,"September 25, 2024",22.0,11.0,4.0,0.0,,,Closed Lost,Erica Walton,Head of Data Engineering,Manager,6.5,Johnny Garcia,Head of Product,False,3.0,4,1.0,,False,True,0.8,7.89,7.09,0.21,24.0,5.0,4.0,6.0,following up again...,13.0,2.4,3.0,5.0,2.0,Pricing,23.0,4.0,33.0,-33.0,Expanding,2.0,False,0.0,True,True,False,False,True,False,,True,True,,False,,61.0,False,0.0,85.0,6.0,False,3.0,28.0,New data lead came in and had a prior relationship with Snowflake.,,9.0,Best Case,False,"May 09, 2026",False,Lost,Champion Left,Champion Collapse
DL-1981,SWANSON PLC,ACC-94677,Saunders-Garrison - Governance Module Annual,SMB,Insurance,Midwest,Emily Rodriguez,REP-103,Benjamin Cross,Elena Ruiz,Governance Module,Annual,PLG Expansion,Monte Carlo,Collibra,24700.0,18000.0,18000.0,0.27,,<$50k,29-Nov-2024,12/19/2024,20.0,4.0,3.0,1.0,27.0,,Closed Lost,Jared Herring,Analytics Engineer,IC,,Sean Reed,CFO,False,0.0,5,5.0,True,False,False,2.3,2.6,0.3,1.0,17.0,17.0,7.0,2.0,,19.0,1.2,2.0,1.0,3.0,Demo,2.0,5.0,61.0,-9.0,Expanding,0.0,True,3.0,False,False,True,False,False,True,True,False,,False,True,15.0,,False,2.0,53.0,8.0,True,5.0,75.0,"Champion was IC level, couldn't drive the purchase alone.",Order level yes professional body wear poor left teach short pass enjoy production stand.,,Pipeline,True,22-Apr-2026,True,Lost,Price / Budget,Exec Vacuum
DL-1928,Hamilton LLC,ACC-16540,"Diaz, Bauer and Bauer - Core Platform Annual",SMB,Energy,Southwest,Rachel Kim,REP-107,Hana Takeda,Isla Berg,Core Platform,Annual,Inbound - Website,Databricks,,26500.0,20700.0,20700.0,0.22,False,$150k–$500k,17-May-2024,25-Jun-2024,39.0,11.0,5.0,0.0,25.0,,Closed Won,Sara Flores,Director of Data,Director,5.3,Jimmy Rice,CFO,False,0.0,2,1.0,,False,True,0.9,0.5,-0.4,0.82,11.0,9.0,1.0,9.0,Introduction: Smith <> Tiger Data,12.0,2.9,5.0,4.0,3.0,,1.0,0.0,67.0,-2.0,Contracting,2.0,True,3.0,False,False,True,False,False,False,,False,,False,False,,,False,2.0,87.0,11.0,True,1.0,43.0,"Strong champion, got exec in early. Smooth close.",,8.0,Best Case,False,,True,Won,,
DL-1965,"Smith Ltd, Inc.",ACC-75234,,Mid-Market,Manufacturing,Southeast,Marcus Chen,REP-102,Amara Osei,Frankie Hale,Governance Module,Multi-Year,PLG Expansion,Starburst,,106500.0,80900.0,166600.0,0.24,True,<$50k,2024-07-06,21-Sep-2024,77.0,4.0,3.0,1.0,,,Closed Won,Patrick Sullivan,VP of Data,VP,10.7,Roger Buckley,Chief Data Officer,False,0.0,5,5.0,False,False,,1.0,2.2,1.2,0.24,45.0,11.0,4.0,1.0,,18.0,3.0,6.0,4.0,2.0,Technical Review,7.0,1.0,59.0,1.0,Contracting,0.0,False,0.0,False,,False,True,True,True,,True,,False,False,,38.0,False,1.0,58.0,6.0,True,1.0,,Multi-threaded well. Finance and Eng both bought in.,Reach plan material until I practice herself peace single west air.,6.0,Best Case,False,07-May-2026,False,Won,,
DL-1338,sanchez-carey,ACC-65764,Burgess Inc - Core Platform Annual,Enterprise,Technology,EMEA,Alex Morgan,REP-100,Jordan Blake,Casey Wu,Core Platform,Annual,Outbound SDR,Starburst,,359700.0,359700.0,359700.0,0.0,True,<$50k,09-Mar-2025,"July 19, 2025",132.0,4.0,4.0,1.0,,19.0,Closed Won,Michele Bennett,Director of Data,Director,6.0,Vincent Watson,Head of Product,True,5.0,8,6.0,True,True,True,2.2,2.4,0.2,0.62,24.0,15.0,0.0,0.0,Introduction: Castaneda <> Tiger Data,4.0,1.2,12.0,4.0,1.0,Executive QBR,4.0,2.0,91.0,11.0,Expanding,0.0,False,0.0,False,,False,False,True,False,True,,False,,True,13.0,,,1.0,70.0,9.0,False,7.0,,"strong champion, got exec in early.. smooth close..",Production available study that air half bad baby notice sport.,6.0,Commit,True,,True,Won,,
DL-1051,MURRAY-CAMPBELL,ACC-98029,Shaw-Barnes - Core Platform Annual,Enterprise,Insurance,Southwest,Nina Petrov,REP-109,Jordan Blake,Isla Berg,Core Platform,Annual,PLG Expansion,Alation,,150400.0,129300.0,129300.0,0.14,,$150k–$500k,"November 05, 2023",2024-04-25,172.0,20.0,5.0,1.0,18.0,,Closed Lost,Curtis Jacobs,Data Platform Lead,Manager,0.7,Amy Castillo,CFO,False,3.0,7,1.0,,False,True,1.3,8.05,6.75,0.2,46.0,9.0,4.0,8.0,[External] Re: Tiger Data POC,20.0,0.6,6.0,1.0,4.0,Pricing,18.0,0.0,41.0,-35.0,Stable,2.0,False,0.0,,False,True,False,False,False,False,,True,,True,25.0,36.0,True,0.0,88.0,24.0,True,,,Lost — champion left. No additional detail.,Never bill suffer surface expect several evening town challenge join watch develop later glass.,8.0,Pipeline,,2026-05-05,False,Lost,Price / Budget,Champion Collapse
DL-1383,MAYS-HARRIS,ACC-64446,"Moss, Kelly and Herman - Governance Module Annual",Mid-Market,Manufacturing,APAC,Nina Petrov,REP-109,Jordan Blake,Grace Okonkwo,Governance Module,Annual,Partner Referral,Fivetran,Atlan,122900.0,122900.0,122900.0,0.0,False,,2024-07-23,10/01/2024,70.0,30.0,2.0,1.0,29.0,33.0,Closed Lost,Micheal Pugh,Data Platform Lead,Manager,5.8,Eileen Valdez,VP Operations,True,4.0,7,5.0,True,False,False,1.3,2.3,1.0,0.24,35.0,8.0,24.0,19.0,Checking in,17.0,1.8,6.0,0.0,4.0,POC Review,12.0,3.0,62.0,1.0,,1.0,False,0.0,False,False,True,True,False,True,True,False,True,True,False,,27.0,True,0.0,75.0,25.0,,,,prospect stopped engaging after teh proposal.. no explanation given..,Throw five must bit get improve wear main bad treatment success minute figure need but right small.,6.0,Best Case,False,2026-05-18,False,Lost,No Decision / Stalled,Ghost Stall
DL-1539,The Kane PLC,ACC-18847,"Greene, Garcia and Wilson - Governance Module Pilot",SMB,Energy,Midwest,Sophia Nguyen,REP-105,Benjamin Cross,Jaylen Ford,Governance Module,Pilot,LinkedIn Outbound,dbt Labs,Collibra,16000.0,14700.0,37900.0,0.34,,<$50k,"June 13, 2025","July 23, 2025",40.0,20.0,3.0,3.0,24.0,23.0,Closed Lost,Patricia Flores,Data Engineer,IC,4.2,Kenneth Aguilar,Chief Data Officer,True,5.0,5,3.0,True,True,True,2.0,1.2,-0.8,0.31,59.0,18.0,6.0,19.0,,16.0,1.5,11.0,3.0,1.0,Discovery,10.0,2.0,72.0,12.0,Stable,7.0,True,4.0,True,True,True,True,False,False,True,True,False,,True,11.0,,False,1.0,80.0,16.0,False,,34.0,they went with databricks.. had deeper existing footprint..,Discuss everybody success nearly must teacher speech near officer.,7.0,Commit,True,"May 07, 2026",True,Lost,Chose Competitor,Competitor Displacement
DL-1991,"Rodriguez Group, Inc.",ACC-67130,Weaver Group - Analytics Suite Pilot,SMB,Healthcare,Southeast,Marcus Chen,REP-102,Hana Takeda,Isla Berg,Analytics Suite,Pilot,Partner Referral,Starburst,,29400.0,28500.0,85300.0,0.03,False,>$500k,05/27/2025,06/19/2025,23.0,25.0,3.0,1.0,,34.0,Closed Lost,Aaron Olson,Senior Data Engineer,IC,,Tami Harrison,CFO,True,3.0,6,4.0,,,,1.9,2.9,1.0,0.09,26.0,2.0,25.0,38.0,Re: Follow up from our call,18.0,0.7,11.0,0.0,2.0,POC Review,11.0,3.0,69.0,11.0,Contracting,1.0,False,0.0,False,True,False,True,False,False,True,,True,,False,,51.0,True,0.0,87.0,18.0,,8.0,22.0,lost — missing feature.. no additional detail..,Animal of yard product low board myself simple help science health low pressure ready assume indeed.,9.0,Best Case,False,,False,Lost,Missing Feature,Ghost Stall
DL-1660,charles-rice,ACC-52734,Johnson-Baird - Full Bundle Multi-Year,Enterprise,Manufacturing,West,James O'Brien,REP-106,,Jaylen Ford,Full Bundle,Multi-Year,Partner Referral,Atlan,Databricks,583400.0,495900.0,1370900.0,0.22,True,$150k–$500k,09/05/2024,2024-12-27,113.0,16.0,5.0,1.0,,14.0,Closed Lost,Scott Osborne,Director of Data,Director,6.0,Michael Leonard,COO,True,1.0,8,7.0,True,,True,1.5,2.1,0.6,0.48,50.0,24.0,2.0,14.0,Re: Follow up from our call,19.0,1.2,10.0,3.0,1.0,Pricing,7.0,1.0,69.0,0.0,Stable,3.0,True,3.0,True,False,False,False,False,False,True,False,,True,True,29.0,,True,0.0,57.0,19.0,False,5.0,,They went with Databricks. Had deeper existing footprint.,,8.0,Commit,False,,True,Lost,Chose Competitor,Competitor Displacement
DL-1963,gonzalez inc,ACC-57905,Andrade-Kelly - Governance Module Monthly,SMB,Manufacturing,EMEA,Alex Morgan,REP-100,,Frankie Hale,Governance Module,Monthly,Executive Referral,Collibra,,8200.0,8200.0,18600.0,0.0,False,>$500k,"December 22, 2025",01/13/2026,22.0,19.0,2.0,1.0,36.0,,Closed Lost,Anthony Brown,Senior Data Engineer,IC,,Colton Stokes,VP Operations,False,0.0,4,3.0,False,,True,0.5,1.4,0.9,0.8,10.0,8.0,4.0,4.0,Introduction: Cummings <> Tiger Data,6.0,2.4,7.0,1.0,2.0,POC Review,11.0,5.0,83.0,1.0,,0.0,False,0.0,True,False,True,False,False,True,False,False,False,False,True,10.0,72.0,True,1.0,65.0,19.0,False,,,Never got above the data team. Budget decision was above champion's level.,,6.0,Best Case,False,05/02/2026,True,Lost,No Decision / Stalled,Exec Vacuum
DL-1264,Robbins PLC LLC,ACC-64129,Miller LLC - Analytics Suite Pilot,SMB,Media,Southeast,Marcus Chen,REP-102,Liam Sutherland,Henry Vasquez,Analytics Suite,Pilot,Executive Referral,dbt Labs,,31400.0,31400.0,73200.0,0.0,True,$50k–$150k,"February 18, 2025","March 16, 2025",26.0,13.0,4.0,1.0,,,Closed Lost,Raymond Hamilton,Analytics Manager,Manager,4.0,Andrew Nielsen,Director of IT,False,0.0,5,3.0,False,False,True,1.2,1.7,0.5,0.15,47.0,7.0,1.0,8.0,,13.0,1.3,5.0,1.0,1.0,POC Review,13.0,1.0,87.0,4.0,Contracting,1.0,True,3.0,True,False,False,False,True,False,True,False,False,False,True,21.0,59.0,False,2.0,57.0,12.0,False,1.0,,Lost — no decision / stalled. No additional detail.,Total around place require produce mind fast I race network fight.,10.0,Omitted,False,02-May-2026,False,Lost,Chose Competitor,
DL-1954,The Price-Barnes,ACC-51289,Campbell-Baker - Core Platform Pilot,Mid-Market,Insurance,Northeast,James O'Brien,REP-106,,Grace Okonkwo,Core Platform,Pilot,Executive Referral,Alation,,101200.0,92100.0,249800.0,0.23,True,>$500k,18-May-2025,18-Aug-2025,92.0,9.0,5.0,1.0,,26.0,Closed Lost,Tyler Castillo,Head of Data Engineering,Manager,5.7,Bobby Carlson,CFO,True,3.0,6,4.0,,False,True,1.3,2.5,1.2,0.71,35.0,25.0,6.0,16.0,following up again...,13.0,0.7,11.0,5.0,4.0,,3.0,4.0,57.0,4.0,Expanding,5.0,True,4.0,True,True,False,True,True,True,False,False,True,True,False,,65.0,False,1.0,80.0,17.0,True,1.0,0.0,lost to fivetran on connector breadth.. they had 200+ native connectors..,Current because first likely debate since arrive open small poor another surface school someone.,8.0,Omitted,True,05/18/2026,True,Lost,Chose Competitor,Competitor Displacement
DL-1741,ORTIZ-BROWN,ACC-90396,Hoffman PLC - Governance Module Multi-Year,SMB,Logistics,West,Nina Petrov,REP-109,Amara Osei,Frankie Hale,Governance Module,Multi-Year,LinkedIn Outbound,Fivetran,,19300.0,14900.0,36300.0,0.23,True,,01/23/2025,2025-02-11,19.0,5.0,4.0,1.0,,20.0,Closed Won,Brandon Davis,Chief Data Officer,C-Suite,9.4,Susan Gonzalez,Chief Data Officer,True,5.0,6,6.0,False,True,True,1.6,1.1,-0.5,0.36,56.0,20.0,4.0,6.0,,7.0,1.2,9.0,1.0,1.0,Pricing,2.0,2.0,59.0,13.0,Contracting,0.0,False,0.0,True,,False,True,False,False,,True,True,,False,,24.0,False,1.0,59.0,13.0,,1.0,,multi-threaded well.. finance and eng both bought in..,,9.0,Omitted,True,05/20/2026,True,Won,,
DL-1712,"Harris, Petersen and Boyd LLC",ACC-39029,"Baird, Simmons and Johnson - Core Platform Monthly",Enterprise,Media,Northeast,David Park,REP-104,,Grace Okonkwo,Core Platform,Monthly,PLG Expansion,Fivetran,Atlan,697900.0,565300.0,1498300.0,0.19,True,$150k–$500k,12/04/2023,06/11/2024,190.0,17.0,5.0,0.0,15.0,26.0,Closed Won,Joseph Thompson,Head of Data Engineering,Manager,3.4,Andrea Bauer,Director of IT,True,4.0,4,2.0,False,False,True,2.1,1.0,-1.1,0.84,31.0,26.0,3.0,9.0,Re: Follow up from our call,11.0,0.8,9.0,3.0,3.0,Pricing,8.0,3.0,86.0,15.0,Stable,2.0,True,4.0,False,,True,False,False,False,,False,False,False,True,29.0,76.0,False,2.0,79.0,25.0,,,62.0,Multi-threaded well. Finance and Eng both bought in.,Myself cultural expect never contain range finish business reality impact story defense force difficult speech six.,10.0,Best Case,False,05/11/2026,False,Won,,
DL-1444,SCOTT-RODRIGUEZ,ACC-85243,Smith-James - Analytics Suite Pilot,Mid-Market,Retail,Midwest,David Park,REP-104,Amara Osei,Jaylen Ford,Analytics Suite,Pilot,Cold Email Sequence,Starburst,Snowflake,43700.0,34100.0,85300.0,0.22,False,$150k–$500k,"October 02, 2024",10-Jan-2025,100.0,12.0,2.0,1.0,16.0,,Closed Won,Tyrone Garcia,Head of Data Engineering,Manager,5.7,Eric Brown,Head of Product,False,0.0,4,2.0,False,False,,1.6,2.7,1.1,0.77,31.0,24.0,3.0,8.0,[External] Re: Tiger Data POC,15.0,1.0,9.0,3.0,4.0,Pricing,11.0,5.0,93.0,-5.0,Stable,2.0,True,2.0,True,True,True,True,True,True,True,False,False,True,False,,91.0,False,2.0,57.0,19.0,,8.0,,"strong champion, got exec in early.. smooth close..",Director red practice special then administration who role today animal suggest concern act.,9.0,Pipeline,False,,,Won,,
DL-1395,"MARTINEZ, CHAVEZ AND HARDIN",ACC-33068,"Mccarthy, Kirk and Wallace - Full Bundle Multi-Year",Mid-Market,Healthcare,Southeast,Emily Rodriguez,REP-103,Liam Sutherland,,Full Bundle,Multi-Year,Executive Referral,Monte Carlo,,145700.0,103400.0,282200.0,0.29,True,,11/16/2024,"February 26, 2025",102.0,36.0,5.0,0.0,,,Closed Lost,Dennis Lin,Senior Data Engineer,IC,3.8,Monique Wilson MD,Chief Data Officer,False,0.0,8,7.0,False,False,True,1.0,2.5,1.5,0.19,23.0,4.0,29.0,28.0,Quick question on the proposal,11.0,2.3,12.0,0.0,2.0,Discovery,5.0,5.0,81.0,7.0,Contracting,2.0,True,4.0,,False,False,True,True,False,,False,,False,False,,,True,1.0,91.0,25.0,False,,76.0,Multiple follow-ups with no reply. Probably went internal.,Season develop avoid church friend law save public available.,7.0,Commit,False,2026-04-28,True,Lost,No Decision / Stalled,Ghost Stall
DL-1541,miller and sons,ACC-84985,Wong PLC - Core Platform Pilot,Mid-Market,Education,Southeast,James O'Brien,REP-106,,Frankie Hale,Core Platform,Pilot,Partner Referral,None / Greenfield,,125200.0,115200.0,304500.0,0.08,True,<$50k,"February 17, 2025",05/12/2025,84.0,10.0,5.0,1.0,,,Closed Lost,Ashley Burnett,Data Engineer,IC,2.8,Nicholas Martinez,VP Engineering,False,0.0,6,4.0,,True,,0.9,0.7,-0.2,0.29,38.0,11.0,1.0,5.0,,17.0,0.6,9.0,3.0,4.0,Pricing,6.0,0.0,92.0,-10.0,Stable,0.0,True,4.0,False,False,False,False,True,True,False,,True,True,True,19.0,47.0,False,0.0,93.0,11.0,,4.0,63.0,lost — missing feature.. no additional detail..,,7.0,Commit,False,"May 15, 2026",,Lost,Price / Budget,Exec Vacuum
DL-1495,"Lewis-Lee, Inc.",ACC-84542,Harmon-Watson - Governance Module Multi-Year,Enterprise,Insurance,West,Marcus Chen,REP-102,Benjamin Cross,,Governance Module,Multi-Year,Partner Referral,Databricks,Fivetran,687500.0,632500.0,1568300.0,0.08,True,$150k–$500k,2025-08-02,2026-01-14,165.0,15.0,4.0,0.0,,,Closed Lost,Matthew Evans,Data Engineer,IC,,Bryan Thomas,Chief Data Officer,False,0.0,6,6.0,,False,False,1.6,2.4,0.8,0.43,14.0,6.0,1.0,5.0,Q4 pricing — URGENT,8.0,1.2,9.0,2.0,3.0,Pricing,6.0,3.0,59.0,6.0,Expanding,0.0,True,1.0,True,,False,True,False,True,True,,,True,False,,22.0,True,1.0,57.0,9.0,True,3.0,32.0,Never got above the data team. Budget decision was above champion's level.,Us thought song daughter try season radio air use live add beat doctor thank often newspaper.,6.0,Best Case,True,05/08/2026,False,Lost,Price / Budget,Exec Vacuum
DL-1018,perry llc,ACC-96182,"Owens, Brown and Wall - Full Bundle Monthly",Mid-Market,Financial Services,APAC,Sophia Nguyen,REP-105,Liam Sutherland,Isla Berg,Full Bundle,Monthly,PLG Expansion,dbt Labs,None / Greenfield,48100.0,44700.0,123500.0,0.07,False,>$500k,04/08/2024,"June 12, 2024",65.0,60.0,3.0,1.0,22.0,,Closed Lost,Randy Shah,Data Architect,IC,10.7,Spencer Johnston,Chief Data Officer,False,0.0,6,5.0,False,True,False,2.4,1.2,-1.2,0.2,18.0,3.0,28.0,25.0,RE: RE: RE: Next steps??,18.0,2.7,8.0,0.0,3.0,POC Review,12.0,5.0,84.0,15.0,Contracting,0.0,False,0.0,True,False,True,True,False,True,False,False,False,False,True,20.0,,,0.0,78.0,20.0,,2.0,,Lost — chose competitor. No additional detail.,Accept goal send table well industry section national owner determine detail job ahead from quickly identify.,10.0,Pipeline,True,2026-05-06,True,Lost,No Decision / Stalled,Ghost Stall
DL-1746,"Keller-Hill, Inc.",ACC-60754,Day-Miller - Full Bundle Monthly,Mid-Market,Energy,Northeast,Nina Petrov,REP-109,Jordan Blake,,Full Bundle,Monthly,Executive Referral,Monte Carlo,,76100.0,76100.0,,0.21,False,<$50k,2024-03-01,13-Jun-2024,104.0,8.0,2.0,1.0,,12.0,Closed Lost,Michael Salazar,Chief Data Officer,C-Suite,2.3,Kimberly Miller,Chief Data Officer,True,5.0,8,8.0,True,False,True,0.8,2.6,1.8,0.98,42.0,41.0,3.0,11.0,,10.0,0.8,8.0,2.0,3.0,Discovery,11.0,2.0,69.0,-3.0,Expanding,3.0,True,1.0,True,,False,True,False,False,False,True,False,False,False,,43.0,False,2.0,50.0,10.0,True,,34.0,They went with Databricks. Had deeper existing footprint.,Less able protect do different quality smile matter tell south.,8.0,Pipeline,True,05/10/2026,False,Lost,Chose Competitor,Competitor Displacement
DL-1522,"Stevens, Howell and Mitchell, Inc.",ACC-14200,Solis PLC - Full Bundle Pilot,Mid-Market,Technology,Southwest,David Park,REP-104,Hana Takeda,Casey Wu,Full Bundle,Pilot,Outbound SDR,None / Greenfield,,63800.0,45900.0,123000.0,0.28,True,>$500k,11/07/2024,01/23/2025,77.0,19.0,2.0,1.0,,,Closed Lost,Jeffrey Freeman,Senior Data Engineer,IC,,Amanda Maxwell,CTO,False,0.0,3,3.0,False,,,0.7,1.5,0.8,0.81,42.0,34.0,0.0,5.0,Introduction: Cook <> Tiger Data,7.0,1.5,9.0,3.0,3.0,Technical Review,4.0,1.0,55.0,-1.0,Contracting,0.0,True,4.0,False,False,False,True,False,False,False,False,True,,False,,,False,2.0,75.0,23.0,False,8.0,36.0,Lost — chose competitor. No additional detail.,Media your check station form research rule play century several cultural pattern every detail analysis activity card industry.,6.0,Commit,False,"April 30, 2026",,Lost,No Decision / Stalled,Exec Vacuum
DL-1594,clarke plc,ACC-64959,,Mid-Market,Education,EMEA,David Park,REP-104,Hana Takeda,Danny Patel,Analytics Suite,Multi-Year,Inbound - Website,Databricks,,66000.0,66000.0,141400.0,0.0,True,,08/17/2025,22-Oct-2025,66.0,15.0,2.0,0.0,43.0,,Closed Lost,Bryan Hardy,BI Lead,Manager,,Patrick Snyder,CTO,False,0.0,8,7.0,False,True,True,1.2,2.6,1.4,0.96,23.0,22.0,1.0,10.0,Introduction: Park <> Tiger Data,12.0,1.1,4.0,3.0,1.0,Discovery,12.0,0.0,77.0,-8.0,Stable,0.0,True,3.0,,,True,False,True,False,False,,True,False,True,27.0,40.0,True,2.0,89.0,23.0,,1.0,,Lost — missing feature. No additional detail.,Space face walk number end effect specific simple particularly rise Congress.,8.0,Omitted,False,"May 03, 2026",True,Lost,Chose Competitor,
DL-1479,The Cook Inc,ACC-50501,Wiggins PLC - Analytics Suite Pilot,SMB,Technology,Northeast,Sophia Nguyen,REP-105,Benjamin Cross,,Analytics Suite,Pilot,LinkedIn Outbound,Fivetran,,17200.0,12700.0,35100.0,0.26,False,,"February 02, 2026",13-Mar-2026,39.0,15.0,2.0,1.0,,,Closed Lost,Kenneth Turner,Director of Data,Director,11.8,John Price,VP Operations,False,2.0,3,1.0,True,True,True,1.8,7.07,5.27,0.74,38.0,28.0,7.0,4.0,Checking in,7.0,2.9,3.0,2.0,2.0,POC Review,32.0,0.0,45.0,-33.0,Expanding,2.0,False,0.0,True,False,False,True,False,False,True,,,False,True,13.0,,False,0.0,,16.0,False,8.0,17.0,champion left teh company.. couldn't rebuild teh relationship in time..,Recent friend sort table six imagine garden wall rest need major entire tree.,6.0,Commit,True,,False,Lost,Champion Left,Champion Collapse
DL-1367,Carey LLC LLC,ACC-15707,"Cook, Holmes and Beck - Core Platform Multi-Year",SMB,Retail,Midwest,James O'Brien,REP-106,Hana Takeda,Jaylen Ford,Core Platform,Multi-Year,PLG Expansion,Collibra,,15200.0,15200.0,40500.0,0.0,False,>$500k,12/05/2024,12/25/2024,20.0,8.0,5.0,0.0,36.0,,Closed Lost,Sarah Washington,Director of Data,Director,,Joseph Bowman,COO,False,0.0,4,3.0,True,,True,2.4,2.4,0.0,0.59,29.0,17.0,2.0,5.0,following up again...,7.0,2.6,11.0,4.0,3.0,Discovery,7.0,2.0,78.0,-8.0,Expanding,1.0,True,4.0,False,False,True,True,False,True,True,,,True,False,,79.0,True,0.0,66.0,2.0,True,5.0,36.0,Lost — no decision / stalled. No additional detail.,Without task process center marriage each scientist wind grow season.,10.0,Commit,True,04/24/2026,False,Lost,Champion Left,
DL-1083,Valdez Ltd,ACC-71709,Davis Group - Analytics Suite Multi-Year,Mid-Market,Energy,Northeast,Marcus Chen,REP-102,Hana Takeda,Jaylen Ford,Analytics Suite,Multi-Year,Executive Referral,None / Greenfield,Collibra,85800.0,78900.0,,0.08,True,$50k–$150k,11/10/2024,2025-01-01,52.0,9.0,4.0,1.0,10.0,21.0,Closed Won,John Walsh,Director of Data,Director,,Angela Bruce,VP Operations,True,1.0,8,7.0,True,False,True,1.8,0.9,-0.9,0.82,49.0,40.0,5.0,7.0,fwd: technical review docs,9.0,2.3,5.0,4.0,3.0,,14.0,5.0,88.0,-4.0,Stable,0.0,False,0.0,True,False,True,False,True,False,False,,True,,False,,,True,0.0,91.0,17.0,,0.0,71.0,Close was delayed 2 weeks on legal but closed strong.,Not teach believe month amount deep test thought little another avoid understand tonight nor.,10.0,Commit,,,,Won,,
DL-1061,kirby-elliott,ACC-30118,Miller Ltd - Governance Module Pilot,SMB,Technology,Midwest,Nina Petrov,REP-109,Hana Takeda,,Governance Module,Pilot,Partner Referral,Snowflake,,22100.0,19700.0,52900.0,0.11,False,$150k–$500k,21-Jul-2025,08/20/2025,30.0,7.0,2.0,1.0,,35.0,Closed Won,Deborah Clark,VP of Data,VP,,Lisa Johnson,Director of IT,True,3.0,2,2.0,True,True,,1.9,2.2,0.3,0.78,18.0,14.0,2.0,3.0,Q4 pricing — URGENT,9.0,1.2,10.0,2.0,3.0,POC Review,1.0,4.0,90.0,-2.0,,1.0,False,0.0,False,False,False,True,False,False,True,True,,False,False,,,True,2.0,59.0,4.0,True,,92.0,Close was delayed 2 weeks on legal but closed strong.,Nation politics few each southern image law read citizen indeed less future century technology floor write generation human set.,9.0,Best Case,False,"April 27, 2026",False,Won,,
DL-1483,"The Allen, Smith and Zamora",ACC-27398,"King, Webster and Brown - Full Bundle Pilot",Enterprise,Energy,Southwest,Sophia Nguyen,REP-105,Benjamin Cross,Isla Berg,Full Bundle,Pilot,Event / Conference,Databricks,Atlan,554400.0,554400.0,1380400.0,0.0,True,,06-Jul-2024,12/13/2024,160.0,17.0,4.0,0.0,,,Closed Lost,Gregory Quinn,Data Engineer,IC,,Sabrina Miller,COO,False,0.0,7,6.0,False,,,1.6,2.4,0.8,0.9,31.0,28.0,8.0,6.0,,10.0,1.7,12.0,1.0,1.0,Demo,3.0,1.0,74.0,14.0,Contracting,1.0,False,0.0,,False,False,True,True,False,,False,False,,False,,,False,2.0,87.0,9.0,False,0.0,70.0,Lost — champion left. No additional detail.,,9.0,Commit,True,"May 01, 2026",False,Lost,Price / Budget,Exec Vacuum
DL-1272,GUTIERREZ LLC,ACC-85771,Bennett-Carey - Governance Module Pilot,Mid-Market,Financial Services,APAC,James O'Brien,REP-106,Liam Sutherland,Frankie Hale,Governance Module,Pilot,LinkedIn Outbound,dbt Labs,,135100.0,122900.0,339500.0,0.09,,,2025-06-30,"October 08, 2025",100.0,10.0,2.0,1.0,19.0,17.0,Closed Won,Dale Goodwin,Data Engineer,IC,1.3,Katherine Goodwin,CTO,True,1.0,4,3.0,False,True,False,1.3,1.3,0.0,0.47,17.0,8.0,2.0,6.0,Introduction: Garcia <> Tiger Data,8.0,0.5,7.0,3.0,4.0,Demo,5.0,1.0,86.0,-8.0,Stable,1.0,True,1.0,True,True,True,False,True,False,False,False,False,True,True,18.0,80.0,True,0.0,66.0,3.0,True,4.0,,Technical win — their data architect loved the architecture demo.,We especially five network assume ahead plant trial affect never only big several prepare by.,10.0,Commit,True,27-Apr-2026,,Won,,
DL-1285,"Phillips, Hernandez and Wright, Inc.",ACC-96561,"Flynn, Salas and York - Analytics Suite Monthly",Mid-Market,Manufacturing,Northeast,Alex Morgan,REP-100,Jordan Blake,Danny Patel,Analytics Suite,Monthly,Cold Email Sequence,Alation,Monte Carlo,104000.0,72800.0,187300.0,0.3,False,,05-Oct-2024,04-Jan-2025,91.0,19.0,2.0,1.0,37.0,31.0,Closed Won,Stacey Clark,Data Architect,IC,,John Alvarado,CTO,True,1.0,6,5.0,False,True,,0.8,2.7,1.9,0.36,47.0,17.0,6.0,7.0,RE: RE: RE: Next steps??,8.0,2.3,8.0,5.0,3.0,Demo,11.0,5.0,86.0,8.0,Expanding,1.0,True,3.0,True,True,True,False,False,True,,False,,False,True,26.0,,False,2.0,81.0,21.0,True,,35.0,"Competitive deal vs Alation, but we had the better integration story.",Cold hold think seem hear million condition Republican moment.,7.0,Best Case,True,2026-05-08,,Won,,
DL-1360,Davis-Lang,ACC-43101,"Turner, Stewart and Reed - Full Bundle Pilot",SMB,Insurance,APAC,Priya Shah,REP-101,Amara Osei,Grace Okonkwo,Full Bundle,Pilot,Executive Referral,None / Greenfield,,18400.0,18400.0,38500.0,0.0,True,>$500k,12/10/2024,"January 10, 2025",31.0,10.0,6.0,1.0,44.0,19.0,Closed Won,Raymond Snyder,Analytics Engineer,IC,11.8,,Head of Product,True,3.0,6,5.0,False,True,True,2.2,2.0,-0.2,0.51,37.0,19.0,8.0,0.0,Introduction: Smith <> Tiger Data,19.0,2.4,11.0,1.0,3.0,POC Review,10.0,3.0,57.0,13.0,Stable,2.0,False,0.0,False,True,True,True,False,False,True,True,False,False,False,,81.0,False,1.0,78.0,11.0,False,1.0,61.0,close was delayed 2 weeks on legal but closed strong..,,7.0,Omitted,False,,True,Won,,
DL-1354,"Gross,LuceroandWalters",ACC-83979,Lopez-Delgado - Full Bundle Annual,SMB,Technology,APAC,Tyler Brooks,REP-108,Jordan Blake,Casey Wu,Full Bundle,Annual,Outbound SDR,None / Greenfield,,25600.0,22300.0,22300.0,0.24,True,,"December 30, 2025","January 19, 2026",20.0,11.0,2.0,2.0,45.0,33.0,Closed Lost,Cory Pittman,Lead Data Engineer,IC,0.7,Renee Gray,Head of Product,True,5.0,4,3.0,True,,False,2.1,2.9,0.8,0.6,45.0,27.0,7.0,11.0,RE: RE: RE: Next steps??,17.0,1.4,8.0,2.0,3.0,Pricing,5.0,4.0,59.0,10.0,Expanding,5.0,True,1.0,True,,True,True,False,False,False,,False,False,True,21.0,,,1.0,82.0,2.0,False,1.0,31.0,lost — chose competitor.. no additional detail..,Process ever various physical point often billion learn other blood executive thus behavior.,10.0,Omitted,False,16-May-2026,False,Lost,Chose Competitor,Competitor Displacement
DL-1611,"Romero,OchoaandYork",ACC-27608,"Reilly, Shannon and Torres - Governance Module Annual",Mid-Market,Manufacturing,Midwest,Rachel Kim,REP-107,Amara Osei,Danny Patel,Governance Module,Annual,LinkedIn Outbound,Atlan,,111300.0,111300.0,111300.0,0.0,True,>$500k,"December 03, 2025",01/30/2026,58.0,8.0,6.0,0.0,,5.0,Closed Won,Peter Hayes,Senior Data Engineer,IC,6.3,Heather Palmer,Chief Data Officer,True,1.0,6,6.0,True,,True,0.5,0.8,0.3,0.54,28.0,15.0,2.0,4.0,[External] Re: Tiger Data POC,11.0,2.8,7.0,1.0,4.0,Technical Review,13.0,5.0,56.0,-4.0,,2.0,False,0.0,False,True,False,False,False,True,False,,False,False,False,,,False,1.0,71.0,20.0,False,,4.0,fast cycle.. champion had budget approved before we even started..,,6.0,Commit,True,"May 08, 2026",True,Won,,
DL-1278,BeardInc,ACC-67375,"Perez, Norris and Rosario - Governance Module Multi-Year",Mid-Market,Financial Services,Northeast,David Park,REP-104,Amara Osei,Henry Vasquez,Governance Module,Multi-Year,PLG Expansion,dbt Labs,,75700.0,75700.0,161700.0,0.0,,,27-Feb-2025,23-May-2025,85.0,11.0,2.0,0.0,31.0,8.0,Closed Won,Christina Murphy,Analytics Engineer,IC,2.1,,CFO,True,2.0,8,6.0,False,False,False,0.6,2.5,1.9,0.92,51.0,47.0,6.0,3.0,fwd: technical review docs,5.0,0.8,4.0,2.0,1.0,Technical Review,6.0,1.0,62.0,8.0,Stable,0.0,True,3.0,True,False,True,True,False,True,False,True,,False,False,,64.0,True,0.0,,3.0,False,2.0,,technical win — their data architect loved teh architecture demo..,Space or phone free economy blue draw future approach four some want simply people shake personal.,9.0,Omitted,False,2026-05-08,False,Won,,
DL-1012,"Fleming Ltd, Inc.",ACC-17328,Gomez PLC - Full Bundle Annual,Enterprise,Insurance,APAC,James O'Brien,REP-106,Amara Osei,Isla Berg,Full Bundle,Annual,Cold Email Sequence,Atlan,,289600.0,289600.0,289600.0,0.0,False,<$50k,12-Jun-2025,10/21/2025,131.0,9.0,6.0,0.0,,,Closed Lost,Jennifer Oliver,Data Engineer,IC,2.7,Timothy Hancock,Director of IT,False,0.0,3,1.0,False,True,,0.6,2.0,1.4,0.46,13.0,6.0,6.0,7.0,,18.0,2.7,6.0,4.0,2.0,Executive QBR,5.0,4.0,56.0,2.0,,2.0,False,0.0,True,False,False,False,False,False,,True,True,False,True,5.0,67.0,False,1.0,67.0,12.0,False,2.0,93.0,"Champion was IC level, couldn't drive the purchase alone.",Thing agent say forward us soon ten specific environment skin blue.,10.0,Omitted,True,09-May-2026,True,Lost,No Decision / Stalled,Exec Vacuum
DL-1182,reed llc,ACC-54123,Garrett-Young - Analytics Suite Multi-Year,Enterprise,Media,Midwest,Tyler Brooks,REP-108,Benjamin Cross,Frankie Hale,Analytics Suite,Multi-Year,Event / Conference,Snowflake,,798800.0,798800.0,1608100.0,0.0,True,$150k–$500k,"October 18, 2024","May 01, 2025",195.0,4.0,2.0,0.0,,13.0,Closed Won,Kathryn Cain,Director of Data,Director,6.4,Sherry Zamora,VP Operations,True,5.0,7,7.0,False,True,True,2.1,2.7,0.6,0.49,49.0,24.0,3.0,0.0,,4.0,1.5,6.0,2.0,2.0,Executive QBR,8.0,4.0,76.0,13.0,Expanding,0.0,True,4.0,True,False,False,True,False,True,True,True,True,False,False,,22.0,,2.0,77.0,21.0,,7.0,,Multi-threaded well. Finance and Eng both bought in.,Want we difficult game hotel case role minute.,6.0,Pipeline,True,"April 24, 2026",True,Won,,
DL-1368,,ACC-42431,,Mid-Market,Insurance,EMEA,Nina Petrov,REP-109,Liam Sutherland,Jaylen Ford,Governance Module,Multi-Year,Outbound SDR,Collibra,Collibra,67400.0,49200.0,141000.0,0.27,True,,08/01/2024,2024-09-30,60.0,51.0,2.0,1.0,,9.0,Closed Lost,Susan Archer,Senior Data Engineer,IC,1.2,,Chief Data Officer,True,4.0,8,6.0,False,True,True,0.5,1.0,0.5,0.13,35.0,4.0,22.0,13.0,Quick question on the proposal,4.0,1.9,3.0,0.0,4.0,Executive QBR,10.0,5.0,64.0,12.0,Stable,2.0,True,3.0,,True,False,False,False,False,True,True,True,True,True,22.0,,True,1.0,58.0,7.0,,8.0,,multiple follow-ups with no reply.. probably went internal..,,8.0,Omitted,False,30-Apr-2026,,Lost,No Decision / Stalled,Ghost Stall
DL-1527,Thompson-Anderson Inc,ACC-53881,,Mid-Market,Manufacturing,Northeast,Sophia Nguyen,REP-105,Liam Sutherland,Danny Patel,Analytics Suite,Multi-Year,Cold Email Sequence,Atlan,Monte Carlo,80100.0,77700.0,202900.0,0.03,True,,19-Nov-2024,"January 28, 2025",70.0,8.0,2.0,1.0,,,Closed Lost,Mary Miller,Data Engineer,IC,9.6,,VP Operations,False,0.0,3,1.0,False,False,True,1.4,1.5,0.1,0.42,19.0,8.0,4.0,2.0,Re: Follow up from our call,16.0,2.7,6.0,3.0,2.0,Pricing,15.0,1.0,77.0,3.0,Contracting,0.0,True,3.0,True,False,False,False,False,False,True,,True,False,False,,73.0,True,2.0,63.0,9.0,True,2.0,63.0,Lost — wrong timing. No additional detail.,Bank always a two smile today station make environment fact student author partner catch left system church simply.,6.0,Best Case,False,"April 30, 2026",False,Lost,Price / Budget,Exec Vacuum
DL-1643,Cross-Wade,ACC-46977,"Garcia, Hall and Tapia - Full Bundle Annual",SMB,Manufacturing,Southwest,Priya Shah,REP-101,Benjamin Cross,,Full Bundle,Annual,Inbound - Website,Databricks,Alation,14900.0,14900.0,14900.0,0.0,True,>$500k,2024-12-18,2025-01-25,38.0,18.0,5.0,0.0,,,Closed Won,Julie Romero MD,Lead Data Engineer,IC,2.2,Melissa Thomas,VP Operations,False,0.0,5,5.0,True,True,,1.8,2.9,1.1,0.39,36.0,14.0,2.0,3.0,,20.0,2.1,7.0,1.0,2.0,Technical Review,15.0,0.0,80.0,11.0,Stable,2.0,True,1.0,,False,False,False,False,False,True,False,,False,True,5.0,91.0,,0.0,68.0,8.0,False,4.0,37.0,"Competitive deal vs Databricks, but we had the better integration story.",Region knowledge home rather concern plant image per try fire turn environmental wait.,6.0,Best Case,True,05/15/2026,True,Won,,
DL-1223,"Wade, Moreno and Kelley",ACC-87344,Torres-Anderson - Governance Module Multi-Year,Mid-Market,Financial Services,APAC,James O'Brien,REP-106,Amara Osei,Danny Patel,Governance Module,Multi-Year,Outbound SDR,Atlan,Snowflake,110300.0,110300.0,230900.0,0.0,False,>$500k,12/05/2024,"February 14, 2025",71.0,26.0,4.0,1.0,,35.0,Closed Lost,Carolyn Green,Analytics Manager,Manager,,Dr. Randy Williams,Director of IT,True,3.0,4,4.0,False,True,True,1.1,0.9,-0.2,0.12,12.0,1.0,16.0,27.0,Re: Follow up from our call,4.0,1.1,6.0,0.0,3.0,Executive QBR,3.0,3.0,70.0,-7.0,Expanding,0.0,True,1.0,False,False,False,False,True,False,True,,True,True,False,,,,1.0,50.0,16.0,False,,,Lost — wrong timing. No additional detail.,,7.0,,False,,False,Lost,No Decision / Stalled,Ghost Stall
DL-1599,Williams PLC LLC,ACC-20432,"Johnson, Taylor and Cooper - Core Platform Multi-Year",SMB,Financial Services,Southeast,Emily Rodriguez,REP-103,Jordan Blake,Jaylen Ford,Core Platform,Multi-Year,PLG Expansion,Fivetran,Snowflake,16100.0,14300.0,32900.0,0.11,,,01-Apr-2024,2024-04-24,23.0,5.0,4.0,1.0,41.0,15.0,Closed Lost,Kendra Kim,BI Lead,Manager,5.7,Timothy Francis,Director of IT,True,3.0,8,8.0,False,True,,1.0,2.5,1.5,0.15,52.0,8.0,7.0,4.0,Quick question on the proposal,14.0,1.9,8.0,1.0,2.0,Executive QBR,7.0,1.0,87.0,0.0,Stable,0.0,True,3.0,False,False,True,True,True,False,True,True,False,,True,10.0,46.0,True,0.0,86.0,23.0,,5.0,,Lost — security / compliance failed. No additional detail.,Already occur issue front movie produce lay theory specific since billion share.,10.0,Omitted,True,26-Apr-2026,False,Lost,Security / Compliance Failed,
DL-1765,The Ibarra PLC,ACC-20370,"Salazar, Hatfield and Nguyen - Core Platform Annual",Enterprise,Financial Services,Northeast,Sophia Nguyen,REP-105,Liam Sutherland,Elena Ruiz,Core Platform,Annual,Executive Referral,Databricks,Starburst,512800.0,512800.0,512800.0,0.0,False,<$50k,"December 30, 2024",08/07/2025,220.0,9.0,6.0,1.0,,,Closed Lost,Colleen Jacobs,Analytics Engineer,IC,2.5,Michael Esparza,Chief Data Officer,False,0.0,3,1.0,False,False,True,1.4,1.8,0.4,0.31,36.0,11.0,3.0,2.0,Quick question on the proposal,20.0,0.9,10.0,5.0,1.0,Technical Review,7.0,1.0,59.0,-6.0,Contracting,1.0,False,0.0,True,True,False,True,False,True,,True,False,False,False,,,,0.0,52.0,4.0,,0.0,50.0,Lost — champion left. No additional detail.,Conference technology civil occur state develop present fear significant stage arrive store responsibility laugh position station law.,8.0,Pipeline,,,,Lost,No Decision / Stalled,Exec Vacuum
DL-1706,"Wilson, Kennedy and Perry LLC",ACC-79065,"Lara, Johnson and Welch - Core Platform Monthly",SMB,Healthcare,Southeast,Alex Morgan,REP-100,Benjamin Cross,Elena Ruiz,Core Platform,Monthly,Partner Referral,Collibra,,17200.0,17200.0,49000.0,0.0,False,<$50k,"June 02, 2025","July 12, 2025",40.0,12.0,3.0,1.0,,10.0,Closed Lost,Jaime Watts,Director of Data,Director,3.5,Devon Phillips,COO,True,2.0,8,6.0,,False,False,1.1,0.6,-0.5,0.87,38.0,33.0,0.0,9.0,fwd: technical review docs,5.0,0.9,4.0,1.0,4.0,Executive QBR,9.0,2.0,63.0,5.0,Contracting,1.0,False,0.0,False,True,False,True,True,True,True,True,,False,True,25.0,51.0,True,2.0,78.0,20.0,,5.0,,Lost — security / compliance failed. No additional detail.,Capital other analysis low professor western next upon stand hear feeling although.,10.0,Best Case,True,05/13/2026,False,Lost,Champion Left,
DL-1570,Merritt Group Inc,ACC-15339,"Wilson, Thomas and Neal - Analytics Suite Monthly",Mid-Market,Energy,Northeast,David Park,REP-104,Jordan Blake,Jaylen Ford,Analytics Suite,Monthly,Inbound - Website,Monte Carlo,Snowflake,36400.0,32800.0,85000.0,0.1,True,,21-Nov-2024,"January 26, 2025",66.0,4.0,3.0,1.0,,,Closed Won,Gloria Dunn,Chief Data Officer,C-Suite,10.2,,VP Operations,False,0.0,3,3.0,True,False,True,1.5,1.5,0.0,0.4,35.0,14.0,0.0,3.0,Checking in,10.0,0.6,9.0,1.0,3.0,Demo,8.0,1.0,88.0,10.0,Stable,0.0,False,0.0,,True,False,True,True,False,,True,False,True,False,,75.0,,1.0,63.0,23.0,,5.0,,Fast cycle. Champion had budget approved before we even started.,Name chair produce behavior nearly of general piece type describe no speak better store.,8.0,Omitted,False,05/17/2026,True,Won,,
DL-1486,StoneGroup,ACC-74276,Butler Inc - Core Platform Annual,Enterprise,Technology,Midwest,Rachel Kim,REP-107,Liam Sutherland,Elena Ruiz,Core Platform,Annual,Executive Referral,Fivetran,Snowflake,407900.0,407900.0,407900.0,0.0,True,$150k–$500k,01/12/2025,08/10/2025,210.0,6.0,6.0,1.0,19.0,12.0,Closed Won,Lynn Morgan,BI Lead,Manager,2.8,,SVP Technology,True,3.0,7,5.0,True,,False,0.8,1.3,0.5,0.44,39.0,17.0,5.0,1.0,Checking in,5.0,2.7,3.0,2.0,3.0,Discovery,5.0,4.0,64.0,-2.0,Stable,1.0,False,0.0,False,False,True,True,False,False,,,False,True,False,,34.0,True,0.0,52.0,14.0,False,6.0,,multi-threaded well.. finance and eng both bought in..,Can example right southern ten hard wife as language indicate decide for do the fine trouble win skill never.,7.0,Commit,True,05/05/2026,False,Won,,
DL-1465,COCHRAN-BROWNING,ACC-64952,"Webster, Garza and Abbott - Analytics Suite Annual",Enterprise,Insurance,Southeast,Tyler Brooks,REP-108,Jordan Blake,,Analytics Suite,Annual,LinkedIn Outbound,Atlan,,776300.0,621000.0,621000.0,0.2,False,$150k–$500k,12/11/2024,06/26/2025,197.0,15.0,2.0,0.0,,6.0,Closed Won,Matthew Buck,Data Platform Lead,Manager,7.9,Michaela Boyd,Head of Product,True,5.0,2,1.0,False,False,,1.0,2.2,1.2,0.24,37.0,9.0,3.0,9.0,following up again...,8.0,0.7,2.0,5.0,3.0,Discovery,6.0,5.0,71.0,4.0,Stable,2.0,False,0.0,True,False,False,True,True,False,False,True,False,,False,,29.0,False,0.0,88.0,12.0,True,0.0,,Multi-threaded well. Finance and Eng both bought in.,Poor executive career shake fall phone identify help make make focus machine home marriage skill expert range area.,10.0,Omitted,False,2026-05-11,,Won,,
DL-1932,Morales and Sons Inc,ACC-37593,"Cameron, Cannon and Ray - Full Bundle Annual",Mid-Market,Energy,APAC,Alex Morgan,REP-100,Hana Takeda,,Full Bundle,Annual,Executive Referral,Starburst,,55900.0,55900.0,,0.0,False,>$500k,2025-01-09,10-Apr-2025,91.0,15.0,2.0,0.0,34.0,,Closed Lost,Tristan Chan,Head of Data Engineering,Manager,11.2,Tiffany Wilson,Chief Data Officer,False,0.0,7,1.0,False,False,,1.5,7.95,6.45,0.67,30.0,20.0,4.0,6.0,,18.0,1.3,5.0,5.0,3.0,Pricing,37.0,1.0,47.0,-31.0,Expanding,1.0,True,1.0,True,True,True,True,True,False,False,True,,False,True,19.0,,,0.0,55.0,20.0,True,8.0,86.0,New data lead came in and had a prior relationship with Snowflake.,,7.0,Commit,False,"May 12, 2026",True,Lost,Champion Left,Champion Collapse
DL-1636,"Morrow LLC, Inc.",ACC-91542,"Carter, Tucker and Conley - Core Platform Multi-Year",Mid-Market,Education,Southwest,Priya Shah,REP-101,Amara Osei,Elena Ruiz,Core Platform,Multi-Year,Outbound SDR,Fivetran,,77400.0,77400.0,229300.0,0.0,False,,08-May-2025,06/26/2025,49.0,16.0,2.0,1.0,,,Closed Lost,Richard Martinez,Director of Data,Director,7.4,,Head of Product,False,0.0,8,1.0,True,True,True,1.5,8.3,6.8,0.71,35.0,25.0,4.0,10.0,[External] Re: Tiger Data POC,16.0,1.0,8.0,3.0,4.0,Pricing,30.0,5.0,27.0,-34.0,Contracting,1.0,True,1.0,False,False,False,False,False,True,True,True,True,False,False,,92.0,False,0.0,58.0,14.0,True,5.0,97.0,Lost — champion left. No additional detail.,Market a off visit anyone place detail region garden every apply commercial still everything.,6.0,Omitted,,"May 12, 2026",,Lost,Price / Budget,Champion Collapse
DL-1176,SMITH-SHORT,ACC-56401,"Short, Ellison and Dixon - Analytics Suite Pilot",Enterprise,Education,Southwest,Emily Rodriguez,REP-103,Liam Sutherland,Danny Patel,Analytics Suite,Pilot,Event / Conference,Databricks,,273400.0,207800.0,589100.0,0.24,False,$50k–$150k,2024-10-16,"May 09, 2025",205.0,5.0,5.0,0.0,,20.0,Closed Won,,VP of Data,VP,6.2,,VP Engineering,True,2.0,6,4.0,True,True,False,1.1,1.6,0.5,0.68,57.0,39.0,7.0,4.0,Re: Follow up from our call,17.0,1.6,8.0,2.0,2.0,Discovery,1.0,0.0,81.0,0.0,Expanding,0.0,True,2.0,,True,False,False,True,False,False,True,,False,False,,89.0,False,1.0,87.0,10.0,True,8.0,19.0,Technical win — their data architect loved the architecture demo.,,7.0,,False,05/05/2026,True,Won,,
DL-1695,Little-Campbell Inc,ACC-15942,Curry-Hampton - Core Platform Pilot,Enterprise,Retail,Southeast,Rachel Kim,REP-107,Jordan Blake,Henry Vasquez,Core Platform,Pilot,PLG Expansion,dbt Labs,Snowflake,632800.0,512600.0,1165500.0,0.19,False,,28-Dec-2024,"July 22, 2025",206.0,20.0,5.0,0.0,,,Closed Won,Jeffrey Anderson,Analytics Engineer,IC,10.7,,Head of Product,False,0.0,4,3.0,False,False,True,0.9,2.3,1.4,0.51,51.0,26.0,7.0,1.0,RE: RE: RE: Next steps??,13.0,2.1,9.0,5.0,3.0,Technical Review,9.0,1.0,79.0,6.0,Expanding,2.0,False,0.0,False,False,False,False,True,False,False,True,True,False,False,,33.0,True,0.0,51.0,14.0,,,,Fast cycle. Champion had budget approved before we even started.,Speak condition cover admit real animal clear education describe win example magazine memory they significant record.,10.0,Omitted,False,06-May-2026,False,Won,,
DL-1655,Rogers-Williams Inc,ACC-60632,,Mid-Market,Healthcare,Southwest,Emily Rodriguez,REP-103,Liam Sutherland,Frankie Hale,Full Bundle,Multi-Year,Event / Conference,Collibra,,83700.0,83700.0,210200.0,0.0,True,<$50k,09/23/2024,"December 16, 2024",84.0,57.0,2.0,0.0,41.0,10.0,Closed Lost,Mrs. Michelle Larson,Analytics Engineer,IC,0.5,Jessica Stevens,VP Engineering,True,5.0,4,3.0,,True,True,2.0,0.7,-1.3,0.07,18.0,1.0,15.0,30.0,Q4 pricing — URGENT,7.0,2.2,9.0,0.0,4.0,Technical Review,3.0,3.0,60.0,-5.0,Stable,2.0,True,1.0,True,False,True,False,False,True,,True,True,False,True,27.0,75.0,True,2.0,95.0,9.0,,2.0,93.0,"Just went dark. Last email 3 weeks ago, no response.",Total benefit Mr car audience age class our indeed third rate score like her part.,8.0,Omitted,True,05/17/2026,True,Lost,Missing Feature,Ghost Stall
DL-1613,Chapman and Sons Inc,ACC-66322,"Wilson, Conway and Davis - Governance Module Multi-Year",SMB,Financial Services,Southeast,Sophia Nguyen,REP-105,Liam Sutherland,Elena Ruiz,Governance Module,Multi-Year,LinkedIn Outbound,Fivetran,Starburst,13300.0,13300.0,38000.0,0.0,False,$50k–$150k,"March 16, 2025",04/24/2025,39.0,17.0,5.0,0.0,36.0,,Closed Won,Ashley Simmons,Head of Data Engineering,Manager,11.5,Juan Wright MD,Director of IT,False,0.0,7,6.0,True,False,False,2.1,0.5,-1.6,0.95,19.0,18.0,2.0,4.0,Checking in,8.0,0.5,7.0,5.0,4.0,POC Review,12.0,4.0,60.0,-9.0,Contracting,1.0,True,1.0,False,,True,True,True,True,True,True,True,True,True,12.0,87.0,False,1.0,60.0,23.0,,5.0,84.0,Close was delayed 2 weeks on legal but closed strong.,Next four help blood use ok teacher probably political consider policy those unit reduce executive particular himself eat.,6.0,Commit,True,2026-04-26,True,Won,,
DL-1456,"Ritter,BakerandLeon",ACC-12997,Hansen PLC - Full Bundle Pilot,Enterprise,Manufacturing,Northeast,Alex Morgan,REP-100,Jordan Blake,,Full Bundle,Pilot,PLG Expansion,Alation,Databricks,716000.0,716000.0,1618400.0,0.0,False,$150k–$500k,03/21/2024,09/03/2024,166.0,14.0,2.0,0.0,33.0,10.0,Closed Lost,Natalie Mullins,BI Lead,Manager,9.8,Carolyn Porter,Head of Product,True,3.0,5,4.0,False,False,True,0.8,2.3,1.5,0.46,41.0,19.0,0.0,10.0,following up again...,18.0,2.2,7.0,3.0,4.0,Executive QBR,1.0,2.0,64.0,-8.0,Expanding,0.0,False,0.0,True,True,True,False,True,True,True,False,True,True,False,,88.0,False,1.0,62.0,10.0,,6.0,43.0,lost — wrong timing.. no additional detail..,Free pattern science structure dinner stock big reveal police.,7.0,Best Case,False,,True,Lost,Missing Feature,
DL-1544,Lopez-Wade,ACC-38884,"Sanchez, Burns and Hill - Analytics Suite Multi-Year",Mid-Market,Manufacturing,West,David Park,REP-104,Liam Sutherland,Casey Wu,Analytics Suite,Multi-Year,Event / Conference,Fivetran,,53200.0,53200.0,118700.0,0.0,False,$150k–$500k,02-Feb-2024,03-May-2024,91.0,10.0,6.0,0.0,,,Closed Lost,Aaron Ford,Data Architect,IC,7.3,Stephen Brown,COO,False,0.0,7,6.0,True,False,,0.9,0.8,-0.1,0.42,43.0,18.0,1.0,6.0,Introduction: Clark <> Tiger Data,14.0,1.7,6.0,3.0,1.0,Executive QBR,6.0,1.0,87.0,15.0,Expanding,2.0,True,3.0,True,False,False,True,True,False,False,True,,True,False,,,False,2.0,60.0,9.0,,,48.0,lost — chose competitor.. no additional detail..,Modern data book expert exist computer shoulder list several assume lawyer field difference cut tell style.,7.0,Omitted,,2026-05-07,,Lost,Wrong Timing,
DL-1393,"Cannon, Hendricks and Zuniga, Inc.",ACC-50550,,Mid-Market,Energy,West,Nina Petrov,REP-109,Hana Takeda,Danny Patel,Core Platform,Annual,PLG Expansion,Atlan,None / Greenfield,73600.0,73600.0,73600.0,0.0,True,>$500k,2025-09-10,2025-10-27,47.0,56.0,3.0,1.0,38.0,,Closed Lost,Jacqueline Banks,Head of Data Engineering,Manager,,,Head of Product,False,0.0,6,6.0,True,True,False,1.5,1.4,-0.1,0.1,49.0,4.0,22.0,38.0,Checking in,3.0,1.2,10.0,0.0,2.0,Technical Review,12.0,1.0,62.0,-4.0,Stable,1.0,False,0.0,False,False,True,False,True,False,True,,,False,False,,,True,2.0,90.0,15.0,False,3.0,23.0,Lost — champion left. No additional detail.,Evidence significant discussion manage answer military modern meet up expect himself serious well among war think room issue.,7.0,Pipeline,True,04-May-2026,True,Lost,Missing Feature,Ghost Stall
DL-1163,hampton-griffin,ACC-58636,James LLC - Full Bundle Multi-Year,Mid-Market,Financial Services,Midwest,Marcus Chen,REP-102,,Elena Ruiz,Full Bundle,Multi-Year,Inbound - Website,Atlan,,125900.0,115800.0,278100.0,0.08,,$50k–$150k,2024-12-24,"March 23, 2025",89.0,20.0,6.0,0.0,44.0,,Closed Lost,Tyler Oneill,Senior Data Engineer,IC,,Tanya Fisher,Director of IT,False,5.0,8,1.0,,False,,0.8,6.81,6.01,0.2,59.0,12.0,4.0,6.0,Quick question on the proposal,5.0,2.5,3.0,5.0,4.0,,31.0,0.0,32.0,-35.0,Expanding,0.0,True,4.0,True,False,True,False,True,False,False,,True,False,True,21.0,39.0,False,2.0,82.0,25.0,True,,,Lost — no decision / stalled. No additional detail.,Occur support author class direction first fact environment popular even know television guy only whole including contain age road.,8.0,Omitted,False,2026-05-21,True,Lost,Price / Budget,Champion Collapse
DL-1248,Ayala-Hebert,ACC-54786,"Snyder, Walker and Harris - Analytics Suite Pilot",Enterprise,Manufacturing,Northeast,Marcus Chen,REP-102,Liam Sutherland,Henry Vasquez,Analytics Suite,Pilot,Inbound - Website,Atlan,Fivetran,298200.0,268400.0,671200.0,0.1,False,$50k–$150k,2024-08-30,25-Dec-2024,117.0,17.0,6.0,0.0,,22.0,Closed Won,Robin Adams,Data Engineer,IC,2.8,Janet Reynolds,Head of Product,True,4.0,4,3.0,False,False,False,1.5,0.6,-0.9,0.95,57.0,54.0,0.0,4.0,RE: RE: RE: Next steps??,6.0,1.8,6.0,3.0,1.0,,9.0,1.0,62.0,12.0,Expanding,1.0,True,1.0,False,True,False,False,True,True,True,False,False,True,False,,76.0,True,0.0,74.0,8.0,True,0.0,41.0,"Strong champion, got exec in early. Smooth close.",Outside yet executive quality industry impact certainly face energy pay traditional hard.,6.0,Commit,True,2026-05-16,,Won,,
DL-1662,"Baker Group, Inc.",ACC-35873,,SMB,Logistics,Midwest,Rachel Kim,REP-107,Jordan Blake,,Governance Module,Multi-Year,Inbound - Website,Fivetran,dbt Labs,33700.0,24600.0,68600.0,0.27,True,$150k–$500k,2025-11-01,2025-12-12,41.0,13.0,2.0,0.0,,,Closed Won,Michael Baker,BI Lead,Manager,1.6,Christie Sparks,VP Engineering,False,0.0,7,5.0,False,False,True,2.4,2.1,-0.3,0.25,56.0,14.0,8.0,10.0,Checking in,18.0,1.9,10.0,4.0,2.0,,8.0,4.0,95.0,-4.0,Contracting,0.0,True,4.0,True,,False,True,False,False,,,,True,False,,22.0,,1.0,60.0,21.0,,6.0,21.0,"Strong champion, got exec in early. Smooth close.",Wait staff feeling first final responsibility argue note detail show difficult.,7.0,Omitted,True,05/11/2026,False,Won,,
DL-1920,MullinsInc,ACC-14534,"Scott, Wilson and Daugherty - Analytics Suite Multi-Year",Mid-Market,Logistics,Midwest,Marcus Chen,REP-102,,Elena Ruiz,Analytics Suite,Multi-Year,PLG Expansion,Fivetran,,36200.0,26400.0,61900.0,0.27,False,,2025-09-27,27-Nov-2025,61.0,6.0,4.0,1.0,,,Closed Lost,Jenna Smith,Data Engineer,IC,1.6,,Chief Data Officer,False,0.0,2,1.0,False,,True,1.0,2.9,1.9,0.93,56.0,52.0,4.0,1.0,Checking in,9.0,1.4,10.0,4.0,3.0,Pricing,7.0,5.0,87.0,9.0,Contracting,2.0,True,4.0,True,False,False,False,False,True,False,False,,True,False,,,False,1.0,93.0,18.0,True,3.0,43.0,No exec sponsor. Deal died when Q4 budgets froze.,,7.0,Omitted,True,,,Lost,Price / Budget,Exec Vacuum
DL-1997,"PETERS, FLORES AND ALLEN",ACC-81495,Hansen-Wilson - Core Platform Pilot,Enterprise,Insurance,APAC,Nina Petrov,REP-109,Liam Sutherland,Henry Vasquez,Core Platform,Pilot,LinkedIn Outbound,Collibra,,675400.0,594400.0,1524200.0,0.12,True,$150k–$500k,18-Dec-2024,04/16/2025,119.0,19.0,3.0,1.0,28.0,30.0,Closed Won,Pamela Powell,Analytics Engineer,IC,4.9,Michael Mathews,VP Operations,True,1.0,6,5.0,False,False,True,0.5,2.8,2.3,0.82,11.0,9.0,2.0,8.0,fwd: technical review docs,15.0,2.8,5.0,5.0,1.0,Pricing,15.0,1.0,57.0,1.0,Contracting,1.0,True,2.0,True,True,True,False,False,False,,False,False,False,True,13.0,65.0,True,0.0,78.0,6.0,,8.0,62.0,"Strong champion, got exec in early. Smooth close.",Hold difference foot west successful use sometimes lawyer.,,,True,11-May-2026,False,Won,,
DL-1375,Li-Hernandez,ACC-53639,Bryant-Elliott - Governance Module Annual,Enterprise,Media,Southwest,Sophia Nguyen,REP-105,Liam Sutherland,Grace Okonkwo,Governance Module,Annual,Outbound SDR,None / Greenfield,Databricks,526500.0,473800.0,473800.0,0.1,True,$150k–$500k,"March 11, 2024",08/15/2024,157.0,16.0,6.0,1.0,45.0,,Closed Lost,Eric Brewer,Data Engineer,IC,,Lisa Williams,VP Engineering,False,0.0,3,2.0,False,True,False,1.2,1.8,0.6,0.5,10.0,5.0,2.0,7.0,following up again...,9.0,1.1,9.0,1.0,4.0,POC Review,13.0,3.0,74.0,2.0,Stable,2.0,False,0.0,True,False,True,False,False,False,False,False,,False,False,,,False,1.0,65.0,22.0,False,4.0,89.0,Lost — champion left. No additional detail.,While life rich everybody word group task me give relationship hospital artist pretty goal.,6.0,Best Case,False,,,Lost,No Decision / Stalled,Exec Vacuum
DL-1412,"Harding,ParkerandBecker",ACC-96666,Burgess Ltd - Core Platform Annual,Mid-Market,Financial Services,Northeast,Rachel Kim,REP-107,Hana Takeda,Elena Ruiz,Core Platform,Annual,Inbound - Website,dbt Labs,,91400.0,81300.0,81300.0,0.11,True,>$500k,2025-09-02,"October 28, 2025",56.0,5.0,4.0,0.0,39.0,,Closed Lost,Anthony Mccarthy,Head of Data Engineering,Manager,9.1,Charles Stewart,CTO,False,0.0,7,1.0,False,True,True,2.3,9.56,7.26,0.41,29.0,12.0,1.0,5.0,,12.0,1.3,10.0,4.0,4.0,Executive QBR,24.0,5.0,47.0,-29.0,Stable,1.0,True,3.0,,False,True,True,False,False,,,False,False,True,24.0,,,1.0,60.0,17.0,True,0.0,96.0,Lost — price / budget. No additional detail.,,7.0,Best Case,True,,True,Lost,Price / Budget,Champion Collapse
DL-1074,Hansen Ltd,ACC-77667,Cummings-Foster - Full Bundle Annual,Mid-Market,Energy,Southeast,Tyler Brooks,REP-108,Hana Takeda,Elena Ruiz,Full Bundle,Annual,Partner Referral,Atlan,Starburst,92900.0,82700.0,82700.0,0.11,False,,2024-09-25,11/30/2024,66.0,12.0,5.0,0.0,44.0,6.0,Closed Won,Nichole Lane,VP of Data,VP,,Gregory Brown,Director of IT,True,3.0,2,1.0,,False,True,1.3,1.5,0.2,0.33,60.0,20.0,1.0,6.0,Quick question on the proposal,12.0,2.4,11.0,5.0,3.0,Pricing,1.0,1.0,63.0,2.0,Contracting,2.0,True,4.0,True,True,True,False,False,True,,True,,True,False,,,False,2.0,56.0,20.0,True,,36.0,"Competitive deal vs Atlan, but we had the better integration story.",Various attorney value all important shoulder she within position.,6.0,Commit,True,,False,Won,,
DL-1916,"Nelson-Kramer, Inc.",ACC-44150,Estrada-Montes - Analytics Suite Multi-Year,Mid-Market,Insurance,Midwest,Tyler Brooks,REP-108,Amara Osei,Henry Vasquez,Analytics Suite,Multi-Year,Outbound SDR,Fivetran,,113100.0,105200.0,,0.07,False,>$500k,2024-12-29,23-Feb-2025,56.0,5.0,6.0,1.0,29.0,,Closed Won,,Data Engineer,IC,4.4,,CFO,False,0.0,2,2.0,False,True,False,1.2,1.7,0.5,0.81,31.0,25.0,5.0,0.0,Quick question on the proposal,6.0,1.8,3.0,2.0,2.0,Executive QBR,5.0,0.0,82.0,13.0,Stable,1.0,False,0.0,False,True,True,True,False,False,False,True,True,False,False,,96.0,True,0.0,90.0,15.0,,0.0,26.0,"Competitive deal vs Fivetran, but we had the better integration story.",,6.0,Omitted,True,04/29/2026,False,Won,,
DL-1113,Conner-Yu,ACC-20443,"Stewart, Mann and Hoffman - Full Bundle Annual",SMB,Manufacturing,Midwest,James O'Brien,REP-106,Amara Osei,,Full Bundle,Annual,PLG Expansion,Snowflake,,32900.0,30600.0,30600.0,0.07,False,,04/30/2024,24-May-2024,24.0,4.0,4.0,0.0,37.0,,Closed Won,Lisa Kelly,VP of Data,VP,11.2,Robin Gray,COO,False,0.0,7,5.0,,True,True,2.2,2.5,0.3,0.67,12.0,8.0,4.0,6.0,Introduction: Moore <> Tiger Data,10.0,0.5,9.0,2.0,4.0,Discovery,5.0,2.0,89.0,7.0,Expanding,1.0,True,4.0,False,False,True,False,True,False,False,False,False,,True,17.0,44.0,False,2.0,85.0,5.0,True,,20.0,Close was delayed 2 weeks on legal but closed strong.,Camera rock we we hot yes whole allow own TV whose determine not.,7.0,Best Case,,"May 19, 2026",,Won,,
DL-1500,Perez Ltd LLC,ACC-51730,Moore-Benson - Full Bundle Pilot,SMB,Healthcare,Midwest,Nina Petrov,REP-109,Benjamin Cross,Danny Patel,Full Bundle,Pilot,Partner Referral,Snowflake,Databricks,12600.0,12600.0,28300.0,0.27,False,,02-Nov-2024,12/07/2024,35.0,17.0,3.0,3.0,,27.0,Closed Lost,,Data Architect,IC,6.7,Rebecca Simpson,SVP Technology,True,4.0,6,5.0,True,False,False,0.8,1.0,0.2,0.5,18.0,9.0,2.0,14.0,RE: RE: RE: Next steps??,19.0,1.0,3.0,5.0,3.0,Demo,4.0,5.0,73.0,-7.0,Expanding,6.0,True,4.0,True,False,False,False,True,True,False,,False,True,True,21.0,45.0,False,1.0,56.0,14.0,,5.0,84.0,Lost to Fivetran on connector breadth. They had 200+ native connectors.,Reason fill sense field decide point week course administration.,7.0,Omitted,,19-May-2026,True,Lost,Chose Competitor,Competitor Displacement
DL-1585,"English, Holloway and Jones Inc",ACC-40333,Sloan PLC - Full Bundle Pilot,Enterprise,Financial Services,EMEA,Emily Rodriguez,REP-103,Amara Osei,,Full Bundle,Pilot,Inbound - Website,Collibra,Monte Carlo,637900.0,618800.0,1470000.0,0.03,False,<$50k,06/08/2025,"December 11, 2025",186.0,10.0,6.0,0.0,,,Closed Lost,Mr. Joseph Bush,Senior Data Engineer,IC,2.7,Debra Johnson,CFO,False,0.0,5,3.0,True,False,True,1.7,2.5,0.8,0.35,57.0,20.0,4.0,10.0,Re: Follow up from our call,19.0,1.6,5.0,3.0,4.0,POC Review,7.0,5.0,65.0,-5.0,Expanding,1.0,True,3.0,True,True,False,False,False,False,,,True,,False,,59.0,,0.0,69.0,20.0,True,4.0,41.0,No exec sponsor. Deal died when Q4 budgets froze.,Decision film foot law force foreign blue rock hand though stage live suffer modern.,6.0,,True,05/07/2026,True,Lost,No Decision / Stalled,Exec Vacuum
DL-1114,Taylor-Mcgee,ACC-79594,Reed LLC - Full Bundle Annual,Mid-Market,Technology,Southeast,Rachel Kim,REP-107,Hana Takeda,Grace Okonkwo,Full Bundle,Annual,Event / Conference,dbt Labs,Snowflake,79500.0,74700.0,74700.0,0.06,True,<$50k,2024-10-28,14-Dec-2024,47.0,18.0,6.0,1.0,18.0,22.0,Closed Won,Stephen Davis,Chief Data Officer,C-Suite,,Margaret Tanner,Chief Data Officer,True,4.0,2,1.0,True,False,True,0.9,1.9,1.0,0.63,30.0,19.0,5.0,5.0,fwd: technical review docs,3.0,1.5,3.0,2.0,1.0,Executive QBR,15.0,5.0,90.0,13.0,Contracting,1.0,True,3.0,True,True,True,True,False,True,,False,,True,True,27.0,,,1.0,,11.0,False,,75.0,Multi-threaded well. Finance and Eng both bought in.,Activity decide really go skin result answer just information coach increase think goal heart stock small.,,,True,2026-05-21,True,Won,,
DL-1417,"Long, Jones and Freeman LLC",ACC-65589,"Cordova, Johnson and Blackwell - Governance Module Pilot",Enterprise,Retail,Midwest,Tyler Brooks,REP-108,Benjamin Cross,Isla Berg,Governance Module,Pilot,Inbound - Website,Databricks,,716200.0,716200.0,1984000.0,0.0,False,>$500k,"April 26, 2024",2024-11-16,204.0,11.0,2.0,0.0,,,Closed Lost,David Cox,Analytics Manager,Manager,7.1,April Greene,Chief Data Officer,False,2.0,8,1.0,True,,False,2.1,8.31,6.21,0.31,16.0,5.0,2.0,4.0,,8.0,2.9,3.0,4.0,2.0,Discovery,20.0,5.0,42.0,-22.0,Stable,1.0,False,0.0,False,False,False,True,False,False,True,False,True,True,False,,89.0,True,2.0,53.0,25.0,False,5.0,39.0,New data lead came in and had a prior relationship with Snowflake.,,7.0,Omitted,False,"May 08, 2026",True,Lost,Champion Left,Champion Collapse
DL-1089,"The Mendoza, Morales and Hunter",ACC-11258,"Barnes, Johnson and Schmitt - Governance Module Annual",SMB,Insurance,EMEA,Tyler Brooks,REP-108,Jordan Blake,Jaylen Ford,Governance Module,Annual,Executive Referral,Databricks,,31600.0,31000.0,31000.0,0.02,False,$150k–$500k,11-Jun-2025,"July 12, 2025",31.0,5.0,6.0,0.0,22.0,22.0,Closed Won,Robin Wheeler,Chief Data Officer,C-Suite,4.3,Ashley Wright,VP Operations,True,1.0,3,1.0,False,True,False,1.0,2.5,1.5,0.29,21.0,6.0,3.0,10.0,Introduction: Cole <> Tiger Data,17.0,1.1,11.0,3.0,3.0,Discovery,15.0,1.0,74.0,-9.0,,0.0,True,4.0,False,True,True,True,False,False,,False,,True,False,,,False,0.0,54.0,5.0,,4.0,26.0,multi-threaded well.. finance and eng both bought in..,,8.0,Best Case,False,05/19/2026,True,Won,,
DL-1958,"Martin, Hall and Hall Inc",ACC-41703,"White, Bush and Crawford - Governance Module Annual",Mid-Market,Education,Southeast,Rachel Kim,REP-107,Hana Takeda,Casey Wu,Governance Module,Annual,Partner Referral,Atlan,,94800.0,73900.0,73900.0,0.22,False,,2024-03-03,04-May-2024,62.0,8.0,6.0,0.0,33.0,21.0,Closed Lost,Savannah Stewart,BI Lead,Manager,9.0,Melanie Hanson,SVP Technology,True,5.0,4,3.0,False,True,True,0.8,2.2,1.4,0.69,32.0,22.0,3.0,10.0,fwd: technical review docs,13.0,1.4,4.0,3.0,2.0,Demo,14.0,3.0,80.0,10.0,Expanding,1.0,True,2.0,True,True,True,True,False,True,True,,True,False,False,,,True,1.0,55.0,12.0,,,12.0,Lost — security / compliance failed. No additional detail.,Company choose effect great describe because home allow machine late during necessary study education run.,9.0,Commit,False,05/08/2026,True,Lost,Missing Feature,
DL-1901,Cruz-Waller,ACC-90230,"Wagner, Gutierrez and Schultz - Analytics Suite Pilot",Enterprise,Energy,EMEA,David Park,REP-104,Hana Takeda,,Analytics Suite,Pilot,Partner Referral,Snowflake,None / Greenfield,705500.0,627900.0,1366500.0,0.11,True,<$50k,"June 25, 2025",10/17/2025,114.0,3.0,5.0,1.0,14.0,,Closed Lost,Meghan Allen,Data Engineer,IC,2.0,,VP Operations,False,0.0,5,5.0,,True,,2.3,1.3,-1.0,0.9,40.0,36.0,1.0,2.0,Re: Follow up from our call,15.0,1.2,6.0,5.0,4.0,Discovery,5.0,3.0,83.0,-3.0,Expanding,0.0,False,0.0,False,True,True,True,False,True,True,True,False,False,True,16.0,41.0,False,1.0,55.0,8.0,False,,63.0,Lost — wrong timing. No additional detail.,Realize stage imagine half single center hotel four teach or coach result prove face always alone thing.,10.0,Pipeline,True,,False,Lost,Price / Budget,Exec Vacuum
DL-1633,"meyers, hendricks and adams",ACC-96099,,Enterprise,Financial Services,Southwest,Sophia Nguyen,REP-105,Liam Sutherland,Frankie Hale,Analytics Suite,Pilot,Partner Referral,None / Greenfield,,787000.0,692600.0,1721000.0,0.12,False,<$50k,"March 13, 2024","August 24, 2024",164.0,15.0,5.0,1.0,,11.0,Closed Won,Paige Jordan,Analytics Manager,Manager,,Elizabeth Taylor,Director of IT,True,4.0,4,4.0,,,,0.9,1.7,0.8,1.0,20.0,20.0,8.0,4.0,,4.0,2.8,2.0,2.0,4.0,Technical Review,2.0,5.0,80.0,-8.0,Contracting,2.0,True,1.0,False,False,False,False,True,False,False,True,False,False,False,,,False,1.0,62.0,11.0,False,,55.0,Fast cycle. Champion had budget approved before we even started.,Rise north if home learn address doctor item new today not line yet produce magazine pass hair.,8.0,Pipeline,True,2026-05-02,,Won,,
DL-1677,"The Oliver, Hansen and Hudson",ACC-19754,,SMB,Healthcare,West,Sophia Nguyen,REP-105,Benjamin Cross,Frankie Hale,Core Platform,Annual,Outbound SDR,Monte Carlo,,11700.0,11700.0,11700.0,0.0,False,$150k–$500k,08/12/2025,2025-09-22,41.0,10.0,2.0,1.0,22.0,10.0,Closed Lost,Matthew Wright,Analytics Engineer,IC,4.8,Nicole Baxter,Director of IT,True,3.0,4,4.0,False,True,True,0.8,1.9,1.1,0.55,56.0,31.0,1.0,1.0,[External] Re: Tiger Data POC,19.0,2.9,6.0,3.0,4.0,POC Review,3.0,0.0,88.0,-7.0,,0.0,True,1.0,True,False,True,False,False,True,False,True,True,True,True,21.0,78.0,False,1.0,54.0,23.0,,5.0,78.0,Lost — missing feature. No additional detail.,Seat film either authority to partner how up operation send drug relationship tax.,7.0,Omitted,False,08-May-2026,False,Lost,Missing Feature,
DL-1011,Wagner-King LLC,ACC-45645,Davis Group - Analytics Suite Annual,Enterprise,Energy,APAC,Alex Morgan,REP-100,Amara Osei,,Analytics Suite,Annual,Cold Email Sequence,dbt Labs,,375200.0,277600.0,277600.0,0.26,True,$50k–$150k,"August 16, 2025",21-Mar-2026,217.0,10.0,4.0,1.0,12.0,,Closed Won,Amanda Cook,Analytics Engineer,IC,1.5,William Martin,VP Operations,False,0.0,7,5.0,True,,True,2.0,1.4,-0.6,1.0,36.0,36.0,3.0,1.0,[External] Re: Tiger Data POC,10.0,1.8,2.0,2.0,3.0,Pricing,5.0,5.0,84.0,13.0,Stable,0.0,True,2.0,True,False,True,True,False,True,,True,,True,False,,,False,1.0,92.0,9.0,True,4.0,,"Competitive deal vs dbt Labs, but we had the better integration story.",,,Omitted,True,,,Won,,
DL-1396,"edwards, middleton and hamilton",ACC-37541,"Bauer, Stewart and Skinner - Governance Module Pilot",Mid-Market,Energy,EMEA,Rachel Kim,REP-107,Benjamin Cross,Jaylen Ford,Governance Module,Pilot,Executive Referral,Alation,,137200.0,112500.0,265400.0,0.18,False,<$50k,"January 21, 2025","March 15, 2025",53.0,17.0,5.0,0.0,24.0,,Closed Lost,Sherry Johnson,Senior Data Engineer,IC,6.4,Aimee Taylor,VP Engineering,False,0.0,5,4.0,,False,,1.2,2.7,1.5,0.32,37.0,12.0,4.0,0.0,Q4 pricing — URGENT,6.0,1.5,6.0,2.0,3.0,Pricing,6.0,3.0,85.0,0.0,,1.0,False,0.0,True,False,True,False,False,True,True,False,False,True,True,24.0,67.0,False,1.0,58.0,23.0,False,2.0,68.0,Lost — chose competitor. No additional detail.,The detail cultural like machine cost market capital play become might rich degree its make.,8.0,Commit,False,08-May-2026,,Lost,Price / Budget,Exec Vacuum
DL-1557,The Pham-Hebert,ACC-17129,King-Rice - Governance Module Pilot,Mid-Market,Logistics,Northeast,Nina Petrov,REP-109,Amara Osei,Jaylen Ford,Governance Module,Pilot,Outbound SDR,dbt Labs,,43800.0,43800.0,102000.0,0.26,True,,"November 20, 2024","February 04, 2025",76.0,18.0,2.0,1.0,24.0,,Closed Lost,Suzanne Rodgers,Analytics Manager,Manager,8.2,,VP Engineering,False,0.0,5,3.0,False,True,False,1.6,0.6,-1.0,0.59,51.0,30.0,5.0,14.0,fwd: technical review docs,9.0,2.2,5.0,2.0,4.0,Discovery,6.0,3.0,76.0,13.0,Stable,4.0,True,4.0,True,,True,True,True,True,True,,False,True,False,,45.0,False,2.0,60.0,10.0,True,1.0,,Lost — missing feature. No additional detail.,Natural list they eat create responsibility could positive hundred drug pull.,,Best Case,False,"May 05, 2026",True,Lost,Chose Competitor,Competitor Displacement
DL-1042,santiago-jenkins,ACC-27627,"Pugh, Henderson and Moon - Governance Module Pilot",Enterprise,Education,Midwest,Rachel Kim,REP-107,Hana Takeda,Danny Patel,Governance Module,Pilot,Cold Email Sequence,Atlan,Alation,245800.0,236000.0,633700.0,0.33,False,$50k–$150k,"February 21, 2025",29-Jul-2025,158.0,6.0,6.0,2.0,,,Closed Lost,Dwayne Edwards,Chief Data Officer,C-Suite,11.7,Jordan Moore,SVP Technology,False,0.0,2,1.0,False,True,True,1.8,0.8,-1.0,0.71,34.0,24.0,7.0,17.0,fwd: technical review docs,8.0,2.2,12.0,3.0,2.0,Technical Review,1.0,4.0,86.0,15.0,Expanding,6.0,True,3.0,,False,False,False,False,False,False,True,False,True,False,,,True,0.0,84.0,3.0,True,6.0,,Lost to Fivetran on connector breadth. They had 200+ native connectors.,Difference board suddenly happen several off southern suddenly window stand party poor ago upon stop environment.,8.0,Commit,False,2026-05-02,True,Lost,No Decision / Stalled,Competitor Displacement
DL-1167,"The Lamb, Gutierrez and Castaneda",ACC-21404,Taylor Inc - Analytics Suite Annual,SMB,Media,West,Emily Rodriguez,REP-103,Benjamin Cross,Isla Berg,Analytics Suite,Annual,Cold Email Sequence,Snowflake,,32000.0,23000.0,23000.0,0.28,,>$500k,"August 07, 2025","August 31, 2025",24.0,10.0,6.0,0.0,,33.0,Closed Won,Lisa Nelson,VP of Data,VP,10.0,Chelsea Smith,VP Engineering,True,3.0,5,5.0,False,True,False,0.9,1.5,0.6,0.39,38.0,15.0,6.0,4.0,RE: RE: RE: Next steps??,6.0,1.9,11.0,3.0,4.0,POC Review,5.0,0.0,69.0,8.0,Stable,0.0,False,0.0,False,True,False,False,False,True,False,False,,True,True,28.0,33.0,True,2.0,85.0,24.0,,1.0,99.0,technical win — their data architect loved teh architecture demo..,Wide against win example by just account bed address.,10.0,Best Case,False,2026-05-10,True,Won,,
DL-1416,Parker-Lopez,ACC-92633,Kim Ltd - Analytics Suite Multi-Year,Enterprise,Education,Northeast,Priya Shah,REP-101,Hana Takeda,Danny Patel,Analytics Suite,Multi-Year,LinkedIn Outbound,Atlan,,709200.0,553200.0,1645500.0,0.22,True,,16-Feb-2025,08/25/2025,190.0,3.0,3.0,0.0,11.0,,Closed Lost,Michael Singleton,Data Engineer,IC,5.4,,VP Operations,False,0.0,7,5.0,False,,True,2.4,2.4,0.0,0.83,52.0,43.0,8.0,6.0,Q4 pricing — URGENT,20.0,2.6,11.0,5.0,3.0,POC Review,7.0,0.0,79.0,15.0,Stable,1.0,True,1.0,False,True,True,True,True,False,False,False,,,False,,62.0,True,1.0,,16.0,True,,86.0,"Champion was IC level, couldn't drive the purchase alone.",,6.0,Pipeline,True,05/15/2026,True,Lost,No Decision / Stalled,Exec Vacuum
DL-1787,"Carney, Velasquez and Arias, Inc.",ACC-95025,Wilson-Moore - Governance Module Annual,SMB,Logistics,Midwest,Rachel Kim,REP-107,,Henry Vasquez,Governance Module,Annual,LinkedIn Outbound,Fivetran,Databricks,25200.0,19900.0,19900.0,0.21,True,>$500k,"February 02, 2026",25-Feb-2026,23.0,12.0,3.0,0.0,,11.0,Closed Won,Tracy Hammond,VP of Data,VP,8.4,Cynthia Davis,CFO,True,2.0,8,8.0,,False,,2.3,2.6,0.3,0.89,18.0,16.0,6.0,6.0,Q4 pricing — URGENT,19.0,1.4,12.0,2.0,1.0,POC Review,3.0,4.0,90.0,9.0,Stable,1.0,False,0.0,True,False,False,False,True,True,True,False,,,True,10.0,,,0.0,85.0,22.0,,5.0,58.0,Technical win — their data architect loved the architecture demo.,Move state final energy if factor air responsibility.,9.0,Commit,,"April 26, 2026",False,Won,,
DL-1426,"SOLOMON, REYES AND DELGADO",ACC-37479,Jenkins-Fields - Governance Module Monthly,Enterprise,Technology,APAC,David Park,REP-104,Liam Sutherland,Danny Patel,Governance Module,Monthly,PLG Expansion,Monte Carlo,,492100.0,398600.0,886700.0,0.19,False,<$50k,02/01/2025,08/29/2025,209.0,5.0,3.0,1.0,32.0,,Closed Lost,Brenda Harvey,Data Engineer,IC,,Ms. Monique Dougherty MD,VP Operations,False,0.0,3,2.0,,False,,1.6,0.8,-0.8,0.87,31.0,27.0,3.0,4.0,RE: RE: RE: Next steps??,9.0,0.6,5.0,3.0,2.0,,14.0,2.0,73.0,15.0,Expanding,1.0,False,0.0,False,False,True,True,False,True,True,True,False,True,False,,74.0,,0.0,72.0,12.0,True,,45.0,Never got above the data team. Budget decision was above champion's level.,Coach personal range weight age over smile hope memory cover tree leader.,8.0,Commit,False,,False,Lost,No Decision / Stalled,Exec Vacuum
DL-1917,Dyer and Sons Inc,ACC-20618,Carlson-Ingram - Analytics Suite Multi-Year,SMB,Technology,Midwest,Tyler Brooks,REP-108,Benjamin Cross,,Analytics Suite,Multi-Year,Partner Referral,dbt Labs,,13500.0,10700.0,27500.0,0.21,,,"January 02, 2025",02-Feb-2025,31.0,8.0,5.0,1.0,,,Closed Lost,Melinda Holloway,Senior Data Engineer,IC,7.3,Lisa Wall,VP Operations,False,0.0,3,1.0,,True,True,2.4,2.6,0.2,0.89,19.0,17.0,4.0,1.0,Quick question on the proposal,4.0,1.8,6.0,2.0,2.0,Technical Review,10.0,0.0,91.0,8.0,Expanding,2.0,False,0.0,False,True,False,False,True,True,False,False,False,False,True,17.0,89.0,False,2.0,74.0,17.0,,7.0,5.0,No exec sponsor. Deal died when Q4 budgets froze.,Could something right beyond central prevent office ever than husband continue leave enough necessary.,7.0,Pipeline,False,2026-05-04,False,Lost,Price / Budget,Exec Vacuum
DL-1973-DUP,"Luna, Maldonado and Decker Inc LLC",ACC-45999,Knox-Fowler - Core Platform Pilot,SMB,Insurance,APAC,Rachel Kim,REP-107,Jordan Blake,Danny Patel,Core Platform,Pilot,LinkedIn Outbound,Atlan,,22200.0,21500.0,64300.0,0.03,True,$50k–$150k,02/07/2025,01-Mar-2025,22.0,19.0,6.0,0.0,30.0,,Closed Lost,Lisa Ross,BI Lead,Manager,8.3,Juan Castillo,VP Engineering,False,5.0,7,1.0,False,False,True,0.7,8.02,7.32,0.22,27.0,6.0,2.0,0.0,RE: RE: RE: Next steps??,7.0,1.8,3.0,5.0,3.0,Executive QBR,23.0,2.0,45.0,-33.0,Stable,1.0,False,0.0,False,False,True,False,True,False,False,True,False,False,False,,,False,2.0,60.0,17.0,,0.0,72.0,Lost — no decision / stalled. No additional detail.,Safe off store little chair discuss player ball local today raise remember outside.,10.0,Omitted,True,04/25/2026,True,Lost,Price / Budget,Champion Collapse
DL-1714,Bonilla-Peterson LLC,ACC-15095,"Matthews, Willis and Johnson - Core Platform Multi-Year",SMB,Manufacturing,Southeast,David Park,REP-104,Hana Takeda,Jaylen Ford,Core Platform,Multi-Year,PLG Expansion,Starburst,,24500.0,24500.0,72300.0,0.0,False,$50k–$150k,04/15/2025,2025-05-22,37.0,6.0,4.0,0.0,,20.0,Closed Won,Anthony Larson,Director of Data,Director,2.7,Darren Smith,CTO,True,2.0,3,3.0,False,False,True,1.0,2.1,1.1,0.33,21.0,7.0,0.0,0.0,Quick question on the proposal,15.0,2.0,5.0,5.0,1.0,Demo,10.0,5.0,58.0,2.0,Stable,0.0,True,4.0,False,False,False,True,False,False,False,False,False,True,False,,36.0,True,0.0,89.0,11.0,,8.0,62.0,Fast cycle. Champion had budget approved before we even started.,Strategy raise future believe be organization professional fact explain practice hope save.,,Commit,False,20-May-2026,True,Won,,
DL-1731,"White and Sons, Inc.",ACC-82469,Wong Inc - Full Bundle Monthly,Enterprise,Financial Services,Midwest,Nina Petrov,REP-109,Liam Sutherland,Elena Ruiz,Full Bundle,Monthly,Outbound SDR,None / Greenfield,Starburst,602700.0,602700.0,1750600.0,0.0,,<$50k,09-Apr-2025,2025-09-26,170.0,29.0,5.0,1.0,,26.0,Closed Lost,Christopher Pruitt,Data Platform Lead,Manager,4.0,Bradley Best,CFO,True,4.0,5,4.0,False,,True,0.6,1.7,1.1,0.21,31.0,6.0,19.0,15.0,Checking in,18.0,1.7,5.0,0.0,1.0,Pricing,14.0,5.0,89.0,10.0,Contracting,2.0,False,0.0,True,True,False,False,False,False,True,,True,True,False,,94.0,True,0.0,62.0,24.0,True,4.0,,multiple follow-ups with no reply.. probably went internal..,On figure statement something listen Congress pay decade.,6.0,Omitted,False,,False,Lost,Missing Feature,Ghost Stall
DL-1257,montgomery-dickson,ACC-25041,Vazquez-Mccarty - Core Platform Monthly,SMB,Logistics,APAC,Sophia Nguyen,REP-105,Benjamin Cross,Danny Patel,Core Platform,Monthly,Event / Conference,Fivetran,None / Greenfield,13100.0,13100.0,37500.0,0.0,True,<$50k,"December 30, 2024",01/23/2025,24.0,11.0,2.0,0.0,27.0,,Closed Lost,Regina Miller,Analytics Engineer,IC,2.4,Connor Cabrera,CTO,False,0.0,8,6.0,False,False,False,0.5,2.0,1.5,0.89,56.0,50.0,2.0,4.0,,7.0,1.1,3.0,1.0,1.0,Technical Review,4.0,2.0,72.0,12.0,Expanding,2.0,True,3.0,True,False,True,False,True,False,True,False,True,True,False,,28.0,True,1.0,62.0,22.0,,,,lost — missing feature.. no additional detail..,Teacher decide possible power job personal so course feeling leg listen.,7.0,Best Case,False,"April 30, 2026",False,Lost,Missing Feature,
DL-1335,rios-perez,ACC-30878,"Cruz, Henson and Carson - Governance Module Multi-Year",SMB,Healthcare,Southwest,Priya Shah,REP-101,,Casey Wu,Governance Module,Multi-Year,Inbound - Website,dbt Labs,,27400.0,24400.0,57000.0,0.11,False,,07-Jul-2025,2025-08-04,28.0,16.0,5.0,0.0,,12.0,Closed Won,Christopher Rodriguez,Data Engineer,IC,3.6,Tyler Howard,CTO,True,5.0,3,2.0,False,,True,2.4,0.7,-1.7,0.85,27.0,23.0,1.0,0.0,,17.0,3.0,5.0,1.0,4.0,Discovery,1.0,2.0,69.0,-10.0,,0.0,True,3.0,True,True,False,False,True,False,False,,True,True,True,26.0,55.0,False,1.0,,2.0,False,,64.0,fast cycle.. champion had budget approved before we even started..,Free guess under be analysis character investment friend consider interesting throw reach person expert then even material hard enter.,9.0,Best Case,,,False,Won,,
DL-1015,"Bentley, Byrd and Orr Inc",ACC-24169,"Carroll, Sullivan and Bass - Full Bundle Annual",Mid-Market,Logistics,APAC,Emily Rodriguez,REP-103,Liam Sutherland,Henry Vasquez,Full Bundle,Annual,Outbound SDR,Alation,Starburst,103300.0,103300.0,103300.0,0.27,False,$50k–$150k,"April 24, 2024",30-Jul-2024,97.0,16.0,2.0,1.0,,,Closed Lost,Daniel Floyd,Head of Data Engineering,Manager,8.8,Erica Ramos,Chief Data Officer,False,0.0,8,7.0,False,False,True,1.6,1.4,-0.2,0.55,20.0,11.0,4.0,14.0,Q4 pricing — URGENT,4.0,0.6,5.0,2.0,2.0,Executive QBR,12.0,2.0,85.0,-6.0,Contracting,6.0,True,4.0,False,True,False,True,True,False,,,False,True,False,,62.0,True,1.0,95.0,15.0,False,5.0,,they went with databricks.. had deeper existing footprint..,Memory soldier where save probably exist professional people behavior weight dog financial.,8.0,,True,2026-04-28,False,Lost,Chose Competitor,Competitor Displacement
DL-1657,Stevens-Mullins LLC,ACC-64348,,SMB,Manufacturing,APAC,Rachel Kim,REP-107,Jordan Blake,Elena Ruiz,Governance Module,Monthly,Event / Conference,Collibra,,25200.0,22700.0,65900.0,0.1,,$50k–$150k,06/16/2024,12-Jul-2024,26.0,6.0,2.0,0.0,,,Closed Lost,Christian Hudson,Director of Data,Director,10.1,Heidi Brown,CFO,False,3.0,6,1.0,False,,False,1.1,8.16,7.06,0.73,33.0,24.0,5.0,7.0,[External] Re: Tiger Data POC,14.0,1.9,10.0,4.0,4.0,Demo,26.0,5.0,41.0,-23.0,Stable,2.0,False,0.0,False,True,False,True,True,False,,,False,True,True,26.0,,True,1.0,75.0,5.0,,8.0,84.0,Lost — wrong timing. No additional detail.,Expert several effort prevent kid issue woman range painting country different indicate across positive heavy law can college.,10.0,Omitted,True,,True,Lost,Price / Budget,Champion Collapse
DL-1324,"Wright, Ruiz and Brooks LLC",ACC-94001,Patterson-White - Core Platform Monthly,SMB,Energy,EMEA,Nina Petrov,REP-109,Benjamin Cross,Grace Okonkwo,Core Platform,Monthly,Event / Conference,Alation,,24700.0,17500.0,35900.0,0.29,True,$150k–$500k,01/10/2026,"January 28, 2026",18.0,19.0,2.0,0.0,,,Closed Lost,Ashley Gonzales,Data Engineer,IC,7.4,Candice Gomez,COO,False,0.0,7,6.0,False,False,False,1.2,2.5,1.3,0.45,51.0,23.0,0.0,6.0,fwd: technical review docs,8.0,1.7,9.0,3.0,3.0,Technical Review,3.0,4.0,69.0,-5.0,Stable,1.0,True,1.0,False,True,False,True,False,True,True,True,,True,False,,66.0,True,1.0,79.0,7.0,,5.0,74.0,Lost — champion left. No additional detail.,,7.0,,,05/20/2026,True,Lost,Price / Budget,Exec Vacuum
DL-1789,TerryLtd,ACC-65767,"Short, Jones and Hardy - Governance Module Annual",Mid-Market,Manufacturing,Northeast,Sophia Nguyen,REP-105,Amara Osei,Henry Vasquez,Governance Module,Annual,Inbound - Website,Alation,,106600.0,94900.0,94900.0,0.11,,>$500k,07-Oct-2024,12/28/2024,82.0,4.0,5.0,1.0,32.0,,Closed Lost,John Dalton,Data Engineer,IC,4.5,Mark Finley,COO,False,0.0,3,2.0,True,True,,0.9,2.6,1.7,0.88,50.0,44.0,7.0,0.0,Re: Follow up from our call,6.0,0.6,4.0,5.0,3.0,POC Review,12.0,4.0,60.0,-10.0,Expanding,2.0,True,4.0,True,,True,False,False,True,,,True,True,True,14.0,,True,1.0,94.0,13.0,,1.0,,Never got above the data team. Budget decision was above champion's level.,Professional question gas population oil sense total appear here surface think ok reveal.,7.0,,,,True,Lost,Price / Budget,Exec Vacuum
DL-1222,"Golden PLC, Inc.",ACC-54283,"Johnson, Butler and Fleming - Full Bundle Monthly",SMB,Manufacturing,Southwest,David Park,REP-104,Jordan Blake,Casey Wu,Full Bundle,Monthly,PLG Expansion,Atlan,Starburst,29000.0,29000.0,69000.0,0.25,,>$500k,08/29/2024,"September 22, 2024",24.0,4.0,6.0,3.0,,8.0,Closed Lost,Kara Fisher,Head of Data Engineering,Manager,6.5,Alison Lopez,CTO,True,1.0,7,6.0,,False,False,2.2,2.0,-0.2,0.15,34.0,5.0,1.0,20.0,RE: RE: RE: Next steps??,14.0,1.9,7.0,3.0,2.0,Technical Review,12.0,5.0,92.0,1.0,Expanding,5.0,True,4.0,True,False,False,False,False,True,True,,,False,False,,,,1.0,86.0,11.0,True,,,Lost — security / compliance failed. No additional detail.,The discussion water popular in garden position for.,9.0,,True,05/10/2026,,Lost,No Decision / Stalled,Competitor Displacement
DL-1179,Flores PLC LLC,ACC-41705,"Johnson, Torres and Huerta - Governance Module Pilot",Mid-Market,Media,Southwest,Nina Petrov,REP-109,Amara Osei,Jaylen Ford,Governance Module,Pilot,Inbound - Website,Snowflake,,122200.0,99000.0,296800.0,0.19,,$50k–$150k,10/17/2024,"January 01, 2025",76.0,11.0,5.0,1.0,,,Closed Won,Wanda Ramos,Data Architect,IC,10.8,Andrew Meyers,CTO,False,0.0,8,6.0,True,False,True,2.4,2.8,0.4,0.76,17.0,13.0,3.0,9.0,,15.0,1.6,5.0,2.0,3.0,POC Review,7.0,5.0,90.0,-10.0,Contracting,1.0,False,0.0,,True,False,True,True,True,True,False,,True,True,30.0,42.0,,2.0,55.0,9.0,False,1.0,,"Strong champion, got exec in early. Smooth close.",Rate choose rock beat science drug per challenge strategy explain gas.,9.0,Omitted,False,02-May-2026,True,Won,,
DL-1099,Woods and Sons LLC,ACC-30541,Davis-Shaffer - Analytics Suite Monthly,Enterprise,Retail,West,James O'Brien,REP-106,Benjamin Cross,,Analytics Suite,Monthly,Outbound SDR,Starburst,,177700.0,131500.0,350700.0,0.26,True,,14-Jul-2024,"February 04, 2025",205.0,7.0,3.0,0.0,,25.0,Closed Lost,Jacob Evans,Data Platform Lead,Manager,9.0,Robert Baxter,CFO,True,3.0,3,2.0,True,,True,0.8,2.1,1.3,0.56,34.0,19.0,7.0,6.0,Re: Follow up from our call,17.0,2.3,7.0,3.0,3.0,Discovery,7.0,0.0,68.0,12.0,Stable,0.0,True,3.0,True,True,False,False,False,False,True,False,False,True,False,,32.0,True,1.0,80.0,22.0,,1.0,79.0,Lost — security / compliance failed. No additional detail.,Attention none particular clearly goal defense security turn pattern kind.,7.0,Omitted,False,05/20/2026,True,Lost,Security / Compliance Failed,
DL-1521,Moyer-Sanchez Inc,ACC-67648,Prince Inc - Analytics Suite Annual,Mid-Market,Manufacturing,Southwest,Emily Rodriguez,REP-103,Jordan Blake,Danny Patel,Analytics Suite,Annual,LinkedIn Outbound,Atlan,,37300.0,37300.0,37300.0,0.0,True,<$50k,01/20/2024,04/27/2024,98.0,18.0,5.0,1.0,,21.0,Closed Won,Anthony Marshall,Data Architect,IC,8.5,Matthew Hamilton,SVP Technology,True,4.0,6,5.0,False,False,True,0.6,1.3,0.7,0.3,23.0,7.0,6.0,2.0,Introduction: Ford <> Tiger Data,8.0,1.0,2.0,4.0,3.0,POC Review,14.0,3.0,64.0,-9.0,Contracting,1.0,False,0.0,True,False,False,True,True,True,True,False,True,,True,28.0,53.0,False,1.0,61.0,14.0,,,,"strong champion, got exec in early.. smooth close..",,9.0,Omitted,True,02-May-2026,True,Won,,
DL-1022,"hampton, marshall and petersen",ACC-40475,"Adams, Christian and Rivas - Analytics Suite Multi-Year",Enterprise,Media,APAC,Nina Petrov,REP-109,Jordan Blake,Isla Berg,Analytics Suite,Multi-Year,Cold Email Sequence,Alation,Snowflake,555100.0,527300.0,1470900.0,0.05,True,>$500k,13-Jun-2024,"December 13, 2024",183.0,4.0,2.0,0.0,40.0,27.0,Closed Lost,Stephen Sanchez,Lead Data Engineer,IC,2.3,Leonard Gray,CFO,True,5.0,5,4.0,False,False,False,1.7,0.7,-1.0,0.58,53.0,31.0,0.0,1.0,,19.0,1.0,4.0,5.0,1.0,Pricing,3.0,4.0,85.0,11.0,Stable,0.0,True,4.0,False,False,True,False,False,False,False,True,False,,False,,85.0,False,2.0,80.0,14.0,,0.0,18.0,Lost — security / compliance failed. No additional detail.,Management foot maintain great election evidence other they.,9.0,,True,2026-05-11,False,Lost,Security / Compliance Failed,
DL-1356,"Harmon,HouseandLee",ACC-34238,Herrera PLC - Core Platform Multi-Year,SMB,Manufacturing,Northeast,David Park,REP-104,Amara Osei,Isla Berg,Core Platform,Multi-Year,Executive Referral,Collibra,,23000.0,20000.0,44700.0,0.13,True,$50k–$150k,2025-05-29,2025-06-27,29.0,7.0,6.0,0.0,38.0,,Closed Won,Brittany Camacho,Director of Data,Director,10.8,Daniel Murphy,CFO,False,0.0,8,6.0,,,False,1.9,0.6,-1.3,0.88,26.0,23.0,6.0,3.0,[External] Re: Tiger Data POC,5.0,2.6,5.0,1.0,1.0,,8.0,1.0,67.0,6.0,Expanding,2.0,True,1.0,False,False,True,False,False,True,True,False,True,False,True,13.0,52.0,,2.0,91.0,25.0,,1.0,,"Strong champion, got exec in early. Smooth close.",Base reality call event current begin remain present level speak job watch.,,Best Case,True,09-May-2026,True,Won,,
DL-1696,davis plc,ACC-99198,Hernandez-Hodges - Analytics Suite Annual,Enterprise,Insurance,Northeast,Priya Shah,REP-101,Jordan Blake,Casey Wu,Analytics Suite,Annual,Partner Referral,Starburst,dbt Labs,688300.0,688300.0,688300.0,0.0,True,,"July 22, 2025","February 18, 2026",211.0,18.0,3.0,0.0,,,Closed Won,Linda Austin,Senior Data Engineer,IC,4.1,Kelsey Pearson,VP Operations,False,0.0,6,5.0,True,False,False,2.4,0.8,-1.6,0.73,11.0,8.0,6.0,9.0,Q4 pricing — URGENT,11.0,1.1,2.0,5.0,2.0,,10.0,0.0,65.0,9.0,Contracting,1.0,True,3.0,False,False,False,True,True,False,,True,False,False,True,28.0,,False,2.0,95.0,8.0,False,1.0,,"Competitive deal vs Starburst, but we had the better integration story.",,7.0,Omitted,False,04/23/2026,False,Won,,
DL-1896,Scott Inc Inc,ACC-96585,"Watson, Rodgers and Brown - Core Platform Monthly",Mid-Market,Media,APAC,James O'Brien,REP-106,Amara Osei,Casey Wu,Core Platform,Monthly,Partner Referral,Collibra,Atlan,70900.0,70200.0,179600.0,0.01,True,,"April 02, 2024",03-Jul-2024,92.0,17.0,4.0,0.0,,34.0,Closed Lost,Shaun Wood,Data Engineer,IC,7.4,,Head of Product,True,3.0,8,7.0,False,True,False,0.7,1.6,0.9,0.81,54.0,44.0,7.0,6.0,following up again...,14.0,2.0,8.0,1.0,3.0,Discovery,5.0,3.0,82.0,14.0,Contracting,2.0,True,2.0,True,True,False,True,True,True,,False,True,False,True,28.0,66.0,False,0.0,86.0,13.0,False,8.0,93.0,Lost — wrong timing. No additional detail.,,,Best Case,True,05/10/2026,True,Lost,Chose Competitor,
DL-1340,ELLISON-SHAW,ACC-30922,"Perez, Huynh and Nelson - Full Bundle Pilot",Mid-Market,Logistics,West,James O'Brien,REP-106,Jordan Blake,Elena Ruiz,Full Bundle,Pilot,Event / Conference,Collibra,Collibra,76000.0,64600.0,153600.0,0.15,True,<$50k,06/16/2024,08/31/2024,76.0,14.0,6.0,0.0,,21.0,Closed Won,James Tapia,Chief Data Officer,C-Suite,1.7,Jennifer Brown,VP Engineering,True,2.0,3,3.0,,,True,2.0,2.9,0.9,0.7,20.0,14.0,7.0,0.0,[External] Re: Tiger Data POC,20.0,0.6,9.0,4.0,1.0,Technical Review,4.0,0.0,80.0,-6.0,Contracting,0.0,True,3.0,False,False,False,False,True,False,True,False,,False,False,,60.0,False,0.0,54.0,19.0,True,,8.0,"Strong champion, got exec in early. Smooth close.",Contain second nice success staff life finish politics still close sound position crime board back.,10.0,Commit,False,,False,Won,,
DL-1431,Aguilar and Sons Inc,ACC-44107,"Smith, Diaz and Romero - Analytics Suite Monthly",Mid-Market,Technology,Northeast,Priya Shah,REP-101,Hana Takeda,,Analytics Suite,Monthly,LinkedIn Outbound,Fivetran,,103100.0,103100.0,208600.0,0.0,False,$150k–$500k,2024-08-22,"December 02, 2024",102.0,10.0,5.0,1.0,17.0,19.0,Closed Lost,Kellie Woods,Data Architect,IC,2.5,,CFO,True,5.0,8,8.0,,True,True,0.8,1.0,0.2,0.85,46.0,39.0,8.0,5.0,[External] Re: Tiger Data POC,10.0,0.9,11.0,3.0,1.0,Demo,4.0,2.0,70.0,7.0,Expanding,2.0,False,0.0,True,True,True,True,False,False,False,True,True,True,False,,55.0,,0.0,50.0,24.0,,2.0,,Lost — security / compliance failed. No additional detail.,System fire hear tend magazine college moment compare today add water garden finally difference everything sing smile practice.,7.0,Commit,False,12-May-2026,True,Lost,Chose Competitor,
DL-1576,The Reynolds LLC,ACC-51077,Young and Sons - Governance Module Annual,Enterprise,Manufacturing,Northeast,Nina Petrov,REP-109,Jordan Blake,,Governance Module,Annual,Cold Email Sequence,Starburst,,689400.0,565300.0,565300.0,0.18,False,>$500k,05/18/2025,11/15/2025,181.0,20.0,4.0,0.0,,,Closed Lost,Sandra Ross,Data Engineer,IC,9.3,Tanya Stein,Director of IT,False,0.0,5,4.0,False,True,False,0.7,2.2,1.5,0.88,17.0,15.0,2.0,2.0,Re: Follow up from our call,20.0,1.6,5.0,4.0,2.0,POC Review,13.0,1.0,82.0,5.0,Contracting,1.0,True,1.0,True,True,False,True,True,False,False,,True,False,True,26.0,72.0,False,1.0,79.0,23.0,True,6.0,,Never got above the data team. Budget decision was above champion's level.,,6.0,Best Case,True,"May 17, 2026",False,Lost,No Decision / Stalled,Exec Vacuum
DL-1867,"Walker, Brown and Wood Inc",ACC-68954,"Mooney, Haynes and Peterson - Full Bundle Pilot",Mid-Market,Healthcare,Southwest,Rachel Kim,REP-107,,Isla Berg,Full Bundle,Pilot,Outbound SDR,Starburst,Snowflake,86200.0,66400.0,167200.0,0.23,True,<$50k,03/10/2024,05/23/2024,74.0,3.0,6.0,1.0,,7.0,Closed Won,Todd Stark,BI Lead,Manager,8.6,Jackson Wagner,CFO,True,1.0,3,1.0,False,True,,1.1,2.6,1.5,0.91,11.0,10.0,1.0,6.0,[External] Re: Tiger Data POC,15.0,0.5,8.0,3.0,3.0,Technical Review,2.0,2.0,72.0,-6.0,Expanding,2.0,True,4.0,True,True,False,True,True,True,True,False,True,False,True,10.0,29.0,,0.0,,18.0,,4.0,,Close was delayed 2 weeks on legal but closed strong.,System contain point beat choose identify set gun happen else.,8.0,Commit,False,20-May-2026,True,Won,,
DL-1203,"Miller, Wu and Davis",ACC-64772,Mccoy-Alvarado - Core Platform Annual,Enterprise,Logistics,Southeast,Emily Rodriguez,REP-103,Amara Osei,Danny Patel,Core Platform,Annual,Partner Referral,Databricks,,524500.0,524500.0,524500.0,0.0,True,$50k–$150k,13-Jul-2024,"February 05, 2025",207.0,10.0,6.0,0.0,,30.0,Closed Won,Melinda Ryan,BI Lead,Manager,5.4,Lisa Berger,Director of IT,True,5.0,8,7.0,True,False,True,1.2,2.7,1.5,0.76,21.0,16.0,6.0,8.0,Checking in,15.0,2.6,3.0,1.0,3.0,Discovery,3.0,4.0,77.0,1.0,Expanding,1.0,False,0.0,False,True,False,True,False,False,True,,,True,False,,,True,1.0,70.0,17.0,False,4.0,,"Competitive deal vs Databricks, but we had the better integration story.",Sing light mention light safe inside whether sometimes eye along type see risk nor article list college.,6.0,Best Case,True,"May 14, 2026",True,Won,,
DL-1736,manning-mcknight,ACC-49219,Allen-Rodriguez - Core Platform Annual,SMB,Education,APAC,Alex Morgan,REP-100,Jordan Blake,Grace Okonkwo,Core Platform,Annual,PLG Expansion,Snowflake,,32300.0,23300.0,23300.0,0.28,True,,"December 06, 2024",16-Jan-2025,41.0,5.0,6.0,0.0,40.0,25.0,Closed Won,Jose Armstrong,VP of Data,VP,6.1,Yvonne Martinez,VP Operations,True,2.0,8,6.0,True,False,True,1.0,2.2,1.2,0.28,32.0,9.0,6.0,9.0,Quick question on the proposal,17.0,0.6,6.0,4.0,3.0,Technical Review,10.0,1.0,83.0,11.0,Expanding,0.0,False,0.0,False,True,True,False,True,True,,False,True,True,True,5.0,,False,1.0,66.0,22.0,False,8.0,83.0,Multi-threaded well. Finance and Eng both bought in.,,10.0,Commit,False,05/10/2026,False,Won,,
DL-1093,"Medina, Ellison and Arias LLC",ACC-29892,Peters Group - Full Bundle Monthly,Enterprise,Insurance,West,Priya Shah,REP-101,Benjamin Cross,Henry Vasquez,Full Bundle,Monthly,PLG Expansion,dbt Labs,,576000.0,518400.0,1119100.0,0.1,True,$50k–$150k,"February 02, 2025",09/13/2025,223.0,3.0,2.0,0.0,,19.0,Closed Lost,Cody Wilkinson,Data Architect,IC,11.5,Sharon Crane,SVP Technology,True,4.0,5,3.0,False,False,,1.0,2.5,1.5,0.66,58.0,38.0,1.0,10.0,Re: Follow up from our call,13.0,2.2,6.0,1.0,3.0,Technical Review,8.0,5.0,69.0,4.0,Stable,0.0,True,1.0,True,True,False,False,True,False,True,True,True,False,True,17.0,51.0,True,2.0,55.0,18.0,,,94.0,Lost — security / compliance failed. No additional detail.,Carry spring white measure manager range indeed style major bar air set factor ever Mrs collection leader.,10.0,Best Case,False,2026-04-22,True,Lost,Chose Competitor,
DL-1583,Clarke-Greer,ACC-15065,Cline and Sons - Core Platform Pilot,SMB,Healthcare,Southeast,Nina Petrov,REP-109,Hana Takeda,,Core Platform,Pilot,Partner Referral,Atlan,,33200.0,23600.0,66800.0,0.29,False,<$50k,09/29/2025,04-Nov-2025,36.0,10.0,3.0,1.0,22.0,8.0,Closed Won,Stephanie Armstrong,Data Platform Lead,Manager,7.4,,SVP Technology,True,3.0,5,4.0,False,,True,1.1,1.3,0.2,0.23,30.0,7.0,8.0,9.0,Q4 pricing — URGENT,18.0,2.4,3.0,5.0,3.0,Pricing,10.0,4.0,94.0,8.0,Stable,1.0,True,2.0,True,True,True,True,False,False,True,False,True,False,False,,,True,2.0,79.0,4.0,True,4.0,,"Competitive deal vs Atlan, but we had the better integration story.",Cost seven reveal usually concern war home why commercial watch develop reason gas part.,10.0,Omitted,True,"May 17, 2026",True,Won,,
DL-1068,"Daniels, Huang and Foster",ACC-88266,Blevins-Ballard - Analytics Suite Monthly,Enterprise,Retail,West,Nina Petrov,REP-109,Benjamin Cross,Henry Vasquez,Analytics Suite,Monthly,Outbound SDR,Fivetran,,758700.0,758700.0,2197600.0,0.0,False,<$50k,"June 25, 2024",23-Nov-2024,151.0,17.0,6.0,1.0,,35.0,Closed Won,Dwayne Klein,Director of Data,Director,0.5,Jeremy Scott,VP Engineering,True,3.0,2,1.0,True,,True,0.9,1.0,0.1,0.32,19.0,6.0,4.0,4.0,,5.0,2.1,6.0,4.0,1.0,Executive QBR,7.0,4.0,68.0,11.0,Stable,1.0,True,2.0,True,True,False,True,True,False,,False,True,False,True,27.0,,False,1.0,76.0,19.0,,2.0,,"Competitive deal vs Fivetran, but we had the better integration story.",Degree still even no even body scientist dream anything toward difficult do beyond form line race.,7.0,Omitted,False,2026-05-14,,Won,,
DL-1650,"Hayes,VincentandValencia",ACC-80596,Jackson Ltd - Governance Module Monthly,Mid-Market,Logistics,West,Emily Rodriguez,REP-103,Benjamin Cross,Danny Patel,Governance Module,Monthly,Partner Referral,Monte Carlo,Fivetran,121600.0,116700.0,,0.04,True,<$50k,11-Dec-2024,03/14/2025,93.0,46.0,5.0,1.0,22.0,13.0,Closed Lost,Jessica Jackson,Head of Data Engineering,Manager,1.8,Troy Allen,Director of IT,True,3.0,3,2.0,,,True,0.5,2.5,2.0,0.12,30.0,3.0,35.0,33.0,following up again...,5.0,1.8,2.0,0.0,2.0,Demo,2.0,1.0,65.0,9.0,Expanding,1.0,True,4.0,False,False,True,False,False,True,False,False,True,True,False,,,True,2.0,79.0,8.0,,,40.0,"Just went dark. Last email 3 weeks ago, no response.",,10.0,Best Case,False,30-Apr-2026,False,Lost,Missing Feature,Ghost Stall
DL-1284,Bryant-Wood,ACC-66595,Guerrero-Pugh - Analytics Suite Annual,Mid-Market,Financial Services,Southwest,Marcus Chen,REP-102,Jordan Blake,Danny Patel,Analytics Suite,Annual,LinkedIn Outbound,Monte Carlo,,70700.0,50900.0,50900.0,0.28,True,,2025-01-25,2025-03-15,49.0,7.0,2.0,0.0,,,Closed Lost,Yolanda Keith,Analytics Manager,Manager,1.8,Ana Thomas,Head of Product,False,0.0,6,4.0,True,False,False,0.6,1.9,1.3,0.34,41.0,14.0,2.0,8.0,following up again...,19.0,2.0,9.0,3.0,3.0,Pricing,8.0,1.0,82.0,-8.0,Contracting,2.0,False,0.0,True,True,False,True,False,True,,False,False,True,False,,77.0,True,2.0,93.0,18.0,False,1.0,,Lost — price / budget. No additional detail.,Some court her hear outside with each animal pattern country.,10.0,Omitted,False,04/29/2026,False,Lost,No Decision / Stalled,
DL-1836,"JOHNSON, ATKINSON AND ROJAS",ACC-74863,"Johns, Payne and Moore - Analytics Suite Monthly",Mid-Market,Technology,Southwest,James O'Brien,REP-106,Liam Sutherland,,Analytics Suite,Monthly,Outbound SDR,dbt Labs,None / Greenfield,112600.0,112600.0,337600.0,0.0,False,$50k–$150k,2024-10-19,01/12/2025,85.0,50.0,6.0,1.0,,,Closed Lost,Rachel Mills,Chief Data Officer,C-Suite,9.7,Matthew Farmer,Chief Data Officer,False,0.0,5,5.0,True,,False,2.2,2.2,0.0,0.11,30.0,3.0,33.0,21.0,fwd: technical review docs,13.0,2.0,11.0,0.0,1.0,,8.0,4.0,82.0,12.0,Contracting,1.0,True,2.0,False,,False,True,True,False,False,True,True,False,False,,,True,2.0,56.0,17.0,False,1.0,61.0,Lost — missing feature. No additional detail.,,6.0,Omitted,True,04/22/2026,,Lost,No Decision / Stalled,Ghost Stall
DL-1434,Tyler-Jones LLC,ACC-70349,Wilson-Miller - Governance Module Multi-Year,Mid-Market,Retail,Northeast,Tyler Brooks,REP-108,,,Governance Module,Multi-Year,LinkedIn Outbound,Collibra,None / Greenfield,127800.0,127800.0,321200.0,0.0,True,,"January 25, 2025",03/13/2025,47.0,15.0,5.0,1.0,,,Closed Lost,Joshua Lewis,Data Platform Lead,Manager,9.9,Mr. Kevin Callahan,VP Engineering,False,4.0,8,1.0,True,False,,1.9,8.47,6.57,0.94,34.0,32.0,5.0,6.0,[External] Re: Tiger Data POC,14.0,1.5,6.0,1.0,4.0,Discovery,36.0,0.0,44.0,-29.0,Expanding,1.0,False,0.0,True,,False,True,True,True,,True,False,False,False,,92.0,,2.0,94.0,24.0,,5.0,,Lost — missing feature. No additional detail.,Result kind politics open play sense yeah edge imagine establish.,6.0,Omitted,True,2026-05-18,,Lost,Price / Budget,Champion Collapse
DL-1153,"Greene, Rich and Schmidt, Inc.",ACC-68599,Davis Ltd - Core Platform Pilot,Enterprise,Logistics,Southeast,Nina Petrov,REP-109,,,Core Platform,Pilot,Executive Referral,Atlan,Monte Carlo,322400.0,322400.0,889800.0,0.0,False,<$50k,20-Mar-2025,"October 03, 2025",197.0,15.0,6.0,1.0,,,Closed Lost,Larry Carey,Chief Data Officer,C-Suite,6.9,Patricia Banks,VP Engineering,False,0.0,5,1.0,False,False,True,1.8,7.88,6.08,0.85,20.0,17.0,1.0,2.0,Introduction: Alvarez <> Tiger Data,4.0,2.6,4.0,4.0,1.0,Pricing,27.0,0.0,39.0,-28.0,Contracting,0.0,True,4.0,True,,False,False,False,False,True,,False,False,True,26.0,,True,0.0,50.0,19.0,False,6.0,51.0,Lost — champion left. No additional detail.,Inside themselves recently investment voice lot shoulder go source traditional student office international effort she travel base.,6.0,Pipeline,False,,False,Lost,Champion Left,Champion Collapse
DL-1075,brooks-vance,ACC-60342,Kane-Knox - Analytics Suite Monthly,Enterprise,Media,Midwest,Sophia Nguyen,REP-105,Hana Takeda,Casey Wu,Analytics Suite,Monthly,Event / Conference,Snowflake,,403900.0,403900.0,1110700.0,0.0,False,<$50k,29-Sep-2024,2025-03-27,179.0,8.0,3.0,1.0,,32.0,Closed Won,Michael Stanley,Data Architect,IC,4.8,Martha Bailey,VP Operations,True,2.0,5,3.0,,False,False,1.8,1.9,0.1,0.2,35.0,7.0,4.0,2.0,,12.0,2.5,12.0,4.0,4.0,POC Review,14.0,4.0,75.0,8.0,,2.0,False,0.0,True,True,False,False,True,True,True,False,True,,False,,46.0,False,1.0,56.0,23.0,False,8.0,8.0,Technical win — their data architect loved the architecture demo.,Year hotel camera without strong series without leg rest interest here.,7.0,Commit,True,,,Won,,
DL-1761,SCOTT-GRAHAM,ACC-75371,Willis Inc - Core Platform Multi-Year,SMB,Technology,Northeast,James O'Brien,REP-106,Jordan Blake,Grace Okonkwo,Core Platform,Multi-Year,LinkedIn Outbound,Databricks,,15100.0,12200.0,26100.0,0.19,True,$150k–$500k,06/03/2025,07/06/2025,33.0,10.0,4.0,0.0,14.0,,Closed Won,Richard Green,BI Lead,Manager,9.6,Karen Dalton,CTO,False,0.0,3,3.0,True,False,,2.0,2.7,0.7,0.92,39.0,36.0,1.0,6.0,Introduction: Page <> Tiger Data,16.0,0.8,6.0,4.0,4.0,Technical Review,15.0,0.0,61.0,-7.0,Contracting,1.0,True,3.0,,True,True,True,False,True,False,True,True,True,True,29.0,94.0,,2.0,72.0,9.0,False,,98.0,Fast cycle. Champion had budget approved before we even started.,,7.0,Pipeline,,05/12/2026,True,Won,,
DL-1446,The Mcintyre Inc,ACC-91928,"Bennett, George and Fox - Governance Module Monthly",SMB,Manufacturing,West,Priya Shah,REP-101,Amara Osei,Grace Okonkwo,Governance Module,Monthly,LinkedIn Outbound,Monte Carlo,,31200.0,28100.0,80300.0,0.1,False,<$50k,21-Dec-2024,01/22/2025,32.0,12.0,4.0,1.0,,33.0,Closed Lost,Adrian Prince,Lead Data Engineer,IC,,William Rodriguez,COO,True,3.0,7,5.0,False,True,,2.1,2.4,0.3,0.31,54.0,17.0,6.0,5.0,[External] Re: Tiger Data POC,3.0,1.5,8.0,2.0,2.0,Pricing,2.0,4.0,56.0,-9.0,Expanding,1.0,False,0.0,False,False,False,False,True,False,,,,True,True,17.0,74.0,False,1.0,86.0,13.0,True,4.0,,Lost — security / compliance failed. No additional detail.,Less indeed together key tax speak a live tonight either follow music whatever protect benefit manage.,,Commit,True,2026-05-03,True,Lost,Wrong Timing,
DL-1188,Davis Ltd LLC,ACC-71852,Walters-Miller - Analytics Suite Multi-Year,SMB,Manufacturing,Southwest,Emily Rodriguez,REP-103,Liam Sutherland,Danny Patel,Analytics Suite,Multi-Year,Inbound - Website,Starburst,Fivetran,17800.0,12600.0,37600.0,0.29,False,<$50k,"July 26, 2025",08/15/2025,20.0,17.0,2.0,1.0,,28.0,Closed Lost,Monica Hester,Analytics Engineer,IC,3.3,,CFO,True,1.0,4,3.0,False,True,False,0.8,2.3,1.5,0.34,29.0,10.0,4.0,6.0,,9.0,1.3,10.0,4.0,3.0,Pricing,14.0,5.0,66.0,-2.0,Stable,2.0,False,0.0,False,False,False,False,True,False,False,False,,,False,,93.0,False,2.0,65.0,16.0,,6.0,,Lost — chose competitor. No additional detail.,,10.0,,False,"May 14, 2026",True,Lost,Security / Compliance Failed,
DL-1271,"Lawson, Morales and Williams LLC",ACC-14149,Morgan and Sons - Full Bundle Annual,Mid-Market,Energy,West,Marcus Chen,REP-102,Amara Osei,,Full Bundle,Annual,Inbound - Website,Starburst,,81400.0,66700.0,,0.18,True,$150k–$500k,07-Jan-2025,"March 10, 2025",62.0,17.0,2.0,1.0,,11.0,Closed Won,Scott Stewart,Chief Data Officer,C-Suite,,Brian Garcia,CFO,True,1.0,3,3.0,False,False,False,0.7,1.1,0.4,0.76,42.0,32.0,3.0,9.0,,17.0,0.7,7.0,1.0,2.0,Pricing,3.0,2.0,75.0,0.0,Expanding,1.0,False,0.0,False,,False,False,True,False,,True,,True,True,16.0,,,0.0,63.0,12.0,True,6.0,79.0,Fast cycle. Champion had budget approved before we even started.,,7.0,Best Case,True,05/02/2026,,Won,,
DL-1236,King Group LLC,ACC-84768,Fuller and Sons - Governance Module Annual,SMB,Technology,Northeast,Priya Shah,REP-101,Jordan Blake,Danny Patel,Governance Module,Annual,PLG Expansion,Starburst,,9800.0,7400.0,7400.0,0.25,True,,10/02/2025,08-Nov-2025,37.0,17.0,5.0,1.0,,,Closed Lost,Oscar Greer,Data Engineer,IC,,Mr. Christopher Jacobs MD,Head of Product,False,0.0,3,2.0,,False,True,0.9,3.0,2.1,0.33,48.0,16.0,4.0,5.0,,14.0,2.2,2.0,3.0,3.0,POC Review,12.0,4.0,86.0,9.0,Contracting,2.0,True,4.0,True,False,False,True,True,False,True,True,False,False,False,,38.0,False,1.0,95.0,12.0,True,4.0,73.0,"champion was ic level, couldn't drive teh purchase alone..",Perform benefit baby seem should society dark product make energy gas teacher national.,10.0,Commit,True,05/07/2026,False,Lost,Price / Budget,Exec Vacuum
DL-1487,Hale-Winters,ACC-16593,Harrington-Armstrong - Full Bundle Annual,Mid-Market,Insurance,APAC,Tyler Brooks,REP-108,Benjamin Cross,Jaylen Ford,Full Bundle,Annual,Partner Referral,Monte Carlo,Collibra,104700.0,75400.0,75400.0,0.28,False,$150k–$500k,2025-07-12,"October 12, 2025",92.0,47.0,4.0,0.0,,32.0,Closed Lost,,Data Engineer,IC,9.6,Danielle Elliott,Head of Product,True,2.0,7,5.0,False,True,,2.3,0.8,-1.5,0.11,31.0,3.0,24.0,21.0,Introduction: Ray <> Tiger Data,6.0,0.7,8.0,0.0,3.0,Executive QBR,13.0,4.0,59.0,-7.0,Expanding,0.0,True,1.0,False,,False,True,True,False,True,,,False,False,,79.0,,2.0,70.0,10.0,False,,,Lost — no decision / stalled. No additional detail.,Finish thing his chance focus more leg too.,10.0,Omitted,True,26-Apr-2026,,Lost,No Decision / Stalled,Ghost Stall
DL-1559,"The Price, Gomez and Christensen",ACC-34145,Cline-Williams - Full Bundle Pilot,SMB,Manufacturing,Midwest,James O'Brien,REP-106,Liam Sutherland,,Full Bundle,Pilot,Executive Referral,Fivetran,,8600.0,7000.0,15000.0,0.19,False,$50k–$150k,06/03/2025,2025-07-07,34.0,18.0,6.0,0.0,22.0,22.0,Closed Lost,Daryl Lowe,Chief Data Officer,C-Suite,,,VP Operations,True,5.0,3,2.0,True,,True,2.4,2.2,-0.2,0.94,33.0,31.0,1.0,5.0,,19.0,2.9,6.0,4.0,3.0,Technical Review,1.0,5.0,61.0,-7.0,Contracting,0.0,True,2.0,,,True,True,True,False,,False,,True,True,24.0,99.0,,1.0,76.0,3.0,False,5.0,11.0,Lost — missing feature. No additional detail.,Protect like film society tell message whether morning.,9.0,Pipeline,True,"May 01, 2026",False,Lost,No Decision / Stalled,
DL-1117,The Johnson and Sons,ACC-44108,"Carter, Miller and Anthony - Analytics Suite Multi-Year",SMB,Education,Northeast,Emily Rodriguez,REP-103,Jordan Blake,Grace Okonkwo,Analytics Suite,Multi-Year,Partner Referral,Starburst,,27800.0,27800.0,58100.0,0.0,True,$50k–$150k,2025-10-15,"November 07, 2025",23.0,18.0,2.0,1.0,20.0,,Closed Lost,James Burns,Data Architect,IC,8.0,Anna Stephens,VP Engineering,False,1.0,5,1.0,True,True,True,1.1,7.65,6.55,0.76,33.0,25.0,0.0,2.0,following up again...,9.0,0.8,6.0,4.0,2.0,Executive QBR,35.0,4.0,48.0,-25.0,Expanding,0.0,True,1.0,False,True,True,False,True,True,False,,False,,False,,48.0,True,2.0,77.0,7.0,,,,Lost — missing feature. No additional detail.,,7.0,Pipeline,,2026-05-16,True,Lost,Champion Left,Champion Collapse
DL-1851,Kent-Smith,ACC-66771,Sexton-Taylor - Governance Module Pilot,Mid-Market,Healthcare,Southwest,Sophia Nguyen,REP-105,Benjamin Cross,Casey Wu,Governance Module,Pilot,PLG Expansion,Databricks,Alation,44900.0,40400.0,82700.0,0.1,False,$50k–$150k,2025-05-29,"August 11, 2025",74.0,18.0,6.0,1.0,17.0,9.0,Closed Won,Brendan Roberts,Data Engineer,IC,3.4,Jamie Castillo,SVP Technology,True,2.0,3,3.0,True,True,False,0.7,1.5,0.8,0.25,52.0,13.0,6.0,3.0,fwd: technical review docs,18.0,1.5,11.0,2.0,4.0,Demo,12.0,0.0,58.0,7.0,Contracting,2.0,True,4.0,True,True,True,True,True,True,False,,True,False,True,25.0,,True,1.0,60.0,4.0,,,,multi-threaded well.. finance and eng both bought in..,Fire eight school not affect work I throughout day science.,7.0,,False,2026-05-18,True,Won,,
DL-1512,The Boone LLC,ACC-91152,Dunn LLC - Governance Module Monthly,Enterprise,Retail,EMEA,Rachel Kim,REP-107,Jordan Blake,Isla Berg,Governance Module,Monthly,Partner Referral,Collibra,,700000.0,700000.0,1585200.0,0.22,False,$150k–$500k,04-Aug-2025,19-Dec-2025,137.0,16.0,5.0,1.0,,6.0,Closed Lost,Brendan Paul,Senior Data Engineer,IC,,Andrew Keller,VP Operations,True,2.0,8,6.0,,False,False,2.5,2.8,0.3,1.0,29.0,29.0,1.0,18.0,Checking in,18.0,0.9,12.0,3.0,4.0,Technical Review,10.0,0.0,76.0,-7.0,Stable,6.0,True,4.0,True,True,False,False,True,False,False,True,True,False,False,,,True,0.0,57.0,7.0,,5.0,45.0,Lost — no decision / stalled. No additional detail.,Act front person everyone involve discover peace number environment.,7.0,Omitted,False,"April 25, 2026",,Lost,Chose Competitor,Competitor Displacement
DL-1578,The Mccullough PLC,ACC-97068,Dalton Inc - Full Bundle Pilot,Enterprise,Logistics,West,Emily Rodriguez,REP-103,Amara Osei,Casey Wu,Full Bundle,Pilot,PLG Expansion,Collibra,,399000.0,395000.0,847400.0,0.01,True,>$500k,09/22/2024,"April 26, 2025",216.0,60.0,2.0,0.0,,8.0,Closed Lost,Aaron Fernandez,VP of Data,VP,1.6,Ryan White,Director of IT,True,1.0,5,4.0,True,False,True,2.0,2.0,0.0,0.18,54.0,9.0,22.0,28.0,RE: RE: RE: Next steps??,9.0,2.8,12.0,0.0,4.0,POC Review,6.0,1.0,58.0,0.0,Contracting,0.0,True,2.0,True,True,False,False,True,False,False,,,,False,,,True,2.0,53.0,9.0,,,8.0,"Just went dark. Last email 3 weeks ago, no response.",Glass purpose beat hotel them hand since much language bit enter notice run mission show company word catch nothing.,7.0,Commit,True,05/10/2026,True,Lost,Missing Feature,Ghost Stall
DL-1827,The Reyes-Scott,ACC-53411,Moore LLC - Analytics Suite Annual,Enterprise,Insurance,Northeast,David Park,REP-104,Amara Osei,Danny Patel,Analytics Suite,Annual,Inbound - Website,Databricks,,338100.0,307700.0,307700.0,0.09,False,,08/06/2024,01/20/2025,167.0,45.0,6.0,1.0,,,Closed Lost,Debbie Carrillo,Data Platform Lead,Manager,,Kaitlyn Phillips,SVP Technology,False,0.0,5,5.0,True,True,False,1.6,2.8,1.2,0.16,26.0,4.0,34.0,40.0,Introduction: Howard <> Tiger Data,11.0,0.7,11.0,0.0,4.0,Executive QBR,8.0,0.0,69.0,-10.0,Expanding,0.0,True,3.0,True,True,False,True,True,False,,True,,False,True,23.0,52.0,False,0.0,86.0,11.0,False,6.0,30.0,Prospect stopped engaging after the proposal. No explanation given.,Soon street cut image move international mention do five like.,9.0,,True,"April 23, 2026",,Lost,No Decision / Stalled,Ghost Stall
DL-1126,Walker-Savage Inc,ACC-29622,French-Rivera - Analytics Suite Monthly,Enterprise,Manufacturing,Southeast,Priya Shah,REP-101,Amara Osei,Elena Ruiz,Analytics Suite,Monthly,Inbound - Website,Collibra,,790500.0,790500.0,2338800.0,0.27,True,<$50k,08/13/2025,2026-03-16,215.0,5.0,2.0,3.0,,,Closed Lost,Edward York,Data Architect,IC,7.5,Sean Silva,Head of Product,False,0.0,8,7.0,False,True,True,2.3,0.6,-1.7,0.57,14.0,8.0,3.0,19.0,following up again...,10.0,2.0,4.0,1.0,3.0,Executive QBR,6.0,2.0,75.0,0.0,Stable,7.0,True,4.0,,True,False,True,False,True,False,True,True,False,False,,,False,1.0,68.0,18.0,False,,73.0,Lost — chose competitor. No additional detail.,Author threat matter test high fear approach take case customer important notice trade leader first resource single maintain piece.,6.0,Commit,False,05/13/2026,,Lost,Chose Competitor,Competitor Displacement
DL-1116,Moore-Garcia LLC,ACC-54059,Mccann Group - Full Bundle Annual,Mid-Market,Energy,APAC,Nina Petrov,REP-109,Amara Osei,Jaylen Ford,Full Bundle,Annual,Inbound - Website,Starburst,,138400.0,138400.0,,0.0,True,,"March 09, 2024",2024-05-07,59.0,3.0,3.0,1.0,,,Closed Won,Miranda Blair,Senior Data Engineer,IC,11.9,Douglas Young,COO,False,0.0,6,4.0,True,True,True,2.4,2.6,0.2,0.26,19.0,5.0,7.0,2.0,Checking in,3.0,2.9,7.0,5.0,4.0,Executive QBR,15.0,2.0,66.0,-7.0,Contracting,2.0,False,0.0,False,True,False,False,False,False,True,True,,False,False,,20.0,False,0.0,92.0,21.0,True,,64.0,Multi-threaded well. Finance and Eng both bought in.,Hotel near make approach about because station person lose.,7.0,,False,"May 16, 2026",,Won,,
DL-1473,Walsh-Thompson,ACC-45803,Kidd-Macias - Core Platform Annual,Mid-Market,Manufacturing,EMEA,Alex Morgan,REP-100,Benjamin Cross,Frankie Hale,Core Platform,Annual,Executive Referral,None / Greenfield,,108900.0,95800.0,95800.0,0.12,False,>$500k,07/30/2025,09/18/2025,50.0,10.0,4.0,1.0,42.0,,Closed Lost,Alex Trujillo,Director of Data,Director,2.4,Joe Page,Director of IT,False,3.0,7,1.0,True,True,True,2.4,9.76,7.36,0.69,39.0,27.0,4.0,10.0,Q4 pricing — URGENT,3.0,2.9,5.0,3.0,1.0,Executive QBR,27.0,0.0,32.0,-20.0,,2.0,True,4.0,False,False,True,True,False,False,False,False,False,,True,6.0,20.0,True,2.0,84.0,24.0,False,4.0,84.0,New data lead came in and had a prior relationship with Snowflake.,,6.0,Omitted,True,"May 16, 2026",True,Lost,Price / Budget,Champion Collapse
DL-1723,Simpson-Green,ACC-38808,"Dalton, Sims and Holt - Full Bundle Monthly",SMB,Media,Southwest,Alex Morgan,REP-100,Benjamin Cross,Danny Patel,Full Bundle,Monthly,Inbound - Website,Atlan,,11600.0,11600.0,24300.0,0.0,False,$50k–$150k,03-Jun-2024,2024-06-27,24.0,9.0,5.0,1.0,,22.0,Closed Won,Christopher Wagner,Data Engineer,IC,,,CTO,True,3.0,5,3.0,True,False,,2.4,0.7,-1.7,0.91,11.0,10.0,0.0,1.0,following up again...,18.0,1.8,10.0,5.0,1.0,Pricing,4.0,3.0,94.0,8.0,Contracting,2.0,False,0.0,True,False,False,True,False,False,True,False,True,,False,,87.0,,1.0,53.0,24.0,True,8.0,77.0,Multi-threaded well. Finance and Eng both bought in.,She that senior go talk down story forget security law suffer but entire cultural politics interesting.,8.0,Commit,False,"May 21, 2026",False,Won,,
DL-1057,JonesLtd,ACC-73176,,SMB,Technology,APAC,Tyler Brooks,REP-108,Hana Takeda,Danny Patel,Governance Module,Multi-Year,Event / Conference,Monte Carlo,,29600.0,27500.0,59200.0,0.07,False,$150k–$500k,"August 28, 2024","October 05, 2024",38.0,9.0,6.0,0.0,45.0,18.0,Closed Lost,Christian Cole,Data Engineer,IC,2.1,Jeremy Jones,COO,True,2.0,2,2.0,,False,False,1.1,1.6,0.5,0.28,50.0,14.0,1.0,7.0,following up again...,4.0,2.9,5.0,2.0,1.0,POC Review,14.0,3.0,60.0,3.0,Stable,2.0,False,0.0,True,True,True,False,True,True,True,,False,False,True,13.0,82.0,False,1.0,68.0,22.0,False,,4.0,Lost — wrong timing. No additional detail.,Morning huge power economic box save material hit no energy.,10.0,Commit,True,05/06/2026,,Lost,Price / Budget,
DL-1704,Nelson LLC LLC,ACC-33873,Meyer-Carrillo - Core Platform Multi-Year,SMB,Media,Southwest,James O'Brien,REP-106,Amara Osei,Elena Ruiz,Core Platform,Multi-Year,Event / Conference,None / Greenfield,Snowflake,25100.0,21800.0,49800.0,0.13,False,$150k–$500k,14-Jul-2024,08/06/2024,23.0,5.0,4.0,1.0,19.0,12.0,Closed Won,Shawn Berry,VP of Data,VP,8.5,Max Williams,COO,True,1.0,7,6.0,False,True,True,1.7,2.0,0.3,0.39,56.0,22.0,0.0,7.0,Quick question on the proposal,17.0,0.5,7.0,2.0,2.0,Technical Review,9.0,2.0,55.0,-6.0,Stable,2.0,True,4.0,True,,True,True,True,False,,False,True,True,True,21.0,33.0,True,0.0,94.0,4.0,False,,89.0,"strong champion, got exec in early.. smooth close..",,7.0,Commit,True,04/30/2026,,Won,,
DL-1948,"Wagner, Acevedo and Parks Inc",ACC-69653,Henry-Carter - Full Bundle Pilot,Enterprise,Education,Southeast,James O'Brien,REP-106,Hana Takeda,Grace Okonkwo,Full Bundle,Pilot,Partner Referral,Alation,Starburst,180500.0,130000.0,282400.0,0.28,True,,03/05/2025,"September 10, 2025",189.0,14.0,2.0,0.0,,,Closed Lost,Miranda White,Senior Data Engineer,IC,,,SVP Technology,False,0.0,3,3.0,True,False,False,1.3,1.3,0.0,0.35,17.0,6.0,1.0,10.0,following up again...,12.0,2.7,10.0,5.0,3.0,POC Review,8.0,2.0,55.0,1.0,Stable,0.0,True,3.0,False,True,False,True,False,False,True,,True,True,True,13.0,32.0,True,0.0,63.0,19.0,True,0.0,7.0,Never got above the data team. Budget decision was above champion's level.,,9.0,Best Case,False,17-May-2026,,Lost,No Decision / Stalled,Exec Vacuum
DL-1369,The Porter Ltd,ACC-77282,Owens and Sons - Governance Module Monthly,Enterprise,Technology,Southeast,Marcus Chen,REP-102,Benjamin Cross,Jaylen Ford,Governance Module,Monthly,PLG Expansion,Monte Carlo,,320700.0,259800.0,531100.0,0.19,False,>$500k,2025-05-27,"December 13, 2025",200.0,4.0,2.0,1.0,27.0,24.0,Closed Lost,Donna Grant,Chief Data Officer,C-Suite,11.9,John Brown,COO,True,5.0,6,6.0,True,,False,2.3,0.7,-1.6,0.91,11.0,10.0,8.0,5.0,,9.0,1.7,12.0,2.0,4.0,Demo,6.0,5.0,82.0,4.0,Contracting,2.0,False,0.0,False,True,True,True,True,True,True,False,False,False,False,,96.0,,2.0,94.0,12.0,,3.0,,Lost — price / budget. No additional detail.,,10.0,Pipeline,,,True,Lost,Price / Budget,
DL-1268,Dawson-Anderson,ACC-10359,"Palmer, Rice and Benson - Full Bundle Multi-Year",SMB,Media,Northeast,Alex Morgan,REP-100,Jordan Blake,,Full Bundle,Multi-Year,Partner Referral,Starburst,,10200.0,10200.0,24300.0,0.0,True,$50k–$150k,11/29/2025,12/23/2025,24.0,7.0,5.0,1.0,,,Closed Lost,Andrew Moore,Senior Data Engineer,IC,,Tammy Wilson,COO,False,0.0,4,3.0,False,False,False,0.9,1.6,0.7,0.73,15.0,11.0,2.0,0.0,[External] Re: Tiger Data POC,15.0,1.1,7.0,3.0,1.0,Discovery,14.0,4.0,75.0,0.0,Stable,1.0,True,1.0,,False,False,False,False,True,False,False,False,,False,,,True,2.0,80.0,6.0,False,0.0,,Lost — no decision / stalled. No additional detail.,,9.0,Pipeline,False,"April 29, 2026",,Lost,Price / Budget,Exec Vacuum
DL-1046,Bell-Mullen,ACC-95729,"Briggs, Young and Thomas - Core Platform Multi-Year",Enterprise,Education,Southeast,Priya Shah,REP-101,Liam Sutherland,Isla Berg,Core Platform,Multi-Year,PLG Expansion,Atlan,Starburst,334800.0,321400.0,836800.0,0.04,True,$50k–$150k,"July 14, 2025","December 04, 2025",143.0,13.0,3.0,0.0,,,Closed Won,Lance Wolf,Head of Data Engineering,Manager,,Cassandra Mejia,VP Engineering,False,0.0,2,1.0,False,False,,2.2,0.9,-1.3,0.98,48.0,47.0,7.0,10.0,RE: RE: RE: Next steps??,11.0,1.6,2.0,3.0,1.0,Technical Review,14.0,5.0,58.0,15.0,Expanding,2.0,False,0.0,True,True,False,False,True,True,,False,True,False,False,,86.0,True,0.0,75.0,9.0,True,8.0,12.0,"Strong champion, got exec in early. Smooth close.",Less nor often race think poor worry follow wife firm key light place someone option goal avoid.,10.0,Pipeline,True,2026-04-22,,Won,,
DL-1349,The Mcneil and Sons,ACC-66069,"Cole, Montes and Davis - Governance Module Annual",SMB,Retail,Southeast,Nina Petrov,REP-109,Amara Osei,Henry Vasquez,Governance Module,Annual,Event / Conference,Alation,Alation,11200.0,11200.0,11200.0,0.0,True,$50k–$150k,04/07/2025,"April 29, 2025",22.0,13.0,3.0,1.0,,,Closed Lost,William Fisher,VP of Data,VP,2.8,,COO,False,3.0,3,1.0,False,False,,0.8,6.3,5.5,0.32,57.0,18.0,4.0,3.0,RE: RE: RE: Next steps??,6.0,2.2,11.0,3.0,4.0,Demo,39.0,5.0,36.0,-30.0,Stable,1.0,True,2.0,False,False,False,True,False,True,False,False,,,True,24.0,76.0,,1.0,,11.0,True,,23.0,Lost — missing feature. No additional detail.,Decide course quickly western have hair few film standard by material yourself increase goal.,8.0,Commit,True,05/16/2026,False,Lost,Price / Budget,Champion Collapse
DL-1195,The Reeves-Boyd,ACC-80172,Collins Inc - Full Bundle Pilot,SMB,Healthcare,EMEA,Alex Morgan,REP-100,Jordan Blake,Frankie Hale,Full Bundle,Pilot,PLG Expansion,Databricks,,25100.0,25100.0,64500.0,0.24,False,,2025-09-26,19-Oct-2025,23.0,10.0,2.0,1.0,,35.0,Closed Lost,Linda Miller,Director of Data,Director,0.8,Angel Meyer,Chief Data Officer,True,2.0,6,5.0,False,True,True,0.9,1.7,0.8,0.76,50.0,38.0,1.0,13.0,,15.0,2.7,6.0,5.0,3.0,,10.0,1.0,60.0,-1.0,Stable,3.0,True,3.0,False,True,False,True,True,True,True,False,False,False,True,12.0,,False,2.0,65.0,19.0,,4.0,,Lost — security / compliance failed. No additional detail.,Against serve police decide customer expert mother significant provide evening church boy when.,9.0,,False,2026-05-02,True,Lost,No Decision / Stalled,Competitor Displacement
DL-1102,"Wang, Henderson and Morales Inc",ACC-61062,"Herrera, Jensen and Ramirez - Analytics Suite Pilot",SMB,Technology,Southwest,Alex Morgan,REP-100,Liam Sutherland,Henry Vasquez,Analytics Suite,Pilot,PLG Expansion,Alation,,17100.0,17100.0,,0.28,False,>$500k,02-Jun-2024,04-Jul-2024,32.0,13.0,4.0,2.0,23.0,30.0,Closed Lost,Jorge Harris,Data Platform Lead,Manager,4.1,Kimberly Myers,CFO,True,5.0,4,3.0,True,True,True,0.7,0.8,0.1,0.36,14.0,5.0,2.0,10.0,following up again...,18.0,1.4,9.0,3.0,4.0,Demo,12.0,4.0,95.0,5.0,Stable,6.0,True,4.0,False,True,True,False,True,True,,,,False,False,,38.0,False,2.0,89.0,9.0,False,1.0,,snowflake offered a massive discount at teh last minute.. we couldn't match..,Financial join well draw each under break partner area.,7.0,Omitted,True,,False,Lost,No Decision / Stalled,Competitor Displacement
DL-1868,Alvarez Ltd,ACC-66021,Miller Ltd - Governance Module Pilot,Mid-Market,Healthcare,Midwest,Tyler Brooks,REP-108,Hana Takeda,Frankie Hale,Governance Module,Pilot,Inbound - Website,Atlan,Monte Carlo,54300.0,52700.0,131200.0,0.31,True,,06/26/2025,08-Sep-2025,74.0,3.0,5.0,1.0,16.0,,Closed Lost,Ashley Walker,Lead Data Engineer,IC,3.5,,CFO,False,0.0,3,3.0,False,False,True,1.4,1.0,-0.4,0.59,29.0,17.0,2.0,10.0,[External] Re: Tiger Data POC,8.0,0.9,4.0,4.0,1.0,Demo,10.0,2.0,61.0,12.0,Stable,6.0,True,2.0,True,False,True,False,True,False,,False,True,,False,,43.0,True,2.0,90.0,9.0,True,6.0,57.0,Lost — missing feature. No additional detail.,,8.0,Commit,True,"April 22, 2026",True,Lost,Chose Competitor,Competitor Displacement
DL-1721,White-Johnson,ACC-15814,Stephens Group - Analytics Suite Pilot,Enterprise,Media,West,Priya Shah,REP-101,Benjamin Cross,Frankie Hale,Analytics Suite,Pilot,Outbound SDR,Atlan,,383700.0,291600.0,659500.0,0.24,True,<$50k,07-Jul-2025,2025-11-15,131.0,13.0,4.0,1.0,,,Closed Lost,Marie Ortiz MD,Chief Data Officer,C-Suite,8.0,Christopher Miller,COO,False,1.0,7,1.0,True,False,False,2.0,9.35,7.35,0.78,36.0,28.0,1.0,0.0,Introduction: Allen <> Tiger Data,3.0,1.1,10.0,1.0,3.0,Demo,32.0,0.0,31.0,-27.0,Contracting,0.0,False,0.0,False,False,False,False,False,False,True,False,,,True,24.0,36.0,False,0.0,72.0,21.0,False,,,Lost — chose competitor. No additional detail.,Eight stage raise baby throw perhaps recent where follow through friend the.,8.0,Commit,False,,,Lost,Champion Left,Champion Collapse
DL-1767,Macias-Allen LLC,ACC-55308,Ramirez PLC - Core Platform Multi-Year,SMB,Insurance,Southeast,Tyler Brooks,REP-108,Benjamin Cross,Jaylen Ford,Core Platform,Multi-Year,Partner Referral,Snowflake,,23500.0,20400.0,54000.0,0.28,False,,2024-04-03,10-May-2024,37.0,20.0,4.0,2.0,42.0,24.0,Closed Lost,Amanda Perez,Senior Data Engineer,IC,3.3,Hannah Lee,Director of IT,True,5.0,8,6.0,True,True,,2.5,1.8,-0.7,0.21,48.0,10.0,6.0,11.0,Introduction: Bryan <> Tiger Data,13.0,2.9,4.0,4.0,4.0,Discovery,9.0,2.0,82.0,-4.0,Contracting,3.0,True,2.0,False,False,True,True,True,True,,False,False,True,False,,28.0,True,2.0,74.0,17.0,True,4.0,,Lost — wrong timing. No additional detail.,,8.0,Omitted,True,16-May-2026,False,Lost,Chose Competitor,Competitor Displacement
DL-1263,Martinez and Sons LLC,ACC-62369,Montes-Hammond - Analytics Suite Annual,Mid-Market,Education,Southeast,Emily Rodriguez,REP-103,Jordan Blake,Casey Wu,Analytics Suite,Annual,Outbound SDR,Alation,,98700.0,91800.0,91800.0,0.07,True,,11/24/2024,2025-02-16,84.0,9.0,2.0,0.0,11.0,,Closed Lost,Ruben Wells,Analytics Engineer,IC,10.5,Christopher Adams,Chief Data Officer,False,0.0,7,7.0,True,,,2.1,1.1,-1.0,0.48,27.0,13.0,8.0,7.0,RE: RE: RE: Next steps??,19.0,1.3,6.0,1.0,3.0,Discovery,7.0,4.0,84.0,10.0,Expanding,1.0,False,0.0,False,True,True,True,False,True,True,True,True,True,True,9.0,,False,2.0,73.0,22.0,True,5.0,62.0,Never got above the data team. Budget decision was above champion's level.,Guess professor charge send instead direction soon including important learn system some gun ahead certainly.,6.0,Best Case,False,05/02/2026,True,Lost,No Decision / Stalled,Exec Vacuum
DL-1443,"James Group, Inc.",ACC-89688,Ross-Harris - Full Bundle Annual,Mid-Market,Education,APAC,Priya Shah,REP-101,Amara Osei,Elena Ruiz,Full Bundle,Annual,Cold Email Sequence,Fivetran,,71800.0,71800.0,71800.0,0.0,True,,2025-04-30,2025-07-09,70.0,19.0,2.0,0.0,,,Closed Lost,Robert Davis,BI Lead,Manager,5.9,Thomas Ramsey,Chief Data Officer,False,0.0,8,6.0,,True,,2.3,2.1,-0.2,0.69,59.0,41.0,2.0,4.0,Introduction: Dickerson <> Tiger Data,16.0,0.9,11.0,2.0,3.0,Pricing,7.0,3.0,55.0,-4.0,Expanding,1.0,True,3.0,False,False,False,False,False,False,True,,,True,True,21.0,,True,2.0,68.0,25.0,True,4.0,,Lost — chose competitor. No additional detail.,Clear decide wait scientist group yet indeed decision before medical.,7.0,,True,,True,Lost,No Decision / Stalled,
DL-1705,The Lewis Ltd,ACC-46590,Cortez-Wolf - Governance Module Annual,Mid-Market,Technology,Midwest,Tyler Brooks,REP-108,Jordan Blake,Grace Okonkwo,Governance Module,Annual,Executive Referral,Snowflake,,104000.0,104000.0,104000.0,0.0,False,,2025-10-14,12/28/2025,75.0,10.0,4.0,1.0,37.0,,Closed Lost,Kevin Booth,Data Engineer,IC,8.7,Maria Smith,COO,False,0.0,4,2.0,,True,True,1.6,2.0,0.4,0.56,18.0,10.0,4.0,3.0,RE: RE: RE: Next steps??,18.0,1.7,9.0,4.0,2.0,POC Review,11.0,0.0,95.0,12.0,Contracting,1.0,True,3.0,False,True,True,True,True,False,False,True,True,False,False,,,,1.0,85.0,21.0,False,0.0,84.0,Lost — wrong timing. No additional detail.,Hold best end north stay without professor today family large appear seven trial treatment.,7.0,Best Case,True,05/16/2026,,Lost,Price / Budget,Exec Vacuum
DL-1304,Goodman-Conrad Inc,ACC-97081,Hale-Smith - Analytics Suite Multi-Year,Mid-Market,Technology,Northeast,Rachel Kim,REP-107,,Frankie Hale,Analytics Suite,Multi-Year,Cold Email Sequence,dbt Labs,,111800.0,111800.0,228300.0,0.0,False,$50k–$150k,2024-04-24,08/06/2024,104.0,14.0,6.0,0.0,19.0,,Closed Lost,John Davis,Analytics Engineer,IC,8.6,Jennifer Butler,Director of IT,False,0.0,5,4.0,False,False,True,2.1,1.9,-0.2,0.68,47.0,32.0,6.0,1.0,following up again...,19.0,2.6,12.0,2.0,1.0,Pricing,8.0,1.0,81.0,-5.0,Stable,2.0,False,0.0,True,True,True,False,False,False,,True,True,,True,11.0,38.0,False,0.0,,23.0,,0.0,42.0,Lost — security / compliance failed. No additional detail.,Run color hear region cup consider way late sport control arrive consumer service.,7.0,Omitted,,2026-05-18,False,Lost,Missing Feature,
DL-1341,"Maxwell,RogersandAllen",ACC-79189,Weaver Inc - Full Bundle Annual,Mid-Market,Technology,EMEA,Rachel Kim,REP-107,Jordan Blake,Jaylen Ford,Full Bundle,Annual,Event / Conference,Snowflake,,141100.0,127000.0,,0.1,True,>$500k,"April 10, 2025",07/19/2025,100.0,9.0,4.0,0.0,38.0,,Closed Lost,Adam Browning,Data Engineer,IC,7.6,Dakota Hickman,CFO,False,0.0,7,5.0,False,True,False,1.4,0.8,-0.6,0.97,31.0,30.0,0.0,7.0,,5.0,1.2,7.0,4.0,1.0,Technical Review,9.0,2.0,65.0,-7.0,Contracting,1.0,False,0.0,False,True,True,False,True,False,True,,False,,False,,,,2.0,66.0,5.0,True,3.0,85.0,Lost — no decision / stalled. No additional detail.,,8.0,Best Case,True,,False,Lost,Price / Budget,Exec Vacuum
DL-1626,The Johnson PLC,ACC-26411,"Gray, Jackson and Jones - Governance Module Multi-Year",Mid-Market,Healthcare,Midwest,David Park,REP-104,Jordan Blake,Henry Vasquez,Governance Module,Multi-Year,Inbound - Website,Atlan,Databricks,103400.0,93100.0,209200.0,0.1,True,>$500k,22-Jul-2024,2024-09-14,54.0,20.0,5.0,0.0,42.0,35.0,Closed Won,Miguel Pena,Analytics Engineer,IC,3.9,Ryan Lawson,VP Engineering,True,1.0,2,1.0,False,True,,1.7,2.6,0.9,0.52,56.0,29.0,3.0,10.0,,19.0,0.6,7.0,3.0,2.0,Discovery,6.0,5.0,86.0,-7.0,Contracting,2.0,True,3.0,True,True,True,False,False,True,,False,False,True,False,,23.0,False,2.0,77.0,25.0,True,,,Multi-threaded well. Finance and Eng both bought in.,While step effort resource create hit yes without foot nation stop environment throw former director.,10.0,Commit,True,2026-05-16,True,Won,,
DL-1312-DUP,"Kennedy,BaileyandMyers,Inc.",ACC-97071,Rose LLC - Governance Module Multi-Year,Enterprise,Insurance,Southeast,Marcus Chen,REP-102,Hana Takeda,Jaylen Ford,Governance Module,Multi-Year,Partner Referral,None / Greenfield,,456600.0,456600.0,1102400.0,0.0,True,$50k–$150k,2024-04-26,09/03/2024,130.0,6.0,4.0,0.0,,13.0,Closed Won,Thomas Haynes,Analytics Engineer,IC,7.5,Anne Morris,VP Engineering,True,3.0,2,2.0,False,False,,2.3,1.5,-0.8,0.47,59.0,28.0,3.0,1.0,[External] Re: Tiger Data POC,14.0,2.2,9.0,3.0,3.0,Demo,7.0,0.0,87.0,-4.0,Expanding,2.0,True,4.0,True,True,False,False,True,True,False,,False,False,True,23.0,48.0,True,0.0,80.0,13.0,False,,,"Strong champion, got exec in early. Smooth close.",,7.0,Commit,False,"May 15, 2026",True,Won,,
DL-1149,"Sutton, Todd and Taylor",ACC-55436,White PLC - Full Bundle Annual,Enterprise,Insurance,APAC,Rachel Kim,REP-107,Benjamin Cross,Casey Wu,Full Bundle,Annual,PLG Expansion,Starburst,,419000.0,314200.0,,0.25,False,<$50k,02/13/2025,09/16/2025,215.0,19.0,3.0,0.0,,,Closed Lost,Tracy Fitzgerald,Head of Data Engineering,Manager,7.3,Mr. Daniel Freeman,SVP Technology,False,0.0,4,1.0,,False,True,2.4,9.24,6.84,0.89,19.0,17.0,8.0,3.0,following up again...,17.0,2.7,12.0,4.0,2.0,Demo,32.0,3.0,45.0,-33.0,Stable,2.0,True,2.0,True,True,False,False,False,False,False,,,False,True,20.0,53.0,False,0.0,82.0,6.0,True,0.0,,our champion got moved to a different team mid-deal.. lost access..,Enough doctor protect military social hold truth thing always.,8.0,Pipeline,True,"May 18, 2026",,Lost,Price / Budget,Champion Collapse
DL-1124,"Silva-Smith, Inc.",ACC-15004,"Levy, Franco and Hoffman - Full Bundle Monthly",Mid-Market,Financial Services,Southwest,Marcus Chen,REP-102,Benjamin Cross,Casey Wu,Full Bundle,Monthly,Executive Referral,dbt Labs,Fivetran,132300.0,109800.0,306600.0,0.17,False,$150k–$500k,"November 08, 2025","December 26, 2025",48.0,9.0,2.0,0.0,,24.0,Closed Lost,Diane Cohen,Data Platform Lead,Manager,4.3,,Director of IT,True,5.0,6,4.0,,True,False,1.1,1.6,0.5,0.88,25.0,22.0,7.0,0.0,RE: RE: RE: Next steps??,8.0,0.7,8.0,4.0,4.0,Technical Review,8.0,4.0,94.0,4.0,Stable,1.0,False,0.0,False,False,False,True,True,False,,True,True,False,False,,48.0,True,2.0,59.0,20.0,True,,87.0,lost — security / compliance failed.. no additional detail..,End represent throughout federal change she tonight south sort outside produce race return.,9.0,Pipeline,False,,True,Lost,Wrong Timing,
DL-1817,Bennett-Villarreal LLC,ACC-49007,"Lopez, Martin and Kennedy - Governance Module Multi-Year",SMB,Insurance,Southeast,Emily Rodriguez,REP-103,,Casey Wu,Governance Module,Multi-Year,PLG Expansion,Databricks,,10300.0,9300.0,21600.0,0.1,True,,2025-04-08,05/09/2025,31.0,10.0,5.0,0.0,,13.0,Closed Won,,Data Architect,IC,,Sharon Pearson,VP Operations,True,2.0,8,7.0,False,False,True,1.2,2.3,1.1,0.5,20.0,10.0,6.0,2.0,Re: Follow up from our call,11.0,0.7,2.0,4.0,2.0,POC Review,6.0,1.0,64.0,-6.0,Expanding,2.0,True,2.0,True,True,False,False,True,False,,False,,,False,,70.0,True,2.0,59.0,9.0,,,39.0,Fast cycle. Champion had budget approved before we even started.,Carry rather against behind read a interest country seven.,6.0,Best Case,True,2026-05-10,True,Won,,
DL-1855,Hart-Jones Inc,ACC-90537,Gallagher-Price - Governance Module Annual,SMB,Financial Services,Midwest,David Park,REP-104,Amara Osei,Elena Ruiz,Governance Module,Annual,Event / Conference,Databricks,Collibra,32900.0,27600.0,27600.0,0.16,True,>$500k,2025-03-25,16-Apr-2025,22.0,10.0,5.0,0.0,22.0,,Closed Lost,Richard Brennan,Data Engineer,IC,0.8,Lisa Butler,VP Engineering,False,0.0,7,5.0,False,True,,1.9,1.3,-0.6,0.38,52.0,20.0,6.0,0.0,Checking in,13.0,0.7,5.0,5.0,4.0,POC Review,14.0,5.0,66.0,0.0,Stable,0.0,True,4.0,True,False,True,False,True,True,,,True,False,False,,52.0,True,0.0,67.0,22.0,,1.0,13.0,Never got above the data team. Budget decision was above champion's level.,Black list yeah despite identify ok he eye kid yeah establish share its.,7.0,Commit,False,2026-05-17,False,Lost,No Decision / Stalled,Exec Vacuum
DL-1050,"Rogers, Miranda and Anderson LLC",ACC-15896,Moore-White - Governance Module Pilot,SMB,Financial Services,West,James O'Brien,REP-106,Jordan Blake,Elena Ruiz,Governance Module,Pilot,LinkedIn Outbound,Alation,,28600.0,24600.0,55500.0,0.14,True,,20-Nov-2024,2024-12-18,28.0,3.0,6.0,1.0,20.0,21.0,Closed Won,Lori Orr,VP of Data,VP,11.4,,CFO,True,1.0,2,1.0,,True,True,0.8,2.3,1.5,0.71,31.0,22.0,6.0,9.0,,15.0,1.5,2.0,4.0,3.0,Pricing,11.0,2.0,62.0,10.0,Stable,2.0,True,1.0,True,True,True,True,True,True,False,,False,True,False,,72.0,True,0.0,84.0,2.0,,8.0,,Technical win — their data architect loved the architecture demo.,Wide particular sell six doctor dream whole six tough create question now.,6.0,Commit,True,26-Apr-2026,True,Won,,
DL-1353,MckinneyandSons,ACC-55887,"Wilson, Ray and Myers - Analytics Suite Multi-Year",Mid-Market,Insurance,Northeast,Emily Rodriguez,REP-103,Amara Osei,Isla Berg,Analytics Suite,Multi-Year,Executive Referral,Atlan,,74800.0,58300.0,142800.0,0.29,False,,2024-03-15,06/06/2024,83.0,10.0,5.0,2.0,,,Closed Lost,Sydney Hood,Data Architect,IC,1.2,Frank Davis,Head of Product,False,0.0,2,2.0,False,,True,1.5,2.9,1.4,0.24,41.0,10.0,4.0,14.0,,20.0,2.6,2.0,2.0,4.0,Pricing,15.0,3.0,79.0,14.0,Expanding,3.0,True,1.0,True,True,False,False,False,True,True,,True,True,False,,,False,0.0,87.0,11.0,True,4.0,12.0,lost — price / budget.. no additional detail..,Join pick order agreement remain turn bad him.,9.0,Omitted,False,04/30/2026,,Lost,No Decision / Stalled,Competitor Displacement
DL-1966,Crawford-Marsh LLC,ACC-90248,"Miller, Smith and Reed - Full Bundle Multi-Year",Mid-Market,Energy,Southeast,Sophia Nguyen,REP-105,,,Full Bundle,Multi-Year,Executive Referral,Starburst,dbt Labs,82500.0,80800.0,206400.0,0.02,False,$50k–$150k,18-Aug-2025,27-Oct-2025,70.0,18.0,6.0,1.0,,25.0,Closed Lost,Matthew Walters,Data Platform Lead,Manager,1.5,Theresa Bell,Director of IT,True,1.0,4,2.0,True,False,True,1.7,1.9,0.2,0.97,29.0,28.0,3.0,3.0,Introduction: Lee <> Tiger Data,11.0,2.3,12.0,1.0,2.0,Demo,6.0,0.0,62.0,-7.0,Contracting,2.0,True,3.0,False,False,False,False,True,False,True,True,,True,True,18.0,56.0,,1.0,71.0,17.0,True,,,Lost — no decision / stalled. No additional detail.,Set necessary lay region citizen air whether produce tree environment.,7.0,Pipeline,False,,True,Lost,Price / Budget,
DL-1142,"Moreno, Barajas and Colon LLC",ACC-82719,"Smith, Caldwell and Griffin - Core Platform Monthly",Mid-Market,Media,Northeast,Tyler Brooks,REP-108,Liam Sutherland,Danny Patel,Core Platform,Monthly,Cold Email Sequence,Collibra,Collibra,131800.0,113300.0,334800.0,0.14,False,<$50k,"November 11, 2025",02/09/2026,90.0,16.0,3.0,1.0,38.0,,Closed Lost,Lisa Oliver,Senior Data Engineer,IC,8.8,Melanie Flores,Head of Product,False,0.0,3,3.0,False,True,True,1.3,2.3,1.0,0.79,29.0,23.0,6.0,8.0,[External] Re: Tiger Data POC,4.0,1.4,6.0,3.0,3.0,POC Review,10.0,2.0,74.0,9.0,Stable,0.0,True,2.0,False,False,True,False,False,True,,True,True,,False,,66.0,False,0.0,62.0,7.0,False,4.0,59.0,Never got above the data team. Budget decision was above champion's level.,History music executive treat state heart sort knowledge analysis together.,9.0,Pipeline,False,14-May-2026,False,Lost,No Decision / Stalled,Exec Vacuum
DL-1470,MILLER LTD,ACC-62924,Allen PLC - Full Bundle Pilot,Enterprise,Technology,West,Nina Petrov,REP-109,Hana Takeda,Casey Wu,Full Bundle,Pilot,Inbound - Website,Collibra,,353600.0,353600.0,761000.0,0.0,True,<$50k,16-Dec-2024,"April 01, 2025",106.0,14.0,2.0,0.0,15.0,28.0,Closed Won,Oscar Ramos,Data Engineer,IC,8.9,Mary Gordon,Chief Data Officer,True,2.0,8,8.0,True,,False,2.4,1.4,-1.0,0.76,17.0,13.0,4.0,7.0,Re: Follow up from our call,20.0,2.5,10.0,4.0,4.0,Demo,1.0,3.0,86.0,-8.0,Stable,2.0,False,0.0,True,True,True,True,False,True,True,True,True,False,True,25.0,46.0,True,1.0,91.0,14.0,True,4.0,,technical win — their data architect loved teh architecture demo..,Shoulder right analysis add check teacher economy compare left top argue.,9.0,Commit,False,"May 15, 2026",True,Won,,
DL-1399,The Adams Ltd,ACC-18856,,Enterprise,Manufacturing,Southwest,Tyler Brooks,REP-108,Amara Osei,,Full Bundle,Multi-Year,Event / Conference,Atlan,Monte Carlo,374300.0,374300.0,916300.0,0.29,True,$50k–$150k,2025-09-09,"January 06, 2026",119.0,17.0,2.0,1.0,10.0,8.0,Closed Lost,Jason Armstrong,Head of Data Engineering,Manager,5.4,Daniel Garrett,VP Operations,True,4.0,7,5.0,True,True,True,0.5,2.8,2.3,0.41,59.0,24.0,5.0,18.0,Re: Follow up from our call,12.0,2.2,10.0,3.0,4.0,Pricing,15.0,3.0,78.0,-7.0,Contracting,7.0,True,2.0,True,False,True,True,True,True,,True,False,False,False,,99.0,False,2.0,,13.0,,2.0,,Lost to Fivetran on connector breadth. They had 200+ native connectors.,Particularly can music wear again here sister four good she as any decision movement world study how responsibility face.,9.0,Pipeline,True,07-May-2026,False,Lost,No Decision / Stalled,Competitor Displacement
DL-1653,The Cline-Sandoval,ACC-15441,,SMB,Technology,Southwest,Emily Rodriguez,REP-103,Benjamin Cross,Isla Berg,Governance Module,Monthly,Outbound SDR,dbt Labs,Alation,10200.0,7900.0,19000.0,0.23,True,,06/14/2025,2025-07-08,24.0,12.0,2.0,1.0,30.0,7.0,Closed Lost,Christopher Lewis,Head of Data Engineering,Manager,7.6,Cameron House,Chief Data Officer,True,2.0,6,6.0,True,,False,1.5,2.1,0.6,0.98,50.0,49.0,6.0,1.0,Quick question on the proposal,13.0,2.8,9.0,2.0,3.0,POC Review,3.0,4.0,79.0,3.0,Expanding,0.0,False,0.0,False,False,True,False,False,False,True,False,False,True,True,13.0,,True,2.0,75.0,19.0,True,5.0,29.0,Lost — missing feature. No additional detail.,Career watch arrive become everything would pressure room under team security at.,8.0,Omitted,False,23-Apr-2026,True,Lost,No Decision / Stalled,
DL-1320,White-Andersen,ACC-94922,Shaw-Hill - Governance Module Annual,Mid-Market,Media,West,Alex Morgan,REP-100,Liam Sutherland,,Governance Module,Annual,Executive Referral,Fivetran,Snowflake,114200.0,95900.0,95900.0,0.16,,,"August 04, 2024",2024-10-24,81.0,7.0,6.0,0.0,,6.0,Closed Won,Todd Keith,Lead Data Engineer,IC,10.8,,Director of IT,True,4.0,6,5.0,False,False,False,1.6,0.6,-1.0,0.65,31.0,20.0,8.0,5.0,Q4 pricing — URGENT,9.0,1.6,10.0,3.0,3.0,Technical Review,13.0,5.0,56.0,-6.0,Contracting,1.0,True,2.0,False,True,False,True,False,True,,True,False,True,True,18.0,87.0,True,2.0,57.0,2.0,False,,82.0,"strong champion, got exec in early.. smooth close..",Image fine bed bag role war close arm sea never manage them while.,8.0,Omitted,True,2026-04-23,False,Won,,
DL-1019,PITTMAN AND SONS,ACC-51662,"Ferguson, Meadows and Vargas - Governance Module Annual",Enterprise,Insurance,Southeast,James O'Brien,REP-106,Amara Osei,Elena Ruiz,Governance Module,Annual,Cold Email Sequence,Collibra,,777800.0,777800.0,777800.0,0.0,True,$150k–$500k,02/17/2025,"August 27, 2025",191.0,8.0,3.0,0.0,,,Closed Lost,Angela Patterson,Senior Data Engineer,IC,10.0,,Director of IT,False,0.0,8,7.0,False,True,False,1.7,2.5,0.8,0.75,57.0,43.0,5.0,3.0,,20.0,2.4,5.0,2.0,3.0,Discovery,14.0,4.0,66.0,13.0,Contracting,2.0,True,3.0,False,False,False,False,True,False,True,True,True,True,True,6.0,46.0,True,0.0,,16.0,False,3.0,89.0,Lost — champion left. No additional detail.,Deep force seven here sell story edge bank affect much yourself glass practice sit.,7.0,Omitted,True,2026-04-26,,Lost,No Decision / Stalled,Exec Vacuum
DL-1842,REED LTD,ACC-58272,"Kelly, Campbell and Miller - Full Bundle Annual",Mid-Market,Logistics,Southeast,Tyler Brooks,REP-108,Jordan Blake,Henry Vasquez,Full Bundle,Annual,Executive Referral,Collibra,Atlan,111100.0,104400.0,104400.0,0.06,False,>$500k,09/15/2025,16-Dec-2025,92.0,4.0,5.0,0.0,14.0,32.0,Closed Won,Debra Frederick,Chief Data Officer,C-Suite,2.7,Ashley Brown,CTO,True,2.0,2,1.0,True,True,True,1.2,2.3,1.1,0.74,27.0,20.0,1.0,2.0,Checking in,20.0,0.9,3.0,4.0,4.0,Discovery,14.0,2.0,94.0,7.0,Expanding,1.0,True,2.0,,True,True,True,True,True,,True,,True,False,,,True,0.0,77.0,22.0,,2.0,63.0,Multi-threaded well. Finance and Eng both bought in.,From way today baby professor identify necessary population.,10.0,Omitted,,2026-05-13,,Won,,
DL-1946,WRIGHT GROUP,ACC-37584,"Russo, Henderson and Murphy - Core Platform Pilot",SMB,Education,West,Priya Shah,REP-101,Hana Takeda,Casey Wu,Core Platform,Pilot,Inbound - Website,Databricks,Databricks,13400.0,12500.0,34800.0,0.27,False,$50k–$150k,15-Jun-2025,"July 04, 2025",19.0,9.0,2.0,1.0,,,Closed Lost,Brendan Atkins,Data Architect,IC,3.9,Andrew Ellis,SVP Technology,False,0.0,4,4.0,False,True,,2.1,2.6,0.5,0.56,45.0,25.0,8.0,19.0,Checking in,19.0,1.0,5.0,3.0,2.0,,10.0,5.0,78.0,4.0,Contracting,4.0,True,2.0,False,False,False,True,True,False,False,True,True,,False,,62.0,,0.0,76.0,9.0,,2.0,22.0,lost — price / budget.. no additional detail..,,10.0,Omitted,True,"May 16, 2026",True,Lost,No Decision / Stalled,Competitor Displacement
DL-1841,"Clark, Johnson and Cunningham, Inc.",ACC-58859,Rivera LLC - Core Platform Multi-Year,SMB,Insurance,EMEA,Tyler Brooks,REP-108,Jordan Blake,Elena Ruiz,Core Platform,Multi-Year,Event / Conference,Fivetran,Snowflake,28300.0,28300.0,69700.0,0.0,False,,2025-11-06,24-Nov-2025,18.0,20.0,3.0,0.0,19.0,9.0,Closed Won,Mary Day,BI Lead,Manager,10.4,Cristina Thompson MD,Chief Data Officer,True,3.0,3,3.0,False,True,False,1.1,2.1,1.0,0.64,28.0,18.0,1.0,10.0,Re: Follow up from our call,16.0,2.2,5.0,1.0,2.0,Technical Review,2.0,5.0,60.0,-10.0,Expanding,2.0,True,2.0,False,,True,False,True,False,,True,,False,True,21.0,26.0,True,2.0,61.0,23.0,,6.0,,"strong champion, got exec in early.. smooth close..",Attention get school Mr on someone agency level debate factor his likely effort computer.,,Pipeline,True,,True,Won,,
DL-1407,"AGUIRRE, COLEMAN AND RUIZ",ACC-11106,Mason-Wilson - Full Bundle Pilot,Enterprise,Media,Midwest,Marcus Chen,REP-102,Benjamin Cross,Henry Vasquez,Full Bundle,Pilot,Executive Referral,None / Greenfield,,749300.0,606900.0,1258600.0,0.19,False,<$50k,02/02/2025,2025-05-16,103.0,18.0,4.0,0.0,,,Closed Lost,Jamie Cruz,Head of Data Engineering,Manager,,Eric Boyd,SVP Technology,False,5.0,8,1.0,,False,False,0.9,8.07,7.17,0.72,53.0,38.0,8.0,6.0,RE: RE: RE: Next steps??,18.0,1.1,7.0,1.0,4.0,Discovery,31.0,3.0,22.0,-20.0,Expanding,2.0,True,3.0,True,True,False,False,True,False,False,True,,,True,26.0,31.0,True,0.0,56.0,21.0,True,,,Lost — chose competitor. No additional detail.,Back painting degree coach plant everyone central join kid reason economy build tonight present concern term talk.,8.0,Omitted,False,05/14/2026,True,Lost,Champion Left,Champion Collapse
DL-1537,"The Wood, Yoder and Johnson",ACC-86226,Smith LLC - Full Bundle Monthly,Enterprise,Insurance,APAC,Priya Shah,REP-101,Amara Osei,Frankie Hale,Full Bundle,Monthly,Executive Referral,Databricks,,693200.0,693200.0,,0.0,,,2025-02-02,2025-08-25,204.0,5.0,2.0,1.0,,,Closed Lost,Matthew Watson,Senior Data Engineer,IC,1.5,Paul Smith,COO,False,0.0,5,4.0,True,False,True,2.4,0.9,-1.5,0.39,41.0,16.0,0.0,2.0,,16.0,1.6,11.0,5.0,2.0,Discovery,7.0,1.0,56.0,-5.0,Expanding,2.0,True,2.0,False,True,False,False,True,True,,True,False,True,True,12.0,,,0.0,59.0,19.0,,,47.0,No exec sponsor. Deal died when Q4 budgets froze.,,10.0,Commit,,,True,Lost,Price / Budget,Exec Vacuum
DL-1879,Day and Sons,ACC-72832,Montgomery-Burns - Governance Module Monthly,Enterprise,Healthcare,Southeast,Marcus Chen,REP-102,Jordan Blake,Isla Berg,Governance Module,Monthly,Executive Referral,Monte Carlo,,242000.0,242000.0,712900.0,0.28,False,,06-Apr-2025,10/28/2025,205.0,16.0,3.0,1.0,27.0,,Closed Lost,,Lead Data Engineer,IC,9.0,Kevin Peterson,Chief Data Officer,False,0.0,6,6.0,False,False,,1.6,2.3,0.7,0.17,58.0,10.0,8.0,20.0,[External] Re: Tiger Data POC,4.0,1.4,9.0,4.0,1.0,Demo,15.0,5.0,80.0,0.0,Stable,5.0,True,4.0,,False,True,True,False,True,,False,True,True,True,16.0,37.0,True,2.0,80.0,17.0,,0.0,,Snowflake offered a massive discount at the last minute. We couldn't match.,Heavy contain future resource quality record ask science government outside.,6.0,Best Case,True,2026-04-26,False,Lost,Chose Competitor,Competitor Displacement
DL-1038,Foley Inc,ACC-98428,"Richardson, Winters and Newman - Analytics Suite Annual",Mid-Market,Education,Southeast,Alex Morgan,REP-100,Jordan Blake,Henry Vasquez,Analytics Suite,Annual,Cold Email Sequence,None / Greenfield,,119300.0,103800.0,103800.0,0.13,True,,05-Oct-2025,12/12/2025,68.0,42.0,6.0,1.0,,25.0,Closed Lost,Donald Donaldson,Data Engineer,IC,8.0,Samantha Davis,Chief Data Officer,True,4.0,6,6.0,True,True,False,1.4,1.1,-0.3,0.11,25.0,2.0,13.0,34.0,,12.0,0.8,3.0,0.0,4.0,Pricing,12.0,0.0,92.0,-10.0,Stable,1.0,False,0.0,False,True,False,True,False,True,False,False,,,False,,70.0,False,2.0,54.0,24.0,,,18.0,Lost — security / compliance failed. No additional detail.,Politics others again skill during call north attention share debate democratic thank.,6.0,Commit,True,"May 05, 2026",True,Lost,No Decision / Stalled,Ghost Stall
DL-1175,Gutierrez-Schultz LLC,ACC-14060,"Morris, Allen and Gardner - Core Platform Multi-Year",SMB,Education,Southwest,James O'Brien,REP-106,Hana Takeda,Isla Berg,Core Platform,Multi-Year,Partner Referral,dbt Labs,Databricks,8100.0,8100.0,18300.0,0.0,,<$50k,28-Apr-2024,"May 23, 2024",25.0,33.0,4.0,0.0,,6.0,Closed Lost,Joshua Garner,Data Engineer,IC,,Jesse Moyer,VP Engineering,True,5.0,5,5.0,True,True,False,2.5,2.2,-0.3,0.2,57.0,11.0,17.0,21.0,Introduction: Nguyen <> Tiger Data,12.0,2.9,12.0,0.0,1.0,Executive QBR,14.0,2.0,62.0,-10.0,Stable,0.0,False,0.0,False,True,False,False,True,False,False,True,,True,False,,81.0,False,1.0,91.0,23.0,,7.0,25.0,lost — champion left.. no additional detail..,,10.0,,,05/10/2026,True,Lost,No Decision / Stalled,Ghost Stall
DL-1245,king group,ACC-19739,Fowler-Haynes - Governance Module Multi-Year,Mid-Market,Technology,Southeast,James O'Brien,REP-106,,Danny Patel,Governance Module,Multi-Year,LinkedIn Outbound,Alation,,49900.0,42400.0,120100.0,0.15,False,,09/22/2024,2024-12-06,75.0,33.0,4.0,0.0,,14.0,Closed Lost,Melinda Nichols,VP of Data,VP,8.1,Jeremy Smith,VP Engineering,True,5.0,5,4.0,False,True,True,0.6,1.3,0.7,0.19,32.0,6.0,17.0,35.0,Introduction: Mccormick <> Tiger Data,12.0,1.7,7.0,0.0,3.0,Discovery,10.0,5.0,75.0,10.0,Stable,0.0,False,0.0,True,True,False,True,True,False,False,,True,False,True,24.0,22.0,,1.0,68.0,19.0,True,0.0,,Lost — price / budget. No additional detail.,Until truth feeling view series father teacher civil keep first speech popular smile ever bag.,8.0,Pipeline,True,"May 01, 2026",,Lost,No Decision / Stalled,Ghost Stall
DL-1937,watson-frank,ACC-79084,"Walker, Neal and Mckee - Analytics Suite Multi-Year",SMB,Financial Services,Northeast,Tyler Brooks,REP-108,Amara Osei,Jaylen Ford,Analytics Suite,Multi-Year,Event / Conference,Atlan,Alation,20700.0,20700.0,56800.0,0.0,,,01/02/2026,2026-02-08,37.0,14.0,2.0,1.0,11.0,,Closed Lost,Cynthia Harper,BI Lead,Manager,11.1,Olivia Martinez,VP Operations,False,0.0,8,1.0,False,False,,2.4,9.73,7.33,0.94,33.0,31.0,1.0,3.0,,20.0,2.0,2.0,3.0,3.0,Technical Review,25.0,0.0,47.0,-20.0,Expanding,2.0,False,0.0,True,False,True,True,False,True,False,True,,True,False,,49.0,True,0.0,69.0,10.0,False,,,Lost — security / compliance failed. No additional detail.,Sure yourself design place certainly focus which garden just evening street red contain newspaper there picture.,8.0,,True,05/01/2026,,Lost,Champion Left,Champion Collapse
DL-1697,"Morris Inc, Inc.",ACC-63361,Pacheco-Nelson - Analytics Suite Pilot,Mid-Market,Education,EMEA,David Park,REP-104,Amara Osei,Grace Okonkwo,Analytics Suite,Pilot,Inbound - Website,Alation,Fivetran,70500.0,70500.0,163200.0,0.0,True,$50k–$150k,2025-09-19,2025-12-10,82.0,15.0,4.0,1.0,,9.0,Closed Won,Stephanie Pierce,Lead Data Engineer,IC,11.7,Henry Norris,SVP Technology,True,2.0,5,5.0,False,False,False,2.0,1.4,-0.6,0.25,53.0,13.0,8.0,0.0,[External] Re: Tiger Data POC,5.0,2.0,12.0,4.0,3.0,Pricing,4.0,3.0,60.0,4.0,Expanding,2.0,True,4.0,True,True,False,False,True,True,False,True,False,True,False,,,True,1.0,84.0,12.0,,6.0,,Fast cycle. Champion had budget approved before we even started.,,10.0,Commit,False,04/25/2026,False,Won,,
DL-1785,Barron-Alvarez LLC,ACC-59978,"Day, Parsons and Mendez - Core Platform Annual",Mid-Market,Media,Southeast,Sophia Nguyen,REP-105,Liam Sutherland,Casey Wu,Core Platform,Annual,Event / Conference,Alation,Fivetran,103200.0,103200.0,,0.0,False,,10/01/2025,"January 13, 2026",104.0,16.0,3.0,0.0,10.0,,Closed Lost,Jodi Holland,Data Engineer,IC,,Daniel Wolf,Head of Product,False,0.0,5,4.0,False,True,False,0.8,1.7,0.9,0.4,53.0,21.0,3.0,7.0,Checking in,6.0,2.7,2.0,4.0,3.0,Technical Review,1.0,2.0,82.0,-6.0,Contracting,0.0,True,1.0,False,False,True,True,True,True,True,False,False,True,False,,67.0,False,2.0,,19.0,,0.0,56.0,Lost — wrong timing. No additional detail.,Space another likely day increase fight spend recent really than mean loss hundred score fire yes follow against provide.,10.0,Commit,,,False,Lost,Price / Budget,Exec Vacuum
DL-1893,Black-Stewart,ACC-80830,West-Tucker - Full Bundle Monthly,Mid-Market,Financial Services,West,Emily Rodriguez,REP-103,Jordan Blake,Danny Patel,Full Bundle,Monthly,Partner Referral,Alation,,58200.0,58200.0,136300.0,0.0,,,09/13/2024,11/23/2024,71.0,15.0,4.0,0.0,,,Closed Lost,Kimberly Johnson,Head of Data Engineering,Manager,10.7,Lisa Moore,CTO,False,2.0,4,1.0,True,False,True,2.3,8.49,6.19,0.71,14.0,10.0,7.0,9.0,RE: RE: RE: Next steps??,18.0,1.1,9.0,3.0,2.0,Demo,25.0,5.0,22.0,-26.0,Contracting,2.0,True,2.0,True,,False,False,True,True,True,,True,True,False,,,True,0.0,56.0,25.0,False,0.0,97.0,Our champion got moved to a different team mid-deal. Lost access.,So price if paper really position daughter reduce job blood middle home wonder military institution be.,10.0,Omitted,False,05/13/2026,True,Lost,Champion Left,Champion Collapse
DL-1154,"MCDOWELL, ORTIZ AND LOPEZ",ACC-71905,"Manning, Smith and Mills - Analytics Suite Multi-Year",Mid-Market,Retail,Midwest,Priya Shah,REP-101,Amara Osei,Jaylen Ford,Analytics Suite,Multi-Year,Partner Referral,Atlan,Atlan,73200.0,73200.0,185600.0,0.0,True,$150k–$500k,23-Feb-2024,16-May-2024,83.0,13.0,2.0,0.0,,14.0,Closed Won,Jaime Harris,Analytics Manager,Manager,7.2,Jennifer Rodriguez,VP Engineering,True,3.0,4,3.0,,,True,1.1,2.5,1.4,0.47,53.0,25.0,6.0,7.0,RE: RE: RE: Next steps??,12.0,1.3,7.0,5.0,2.0,Technical Review,5.0,4.0,69.0,7.0,Expanding,0.0,False,0.0,True,True,False,True,False,True,True,True,False,False,True,5.0,66.0,False,2.0,60.0,21.0,False,8.0,,Technical win — their data architect loved the architecture demo.,Prepare effect talk interest hand every quite sense including six lot have never effect fill.,8.0,Omitted,False,,False,Won,,
DL-1287,"Rogers,HayesandReynolds",ACC-38864,Ballard-Stewart - Full Bundle Multi-Year,Enterprise,Financial Services,EMEA,Rachel Kim,REP-107,Liam Sutherland,Henry Vasquez,Full Bundle,Multi-Year,Partner Referral,Snowflake,Atlan,305300.0,305300.0,771900.0,0.0,True,>$500k,09-Jan-2024,2024-06-18,161.0,4.0,5.0,0.0,12.0,14.0,Closed Won,Christopher Hall,Director of Data,Director,6.2,Heather Miller,VP Operations,True,4.0,5,3.0,True,,False,1.5,2.7,1.2,1.0,22.0,22.0,7.0,10.0,fwd: technical review docs,9.0,0.8,7.0,2.0,1.0,POC Review,6.0,5.0,68.0,10.0,Contracting,0.0,False,0.0,False,,True,False,False,False,True,False,,False,False,,,,1.0,57.0,19.0,,2.0,,close was delayed 2 weeks on legal but closed strong..,Mention poor skill unit better author although customer cultural forget few spring raise ever relationship your your.,8.0,Pipeline,True,04/26/2026,,Won,,
DL-1630,"Glass, Joseph and Hawkins, Inc.",ACC-47374,Jackson Inc - Analytics Suite Pilot,SMB,Healthcare,West,James O'Brien,REP-106,Amara Osei,Jaylen Ford,Analytics Suite,Pilot,Outbound SDR,Fivetran,,19400.0,16500.0,36000.0,0.15,False,$50k–$150k,06/02/2025,"July 08, 2025",36.0,46.0,4.0,1.0,39.0,,Closed Lost,Bruce Lopez,Analytics Manager,Manager,4.8,Aaron Brown,Head of Product,False,0.0,6,6.0,True,True,,1.6,2.0,0.4,0.24,18.0,4.0,13.0,12.0,Re: Follow up from our call,7.0,1.0,8.0,0.0,3.0,,2.0,1.0,68.0,0.0,Stable,2.0,False,0.0,True,True,True,False,True,True,True,False,False,False,False,,,False,0.0,66.0,9.0,True,7.0,53.0,lost — security / compliance failed.. no additional detail..,History its boy travel meet place public newspaper soon lose hit action base far head someone eye.,9.0,Omitted,True,,,Lost,Missing Feature,Ghost Stall
DL-1569,"Lyons, Branch and Kennedy",ACC-71798,,Mid-Market,Financial Services,West,Nina Petrov,REP-109,Hana Takeda,Danny Patel,Full Bundle,Multi-Year,Event / Conference,Databricks,,50300.0,40200.0,101400.0,0.2,True,$150k–$500k,04/08/2024,13-Jun-2024,66.0,14.0,2.0,0.0,,,Closed Lost,Steven May,Lead Data Engineer,IC,11.3,Daniel Hoffman,Director of IT,False,4.0,5,1.0,True,,True,1.4,8.26,6.86,0.5,10.0,5.0,8.0,10.0,RE: RE: RE: Next steps??,8.0,0.8,7.0,4.0,3.0,Technical Review,23.0,2.0,25.0,-26.0,Contracting,1.0,False,0.0,False,False,False,True,True,False,True,True,,True,True,16.0,,,2.0,73.0,8.0,False,3.0,,Our champion got moved to a different team mid-deal. Lost access.,Mind determine prove own gun during wear catch today serious structure wonder.,6.0,Best Case,True,04/28/2026,False,Lost,Price / Budget,Champion Collapse
DL-1774,"Myers,PetersandThompson",ACC-63588,Smith-Rodriguez - Full Bundle Multi-Year,Mid-Market,Logistics,West,Alex Morgan,REP-100,Hana Takeda,Grace Okonkwo,Full Bundle,Multi-Year,Cold Email Sequence,Fivetran,,94600.0,93700.0,228800.0,0.25,False,$50k–$150k,05-Oct-2024,12/24/2024,80.0,20.0,6.0,2.0,45.0,,Closed Lost,Nicholas Alvarado,VP of Data,VP,,Carol Andrade,CTO,False,0.0,6,5.0,,False,,2.2,0.8,-1.4,0.74,46.0,34.0,2.0,13.0,Quick question on the proposal,3.0,3.0,3.0,2.0,4.0,Pricing,2.0,2.0,75.0,6.0,Contracting,3.0,True,4.0,True,False,True,True,False,False,True,False,,False,False,,53.0,True,2.0,61.0,17.0,False,,98.0,lost — chose competitor.. no additional detail..,Language need country set thing position before watch society early event explain of.,9.0,Best Case,False,,True,Lost,No Decision / Stalled,Competitor Displacement
DL-1017,"The Larson, Dodson and Vance",ACC-59774,"Briggs, Mcclain and Simmons - Core Platform Annual",Enterprise,Media,Midwest,Priya Shah,REP-101,,Elena Ruiz,Core Platform,Annual,Inbound - Website,dbt Labs,,246900.0,246900.0,246900.0,0.3,,,07/01/2025,09-Dec-2025,161.0,4.0,3.0,1.0,16.0,10.0,Closed Lost,Jill Moore,Analytics Manager,Manager,8.4,Joanna Walton,Chief Data Officer,True,1.0,5,4.0,True,,,2.3,2.1,-0.2,0.75,12.0,9.0,0.0,11.0,following up again...,8.0,0.7,7.0,3.0,4.0,Demo,5.0,3.0,65.0,0.0,Stable,4.0,True,1.0,False,False,True,False,True,False,True,False,,False,False,,,False,1.0,79.0,14.0,True,,,Snowflake offered a massive discount at the last minute. We couldn't match.,She miss phone ever back experience even floor music catch discuss really relationship.,9.0,Commit,False,05/09/2026,False,Lost,No Decision / Stalled,Competitor Displacement
DL-1127,Edwards Inc Inc,ACC-85708,Hayes and Sons - Analytics Suite Annual,SMB,Media,Northeast,Emily Rodriguez,REP-103,Hana Takeda,,Analytics Suite,Annual,PLG Expansion,Alation,Alation,29300.0,21100.0,21100.0,0.28,,$50k–$150k,08/11/2025,2025-09-13,33.0,10.0,3.0,0.0,,,Closed Lost,Caroline Duran,Analytics Engineer,IC,8.2,Phillip Miller DDS,Chief Data Officer,False,0.0,4,4.0,False,True,,2.4,2.8,0.4,1.0,16.0,16.0,3.0,2.0,Re: Follow up from our call,8.0,2.4,8.0,3.0,1.0,Executive QBR,3.0,4.0,65.0,0.0,Expanding,2.0,False,0.0,True,True,False,True,True,False,False,True,,True,False,,90.0,False,2.0,57.0,22.0,False,3.0,92.0,Lost — no decision / stalled. No additional detail.,Idea whole himself also current health add focus street course quality phone eat really general.,8.0,Pipeline,False,2026-05-17,False,Lost,No Decision / Stalled,Exec Vacuum
DL-1322,"sutton, williams and west",ACC-36938,Craig PLC - Governance Module Annual,Mid-Market,Insurance,Northeast,James O'Brien,REP-106,Amara Osei,Frankie Hale,Governance Module,Annual,Executive Referral,Alation,Databricks,35400.0,35400.0,35400.0,0.0,False,,06/15/2025,"September 09, 2025",86.0,14.0,2.0,0.0,33.0,15.0,Closed Lost,Carrie Richardson,Data Platform Lead,Manager,5.6,Harry Williams,SVP Technology,True,1.0,4,3.0,False,False,True,1.2,1.2,0.0,0.38,37.0,14.0,1.0,6.0,RE: RE: RE: Next steps??,7.0,1.9,3.0,2.0,3.0,Technical Review,6.0,4.0,91.0,11.0,Stable,1.0,False,0.0,False,True,True,True,False,True,,True,True,False,False,,,False,2.0,84.0,3.0,False,0.0,,lost — champion left.. no additional detail..,Here health both trial economic much short brother federal family defense scene notice design fight value poor.,8.0,Omitted,True,,True,Lost,Missing Feature,
DL-1255,Roberts Group LLC,ACC-66272,Solomon Group - Analytics Suite Multi-Year,SMB,Manufacturing,Southwest,Alex Morgan,REP-100,Jordan Blake,Danny Patel,Analytics Suite,Multi-Year,LinkedIn Outbound,Fivetran,Snowflake,24200.0,24200.0,49900.0,0.0,True,$50k–$150k,06/29/2025,08/09/2025,41.0,5.0,5.0,1.0,,22.0,Closed Lost,William Sutton,VP of Data,VP,2.6,David Patterson,CTO,True,1.0,8,8.0,False,,True,0.9,0.9,0.0,0.75,12.0,9.0,5.0,9.0,Re: Follow up from our call,7.0,0.9,2.0,1.0,2.0,Technical Review,5.0,2.0,78.0,6.0,Contracting,2.0,False,0.0,True,False,False,False,True,False,False,True,,,False,,38.0,True,2.0,54.0,7.0,True,6.0,,Lost — price / budget. No additional detail.,Answer baby and blue interesting behind produce nothing effect effort bank me box product conference consider hotel bar.,9.0,Commit,False,2026-05-20,False,Lost,Chose Competitor,
DL-1992,Porter Inc,ACC-40411,Gardner-Singleton - Governance Module Pilot,SMB,Logistics,Southwest,James O'Brien,REP-106,Amara Osei,Jaylen Ford,Governance Module,Pilot,Executive Referral,Starburst,,30900.0,24100.0,48600.0,0.22,True,,2024-12-06,12/27/2024,21.0,7.0,4.0,1.0,,,Closed Lost,Anthony Evans,Analytics Engineer,IC,6.9,Robin Walker,Chief Data Officer,False,0.0,8,1.0,True,True,,2.0,7.44,5.44,1.0,24.0,24.0,0.0,7.0,,3.0,2.4,5.0,1.0,4.0,Demo,34.0,1.0,26.0,-28.0,Expanding,1.0,False,0.0,,True,False,False,False,True,,True,False,False,True,22.0,36.0,True,1.0,51.0,7.0,False,,,Champion left the company. Couldn't rebuild the relationship in time.,,6.0,Best Case,True,,True,Lost,Price / Budget,Champion Collapse
DL-1116-DUP,moore-garcia llc,ACC-54059,Mccann Group - Full Bundle Annual,Mid-Market,Energy,APAC,Nina Petrov,REP-109,Amara Osei,Jaylen Ford,Full Bundle,Annual,Inbound - Website,Starburst,,138400.0,138400.0,,0.0,True,,"March 09, 2024",2024-05-07,59.0,3.0,3.0,1.0,,,Closed Won,Miranda Blair,Senior Data Engineer,IC,11.9,Douglas Young,COO,False,0.0,6,4.0,True,True,True,2.4,2.6,0.2,0.26,19.0,5.0,7.0,2.0,Checking in,3.0,2.9,7.0,5.0,4.0,Executive QBR,15.0,2.0,66.0,-7.0,Contracting,2.0,False,0.0,False,True,False,False,False,False,True,True,,False,False,,20.0,False,0.0,92.0,21.0,True,,64.0,Multi-threaded well. Finance and Eng both bought in.,Hotel near make approach about because station person lose.,7.0,,False,"May 16, 2026",,Won,,
DL-1190,Estrada PLC LLC,ACC-44227,Rivera-Miller - Analytics Suite Monthly,Mid-Market,Insurance,APAC,David Park,REP-104,Jordan Blake,,Analytics Suite,Monthly,Inbound - Website,Alation,Snowflake,126700.0,126700.0,325000.0,0.0,False,,"October 13, 2025",2026-01-09,88.0,12.0,2.0,0.0,13.0,,Closed Lost,Xavier Martin,Data Engineer,IC,,Matthew Graves,VP Operations,False,0.0,3,3.0,True,True,True,2.2,1.7,-0.5,0.7,10.0,7.0,8.0,4.0,fwd: technical review docs,15.0,0.7,11.0,5.0,1.0,Discovery,2.0,2.0,64.0,6.0,Expanding,2.0,False,0.0,False,True,True,False,True,False,,,False,False,True,12.0,82.0,True,1.0,54.0,21.0,True,7.0,47.0,Lost — security / compliance failed. No additional detail.,Skin concern lay often use behavior federal happy her attack interview nearly fall care reason ever money modern.,6.0,Omitted,True,,False,Lost,Chose Competitor,
DL-1115,"Curtis, Mcdaniel and Martin",ACC-24519,Lloyd Inc - Analytics Suite Pilot,Enterprise,Retail,Southeast,Tyler Brooks,REP-108,Jordan Blake,Henry Vasquez,Analytics Suite,Pilot,Outbound SDR,Collibra,,470200.0,470200.0,1245100.0,0.0,False,>$500k,03-Feb-2024,"July 03, 2024",151.0,11.0,2.0,1.0,,,Closed Lost,Fernando Lynn,Analytics Engineer,IC,,Christopher Bennett,COO,False,0.0,6,5.0,True,True,False,1.8,1.0,-0.8,0.49,47.0,23.0,6.0,2.0,fwd: technical review docs,16.0,2.9,6.0,2.0,1.0,,6.0,3.0,62.0,2.0,,2.0,True,1.0,False,True,False,False,True,True,,,True,True,True,12.0,,True,0.0,92.0,24.0,False,,,Lost — chose competitor. No additional detail.,Natural together behavior order party lot all wall close.,10.0,Commit,False,,False,Lost,Price / Budget,Exec Vacuum
DL-1644,"Thompson, Smith and Miller, Inc.",ACC-21732,White LLC - Full Bundle Multi-Year,Mid-Market,Education,Southeast,Tyler Brooks,REP-108,Benjamin Cross,Henry Vasquez,Full Bundle,Multi-Year,LinkedIn Outbound,Fivetran,Starburst,122600.0,87000.0,227800.0,0.29,False,,2025-08-02,2025-10-14,73.0,12.0,5.0,0.0,39.0,24.0,Closed Won,,Data Architect,IC,1.9,Alexandra Heath,SVP Technology,True,4.0,8,6.0,True,True,,0.7,2.7,2.0,0.25,24.0,6.0,5.0,10.0,Re: Follow up from our call,14.0,2.1,6.0,3.0,2.0,POC Review,15.0,4.0,70.0,15.0,Stable,2.0,False,0.0,False,,True,True,False,True,True,False,False,True,True,15.0,66.0,False,0.0,65.0,17.0,False,4.0,63.0,"Strong champion, got exec in early. Smooth close.",Bad book Democrat rest consumer these whom pressure rather.,,Commit,,05/12/2026,False,Won,,
DL-1606,johnson-martinez,ACC-95809,Cook Ltd - Full Bundle Monthly,Mid-Market,Media,Northeast,Tyler Brooks,REP-108,Liam Sutherland,,Full Bundle,Monthly,Event / Conference,Alation,Databricks,37500.0,34500.0,72900.0,0.08,False,$150k–$500k,08/11/2025,10/22/2025,72.0,15.0,2.0,1.0,,,Closed Lost,Paula Lawson,Senior Data Engineer,IC,1.7,Robert Mcmillan,SVP Technology,False,0.0,3,1.0,,False,,1.4,2.8,1.4,0.16,57.0,9.0,2.0,9.0,,17.0,1.7,6.0,1.0,1.0,,1.0,3.0,88.0,5.0,Contracting,2.0,True,3.0,True,,False,False,True,False,True,True,False,True,True,8.0,47.0,,1.0,71.0,13.0,False,0.0,,lost — price / budget.. no additional detail..,,8.0,Commit,True,04/25/2026,,Lost,No Decision / Stalled,Exec Vacuum
DL-1180,TorresGroup,ACC-58080,Rivera Ltd - Core Platform Multi-Year,SMB,Media,Midwest,Priya Shah,REP-101,Hana Takeda,Elena Ruiz,Core Platform,Multi-Year,Event / Conference,Atlan,Snowflake,27300.0,27300.0,66300.0,0.0,True,,20-Jun-2025,"July 14, 2025",24.0,27.0,5.0,1.0,35.0,17.0,Closed Lost,Christina Mills,Data Engineer,IC,9.6,John Blair,VP Engineering,True,1.0,8,7.0,False,False,False,0.9,0.9,0.0,0.2,39.0,7.0,14.0,32.0,,17.0,1.7,5.0,0.0,4.0,Demo,11.0,1.0,56.0,15.0,Contracting,1.0,True,4.0,False,True,True,True,False,True,,False,True,,True,25.0,73.0,False,1.0,60.0,11.0,,3.0,32.0,Lost — chose competitor. No additional detail.,,8.0,Commit,True,2026-05-21,False,Lost,No Decision / Stalled,Ghost Stall
DL-1301,Blake LLC,ACC-14577,"Medina, Tran and Thompson - Analytics Suite Multi-Year",Mid-Market,Manufacturing,West,James O'Brien,REP-106,Benjamin Cross,Henry Vasquez,Analytics Suite,Multi-Year,Inbound - Website,Alation,Alation,102900.0,92600.0,250900.0,0.1,False,>$500k,05/25/2024,2024-09-06,104.0,7.0,5.0,0.0,16.0,,Closed Lost,Eric Campbell,Data Engineer,IC,3.7,Karen Cook,VP Engineering,False,0.0,3,1.0,False,False,,1.8,1.7,-0.1,0.32,37.0,12.0,5.0,0.0,,19.0,1.8,2.0,2.0,3.0,Demo,11.0,2.0,81.0,-6.0,Stable,1.0,False,0.0,False,True,True,False,True,True,,,False,True,False,,41.0,,1.0,,4.0,True,7.0,94.0,lost — champion left.. no additional detail..,,8.0,Best Case,True,"May 09, 2026",False,Lost,No Decision / Stalled,Exec Vacuum
DL-1790,ValenzuelaLtd,ACC-44399,"Davis, Smith and Ayers - Core Platform Multi-Year",Mid-Market,Media,EMEA,Rachel Kim,REP-107,Hana Takeda,Jaylen Ford,Core Platform,Multi-Year,Outbound SDR,Alation,,105000.0,91400.0,239600.0,0.13,True,$50k–$150k,2025-09-03,"November 07, 2025",65.0,16.0,6.0,0.0,,,Closed Lost,Ashley Brown,Senior Data Engineer,IC,11.5,Brittney Mccoy,CTO,False,0.0,7,5.0,False,True,,1.5,1.4,-0.1,0.75,51.0,38.0,6.0,10.0,Re: Follow up from our call,13.0,0.9,3.0,2.0,4.0,Discovery,14.0,2.0,90.0,-9.0,Contracting,0.0,False,0.0,True,False,False,True,False,False,True,True,False,True,True,8.0,75.0,True,1.0,59.0,6.0,False,6.0,,No exec sponsor. Deal died when Q4 budgets froze.,,8.0,Commit,False,,,Lost,Price / Budget,Exec Vacuum
DL-1743,Green LLC,ACC-86776,"Woodward, Miller and Kidd - Full Bundle Annual",Mid-Market,Insurance,Northeast,Tyler Brooks,REP-108,Amara Osei,Danny Patel,Full Bundle,Annual,Executive Referral,Collibra,,35600.0,35600.0,35600.0,0.34,True,$50k–$150k,2025-03-20,26-May-2025,67.0,9.0,5.0,3.0,28.0,,Closed Lost,Carla Stewart,Analytics Manager,Manager,3.6,Michael Mckenzie,SVP Technology,False,0.0,6,5.0,True,True,True,2.1,1.6,-0.5,0.57,30.0,17.0,8.0,17.0,Introduction: Vasquez <> Tiger Data,12.0,2.6,3.0,5.0,1.0,Technical Review,4.0,3.0,85.0,1.0,Stable,4.0,True,3.0,,True,True,True,True,True,,True,False,True,False,,62.0,False,1.0,84.0,21.0,False,7.0,,Snowflake offered a massive discount at the last minute. We couldn't match.,Hour would meeting suggest region hold go recognize hundred check candidate.,7.0,Omitted,False,27-Apr-2026,,Lost,No Decision / Stalled,Competitor Displacement
DL-1754,WARNER LTD,ACC-61196,Harvey and Sons - Analytics Suite Annual,Mid-Market,Education,Northeast,Emily Rodriguez,REP-103,Hana Takeda,Jaylen Ford,Analytics Suite,Annual,PLG Expansion,Snowflake,dbt Labs,61200.0,48300.0,48300.0,0.21,True,$150k–$500k,03/29/2025,"May 29, 2025",61.0,18.0,5.0,1.0,30.0,12.0,Closed Won,Donna Wyatt,Analytics Engineer,IC,11.1,Connie Smith,VP Operations,True,4.0,2,1.0,True,,True,1.5,1.3,-0.2,1.0,44.0,44.0,3.0,2.0,,8.0,1.5,5.0,5.0,2.0,Pricing,2.0,5.0,71.0,-1.0,Expanding,1.0,True,4.0,True,False,True,False,False,False,False,False,False,,True,13.0,26.0,,1.0,66.0,20.0,False,2.0,,technical win — their data architect loved teh architecture demo..,School over special sport first director challenge happy author live.,9.0,Best Case,False,24-Apr-2026,False,Won,,
DL-1715,"Frank, Evans and Potter, Inc.",ACC-89959,"Gilbert, Ellis and Wood - Governance Module Annual",Enterprise,Logistics,Midwest,James O'Brien,REP-106,Benjamin Cross,Danny Patel,Governance Module,Annual,PLG Expansion,Starburst,,760900.0,707600.0,707600.0,0.07,False,<$50k,"March 29, 2024",02-Sep-2024,157.0,4.0,2.0,1.0,36.0,,Closed Lost,Thomas Watson,Data Platform Lead,Manager,,Katherine Reid,CFO,False,1.0,6,1.0,True,True,True,1.0,8.46,7.46,0.43,49.0,21.0,0.0,1.0,,13.0,2.7,10.0,2.0,4.0,Demo,22.0,5.0,33.0,-29.0,Expanding,2.0,False,0.0,True,False,True,True,False,True,False,False,,False,False,,24.0,True,1.0,94.0,14.0,False,8.0,7.0,champion left teh company.. couldn't rebuild teh relationship in time..,Give mind watch score successful anything century kid on room participant today suffer stuff star federal music police.,10.0,Pipeline,True,2026-05-05,False,Lost,Champion Left,Champion Collapse
DL-1792,The Jones PLC,ACC-36648,Henderson PLC - Analytics Suite Multi-Year,Enterprise,Energy,Southeast,James O'Brien,REP-106,Liam Sutherland,Jaylen Ford,Analytics Suite,Multi-Year,Outbound SDR,Databricks,Starburst,262500.0,262500.0,603000.0,0.0,True,$150k–$500k,2024-06-15,11/22/2024,160.0,4.0,2.0,1.0,34.0,14.0,Closed Lost,Michelle Wilkerson,Chief Data Officer,C-Suite,,Brian Marsh,CTO,True,3.0,7,7.0,False,False,,1.6,0.8,-0.8,0.92,12.0,11.0,2.0,0.0,Checking in,18.0,1.4,12.0,1.0,2.0,,11.0,5.0,73.0,13.0,Expanding,0.0,False,0.0,True,False,True,False,False,False,,False,False,,False,,,False,0.0,54.0,24.0,False,0.0,4.0,Lost — security / compliance failed. No additional detail.,Hot administration almost card admit person lead player source yes instead pull think exactly despite.,10.0,Omitted,,2026-04-28,False,Lost,Missing Feature,
DL-1517,ARMSTRONG LTD,ACC-18540,Roberts Group - Core Platform Monthly,Enterprise,Insurance,Northeast,Nina Petrov,REP-109,Liam Sutherland,Danny Patel,Core Platform,Monthly,Cold Email Sequence,Monte Carlo,,620900.0,602300.0,1240800.0,0.03,True,,2024-05-20,2024-10-26,159.0,43.0,5.0,1.0,19.0,,Closed Lost,Stephanie Young,Data Engineer,IC,3.4,Christie Marquez,CFO,False,0.0,5,5.0,False,True,False,2.3,1.8,-0.5,0.06,11.0,1.0,30.0,34.0,,10.0,1.7,10.0,0.0,4.0,POC Review,5.0,3.0,83.0,-3.0,Expanding,1.0,False,0.0,True,True,True,False,True,True,True,True,False,False,False,,97.0,,1.0,52.0,19.0,True,7.0,21.0,Prospect stopped engaging after the proposal. No explanation given.,,8.0,Omitted,True,"April 23, 2026",True,Lost,Missing Feature,Ghost Stall
DL-1372,The Powell Inc,ACC-32420,Aguirre-Golden - Governance Module Monthly,Mid-Market,Energy,Northeast,Rachel Kim,REP-107,Jordan Blake,Danny Patel,Governance Module,Monthly,LinkedIn Outbound,Fivetran,dbt Labs,123100.0,93600.0,267200.0,0.24,True,>$500k,11-Jun-2025,2025-08-22,72.0,38.0,3.0,0.0,,12.0,Closed Lost,Anthony Brown,Senior Data Engineer,IC,9.1,Marie Cook,CTO,True,3.0,4,2.0,True,True,True,1.2,2.8,1.6,0.24,54.0,12.0,24.0,19.0,,18.0,1.0,4.0,0.0,1.0,POC Review,3.0,1.0,88.0,13.0,,0.0,True,3.0,False,,False,False,True,False,False,True,,False,True,25.0,,False,2.0,67.0,2.0,,0.0,4.0,Prospect stopped engaging after the proposal. No explanation given.,State not real ten building once memory response reduce might.,8.0,Best Case,False,05/04/2026,True,Lost,No Decision / Stalled,Ghost Stall
DL-1045,Morse-Atkins Inc,ACC-97983,"Patterson, Sullivan and Bowman - Analytics Suite Multi-Year",Mid-Market,Media,Northeast,David Park,REP-104,,Elena Ruiz,Analytics Suite,Multi-Year,Executive Referral,dbt Labs,,78900.0,74200.0,173600.0,0.34,True,,2025-04-10,06-Jun-2025,57.0,5.0,5.0,3.0,,,Closed Lost,,Data Architect,IC,2.0,Travis Stevens,Chief Data Officer,False,0.0,3,2.0,False,False,False,2.0,1.0,-1.0,0.96,25.0,24.0,0.0,15.0,Introduction: Graham <> Tiger Data,11.0,1.2,9.0,2.0,3.0,Technical Review,13.0,3.0,63.0,0.0,Expanding,6.0,True,4.0,True,,False,True,False,False,,,,False,False,,,False,0.0,56.0,3.0,False,1.0,,lost — price / budget.. no additional detail..,,10.0,Pipeline,True,18-May-2026,True,Lost,Chose Competitor,Competitor Displacement
DL-1945,Cain-Thompson,ACC-11292,Luna and Sons - Governance Module Multi-Year,Enterprise,Healthcare,Northeast,Alex Morgan,REP-100,Liam Sutherland,Elena Ruiz,Governance Module,Multi-Year,Cold Email Sequence,dbt Labs,,156200.0,126500.0,276300.0,0.19,False,$150k–$500k,04/01/2025,"August 01, 2025",122.0,16.0,4.0,1.0,35.0,32.0,Closed Lost,Manuel Anderson,Data Architect,IC,10.0,Alex Adams,Head of Product,True,1.0,5,4.0,True,True,False,0.7,2.7,2.0,0.33,58.0,19.0,5.0,2.0,fwd: technical review docs,10.0,2.6,9.0,2.0,3.0,Executive QBR,4.0,2.0,55.0,-4.0,,0.0,False,0.0,True,False,True,True,True,True,,,,False,True,19.0,50.0,False,0.0,,3.0,False,2.0,48.0,Lost — chose competitor. No additional detail.,Start against technology clear service nice tough mission perform health evening world look place.,9.0,Omitted,True,,False,Lost,Chose Competitor,
DL-1157,Calhoun PLC Inc,ACC-99516,Barber-Hansen - Analytics Suite Monthly,Mid-Market,Retail,West,Nina Petrov,REP-109,Jordan Blake,Jaylen Ford,Analytics Suite,Monthly,Cold Email Sequence,Databricks,Monte Carlo,75600.0,74100.0,163400.0,0.02,False,,01-Mar-2025,2025-04-15,45.0,8.0,4.0,1.0,41.0,,Closed Lost,,Analytics Engineer,IC,8.2,,COO,False,0.0,8,1.0,,True,True,1.6,8.96,7.36,1.0,15.0,15.0,4.0,5.0,,10.0,1.6,7.0,4.0,4.0,Executive QBR,35.0,2.0,44.0,-22.0,Contracting,1.0,False,0.0,False,True,True,True,False,True,True,False,True,False,False,,97.0,True,0.0,65.0,7.0,True,4.0,65.0,Our champion got moved to a different team mid-deal. Lost access.,Offer end imagine blood authority family water sort what then spend offer reason whom none.,7.0,Pipeline,False,05/14/2026,False,Lost,Champion Left,Champion Collapse
DL-1960,davis-davis,ACC-30592,Sellers Inc - Governance Module Multi-Year,SMB,Technology,Northeast,James O'Brien,REP-106,Jordan Blake,Casey Wu,Governance Module,Multi-Year,LinkedIn Outbound,Monte Carlo,,12000.0,10000.0,25400.0,0.17,False,$150k–$500k,"December 18, 2025",01/07/2026,20.0,17.0,2.0,1.0,,5.0,Closed Won,Chelsea Thomas,Senior Data Engineer,IC,6.5,Christina Lester,SVP Technology,True,4.0,3,2.0,False,True,True,1.1,2.0,0.9,0.92,13.0,12.0,1.0,0.0,,19.0,1.3,4.0,5.0,3.0,Executive QBR,8.0,1.0,56.0,9.0,Stable,1.0,False,0.0,,True,False,True,False,True,False,False,False,True,True,10.0,69.0,True,1.0,94.0,19.0,True,,,Multi-threaded well. Finance and Eng both bought in.,Significant movement bad decide perform money Mrs point really major own gas performance people speak.,9.0,Commit,True,"May 20, 2026",False,Won,,
DL-1171,"Knight PLC, Inc.",ACC-20178,Morris-Mcdonald - Governance Module Annual,SMB,Media,Midwest,Marcus Chen,REP-102,,Jaylen Ford,Governance Module,Annual,PLG Expansion,Starburst,Atlan,17300.0,13100.0,13100.0,0.24,False,$150k–$500k,"January 18, 2025",2025-02-17,30.0,50.0,3.0,0.0,27.0,,Closed Lost,Linda Valencia,Analytics Engineer,IC,4.8,Joseph Cole,SVP Technology,False,0.0,8,8.0,False,False,,1.6,1.6,0.0,0.08,57.0,4.0,20.0,35.0,Re: Follow up from our call,14.0,2.4,8.0,0.0,4.0,Pricing,3.0,3.0,88.0,3.0,Contracting,2.0,False,0.0,True,False,True,True,True,True,True,True,True,True,False,,,False,2.0,71.0,12.0,False,8.0,37.0,lost — missing feature.. no additional detail..,Must law simply media safe third people hair per fly as whose standard.,8.0,,True,"April 29, 2026",False,Lost,Missing Feature,Ghost Stall
DL-1016,Hernandez Inc Inc,ACC-69759,Riggs PLC - Full Bundle Pilot,SMB,Retail,Southeast,Sophia Nguyen,REP-105,Benjamin Cross,Isla Berg,Full Bundle,Pilot,Partner Referral,Monte Carlo,,29000.0,23500.0,68200.0,0.19,True,,05/20/2024,06/11/2024,22.0,18.0,2.0,1.0,,26.0,Closed Won,Angel Perry,Data Architect,IC,0.8,,CFO,True,1.0,3,3.0,True,False,True,0.6,1.6,1.0,0.78,18.0,14.0,7.0,2.0,Quick question on the proposal,5.0,2.5,8.0,4.0,4.0,Discovery,10.0,5.0,57.0,7.0,,0.0,False,0.0,True,False,False,True,False,True,False,True,True,True,False,,54.0,True,2.0,72.0,5.0,True,,,Fast cycle. Champion had budget approved before we even started.,,7.0,Best Case,True,,False,Won,,
DL-1511,levy plc,ACC-71637,Smith-Lopez - Full Bundle Multi-Year,SMB,Education,Midwest,Tyler Brooks,REP-108,Benjamin Cross,Jaylen Ford,Full Bundle,Multi-Year,Partner Referral,Fivetran,Starburst,28700.0,25500.0,61700.0,0.26,True,<$50k,"January 22, 2025","February 24, 2025",33.0,18.0,6.0,1.0,31.0,29.0,Closed Lost,Tanya Gibson,Chief Data Officer,C-Suite,2.6,Lauren Hill DDS,CTO,True,1.0,6,4.0,False,True,True,0.5,0.6,0.1,0.38,34.0,13.0,4.0,16.0,,3.0,1.7,10.0,1.0,2.0,Pricing,8.0,2.0,92.0,15.0,Contracting,7.0,True,2.0,False,False,True,False,True,True,True,,True,False,True,23.0,,,0.0,69.0,20.0,False,0.0,14.0,lost to fivetran on connector breadth.. they had 200+ native connectors..,Enter word physical majority blue join finish cause but set yes.,9.0,Commit,,,True,Lost,No Decision / Stalled,Competitor Displacement
DL-1048,"The Moore, Watson and Campbell",ACC-75325,Schroeder-Shelton - Analytics Suite Pilot,Mid-Market,Retail,Southeast,James O'Brien,REP-106,Jordan Blake,Henry Vasquez,Analytics Suite,Pilot,Inbound - Website,dbt Labs,,62000.0,43400.0,95600.0,0.3,True,>$500k,04/23/2025,2025-06-28,66.0,14.0,6.0,0.0,,8.0,Closed Lost,Mark Cook,VP of Data,VP,8.7,Justin Hughes,SVP Technology,True,5.0,8,6.0,,False,True,1.2,0.9,-0.3,0.76,17.0,13.0,5.0,1.0,RE: RE: RE: Next steps??,10.0,1.6,5.0,4.0,3.0,Pricing,1.0,3.0,72.0,-6.0,Contracting,2.0,True,3.0,True,True,False,True,False,False,,False,True,False,True,10.0,39.0,True,2.0,56.0,3.0,False,8.0,92.0,Lost — chose competitor. No additional detail.,Rich prevent trade their four old center glass whose recognize hot organization.,10.0,Commit,True,05/06/2026,False,Lost,Price / Budget,
DL-1323-DUP,wallsplc,ACC-11613,Brown-Smith - Core Platform Monthly,SMB,Healthcare,West,David Park,REP-104,Amara Osei,Isla Berg,Core Platform,Monthly,Event / Conference,Alation,,23000.0,21600.0,63700.0,0.06,True,$150k–$500k,"April 10, 2025",04/30/2025,20.0,4.0,6.0,0.0,44.0,13.0,Closed Won,Edwin Rodriguez,Data Engineer,IC,11.1,Nathan Morales,COO,True,2.0,7,7.0,True,False,True,2.1,2.2,0.1,0.11,44.0,5.0,1.0,0.0,,11.0,1.5,4.0,2.0,4.0,Demo,9.0,3.0,69.0,6.0,,2.0,False,0.0,,False,True,True,True,True,False,True,,False,False,,43.0,False,0.0,56.0,9.0,False,0.0,27.0,"Competitive deal vs Alation, but we had the better integration story.",,10.0,Omitted,True,"April 23, 2026",False,Won,,
DL-1874,MEYER PLC,ACC-85198,,Mid-Market,Retail,Midwest,Tyler Brooks,REP-108,Hana Takeda,Grace Okonkwo,Governance Module,Pilot,Outbound SDR,Fivetran,dbt Labs,91200.0,77500.0,168600.0,0.15,False,<$50k,14-Oct-2024,03-Dec-2024,50.0,7.0,2.0,1.0,,7.0,Closed Lost,Gary Stevens,Chief Data Officer,C-Suite,1.8,Peter Watson,SVP Technology,True,5.0,3,2.0,,False,,2.4,1.0,-1.4,0.21,33.0,7.0,1.0,6.0,Q4 pricing — URGENT,5.0,1.9,7.0,5.0,3.0,,15.0,4.0,66.0,8.0,Expanding,1.0,False,0.0,False,,False,False,True,True,False,False,True,True,False,,,False,0.0,62.0,16.0,True,3.0,,Lost — missing feature. No additional detail.,Bar five know behavior development professional attorney onto necessary.,10.0,Omitted,False,2026-05-07,,Lost,Price / Budget,
DL-1515,"The Gray, French and Clark",ACC-33429,Gomez-Hill - Core Platform Multi-Year,SMB,Energy,EMEA,Tyler Brooks,REP-108,Liam Sutherland,Isla Berg,Core Platform,Multi-Year,PLG Expansion,None / Greenfield,,11000.0,11000.0,30300.0,0.0,False,<$50k,"May 03, 2024",05/21/2024,18.0,58.0,2.0,0.0,31.0,18.0,Closed Lost,Stephanie Gray,Data Engineer,IC,5.3,Toni Parks,CTO,True,3.0,8,7.0,True,True,False,1.8,1.2,-0.6,0.16,32.0,5.0,28.0,32.0,fwd: technical review docs,7.0,2.4,9.0,0.0,1.0,,5.0,1.0,91.0,-2.0,Stable,1.0,True,2.0,False,False,True,False,False,True,,,False,False,True,5.0,25.0,False,2.0,77.0,2.0,False,,75.0,Multiple follow-ups with no reply. Probably went internal.,During recently laugh son home generation herself make right training become effort direction hand young long collection table.,8.0,Commit,,2026-05-21,True,Lost,No Decision / Stalled,Ghost Stall
DL-1716,"Roach-Murray, Inc.",ACC-25717,Christensen-Rice - Governance Module Annual,Enterprise,Energy,Midwest,Tyler Brooks,REP-108,Jordan Blake,Elena Ruiz,Governance Module,Annual,Inbound - Website,dbt Labs,,548400.0,400300.0,400300.0,0.27,True,$50k–$150k,17-Jan-2025,2025-08-15,210.0,17.0,5.0,1.0,10.0,15.0,Closed Won,Deborah Murphy,Senior Data Engineer,IC,4.3,Derek Howe,SVP Technology,True,3.0,8,8.0,,False,,1.2,0.6,-0.6,0.15,46.0,7.0,2.0,5.0,Checking in,18.0,2.7,7.0,5.0,4.0,Pricing,7.0,3.0,90.0,-7.0,Expanding,0.0,True,2.0,False,True,True,True,True,False,True,,True,False,False,,87.0,,0.0,62.0,20.0,False,6.0,,"Strong champion, got exec in early. Smooth close.",Many them mission hospital model bar risk point decide me sell support box bank early.,,Omitted,False,"May 18, 2026",True,Won,,
DL-1480,"Miller, Wade and Flores",ACC-12764,"Huang, Johnson and Anderson - Full Bundle Multi-Year",Enterprise,Energy,Midwest,David Park,REP-104,,Danny Patel,Full Bundle,Multi-Year,Executive Referral,Databricks,,572500.0,486600.0,1017400.0,0.15,,$150k–$500k,"January 11, 2024","July 04, 2024",175.0,14.0,3.0,0.0,,,Closed Lost,Dana Thompson,Senior Data Engineer,IC,10.3,Kenneth Young,Chief Data Officer,False,0.0,8,8.0,False,False,True,2.1,2.5,0.4,0.67,15.0,10.0,2.0,10.0,fwd: technical review docs,14.0,0.5,12.0,4.0,1.0,Technical Review,10.0,5.0,55.0,-1.0,Stable,0.0,False,0.0,,True,False,False,True,False,True,True,,False,False,,94.0,True,1.0,59.0,18.0,True,1.0,,lost — chose competitor.. no additional detail..,Tell act add southern thank pay choose personal the.,10.0,Pipeline,False,,True,Lost,Price / Budget,Exec Vacuum
DL-1283,Jones Inc Inc,ACC-32326,"Wilson, Roberts and Lee - Full Bundle Pilot",Mid-Market,Education,EMEA,Rachel Kim,REP-107,Liam Sutherland,Danny Patel,Full Bundle,Pilot,Outbound SDR,None / Greenfield,,40100.0,28900.0,71400.0,0.28,False,,04/22/2025,06/11/2025,50.0,10.0,5.0,1.0,34.0,,Closed Won,Pamela Williams,Data Engineer,IC,3.0,Craig Thompson,Head of Product,False,0.0,5,5.0,,,True,2.1,1.1,-1.0,0.48,29.0,14.0,1.0,4.0,Introduction: Smith <> Tiger Data,18.0,2.3,5.0,4.0,4.0,Demo,1.0,0.0,66.0,-8.0,Stable,1.0,False,0.0,False,False,True,False,False,True,,,False,False,False,,,True,0.0,73.0,15.0,True,4.0,83.0,fast cycle.. champion had budget approved before we even started..,Responsibility fund never condition again successful treat again quality her skin book very.,8.0,Omitted,False,"May 18, 2026",False,Won,,
DL-1749,LI-ALLEN,ACC-22858,"Crawford, Garcia and Carson - Core Platform Annual",SMB,Insurance,APAC,Tyler Brooks,REP-108,Jordan Blake,,Core Platform,Annual,Event / Conference,Starburst,,17500.0,13300.0,13300.0,0.24,True,$50k–$150k,01/06/2025,08-Feb-2025,33.0,18.0,3.0,2.0,19.0,15.0,Closed Lost,Kristen Williams,BI Lead,Manager,4.7,Stacey Todd,Chief Data Officer,True,3.0,5,3.0,True,True,True,2.4,2.6,0.2,0.45,38.0,17.0,4.0,11.0,Quick question on the proposal,16.0,1.0,10.0,4.0,3.0,Pricing,7.0,4.0,79.0,-5.0,Contracting,6.0,True,2.0,True,False,True,True,False,False,True,True,True,,True,7.0,53.0,,1.0,85.0,20.0,True,,44.0,lost — chose competitor.. no additional detail..,,10.0,Best Case,False,,,Lost,No Decision / Stalled,Competitor Displacement
DL-1865,"Jones, Noble and Lewis LLC",ACC-93404,Alvarez-Hicks - Governance Module Multi-Year,SMB,Insurance,Southwest,Sophia Nguyen,REP-105,Hana Takeda,,Governance Module,Multi-Year,Executive Referral,Databricks,,23500.0,19500.0,52100.0,0.17,False,$150k–$500k,11/23/2024,2024-12-23,30.0,15.0,2.0,1.0,42.0,24.0,Closed Lost,,Senior Data Engineer,IC,9.6,Richard Miller,Chief Data Officer,True,2.0,6,4.0,False,False,True,1.9,1.9,0.0,0.5,34.0,17.0,4.0,8.0,Checking in,17.0,1.1,4.0,4.0,4.0,Discovery,15.0,4.0,95.0,14.0,Stable,2.0,True,2.0,True,False,True,True,True,True,True,False,,True,True,13.0,,False,0.0,56.0,6.0,True,,66.0,Lost — champion left. No additional detail.,Feeling wife price her site your college political budget exist answer report bar friend former in professional.,9.0,Commit,False,04/26/2026,,Lost,Price / Budget,
DL-1225,The Norris-Dennis,ACC-47746,Taylor PLC - Full Bundle Multi-Year,Enterprise,Education,APAC,Rachel Kim,REP-107,Hana Takeda,,Full Bundle,Multi-Year,Cold Email Sequence,Alation,,723200.0,723200.0,2113800.0,0.0,,<$50k,13-Jan-2025,2025-05-13,120.0,10.0,3.0,0.0,,14.0,Closed Lost,Alexander Williamson,VP of Data,VP,,Hunter Nguyen,CFO,True,4.0,8,7.0,True,True,False,0.9,2.7,1.8,0.61,33.0,20.0,8.0,7.0,Q4 pricing — URGENT,15.0,1.7,3.0,3.0,4.0,Discovery,10.0,2.0,94.0,8.0,Stable,0.0,True,1.0,True,False,False,False,True,False,,False,False,,True,23.0,93.0,True,1.0,53.0,25.0,False,6.0,61.0,Lost — price / budget. No additional detail.,Political on develop very everyone against Mrs knowledge public beautiful memory create fish painting want training guess challenge take.,10.0,Commit,True,,True,Lost,Price / Budget,
DL-1026,"JAMES, KERR AND EVANS",ACC-41862,,SMB,Logistics,Northeast,Priya Shah,REP-101,Jordan Blake,Jaylen Ford,Core Platform,Monthly,Cold Email Sequence,Fivetran,,12900.0,11900.0,24900.0,0.08,True,$150k–$500k,2026-02-11,2026-03-10,27.0,15.0,4.0,1.0,,,Closed Won,Natalie Meza,Chief Data Officer,C-Suite,2.3,,Chief Data Officer,False,0.0,3,2.0,False,False,False,0.7,2.4,1.7,0.86,22.0,19.0,3.0,7.0,RE: RE: RE: Next steps??,4.0,2.3,3.0,5.0,2.0,Discovery,13.0,2.0,65.0,10.0,Contracting,2.0,True,1.0,False,False,False,True,False,False,,True,False,False,True,12.0,96.0,,2.0,53.0,8.0,True,4.0,,Multi-threaded well. Finance and Eng both bought in.,Dream necessary choose impact ready like allow explain executive teacher author.,8.0,Omitted,True,05/03/2026,True,Won,,
DL-1813,"Cochran and Sons, Inc.",ACC-55995,Weaver-Johnson - Full Bundle Monthly,Mid-Market,Education,APAC,Tyler Brooks,REP-108,Amara Osei,,Full Bundle,Monthly,PLG Expansion,Databricks,,44500.0,32000.0,78500.0,0.28,False,,2025-12-02,"January 24, 2026",53.0,11.0,4.0,0.0,,34.0,Closed Won,Jerry Bowman,Data Platform Lead,Manager,10.1,Stephanie Sullivan,VP Engineering,True,5.0,7,7.0,False,False,,2.1,2.5,0.4,0.58,12.0,7.0,0.0,6.0,fwd: technical review docs,15.0,1.5,9.0,3.0,3.0,Technical Review,4.0,2.0,69.0,13.0,Contracting,0.0,False,0.0,False,True,False,True,False,True,False,False,True,,False,,,False,0.0,70.0,22.0,,,51.0,technical win — their data architect loved teh architecture demo..,,6.0,Best Case,,05/02/2026,False,Won,,
DL-1437,The Parker-Elliott,ACC-33469,,Mid-Market,Logistics,West,Rachel Kim,REP-107,Benjamin Cross,Casey Wu,Full Bundle,Monthly,,Starburst,,,80400.0,202800.0,0.0,False,$50k–$150k,15-Jun-2024,2024-08-04,50.0,18.0,4.0,0.0,43.0,,Closed Lost,Jason Brewer,Senior Data Engineer,IC,10.2,Jesus Hill,Director of IT,False,0.0,6,6.0,,True,False,0.9,0.8,-0.1,,33.0,7.0,8.0,6.0,Re: Follow up from our call,20.0,2.2,8.0,3.0,2.0,,5.0,5.0,61.0,-8.0,Stable,2.0,False,0.0,True,True,True,False,False,True,,True,True,False,False,,88.0,,1.0,80.0,16.0,False,1.0,32.0,Lost — price / budget. No additional detail.,Decade respond far health focus so for nice current Democrat me.,8.0,Commit,True,17-May-2026,False,Lost,No Decision / Stalled,Exec Vacuum
DL-1990,"Reyes Group, Inc.",ACC-27514,Dixon Inc - Full Bundle Pilot,SMB,Healthcare,Southeast,Rachel Kim,REP-107,Jordan Blake,Frankie Hale,Full Bundle,Pilot,Partner Referral,Snowflake,dbt Labs,33100.0,33100.0,68200.0,0.0,False,<$50k,"January 31, 2026",19-Feb-2026,19.0,16.0,4.0,0.0,13.0,,Closed Lost,Brianna Harris,Senior Data Engineer,IC,8.3,Maria Garcia,CFO,False,0.0,5,5.0,True,,True,2.3,2.5,0.2,0.58,24.0,14.0,3.0,7.0,following up again...,11.0,2.7,12.0,2.0,1.0,Discovery,4.0,2.0,77.0,-5.0,Contracting,2.0,True,2.0,False,True,True,True,True,True,,False,True,False,False,,53.0,,2.0,51.0,25.0,,7.0,50.0,lost — no decision / stalled.. no additional detail..,Describe study reveal message sister Mr today technology voice employee provide coach watch end mission cup food window.,10.0,Best Case,False,04/30/2026,False,Lost,Price / Budget,Exec Vacuum
DL-1364,Gomez and Sons Inc,ACC-72153,Sanders Group - Full Bundle Monthly,SMB,Education,EMEA,James O'Brien,REP-106,,,Full Bundle,Monthly,Partner Referral,Databricks,Alation,19200.0,16300.0,36500.0,0.15,,<$50k,2024-09-27,2024-11-07,41.0,34.0,6.0,0.0,14.0,14.0,Closed Lost,Amy Nelson,Senior Data Engineer,IC,,Matthew Dennis,Head of Product,True,1.0,3,2.0,False,True,True,1.9,1.0,-0.9,0.21,44.0,9.0,12.0,29.0,fwd: technical review docs,3.0,0.8,3.0,0.0,1.0,POC Review,6.0,3.0,69.0,-5.0,Stable,0.0,False,0.0,False,False,True,True,True,True,False,True,True,False,True,22.0,60.0,False,1.0,95.0,8.0,True,0.0,97.0,"Just went dark. Last email 3 weeks ago, no response.",Create country computer every parent million body anyone eat book boy time offer draw mother.,9.0,Best Case,False,"May 09, 2026",True,Lost,No Decision / Stalled,Ghost Stall
DL-1229,howard inc,ACC-76432,Ward-Fields - Core Platform Monthly,SMB,Financial Services,Northeast,Sophia Nguyen,REP-105,Jordan Blake,Isla Berg,Core Platform,Monthly,Event / Conference,Snowflake,Snowflake,24700.0,24700.0,69200.0,0.0,True,>$500k,24-May-2025,11-Jun-2025,18.0,6.0,3.0,1.0,,,Closed Lost,Amber Carter,Lead Data Engineer,IC,7.6,Angela Lee,SVP Technology,False,2.0,6,1.0,True,,False,0.7,7.73,7.03,0.68,19.0,13.0,4.0,5.0,,15.0,1.5,11.0,4.0,2.0,Executive QBR,32.0,2.0,25.0,-32.0,Stable,0.0,False,0.0,True,False,False,False,False,True,,,,False,True,16.0,,True,1.0,64.0,11.0,True,1.0,4.0,Champion left the company. Couldn't rebuild the relationship in time.,Consumer behind sell myself their step rate feeling rate read benefit oil statement actually million health machine future treat.,,Omitted,True,2026-05-17,True,Lost,Price / Budget,Champion Collapse
DL-1037,The Blankenship-Turner,ACC-16875,Wilson-Williams - Analytics Suite Multi-Year,Mid-Market,Insurance,EMEA,David Park,REP-104,Amara Osei,Casey Wu,Analytics Suite,Multi-Year,Partner Referral,Alation,,82400.0,67600.0,151100.0,0.18,False,,2025-08-03,19-Sep-2025,47.0,20.0,5.0,0.0,,26.0,Closed Won,Zachary Wilson,Chief Data Officer,C-Suite,3.2,Joshua Price,Chief Data Officer,True,4.0,2,1.0,,,,1.9,2.0,0.1,0.44,25.0,11.0,5.0,4.0,Q4 pricing — URGENT,20.0,1.5,3.0,5.0,1.0,Executive QBR,14.0,3.0,95.0,11.0,Stable,0.0,False,0.0,True,False,False,True,True,True,,True,True,False,False,,,False,1.0,92.0,3.0,True,8.0,11.0,Technical win — their data architect loved the architecture demo.,Provide sea watch industry score choice increase between majority impact week allow have kitchen.,9.0,Best Case,False,"May 15, 2026",True,Won,,
DL-1669,Petty and Sons Inc,ACC-47295,"Haas, Thomas and Martin - Analytics Suite Monthly",SMB,Insurance,Southwest,Rachel Kim,REP-107,,,Analytics Suite,Monthly,Inbound - Website,Monte Carlo,,11400.0,11400.0,25300.0,0.21,False,>$500k,2025-09-27,2025-10-27,30.0,6.0,6.0,2.0,12.0,11.0,Closed Lost,Alice Rodriguez,Senior Data Engineer,IC,7.8,Dawn Moore,Chief Data Officer,True,3.0,2,1.0,False,False,,0.7,1.1,0.4,1.0,18.0,18.0,6.0,11.0,RE: RE: RE: Next steps??,9.0,2.3,12.0,5.0,1.0,Executive QBR,3.0,1.0,74.0,-10.0,,5.0,True,4.0,True,True,True,False,False,True,,True,False,,True,17.0,52.0,False,2.0,73.0,16.0,False,8.0,54.0,Lost — wrong timing. No additional detail.,,9.0,Omitted,False,22-Apr-2026,True,Lost,No Decision / Stalled,Competitor Displacement
DL-1922-DUP,Sandoval Ltd Inc Inc,ACC-38376,Brown LLC - Analytics Suite Multi-Year,Mid-Market,Media,EMEA,Priya Shah,REP-101,Benjamin Cross,Danny Patel,Analytics Suite,Multi-Year,Executive Referral,None / Greenfield,,48500.0,34400.0,97500.0,0.29,True,$50k–$150k,04-Jan-2026,2026-02-24,51.0,9.0,6.0,0.0,33.0,31.0,Closed Won,Dana Evans,Analytics Engineer,IC,11.3,Michael Tran,VP Operations,True,4.0,4,3.0,False,True,,1.2,2.6,1.4,0.92,49.0,45.0,2.0,1.0,,13.0,2.3,6.0,1.0,1.0,Executive QBR,9.0,0.0,86.0,-6.0,Expanding,0.0,False,0.0,True,False,True,True,True,False,True,,,,False,,,False,0.0,70.0,23.0,True,2.0,,Multi-threaded well. Finance and Eng both bought in.,Blood effort likely short kid level paper ask responsibility fall agency expect.,9.0,Best Case,True,,True,Won,,
DL-1374,The Skinner PLC,ACC-35622,Underwood-Maldonado - Governance Module Monthly,SMB,Media,West,Rachel Kim,REP-107,Amara Osei,Frankie Hale,Governance Module,Monthly,Cold Email Sequence,Fivetran,,9500.0,7300.0,17800.0,0.23,True,$50k–$150k,06/11/2024,07/20/2024,39.0,10.0,5.0,0.0,,31.0,Closed Won,Lisa Reynolds,Director of Data,Director,,Cathy Cardenas,SVP Technology,True,2.0,4,4.0,,True,True,2.2,1.6,-0.6,1.0,10.0,10.0,4.0,1.0,,9.0,0.5,9.0,1.0,1.0,Pricing,7.0,4.0,58.0,-6.0,Contracting,1.0,True,1.0,True,,False,True,False,False,False,,,False,True,14.0,23.0,True,1.0,62.0,20.0,True,,53.0,Fast cycle. Champion had budget approved before we even started.,Color score national live face property where manage property hospital recently blue.,,Best Case,False,05/03/2026,True,Won,,
DL-1469,JONES-HERRERA,ACC-33806,Harding LLC - Full Bundle Pilot,Enterprise,Financial Services,Northeast,Tyler Brooks,REP-108,Amara Osei,Jaylen Ford,Full Bundle,Pilot,Executive Referral,Collibra,Alation,362800.0,344700.0,730800.0,0.05,False,>$500k,07/14/2024,"December 02, 2024",141.0,9.0,4.0,0.0,15.0,29.0,Closed Won,Michelle Neal,Director of Data,Director,,Dustin Foley,Director of IT,True,2.0,5,4.0,False,False,False,1.4,1.8,0.4,0.34,47.0,16.0,4.0,6.0,,7.0,1.3,9.0,4.0,3.0,Pricing,6.0,1.0,63.0,12.0,Expanding,1.0,False,0.0,False,False,True,False,False,True,False,False,False,False,True,11.0,99.0,True,2.0,53.0,13.0,,0.0,91.0,"Strong champion, got exec in early. Smooth close.",Board budget statement this wear never marriage camera yet light body director strategy.,6.0,Pipeline,True,13-May-2026,True,Won,,
DL-1476-DUP,PARKER INC,ACC-35729,Hanson-Stewart - Full Bundle Annual,Enterprise,Media,Southwest,Marcus Chen,REP-102,Hana Takeda,Grace Okonkwo,Full Bundle,Annual,Inbound - Website,dbt Labs,Collibra,367800.0,290600.0,290600.0,0.21,,<$50k,01/25/2025,08/12/2025,199.0,10.0,5.0,0.0,14.0,,Closed Won,Jillian Morgan,Analytics Engineer,IC,10.1,Eric Lang,COO,False,0.0,7,5.0,True,,True,2.0,2.1,0.1,0.94,47.0,44.0,0.0,9.0,Quick question on the proposal,7.0,0.7,4.0,5.0,2.0,POC Review,6.0,4.0,55.0,13.0,Stable,1.0,False,0.0,,False,True,False,False,True,True,True,False,True,False,,,,2.0,53.0,17.0,False,5.0,66.0,close was delayed 2 weeks on legal but closed strong..,,10.0,,True,2026-05-09,,Won,,
DL-1885,Savage LLC LLC,ACC-68064,Trujillo Group - Full Bundle Monthly,Enterprise,Media,Midwest,Emily Rodriguez,REP-103,Benjamin Cross,,Full Bundle,Monthly,Outbound SDR,Starburst,,706300.0,501500.0,1444400.0,0.29,False,>$500k,"June 26, 2024","December 29, 2024",186.0,4.0,2.0,1.0,,,Closed Lost,Douglas Hahn,Data Engineer,IC,,Robert Wright,VP Engineering,False,0.0,6,5.0,False,True,True,1.3,1.4,0.1,0.87,53.0,46.0,8.0,9.0,Introduction: Wallace <> Tiger Data,8.0,1.3,2.0,4.0,3.0,POC Review,6.0,1.0,75.0,7.0,Contracting,2.0,False,0.0,False,False,False,False,True,False,False,,True,False,True,5.0,34.0,,2.0,52.0,6.0,,8.0,,Lost — wrong timing. No additional detail.,,10.0,Best Case,False,2026-05-16,True,Lost,Price / Budget,Exec Vacuum
DL-1734,"Rodriguez,JohnsonandCarter",ACC-73120,"Anderson, Kim and Williams - Analytics Suite Multi-Year",Enterprise,Energy,Southeast,Emily Rodriguez,REP-103,Benjamin Cross,Danny Patel,Analytics Suite,Multi-Year,Event / Conference,Snowflake,,243700.0,224200.0,662800.0,0.08,True,>$500k,11-Oct-2025,02/16/2026,128.0,15.0,2.0,1.0,23.0,9.0,Closed Lost,Omar Gallagher,Data Platform Lead,Manager,10.9,Patricia Dunlap,Head of Product,True,3.0,5,4.0,False,,,2.0,0.8,-1.2,0.39,54.0,21.0,5.0,2.0,Introduction: Davis <> Tiger Data,12.0,2.0,9.0,2.0,2.0,Technical Review,13.0,5.0,83.0,3.0,Expanding,0.0,True,2.0,True,,True,False,False,True,,False,False,False,True,5.0,71.0,,0.0,90.0,16.0,,4.0,83.0,Lost — no decision / stalled. No additional detail.,Hotel while personal street size woman everything especially join last week.,,Best Case,True,2026-05-10,False,Lost,Chose Competitor,
DL-1756,"Cobb,FoleyandMartinez",ACC-52037,Wright-Rogers - Core Platform Monthly,Enterprise,Logistics,Midwest,Marcus Chen,REP-102,,Isla Berg,Core Platform,Monthly,PLG Expansion,Fivetran,,214300.0,177900.0,,0.17,True,$50k–$150k,"November 10, 2024",2025-04-11,152.0,3.0,5.0,1.0,,,Closed Lost,Suzanne Rodriguez,Data Architect,IC,11.3,Angela Cole,COO,False,0.0,6,1.0,False,True,False,1.2,7.64,6.44,0.93,43.0,40.0,1.0,4.0,fwd: technical review docs,7.0,1.0,10.0,4.0,3.0,Executive QBR,38.0,4.0,31.0,-32.0,Expanding,0.0,True,4.0,,False,False,True,False,True,,True,True,False,False,,,False,1.0,92.0,12.0,,,44.0,new data lead came in and had a prior relationship with snowflake..,Forget better doctor head none media game employee heavy voice animal provide out claim same affect fast.,9.0,Commit,False,,True,Lost,Champion Left,Champion Collapse
DL-1194,Gutierrez-Crawford,ACC-54631,Watson LLC - Core Platform Monthly,SMB,Education,Southeast,James O'Brien,REP-106,Liam Sutherland,Danny Patel,Core Platform,Monthly,Inbound - Website,Fivetran,,33000.0,33000.0,,0.0,False,,01-Apr-2024,21-Apr-2024,20.0,10.0,6.0,0.0,17.0,,Closed Lost,Eric Rodriguez,VP of Data,VP,,Paula Gentry,VP Operations,False,1.0,5,1.0,False,False,True,1.0,6.88,5.88,0.34,35.0,12.0,7.0,3.0,Q4 pricing — URGENT,3.0,2.6,4.0,3.0,1.0,Pricing,37.0,5.0,22.0,-20.0,Stable,2.0,False,0.0,,True,True,True,True,True,,True,False,False,True,16.0,,,2.0,86.0,9.0,False,,3.0,Lost — chose competitor. No additional detail.,,,Commit,False,"April 23, 2026",,Lost,Champion Left,Champion Collapse
DL-1889,"Brown, Bradley and Warner Inc",ACC-10751,Brown-Nielsen - Core Platform Pilot,Mid-Market,Energy,Southeast,James O'Brien,REP-106,,,Core Platform,Pilot,Executive Referral,Atlan,,40000.0,32800.0,93200.0,0.18,False,<$50k,08/29/2024,25-Nov-2024,88.0,57.0,6.0,1.0,,5.0,Closed Lost,Ralph Wallace MD,Lead Data Engineer,IC,5.2,Daniel Taylor,CFO,True,5.0,4,2.0,False,False,True,1.4,1.3,-0.1,0.24,57.0,13.0,34.0,40.0,Re: Follow up from our call,16.0,0.9,10.0,0.0,3.0,Discovery,3.0,3.0,61.0,-3.0,Contracting,1.0,True,3.0,True,False,False,True,True,False,False,False,True,False,True,6.0,,True,1.0,54.0,15.0,,5.0,19.0,Lost — missing feature. No additional detail.,,6.0,Omitted,False,"May 08, 2026",True,Lost,No Decision / Stalled,Ghost Stall
DL-1899,"James, Marquez and Gonzalez, Inc.",ACC-84480,Weber-Krueger - Analytics Suite Multi-Year,SMB,Technology,Northeast,Alex Morgan,REP-100,Benjamin Cross,Grace Okonkwo,Analytics Suite,Multi-Year,PLG Expansion,Databricks,Starburst,9000.0,6800.0,15400.0,0.25,False,<$50k,12/28/2025,02/04/2026,38.0,14.0,4.0,0.0,,,Closed Lost,Ryan Riley,Chief Data Officer,C-Suite,6.5,Dana Hanson,COO,False,0.0,4,3.0,,False,True,1.4,1.2,-0.2,0.87,39.0,34.0,7.0,10.0,following up again...,6.0,2.8,2.0,3.0,3.0,,13.0,0.0,95.0,-2.0,Stable,1.0,True,2.0,False,True,False,True,False,True,False,False,False,False,True,11.0,,,1.0,83.0,4.0,True,0.0,93.0,Lost — missing feature. No additional detail.,Learn gun expect public instead several free small.,,,True,2026-05-03,,Lost,Wrong Timing,
DL-1503,Davis-Sutton Inc,ACC-55928,"Huffman, Norman and Walls - Full Bundle Annual",SMB,Retail,West,James O'Brien,REP-106,,Jaylen Ford,Full Bundle,Annual,Cold Email Sequence,Alation,,26100.0,26100.0,,0.0,,$50k–$150k,08/06/2024,11-Sep-2024,36.0,11.0,4.0,0.0,14.0,18.0,Closed Lost,Jonathan Ford,Lead Data Engineer,IC,6.2,Jasmine Buckley,Director of IT,True,1.0,2,2.0,True,False,False,1.4,1.2,-0.2,0.8,15.0,12.0,4.0,8.0,RE: RE: RE: Next steps??,8.0,1.8,4.0,4.0,3.0,POC Review,12.0,2.0,85.0,7.0,Stable,2.0,True,4.0,False,,True,True,False,False,,,True,True,True,25.0,,,0.0,68.0,23.0,False,8.0,,Lost — chose competitor. No additional detail.,Education brother might community later table always over interview.,9.0,Best Case,True,2026-04-25,False,Lost,Wrong Timing,
DL-1811-DUP,FowlerandSons,ACC-34122,Taylor-Franklin - Core Platform Multi-Year,SMB,Retail,APAC,Marcus Chen,REP-102,Benjamin Cross,Frankie Hale,Core Platform,Multi-Year,Event / Conference,Snowflake,,30100.0,30100.0,88200.0,0.0,False,$150k–$500k,2026-02-15,"March 18, 2026",31.0,37.0,4.0,1.0,,16.0,Closed Lost,Michael Saunders,Data Platform Lead,Manager,3.9,Jacob Mcdonald,CTO,True,1.0,3,2.0,True,True,True,2.4,2.3,-0.1,0.2,46.0,9.0,25.0,37.0,Re: Follow up from our call,6.0,1.5,11.0,0.0,4.0,Demo,9.0,1.0,91.0,3.0,Expanding,1.0,True,1.0,False,True,False,False,False,True,False,True,,,True,7.0,74.0,,0.0,,3.0,False,5.0,,"Just went dark. Last email 3 weeks ago, no response.",Happen tax off station wide among perhaps mouth amount tell less true way various product election event picture weight.,10.0,Omitted,False,23-Apr-2026,True,Lost,No Decision / Stalled,Ghost Stall
DL-1864,mccall group,ACC-45689,Miller Group - Full Bundle Monthly,Enterprise,Retail,APAC,Marcus Chen,REP-102,Jordan Blake,Jaylen Ford,Full Bundle,Monthly,Cold Email Sequence,Atlan,,552500.0,458600.0,1057600.0,0.17,True,$50k–$150k,2025-02-11,"June 26, 2025",135.0,6.0,3.0,1.0,18.0,,Closed Lost,Michael Miller,Senior Data Engineer,IC,3.8,Dalton Taylor DDS,CFO,False,0.0,7,5.0,False,False,True,2.4,0.6,-1.8,0.73,33.0,24.0,0.0,10.0,Re: Follow up from our call,15.0,0.8,3.0,4.0,4.0,Pricing,5.0,1.0,58.0,-10.0,Contracting,0.0,True,3.0,False,False,True,True,False,False,False,True,,False,True,9.0,40.0,False,1.0,60.0,9.0,True,1.0,90.0,Lost — missing feature. No additional detail.,Radio unit stage you field less test claim usually new pretty eye budget subject least place first training.,10.0,Best Case,False,2026-05-15,False,Lost,Wrong Timing,
DL-1579,Fischer-Friedman Inc,ACC-92789,"Garza, Barton and Adams - Full Bundle Multi-Year",Mid-Market,Financial Services,Southwest,David Park,REP-104,Benjamin Cross,Henry Vasquez,Full Bundle,Multi-Year,LinkedIn Outbound,Monte Carlo,,63700.0,63700.0,176600.0,0.0,False,<$50k,"October 08, 2024","January 07, 2025",91.0,19.0,3.0,0.0,23.0,,Closed Lost,Lee Roberts,Data Engineer,IC,,Alexis Moore,CFO,False,0.0,7,5.0,True,True,,0.8,0.9,0.1,0.58,38.0,22.0,6.0,6.0,Checking in,3.0,2.5,4.0,4.0,4.0,Technical Review,14.0,2.0,64.0,6.0,Stable,0.0,True,1.0,True,True,True,True,True,False,False,True,False,,True,19.0,,False,2.0,93.0,11.0,True,4.0,,Never got above the data team. Budget decision was above champion's level.,Surface sometimes week reality discover success item rest.,6.0,Commit,False,2026-05-21,True,Lost,No Decision / Stalled,Exec Vacuum
DL-1594-DUP,clarke plc,ACC-64959,,Mid-Market,Education,EMEA,David Park,REP-104,Hana Takeda,Danny Patel,Analytics Suite,Multi-Year,Inbound - Website,Databricks,,66000.0,66000.0,141400.0,0.0,True,,08/17/2025,22-Oct-2025,66.0,15.0,2.0,0.0,43.0,,Closed Lost,Bryan Hardy,BI Lead,Manager,,Patrick Snyder,CTO,False,0.0,8,7.0,False,True,True,1.2,2.6,1.4,0.96,23.0,22.0,1.0,10.0,Introduction: Park <> Tiger Data,12.0,1.1,4.0,3.0,1.0,Discovery,12.0,0.0,77.0,-8.0,Stable,0.0,True,3.0,,,True,False,True,False,False,,True,False,True,27.0,40.0,True,2.0,89.0,23.0,,1.0,,Lost — missing feature. No additional detail.,Space face walk number end effect specific simple particularly rise Congress.,8.0,Omitted,False,"May 03, 2026",True,Lost,Chose Competitor,
DL-1680,The Merritt LLC,ACC-73477,Taylor Inc - Full Bundle Monthly,SMB,Insurance,Southeast,James O'Brien,REP-106,Benjamin Cross,Jaylen Ford,Full Bundle,Monthly,Event / Conference,Starburst,,23100.0,21900.0,60900.0,0.05,False,<$50k,"April 02, 2025",2025-05-12,40.0,7.0,4.0,0.0,43.0,,Closed Lost,Scott Cook,Senior Data Engineer,IC,5.5,Henry Mann,Head of Product,False,0.0,8,7.0,True,False,False,1.3,2.2,0.9,0.64,56.0,36.0,5.0,4.0,fwd: technical review docs,6.0,2.6,7.0,3.0,3.0,POC Review,6.0,5.0,83.0,-10.0,,2.0,False,0.0,False,False,True,False,False,False,False,True,True,False,False,,68.0,False,1.0,78.0,2.0,True,,88.0,Lost — security / compliance failed. No additional detail.,,8.0,Best Case,,24-Apr-2026,True,Lost,No Decision / Stalled,Exec Vacuum
DL-1162,Hart-Bradley,ACC-21549,Garcia-Martin - Governance Module Pilot,Mid-Market,Logistics,Southwest,Alex Morgan,REP-100,Jordan Blake,Frankie Hale,Governance Module,Pilot,Inbound - Website,Snowflake,,104200.0,104200.0,223900.0,0.0,,>$500k,11/29/2024,28-Jan-2025,60.0,44.0,2.0,1.0,,,Closed Lost,David Combs,Data Engineer,IC,,Patrick Green,Chief Data Officer,False,0.0,6,6.0,True,True,False,0.5,0.7,0.2,0.2,56.0,11.0,24.0,32.0,fwd: technical review docs,5.0,0.7,4.0,0.0,2.0,Pricing,9.0,5.0,63.0,-10.0,Stable,2.0,False,0.0,True,True,False,False,True,False,False,False,False,False,False,,57.0,True,1.0,70.0,25.0,True,,52.0,Lost — wrong timing. No additional detail.,,9.0,Pipeline,False,04/26/2026,False,Lost,Missing Feature,Ghost Stall
DL-1732,fisher ltd,ACC-28998,Stewart-Walker - Governance Module Monthly,SMB,Manufacturing,Northeast,Alex Morgan,REP-100,Hana Takeda,Frankie Hale,Governance Module,Monthly,Executive Referral,dbt Labs,dbt Labs,8600.0,8100.0,21700.0,0.06,True,$50k–$150k,2024-06-24,25-Jul-2024,31.0,17.0,3.0,1.0,,,Closed Won,,Director of Data,Director,8.8,Elizabeth Grant,VP Engineering,False,0.0,4,2.0,False,,,2.3,1.7,-0.6,0.8,10.0,8.0,7.0,6.0,,5.0,0.7,11.0,5.0,2.0,Discovery,13.0,2.0,92.0,4.0,Expanding,2.0,True,2.0,False,False,False,False,True,True,True,False,,False,False,,,False,0.0,90.0,13.0,False,,48.0,"Strong champion, got exec in early. Smooth close.",Establish general reality once go him capital blood property floor.,,Commit,True,20-May-2026,False,Won,,
DL-1152,The Jackson-Greer,ACC-98546,,SMB,Energy,APAC,Priya Shah,REP-101,Amara Osei,Isla Berg,Analytics Suite,Multi-Year,Partner Referral,Fivetran,,30900.0,28700.0,79300.0,0.07,False,,"October 27, 2024",12/05/2024,39.0,8.0,6.0,0.0,,24.0,Closed Lost,Kayla Jackson,BI Lead,Manager,6.3,Tammy Carlson,VP Operations,True,4.0,2,1.0,False,False,True,2.0,2.3,0.3,0.71,41.0,29.0,0.0,5.0,fwd: technical review docs,18.0,1.5,3.0,1.0,4.0,POC Review,8.0,1.0,88.0,-7.0,Contracting,2.0,False,0.0,True,False,False,True,True,True,False,,False,False,False,,,False,2.0,82.0,13.0,,5.0,,Lost — champion left. No additional detail.,Discover history board dark teacher mean information change benefit.,9.0,Best Case,False,05/06/2026,False,Lost,Security / Compliance Failed,
DL-1711,"Paul, Oconnor and Rodriguez",ACC-18277,Wilson-Carpenter - Analytics Suite Pilot,Enterprise,Technology,APAC,David Park,REP-104,Amara Osei,Isla Berg,Analytics Suite,Pilot,Partner Referral,Alation,,641600.0,487600.0,1066700.0,0.33,False,$50k–$150k,06-Mar-2025,"July 18, 2025",134.0,17.0,4.0,1.0,40.0,,Closed Lost,Veronica Stevens,BI Lead,Manager,5.6,Ryan Morrison,VP Engineering,False,0.0,4,4.0,False,True,False,0.8,0.5,-0.3,1.0,13.0,13.0,1.0,11.0,Checking in,20.0,0.7,3.0,5.0,1.0,Technical Review,12.0,3.0,95.0,15.0,Contracting,3.0,True,2.0,True,True,True,False,True,True,False,True,False,False,False,,72.0,True,0.0,70.0,19.0,,,42.0,Lost — security / compliance failed. No additional detail.,,9.0,Omitted,True,07-May-2026,True,Lost,No Decision / Stalled,Competitor Displacement
DL-1730,Brock LLC LLC,ACC-19235,Berg-Mckinney - Analytics Suite Multi-Year,Enterprise,Education,Northeast,Sophia Nguyen,REP-105,Benjamin Cross,Grace Okonkwo,Analytics Suite,Multi-Year,Partner Referral,Monte Carlo,,375900.0,300700.0,656900.0,0.2,False,>$500k,10/28/2023,2024-05-08,193.0,32.0,3.0,0.0,24.0,,Closed Lost,Jason Rodriguez,Head of Data Engineering,Manager,7.8,Keith Payne DVM,Chief Data Officer,False,0.0,5,3.0,True,,True,2.2,1.7,-0.5,0.15,20.0,3.0,25.0,20.0,,4.0,1.0,6.0,0.0,1.0,Technical Review,8.0,4.0,72.0,-10.0,Expanding,0.0,False,0.0,False,False,True,True,False,False,False,,,True,False,,,False,2.0,59.0,18.0,False,2.0,20.0,Lost — missing feature. No additional detail.,Listen according either each approach within stay service fall.,8.0,Omitted,True,08-May-2026,False,Lost,No Decision / Stalled,Ghost Stall
DL-1786,DUNCAN-TAYLOR,ACC-61099,Benson Inc - Analytics Suite Multi-Year,SMB,Energy,Southwest,Rachel Kim,REP-107,Hana Takeda,Grace Okonkwo,Analytics Suite,Multi-Year,Executive Referral,Starburst,None / Greenfield,9700.0,7800.0,20700.0,0.2,False,,2024-05-21,06/30/2024,40.0,4.0,3.0,0.0,44.0,33.0,Closed Won,Scott Henderson,Chief Data Officer,C-Suite,6.8,Angela Lin,COO,True,3.0,7,6.0,False,True,True,0.5,1.4,0.9,0.6,45.0,27.0,3.0,10.0,Re: Follow up from our call,8.0,1.8,10.0,2.0,3.0,Executive QBR,5.0,5.0,74.0,-7.0,Expanding,2.0,True,1.0,True,False,True,False,True,True,,True,False,False,False,,68.0,True,2.0,90.0,24.0,True,6.0,75.0,Fast cycle. Champion had budget approved before we even started.,,7.0,Commit,True,"May 13, 2026",True,Won,,
DL-1111,MORENO-WANG,ACC-17458,Dickson Inc - Governance Module Monthly,Mid-Market,Healthcare,Northeast,David Park,REP-104,Hana Takeda,Jaylen Ford,Governance Module,Monthly,PLG Expansion,Alation,Monte Carlo,98000.0,76400.0,161800.0,0.25,False,>$500k,"January 30, 2025","April 22, 2025",82.0,19.0,5.0,3.0,,,Closed Lost,David Ferguson,Analytics Manager,Manager,3.8,Nancy Gallagher,VP Operations,False,0.0,8,6.0,True,False,,1.6,2.2,0.6,0.21,24.0,5.0,4.0,18.0,,10.0,2.5,8.0,4.0,3.0,,10.0,4.0,80.0,-9.0,Stable,3.0,True,1.0,True,True,False,False,True,True,,False,False,,False,,,True,0.0,64.0,9.0,True,0.0,24.0,They went with Databricks. Had deeper existing footprint.,Offer work home very yard community door fish scene grow option region.,7.0,Omitted,False,2026-05-08,,Lost,Chose Competitor,Competitor Displacement
DL-1226,Hughes-Smith LLC,ACC-71447,Bell-Madden - Core Platform Annual,Mid-Market,Technology,West,Marcus Chen,REP-102,Amara Osei,Frankie Hale,Core Platform,Annual,Event / Conference,Monte Carlo,,101100.0,81900.0,81900.0,0.19,True,$50k–$150k,10/04/2024,12/13/2024,70.0,8.0,2.0,0.0,28.0,,Closed Lost,Anita Luna,Data Engineer,IC,11.8,,VP Engineering,False,0.0,7,6.0,,False,True,1.3,2.7,1.4,0.88,57.0,50.0,7.0,2.0,RE: RE: RE: Next steps??,10.0,1.8,7.0,3.0,3.0,Executive QBR,5.0,5.0,80.0,9.0,Stable,1.0,True,2.0,True,False,True,True,False,False,,True,,True,False,,,False,2.0,62.0,9.0,,4.0,,"Champion was IC level, couldn't drive the purchase alone.",,10.0,Pipeline,False,04/24/2026,False,Lost,Price / Budget,Exec Vacuum
DL-1718,"Edwards,WagnerandPotter",ACC-26808,"Marshall, Curry and Mack - Core Platform Pilot",Mid-Market,Retail,APAC,Tyler Brooks,REP-108,Liam Sutherland,,Core Platform,Pilot,Executive Referral,Databricks,Databricks,136300.0,136300.0,326900.0,0.0,False,>$500k,"March 07, 2025",21-May-2025,75.0,6.0,5.0,1.0,,12.0,Closed Won,Christie Nunez,Head of Data Engineering,Manager,7.1,Patrick Martinez,SVP Technology,True,5.0,8,6.0,True,False,,2.5,2.5,0.0,0.88,16.0,14.0,3.0,1.0,,13.0,2.8,2.0,3.0,4.0,Technical Review,11.0,2.0,69.0,-10.0,,2.0,False,0.0,False,False,False,False,True,False,True,False,,,True,7.0,20.0,True,1.0,72.0,11.0,True,3.0,74.0,"Competitive deal vs Databricks, but we had the better integration story.",Skin bag eat tax call of listen care term glass during interview.,7.0,Pipeline,True,19-May-2026,,Won,,
DL-1103,"Harmon, Yang and Wilson",ACC-40495,"Taylor, Smith and Crawford - Core Platform Pilot",Mid-Market,Retail,Midwest,James O'Brien,REP-106,Amara Osei,Henry Vasquez,Core Platform,Pilot,LinkedIn Outbound,Atlan,,105500.0,85500.0,236500.0,0.19,False,,2024-06-14,08/17/2024,64.0,14.0,4.0,1.0,15.0,,Closed Lost,Joseph Carson,Lead Data Engineer,IC,6.2,,Director of IT,False,0.0,7,1.0,False,True,True,0.6,6.37,5.77,0.39,18.0,7.0,7.0,2.0,Checking in,5.0,0.7,3.0,5.0,2.0,POC Review,26.0,2.0,27.0,-28.0,Stable,1.0,True,4.0,True,False,True,False,False,True,False,,False,False,True,11.0,85.0,,1.0,75.0,19.0,True,1.0,,Lost — price / budget. No additional detail.,Run brother tonight friend investment model enjoy window physical many member area teacher.,9.0,Pipeline,True,18-May-2026,True,Lost,Price / Budget,Champion Collapse
DL-1421,"Acosta Ltd, Inc.",ACC-66081,Jordan-Hill - Core Platform Annual,Enterprise,Media,Midwest,Emily Rodriguez,REP-103,Liam Sutherland,Elena Ruiz,Core Platform,Annual,PLG Expansion,Snowflake,Snowflake,525600.0,394200.0,394200.0,0.25,False,,"February 19, 2025","June 13, 2025",114.0,45.0,6.0,0.0,33.0,,Closed Lost,Melissa Sanchez,Data Engineer,IC,0.8,Sandy Oconnor,Head of Product,False,0.0,8,6.0,False,True,False,1.1,1.9,0.8,0.16,10.0,1.0,28.0,20.0,Re: Follow up from our call,10.0,0.8,4.0,0.0,3.0,Pricing,10.0,2.0,77.0,-9.0,Expanding,1.0,False,0.0,True,True,True,True,True,True,True,False,False,,False,,64.0,False,2.0,,24.0,False,7.0,,Lost — no decision / stalled. No additional detail.,Notice American force although participant rich speech big mention rise front PM few husband contain section return.,6.0,Best Case,False,,True,Lost,No Decision / Stalled,Ghost Stall
DL-1419,"Roman,OdonnellandShaw",ACC-43592,Joseph-Richard - Core Platform Pilot,SMB,Healthcare,Southwest,Nina Petrov,REP-109,,Frankie Hale,Core Platform,Pilot,Executive Referral,None / Greenfield,Starburst,26000.0,18700.0,50400.0,0.28,False,$150k–$500k,2024-06-07,"June 29, 2024",22.0,17.0,6.0,1.0,,,Closed Won,Ashley White,Director of Data,Director,,Peter Berg,VP Engineering,False,0.0,5,4.0,False,False,True,1.9,0.6,-1.3,0.33,21.0,7.0,6.0,2.0,following up again...,16.0,2.2,2.0,4.0,4.0,Pricing,3.0,4.0,81.0,4.0,Contracting,2.0,True,2.0,False,,False,False,True,True,,False,False,,True,11.0,99.0,False,0.0,86.0,15.0,True,4.0,40.0,"Competitive deal vs None / Greenfield, but we had the better integration story.",Character front various opportunity culture spend road lawyer any.,6.0,Commit,True,"May 16, 2026",False,Won,,
DL-1781,"BRADLEY, CAMPBELL AND MCDONALD",ACC-39742,Black Ltd - Governance Module Monthly,Enterprise,Technology,West,David Park,REP-104,Amara Osei,Elena Ruiz,Governance Module,Monthly,Outbound SDR,Collibra,,750700.0,698200.0,1820200.0,0.07,True,,29-Sep-2025,2026-01-24,117.0,15.0,4.0,1.0,23.0,11.0,Closed Won,Amy Smith,VP of Data,VP,,Linda Perez,Chief Data Officer,True,1.0,7,6.0,False,True,False,1.5,0.8,-0.7,0.69,36.0,25.0,8.0,8.0,Introduction: Taylor <> Tiger Data,11.0,2.8,10.0,3.0,4.0,Discovery,2.0,0.0,95.0,-4.0,Stable,1.0,True,1.0,,False,True,True,True,True,False,False,True,False,False,,73.0,True,1.0,93.0,4.0,False,0.0,88.0,Technical win — their data architect loved the architecture demo.,,6.0,Omitted,False,,True,Won,,
DL-1586,Lindsey Group,ACC-78038,Williams-Moyer - Governance Module Monthly,SMB,Insurance,EMEA,Emily Rodriguez,REP-103,Liam Sutherland,Isla Berg,Governance Module,Monthly,Cold Email Sequence,Monte Carlo,,30500.0,30500.0,83700.0,0.0,,,2025-03-01,19-Mar-2025,18.0,18.0,6.0,0.0,,,Closed Lost,Ryan Terry,Lead Data Engineer,IC,4.9,Ashley Clements,SVP Technology,False,5.0,4,1.0,False,True,,1.0,6.92,5.92,0.79,48.0,38.0,5.0,1.0,fwd: technical review docs,3.0,1.2,7.0,2.0,1.0,Discovery,39.0,5.0,32.0,-21.0,Contracting,0.0,True,1.0,False,True,False,True,False,False,True,False,True,False,True,19.0,23.0,,1.0,54.0,8.0,False,,9.0,Lost — wrong timing. No additional detail.,,8.0,Omitted,False,,True,Lost,Champion Left,Champion Collapse
DL-1811,FowlerandSons,ACC-34122,Taylor-Franklin - Core Platform Multi-Year,SMB,Retail,APAC,Marcus Chen,REP-102,Benjamin Cross,Frankie Hale,Core Platform,Multi-Year,Event / Conference,Snowflake,,30100.0,30100.0,88200.0,0.0,False,$150k–$500k,2026-02-15,"March 18, 2026",31.0,37.0,4.0,1.0,,16.0,Closed Lost,Michael Saunders,Data Platform Lead,Manager,3.9,Jacob Mcdonald,CTO,True,1.0,3,2.0,True,True,True,2.4,2.3,-0.1,0.2,46.0,9.0,25.0,37.0,Re: Follow up from our call,6.0,1.5,11.0,0.0,4.0,Demo,9.0,1.0,91.0,3.0,Expanding,1.0,True,1.0,False,True,False,False,False,True,False,True,,,True,7.0,74.0,,0.0,,3.0,False,5.0,,"Just went dark. Last email 3 weeks ago, no response.",Happen tax off station wide among perhaps mouth amount tell less true way various product election event picture weight.,10.0,Omitted,False,23-Apr-2026,True,Lost,No Decision / Stalled,Ghost Stall
DL-1672,"Davis,LeandVargas",ACC-77951,Garza Group - Analytics Suite Monthly,Enterprise,Manufacturing,Southeast,Emily Rodriguez,REP-103,,Elena Ruiz,Analytics Suite,Monthly,Inbound - Website,Fivetran,,254900.0,242200.0,596500.0,0.21,False,,"March 27, 2024","September 17, 2024",174.0,15.0,2.0,1.0,,26.0,Closed Lost,Heather Lopez,Lead Data Engineer,IC,,Aaron Taylor,SVP Technology,True,3.0,4,4.0,True,,,1.7,1.0,-0.7,0.84,32.0,27.0,6.0,12.0,Re: Follow up from our call,11.0,1.3,8.0,1.0,2.0,Demo,10.0,4.0,94.0,5.0,,3.0,True,4.0,True,True,False,False,True,False,True,,,,False,,34.0,False,2.0,80.0,21.0,True,4.0,82.0,lost — wrong timing.. no additional detail..,Collection with project author term many carry product change available cut during.,9.0,Best Case,True,2026-05-12,False,Lost,No Decision / Stalled,Competitor Displacement
DL-1119,Martinez Group,ACC-48191,Mcneil Group - Analytics Suite Monthly,SMB,Financial Services,Southeast,Emily Rodriguez,REP-103,Amara Osei,,Analytics Suite,Monthly,Cold Email Sequence,Atlan,,33900.0,33900.0,78500.0,0.0,False,$50k–$150k,2026-01-11,2026-02-09,29.0,9.0,2.0,0.0,28.0,,Closed Lost,Rodney Hernandez,Analytics Engineer,IC,5.7,Emma Acosta,SVP Technology,False,0.0,7,6.0,True,True,True,2.1,1.2,-0.9,0.81,21.0,17.0,5.0,5.0,,4.0,2.4,5.0,3.0,3.0,Demo,3.0,1.0,85.0,2.0,Stable,1.0,False,0.0,,False,True,False,False,True,True,False,False,True,False,,84.0,,1.0,94.0,7.0,,0.0,3.0,Lost — price / budget. No additional detail.,Beautiful news need task mind true actually red onto.,8.0,Omitted,True,2026-05-08,False,Lost,No Decision / Stalled,Exec Vacuum
DL-1053,LEWIS-HERNANDEZ,ACC-98795,"Lynch, Henderson and Parsons - Full Bundle Monthly",Mid-Market,Technology,EMEA,Nina Petrov,REP-109,Jordan Blake,Frankie Hale,Full Bundle,Monthly,LinkedIn Outbound,Alation,,72800.0,72800.0,172700.0,0.0,False,,11/02/2025,02/07/2026,97.0,14.0,2.0,0.0,10.0,,Closed Lost,Bryan Allen,Analytics Engineer,IC,4.8,Lisa Brown,Head of Product,False,0.0,7,7.0,True,True,False,1.5,2.8,1.3,0.65,40.0,26.0,7.0,3.0,RE: RE: RE: Next steps??,10.0,2.1,8.0,2.0,4.0,Technical Review,12.0,5.0,77.0,-10.0,Stable,2.0,True,4.0,True,False,True,True,False,False,,False,False,,True,12.0,67.0,False,1.0,51.0,11.0,False,6.0,74.0,lost — chose competitor.. no additional detail..,,,Best Case,True,"May 01, 2026",True,Lost,Price / Budget,Exec Vacuum
DL-1151,Guerrero Group,ACC-32032,Cortez-Olson - Governance Module Pilot,Enterprise,Media,Southeast,David Park,REP-104,,Frankie Hale,Governance Module,Pilot,Cold Email Sequence,Monte Carlo,,653800.0,653800.0,1663200.0,0.0,,<$50k,06/12/2025,10-Nov-2025,151.0,8.0,6.0,1.0,,,Closed Lost,Daniel Martin,Director of Data,Director,6.6,Alison Williams,SVP Technology,False,5.0,2,1.0,False,True,True,0.9,7.82,6.92,0.24,21.0,5.0,2.0,6.0,[External] Re: Tiger Data POC,9.0,0.9,6.0,1.0,1.0,Executive QBR,21.0,0.0,36.0,-30.0,Expanding,0.0,False,0.0,False,False,False,False,True,True,True,True,True,False,False,,,False,2.0,76.0,21.0,True,1.0,69.0,Lost — price / budget. No additional detail.,Or care mention three chair coach two might if wide point these road start water describe paper likely.,9.0,Omitted,False,05-May-2026,,Lost,Champion Left,Champion Collapse
DL-1403,"Morgan, Hernandez and Morris LLC",ACC-23161,"George, Savage and Adams - Analytics Suite Multi-Year",Enterprise,Healthcare,West,Tyler Brooks,REP-108,Liam Sutherland,Isla Berg,Analytics Suite,Multi-Year,LinkedIn Outbound,dbt Labs,,415500.0,415500.0,1076100.0,0.0,True,$150k–$500k,04-Sep-2025,29-Dec-2025,116.0,3.0,5.0,0.0,,19.0,Closed Won,Justin Burns,Senior Data Engineer,IC,11.0,Dr. David Murray MD,COO,True,4.0,3,1.0,,False,True,1.8,1.3,-0.5,0.29,35.0,10.0,6.0,7.0,Checking in,12.0,1.9,3.0,1.0,4.0,Discovery,15.0,2.0,65.0,-9.0,Stable,2.0,True,1.0,False,False,False,True,True,False,False,False,,False,True,17.0,59.0,False,0.0,90.0,23.0,True,,17.0,fast cycle.. champion had budget approved before we even started..,Teach yeah bank bit recognize heart series class security coach join will although interest color sort maintain see.,9.0,Omitted,False,05/20/2026,False,Won,,
DL-1984,Le-Roman,ACC-91289,"Sanchez, Carter and Hawkins - Full Bundle Annual",SMB,Manufacturing,Southwest,Rachel Kim,REP-107,Benjamin Cross,Grace Okonkwo,Full Bundle,Annual,Outbound SDR,Atlan,None / Greenfield,19200.0,18000.0,18000.0,0.06,True,,23-Jan-2025,01-Mar-2025,37.0,14.0,6.0,1.0,21.0,,Closed Lost,,Senior Data Engineer,IC,5.9,Claire Mcmillan,SVP Technology,False,0.0,6,1.0,True,False,False,1.7,7.37,5.67,0.74,34.0,25.0,4.0,10.0,Introduction: Caldwell <> Tiger Data,8.0,2.0,2.0,3.0,3.0,Demo,23.0,5.0,37.0,-28.0,Stable,1.0,True,3.0,False,True,True,True,False,False,False,True,True,,False,,,True,1.0,53.0,11.0,,7.0,,Lost — wrong timing. No additional detail.,Research I but agent part home affect least past all suffer serious just along.,10.0,Commit,True,,True,Lost,Price / Budget,Champion Collapse
DL-1207,"Pena-Myers, Inc.",ACC-87329,"Curry, Navarro and Chapman - Governance Module Multi-Year",Mid-Market,Education,Southwest,Priya Shah,REP-101,,Elena Ruiz,Governance Module,Multi-Year,Partner Referral,Snowflake,Databricks,47700.0,42000.0,,0.12,True,>$500k,11/15/2024,2025-01-19,65.0,10.0,5.0,0.0,,28.0,Closed Won,George Vaughn,VP of Data,VP,9.7,Joshua Chambers,CTO,True,4.0,6,4.0,True,,False,1.2,2.3,1.1,0.24,37.0,9.0,1.0,10.0,,3.0,3.0,9.0,2.0,3.0,Discovery,9.0,0.0,67.0,-7.0,Stable,0.0,False,0.0,True,True,False,False,False,False,False,False,False,True,False,,95.0,,2.0,69.0,8.0,False,3.0,,fast cycle.. champion had budget approved before we even started..,Activity best billion land detail exist cover agency begin.,6.0,Pipeline,,05/11/2026,True,Won,,
DL-1658,hamilton inc,ACC-37079,,Enterprise,Media,West,David Park,REP-104,,Elena Ruiz,Core Platform,Monthly,PLG Expansion,None / Greenfield,dbt Labs,188900.0,151100.0,376900.0,0.2,False,$50k–$150k,12-Mar-2024,"August 09, 2024",150.0,7.0,4.0,1.0,,21.0,Closed Lost,Richard Wade,Chief Data Officer,C-Suite,10.9,Nancy Everett,VP Engineering,True,1.0,8,6.0,False,True,False,0.6,2.2,1.6,0.65,20.0,13.0,7.0,6.0,,7.0,2.3,11.0,1.0,2.0,Executive QBR,3.0,4.0,93.0,4.0,Stable,2.0,False,0.0,True,True,False,False,False,True,True,True,True,False,False,,65.0,True,2.0,70.0,22.0,True,0.0,,Lost — champion left. No additional detail.,Receive entire character quickly sure player western move manage worry wear pay science us challenge drive find star.,8.0,Best Case,True,04/30/2026,True,Lost,Missing Feature,
DL-1924,MANNING LTD,ACC-18805,"Burns, Wilkins and Moore - Analytics Suite Monthly",Mid-Market,Media,Southeast,Emily Rodriguez,REP-103,Liam Sutherland,Frankie Hale,Analytics Suite,Monthly,LinkedIn Outbound,Fivetran,,112500.0,101200.0,276200.0,0.1,,>$500k,05-May-2024,07/12/2024,68.0,5.0,6.0,1.0,,18.0,Closed Won,Joshua Sanders,Analytics Engineer,IC,3.7,Rachel Ramos,Head of Product,True,1.0,4,3.0,,True,True,2.3,1.8,-0.5,0.36,50.0,18.0,4.0,0.0,Introduction: Jennings <> Tiger Data,7.0,1.1,10.0,3.0,3.0,,14.0,5.0,59.0,7.0,Expanding,0.0,False,0.0,False,False,False,False,True,True,True,True,,False,True,19.0,49.0,True,1.0,95.0,3.0,,2.0,3.0,Technical win — their data architect loved the architecture demo.,Itself machine significant grow north radio maintain kind factor sure scientist subject ball tell argue ever.,6.0,,True,2026-04-24,True,Won,,
DL-1793,"James, Curtis and May",ACC-83909,Murillo-Becker - Full Bundle Monthly,Mid-Market,Logistics,EMEA,David Park,REP-104,Jordan Blake,Casey Wu,Full Bundle,Monthly,Executive Referral,Alation,,143600.0,102000.0,218700.0,0.27,True,,"September 29, 2025",12/23/2025,85.0,12.0,5.0,1.0,13.0,,Closed Lost,,Chief Data Officer,C-Suite,11.1,Paul Cochran,CTO,False,0.0,2,1.0,False,True,,2.5,0.9,-1.6,0.9,21.0,19.0,3.0,11.0,,16.0,2.0,11.0,3.0,3.0,Technical Review,7.0,1.0,73.0,7.0,Expanding,5.0,True,4.0,True,,True,True,True,False,,True,,,False,,,False,2.0,63.0,20.0,False,,51.0,They went with Databricks. Had deeper existing footprint.,,6.0,Commit,False,2026-05-07,False,Lost,Chose Competitor,Competitor Displacement
DL-1008,"House-Glover, Inc.",ACC-87060,Henderson-Bernard - Full Bundle Monthly,Enterprise,Retail,Southwest,Marcus Chen,REP-102,Benjamin Cross,Elena Ruiz,Full Bundle,Monthly,Partner Referral,Fivetran,dbt Labs,552600.0,392300.0,1100600.0,0.29,False,$50k–$150k,30-Mar-2025,04-Sep-2025,158.0,4.0,3.0,1.0,28.0,,Closed Lost,Kristi Higgins MD,Head of Data Engineering,Manager,11.5,Wayne Riley,Chief Data Officer,False,5.0,6,1.0,,False,False,2.1,9.21,7.11,0.37,41.0,15.0,7.0,6.0,Quick question on the proposal,17.0,1.5,3.0,5.0,1.0,Demo,38.0,1.0,29.0,-28.0,Expanding,0.0,False,0.0,False,False,True,False,True,True,False,False,True,False,True,18.0,67.0,False,0.0,52.0,16.0,True,1.0,58.0,Our champion got moved to a different team mid-deal. Lost access.,Article finish anyone live try most arm meet surface attention attack technology identify walk now often always bank.,8.0,Commit,False,05/05/2026,False,Lost,Champion Left,Champion Collapse
DL-1979,Davidson-Adams LLC,ACC-35716,"Foster, Griffin and Lynch - Full Bundle Multi-Year",Enterprise,Financial Services,West,James O'Brien,REP-106,Jordan Blake,Elena Ruiz,Full Bundle,Multi-Year,Partner Referral,Starburst,,598300.0,598300.0,1381600.0,0.31,False,<$50k,"April 15, 2025",2025-11-10,209.0,5.0,5.0,1.0,,15.0,Closed Lost,Sandra Greer,Data Platform Lead,Manager,7.3,Richard Hart,VP Engineering,True,3.0,8,7.0,False,True,True,2.2,0.9,-1.3,0.31,45.0,14.0,5.0,14.0,,20.0,2.5,4.0,2.0,2.0,Discovery,7.0,0.0,82.0,8.0,Contracting,7.0,True,4.0,False,True,False,False,False,True,True,False,False,True,False,,,False,0.0,51.0,23.0,,,2.0,Lost — chose competitor. No additional detail.,Visit parent ask low have check quality everyone benefit fill sit fund public investment every must mind pull.,6.0,Omitted,True,05/06/2026,,Lost,No Decision / Stalled,Competitor Displacement
DL-1036,Francis-Morgan,ACC-15611,Mcdonald Inc - Core Platform Multi-Year,Mid-Market,Media,West,James O'Brien,REP-106,Amara Osei,Jaylen Ford,Core Platform,Multi-Year,Outbound SDR,Atlan,,48900.0,34200.0,88200.0,0.3,True,>$500k,"March 12, 2025",2025-05-16,65.0,9.0,5.0,1.0,34.0,,Closed Lost,Vincent Dalton,Data Engineer,IC,,Veronica Coffey,Chief Data Officer,False,0.0,7,7.0,False,True,True,1.3,2.1,0.8,0.93,58.0,54.0,5.0,8.0,,17.0,0.7,6.0,2.0,2.0,Discovery,6.0,0.0,61.0,10.0,Expanding,2.0,False,0.0,,True,True,False,True,False,False,True,True,True,True,20.0,,,1.0,,20.0,False,,,Lost — security / compliance failed. No additional detail.,,7.0,Omitted,True,,True,Lost,No Decision / Stalled,Exec Vacuum
DL-1452,richmond llc,ACC-64846,Stafford Inc - Full Bundle Multi-Year,Enterprise,Manufacturing,Midwest,Marcus Chen,REP-102,Amara Osei,Frankie Hale,Full Bundle,Multi-Year,LinkedIn Outbound,None / Greenfield,,377100.0,282800.0,696000.0,0.23,False,>$500k,2025-03-11,08/12/2025,154.0,10.0,4.0,2.0,10.0,,Closed Lost,Laurie Chambers,Senior Data Engineer,IC,,Charles Hill,Head of Product,False,0.0,8,6.0,False,False,,2.1,2.9,0.8,0.66,41.0,27.0,6.0,13.0,Quick question on the proposal,15.0,1.5,4.0,3.0,3.0,Executive QBR,1.0,1.0,85.0,8.0,Contracting,7.0,True,2.0,,False,True,True,False,False,,False,,,False,,,True,1.0,58.0,3.0,False,,,Lost — champion left. No additional detail.,Action bring find bill pick likely produce federal by sea lawyer audience without treat.,6.0,Omitted,True,04/30/2026,False,Lost,No Decision / Stalled,Competitor Displacement
DL-1651,Wilson-Owen Inc,ACC-41876,Perez PLC - Core Platform Annual,Mid-Market,Manufacturing,Southeast,Rachel Kim,REP-107,Benjamin Cross,Jaylen Ford,Core Platform,Annual,Cold Email Sequence,Databricks,Snowflake,144400.0,144400.0,144400.0,0.0,,$50k–$150k,2025-04-26,2025-07-31,96.0,11.0,4.0,1.0,,,Closed Lost,Colin Graves,Analytics Engineer,IC,11.1,Matthew Franklin,VP Engineering,False,0.0,8,6.0,False,False,True,0.8,2.4,1.6,0.28,39.0,11.0,1.0,5.0,Re: Follow up from our call,20.0,2.1,2.0,3.0,1.0,Pricing,2.0,4.0,80.0,-3.0,Contracting,2.0,True,2.0,True,True,False,True,False,True,True,True,True,,True,27.0,22.0,False,2.0,89.0,17.0,False,1.0,,Lost — chose competitor. No additional detail.,,8.0,Commit,False,18-May-2026,,Lost,Price / Budget,Exec Vacuum
DL-1253,Rivas-Keller LLC,ACC-92588,Fuller-Adams - Full Bundle Annual,Mid-Market,Logistics,Southeast,Emily Rodriguez,REP-103,Jordan Blake,Isla Berg,Full Bundle,Annual,PLG Expansion,Databricks,None / Greenfield,52200.0,52200.0,52200.0,0.0,,>$500k,07-Oct-2024,2024-11-29,53.0,34.0,6.0,0.0,,24.0,Closed Lost,,Data Engineer,IC,4.5,Jody Meza,VP Engineering,True,1.0,5,5.0,False,False,False,2.4,1.5,-0.9,0.25,23.0,5.0,18.0,25.0,Checking in,17.0,2.3,4.0,0.0,3.0,POC Review,11.0,1.0,59.0,3.0,Contracting,2.0,False,0.0,True,False,False,True,True,True,True,False,True,False,True,28.0,58.0,,1.0,77.0,25.0,True,,33.0,Multiple follow-ups with no reply. Probably went internal.,Can tell soon executive sometimes season natural own begin effort drive side human after decade home I positive.,8.0,Omitted,True,05/04/2026,,Lost,Missing Feature,Ghost Stall
DL-1303,"lane, bates and martin",ACC-80177,Wise Ltd - Full Bundle Multi-Year,SMB,Healthcare,Midwest,Tyler Brooks,REP-108,Amara Osei,Grace Okonkwo,Full Bundle,Multi-Year,Event / Conference,Atlan,,16600.0,12900.0,30700.0,0.21,False,>$500k,"January 15, 2026",13-Feb-2026,29.0,4.0,5.0,2.0,,11.0,Closed Lost,Janice Mccarthy,Head of Data Engineering,Manager,,Angela Kent,CTO,True,2.0,5,3.0,True,True,False,1.8,0.7,-1.1,1.0,14.0,14.0,8.0,15.0,Introduction: King <> Tiger Data,9.0,1.0,5.0,3.0,4.0,Technical Review,1.0,3.0,75.0,6.0,Contracting,5.0,True,1.0,True,True,False,True,False,False,,True,,True,False,,,True,0.0,86.0,11.0,False,1.0,,Lost — no decision / stalled. No additional detail.,Coach interview reality may mouth though only safe sell under thank body of something sport.,7.0,Commit,True,,,Lost,No Decision / Stalled,Competitor Displacement
DL-1777,MCLEAN LTD,ACC-27096,Guerra-Brown - Full Bundle Monthly,Enterprise,Logistics,Northeast,Sophia Nguyen,REP-105,Hana Takeda,,Full Bundle,Monthly,Cold Email Sequence,Alation,,499600.0,439600.0,1133300.0,0.12,False,>$500k,03/10/2024,10-Sep-2024,184.0,4.0,4.0,1.0,38.0,,Closed Lost,Sheila Myers,Data Engineer,IC,9.8,Joseph Ayers,Director of IT,False,0.0,4,3.0,True,True,True,0.7,1.3,0.6,0.65,20.0,13.0,8.0,6.0,following up again...,14.0,2.3,7.0,4.0,3.0,Discovery,4.0,4.0,91.0,1.0,Contracting,0.0,False,0.0,True,,True,False,True,False,,True,True,,False,,,True,1.0,61.0,14.0,,8.0,82.0,Lost — price / budget. No additional detail.,Address for leg customer interest know international chair.,7.0,Best Case,True,21-May-2026,False,Lost,Price / Budget,Exec Vacuum
DL-1571,MirandaPLC,ACC-71317,Duncan-Hooper - Core Platform Monthly,Mid-Market,Technology,EMEA,David Park,REP-104,,Frankie Hale,Core Platform,Monthly,Event / Conference,Starburst,Databricks,100600.0,81500.0,,0.19,False,,16-May-2025,"August 17, 2025",93.0,33.0,5.0,1.0,,28.0,Closed Lost,Darlene Lee,VP of Data,VP,6.7,Joshua Allen,SVP Technology,True,5.0,8,8.0,True,True,False,0.6,1.8,1.2,0.09,32.0,2.0,22.0,26.0,[External] Re: Tiger Data POC,15.0,1.2,5.0,0.0,1.0,,8.0,2.0,74.0,11.0,,1.0,True,3.0,False,False,False,True,False,True,,,False,,True,20.0,,False,0.0,78.0,2.0,True,,83.0,Lost — chose competitor. No additional detail.,,10.0,Omitted,False,,True,Lost,Missing Feature,Ghost Stall
DL-1623,SMITH PLC,ACC-94603,Rodriguez PLC - Full Bundle Pilot,SMB,Energy,EMEA,Emily Rodriguez,REP-103,Benjamin Cross,Elena Ruiz,Full Bundle,Pilot,Partner Referral,Databricks,dbt Labs,23800.0,23800.0,56800.0,0.0,True,>$500k,02-Jan-2026,02/06/2026,35.0,12.0,6.0,0.0,,,Closed Lost,Jennifer Dawson,Data Engineer,IC,6.6,,Head of Product,False,0.0,2,1.0,True,False,,1.4,1.8,0.4,0.95,37.0,35.0,4.0,3.0,[External] Re: Tiger Data POC,14.0,2.1,11.0,3.0,1.0,Discovery,13.0,1.0,74.0,3.0,Contracting,0.0,False,0.0,True,True,False,False,False,False,True,True,True,True,False,,100.0,,0.0,57.0,5.0,True,,5.0,no exec sponsor.. deal died when q4 budgets froze..,Think group us today us event care responsibility society table police interesting challenge book clearly data economy save this.,10.0,Commit,False,"May 04, 2026",True,Lost,No Decision / Stalled,Exec Vacuum
DL-1740,The Walsh-Lee,ACC-38338,Moore-Arias - Governance Module Monthly,Mid-Market,Retail,APAC,Rachel Kim,REP-107,Benjamin Cross,Henry Vasquez,Governance Module,Monthly,Cold Email Sequence,dbt Labs,,53800.0,53800.0,145700.0,0.0,,$150k–$500k,25-Apr-2024,07/28/2024,94.0,39.0,4.0,0.0,36.0,35.0,Closed Lost,Jesse Smith,VP of Data,VP,10.9,Manuel Riddle,Director of IT,True,3.0,6,6.0,,True,False,2.4,2.8,0.4,0.2,26.0,5.0,21.0,32.0,,13.0,0.7,5.0,0.0,2.0,,15.0,5.0,91.0,12.0,,0.0,True,2.0,False,False,True,False,True,True,,False,True,,True,29.0,,False,1.0,86.0,16.0,,7.0,90.0,Lost — missing feature. No additional detail.,Wear necessary forward near rather voice pick skill window generation adult program throughout boy all let common area.,10.0,Pipeline,,"April 22, 2026",False,Lost,No Decision / Stalled,Ghost Stall
DL-1750,Dillon-Morse Inc,ACC-58662,"Martinez, Harris and Kim - Core Platform Annual",Mid-Market,Energy,EMEA,Priya Shah,REP-101,Hana Takeda,Frankie Hale,Core Platform,Annual,Event / Conference,None / Greenfield,,41200.0,39600.0,39600.0,0.04,True,<$50k,"June 16, 2025",08/27/2025,72.0,4.0,4.0,1.0,,,Closed Lost,Joseph Mccarthy,Data Engineer,IC,7.9,Thomas Grant,COO,False,0.0,6,4.0,False,True,,1.0,2.3,1.3,0.12,42.0,5.0,0.0,4.0,Introduction: Underwood <> Tiger Data,9.0,2.3,9.0,3.0,3.0,Pricing,5.0,3.0,95.0,0.0,Stable,2.0,False,0.0,False,,False,False,False,False,True,False,True,,True,7.0,,True,2.0,80.0,24.0,False,,,no exec sponsor.. deal died when q4 budgets froze..,Mission about case life set resource life watch black agree real book past wish choice throw.,9.0,Omitted,True,,True,Lost,No Decision / Stalled,Exec Vacuum
DL-1262,"williams, shah and lloyd",ACC-13800,Villegas PLC - Full Bundle Monthly,SMB,Media,Southeast,Sophia Nguyen,REP-105,Benjamin Cross,Isla Berg,Full Bundle,Monthly,Inbound - Website,None / Greenfield,,29100.0,22400.0,59100.0,0.23,True,,"December 17, 2025",2026-01-10,24.0,12.0,6.0,1.0,,,Closed Lost,Shannon Garcia,Analytics Manager,Manager,,Katie Jackson,CFO,False,1.0,3,1.0,False,False,True,0.6,7.54,6.94,0.88,17.0,15.0,0.0,6.0,RE: RE: RE: Next steps??,20.0,1.7,11.0,3.0,1.0,Demo,33.0,1.0,47.0,-29.0,Stable,2.0,False,0.0,,True,False,True,True,True,True,False,,True,False,,,True,1.0,70.0,22.0,True,4.0,,Lost — champion left. No additional detail.,That treat church factor kid media run between positive free.,8.0,Commit,False,05-May-2026,True,Lost,Price / Budget,Champion Collapse
DL-1610,"Murray, Strong and Richard",ACC-31646,Davis Inc - Governance Module Pilot,SMB,Logistics,APAC,James O'Brien,REP-106,Liam Sutherland,,Governance Module,Pilot,LinkedIn Outbound,Snowflake,Starburst,10000.0,10000.0,27400.0,0.0,False,>$500k,2025-03-18,"April 10, 2025",23.0,37.0,5.0,1.0,,,Closed Lost,Mary Hopkins,Chief Data Officer,C-Suite,9.1,Mary Green,CTO,False,0.0,3,3.0,,True,True,0.9,1.0,0.1,0.22,51.0,11.0,26.0,12.0,fwd: technical review docs,19.0,2.0,4.0,0.0,3.0,Technical Review,5.0,3.0,65.0,14.0,Stable,1.0,True,3.0,,True,False,False,False,True,False,True,,True,False,,,True,2.0,76.0,7.0,True,4.0,,Lost — price / budget. No additional detail.,Want son dog range seem number other those sister large chair born wish while room Mr personal who.,7.0,Commit,False,21-May-2026,,Lost,No Decision / Stalled,Ghost Stall
DL-1297,"The Briggs, Santos and Wood",ACC-55436,Mcclure Group - Full Bundle Monthly,SMB,Education,Midwest,Marcus Chen,REP-102,Jordan Blake,Grace Okonkwo,Full Bundle,Monthly,PLG Expansion,Snowflake,Snowflake,26000.0,26000.0,68000.0,0.0,False,$150k–$500k,02/11/2025,2025-03-18,35.0,5.0,4.0,1.0,,,Closed Lost,Kyle Bird,Head of Data Engineering,Manager,8.4,Joshua Mooney,CFO,False,3.0,5,1.0,True,False,,1.5,7.53,6.03,0.93,43.0,40.0,8.0,5.0,Introduction: Robinson <> Tiger Data,11.0,1.0,11.0,1.0,3.0,Demo,22.0,0.0,35.0,-23.0,Expanding,0.0,False,0.0,True,True,False,False,False,False,True,False,False,False,True,16.0,42.0,True,0.0,,10.0,False,8.0,11.0,Lost — price / budget. No additional detail.,Commercial where outside wonder recent question win really forward play this fish surface lot friend part one him.,8.0,Omitted,False,2026-05-08,,Lost,Champion Left,Champion Collapse
DL-1414,Moore Group LLC,ACC-42379,Rogers-Leach - Core Platform Pilot,Mid-Market,Financial Services,Northeast,Rachel Kim,REP-107,Hana Takeda,,Core Platform,Pilot,LinkedIn Outbound,Collibra,Collibra,46800.0,46800.0,108600.0,0.0,False,,10/12/2024,2024-12-27,76.0,6.0,5.0,1.0,42.0,,Closed Lost,Hunter Martin,Senior Data Engineer,IC,5.9,Nicole Gonzales,VP Engineering,False,0.0,3,3.0,True,True,True,1.9,1.3,-0.6,0.29,31.0,9.0,4.0,2.0,RE: RE: RE: Next steps??,5.0,2.0,12.0,5.0,2.0,Demo,7.0,0.0,76.0,15.0,Expanding,2.0,True,4.0,True,False,True,False,False,True,False,False,False,False,True,8.0,,False,0.0,79.0,20.0,True,,71.0,Lost — champion left. No additional detail.,,10.0,Best Case,False,"May 07, 2026",True,Lost,Price / Budget,Exec Vacuum
DL-1150,"Nguyen, Padilla and Boyd LLC",ACC-86226,Davenport-Baker - Full Bundle Monthly,SMB,Financial Services,APAC,Nina Petrov,REP-109,Hana Takeda,Elena Ruiz,Full Bundle,Monthly,Inbound - Website,Monte Carlo,Fivetran,29300.0,27000.0,73500.0,0.08,,,14-Aug-2025,2025-09-17,34.0,14.0,2.0,0.0,20.0,25.0,Closed Won,Carrie Valdez,Head of Data Engineering,Manager,,Matthew Houston,COO,True,3.0,3,3.0,True,,True,1.3,2.1,0.8,0.9,21.0,19.0,5.0,9.0,RE: RE: RE: Next steps??,11.0,1.5,9.0,4.0,3.0,,15.0,5.0,81.0,-8.0,Expanding,1.0,False,0.0,,True,True,True,True,True,False,True,True,False,True,7.0,,,1.0,60.0,11.0,True,4.0,7.0,Multi-threaded well. Finance and Eng both bought in.,Edge win development image stage generation society thought according think key discover method exactly change church own.,10.0,Best Case,,05/04/2026,False,Won,,
DL-1819,"Collier,KramerandRollins",ACC-47020,Nunez and Sons - Core Platform Monthly,SMB,Manufacturing,Southeast,Rachel Kim,REP-107,Benjamin Cross,Isla Berg,Core Platform,Monthly,Cold Email Sequence,Monte Carlo,,34900.0,32800.0,71100.0,0.06,False,<$50k,2025-08-05,08/27/2025,22.0,18.0,3.0,0.0,22.0,20.0,Closed Lost,Jessica Garrett,Head of Data Engineering,Manager,11.1,Susan Vasquez,Head of Product,True,3.0,7,5.0,False,False,,1.0,0.7,-0.3,0.78,60.0,47.0,3.0,3.0,fwd: technical review docs,8.0,2.5,6.0,4.0,4.0,Discovery,4.0,0.0,90.0,-5.0,,0.0,True,1.0,False,False,True,False,False,True,,True,True,True,False,,40.0,False,0.0,57.0,18.0,False,1.0,,lost — chose competitor.. no additional detail..,,,Pipeline,False,11-May-2026,True,Lost,Chose Competitor,
DL-1640,Watkins-Berry,ACC-30610,Cooper-Larson - Analytics Suite Pilot,SMB,Insurance,Southeast,Emily Rodriguez,REP-103,Hana Takeda,Frankie Hale,Analytics Suite,Pilot,Inbound - Website,Collibra,None / Greenfield,15000.0,12000.0,30600.0,0.2,False,$50k–$150k,2024-11-02,03-Dec-2024,31.0,13.0,5.0,1.0,,32.0,Closed Lost,John Wilson,Director of Data,Director,,Anita Weber,CFO,True,4.0,3,1.0,False,True,True,2.5,2.2,-0.3,0.6,47.0,28.0,5.0,9.0,following up again...,7.0,1.9,6.0,3.0,1.0,Demo,13.0,2.0,70.0,11.0,,0.0,True,2.0,True,,False,True,False,True,False,,,True,False,,43.0,,1.0,76.0,3.0,False,,46.0,Lost — wrong timing. No additional detail.,Understand within dark financial Mrs degree side similar along forward child simple professional idea range attention throughout.,7.0,Pipeline,False,"May 13, 2026",True,Lost,Security / Compliance Failed,
DL-1925,Smith and Sons,ACC-86502,Anderson Ltd - Core Platform Multi-Year,Enterprise,Logistics,EMEA,Priya Shah,REP-101,Jordan Blake,,Core Platform,Multi-Year,Partner Referral,Alation,,643400.0,643400.0,1614100.0,0.25,True,,11/03/2024,03/12/2025,129.0,12.0,6.0,2.0,34.0,30.0,Closed Lost,Robert Sanchez,VP of Data,VP,,Louis Eaton DDS,COO,True,2.0,2,2.0,False,,False,2.2,1.8,-0.4,0.41,39.0,16.0,6.0,15.0,,13.0,2.4,9.0,1.0,1.0,Demo,14.0,5.0,75.0,9.0,Contracting,5.0,True,3.0,True,True,True,True,True,False,True,True,,True,False,,33.0,True,2.0,53.0,25.0,False,3.0,,Lost to Fivetran on connector breadth. They had 200+ native connectors.,,7.0,Commit,False,19-May-2026,False,Lost,Chose Competitor,Competitor Displacement
DL-1550,Contreras and Sons,ACC-96326,,Mid-Market,Energy,Northeast,Priya Shah,REP-101,Jordan Blake,Jaylen Ford,Governance Module,Monthly,Cold Email Sequence,Atlan,,108100.0,104900.0,,0.03,False,>$500k,2024-03-23,"July 04, 2024",103.0,3.0,3.0,0.0,,13.0,Closed Lost,Morgan Gonzalez,Head of Data Engineering,Manager,1.3,Casey Murray,CFO,True,5.0,4,2.0,False,,,0.7,1.5,0.8,0.24,46.0,11.0,7.0,0.0,Re: Follow up from our call,11.0,2.2,9.0,5.0,1.0,Demo,13.0,5.0,77.0,4.0,Expanding,0.0,False,0.0,True,False,False,True,True,True,True,False,False,False,True,18.0,46.0,True,1.0,,17.0,True,4.0,29.0,Lost — wrong timing. No additional detail.,Difficult care brother treatment daughter phone they federal rather child as top list account hear mouth.,10.0,Commit,True,05/06/2026,,Lost,No Decision / Stalled,
DL-1822,Smith-Campbell Inc,ACC-52659,"Mcbride, Clark and Colon - Governance Module Pilot",SMB,Financial Services,Southwest,David Park,REP-104,Liam Sutherland,Isla Berg,Governance Module,Pilot,Outbound SDR,Monte Carlo,,21300.0,21300.0,50600.0,0.0,True,<$50k,"May 22, 2024","June 24, 2024",33.0,3.0,5.0,0.0,37.0,,Closed Won,Jessica Robinson,Analytics Manager,Manager,1.4,Daniel Garza,CTO,False,0.0,5,4.0,True,False,False,1.1,1.6,0.5,0.7,44.0,31.0,3.0,2.0,Checking in,13.0,0.8,6.0,4.0,1.0,POC Review,9.0,1.0,90.0,-9.0,Stable,1.0,False,0.0,True,False,True,False,True,False,False,True,True,False,False,,,False,1.0,74.0,3.0,False,,11.0,Close was delayed 2 weeks on legal but closed strong.,,8.0,Omitted,False,,False,Won,,
DL-1488,,ACC-49766,Joseph-Cox - Governance Module Annual,Mid-Market,Energy,APAC,Priya Shah,REP-101,Jordan Blake,Jaylen Ford,Governance Module,Annual,Executive Referral,Collibra,Atlan,90900.0,90900.0,90900.0,0.0,True,,2024-03-15,04-May-2024,50.0,5.0,2.0,0.0,,,Closed Lost,Kara Walker,Director of Data,Director,,Henry Oliver,CFO,False,5.0,8,1.0,False,True,False,2.2,9.05,6.85,0.47,58.0,27.0,4.0,10.0,RE: RE: RE: Next steps??,19.0,1.3,2.0,2.0,3.0,Pricing,30.0,3.0,34.0,-35.0,Stable,0.0,True,4.0,True,True,False,False,True,True,,False,True,,True,27.0,94.0,True,1.0,89.0,12.0,False,,38.0,new data lead came in and had a prior relationship with snowflake..,Certainly evening floor world painting movie station position whatever our build safe save crime sometimes executive so institution.,9.0,Omitted,True,05/14/2026,True,Lost,Price / Budget,Champion Collapse
DL-1710,MaddenLLC,ACC-27928,Richardson-Miller - Full Bundle Pilot,Mid-Market,Retail,Southwest,Sophia Nguyen,REP-105,Liam Sutherland,Jaylen Ford,Full Bundle,Pilot,Outbound SDR,Collibra,Databricks,51500.0,39700.0,101700.0,0.23,,>$500k,2024-09-25,2024-12-02,68.0,17.0,2.0,0.0,26.0,5.0,Closed Won,George Williams,Data Architect,IC,6.9,Amber Parker,COO,True,4.0,6,4.0,False,True,False,1.7,0.8,-0.9,0.74,39.0,29.0,8.0,1.0,Q4 pricing — URGENT,11.0,0.7,4.0,2.0,2.0,Pricing,7.0,2.0,91.0,1.0,Stable,0.0,False,0.0,True,False,True,False,False,True,,True,True,False,False,,34.0,True,1.0,64.0,25.0,,,99.0,"Competitive deal vs Collibra, but we had the better integration story.",Election law especially discover hand Democrat sign father them.,9.0,Commit,True,,False,Won,,
DL-1147,Murphy-Hopkins,ACC-84843,"Silva, Cunningham and Diaz - Analytics Suite Monthly",Mid-Market,Manufacturing,West,David Park,REP-104,Jordan Blake,Danny Patel,Analytics Suite,Monthly,LinkedIn Outbound,Atlan,,70400.0,70400.0,162000.0,0.0,False,>$500k,"March 26, 2025",05/14/2025,49.0,16.0,2.0,1.0,,,Closed Lost,Jeffrey Smith,Analytics Engineer,IC,1.9,,COO,False,0.0,6,4.0,False,False,,1.7,1.5,-0.2,0.85,27.0,23.0,3.0,9.0,,11.0,2.6,9.0,3.0,2.0,Executive QBR,4.0,0.0,88.0,14.0,Expanding,2.0,True,3.0,True,True,False,True,True,True,False,False,,False,True,23.0,80.0,False,2.0,58.0,17.0,True,3.0,33.0,lost — no decision / stalled.. no additional detail..,Everybody growth quickly former lose knowledge simple main board population bank exactly step through cultural safe.,8.0,Best Case,False,,,Lost,No Decision / Stalled,Exec Vacuum
DL-1146,Clark-Figueroa Inc,ACC-16545,,Enterprise,Energy,West,Rachel Kim,REP-107,Hana Takeda,Jaylen Ford,Core Platform,Multi-Year,Cold Email Sequence,dbt Labs,,201900.0,155500.0,429600.0,0.23,False,>$500k,2024-02-02,"May 24, 2024",112.0,26.0,6.0,0.0,29.0,,Closed Lost,Candace Walker,VP of Data,VP,4.9,Cheyenne White,COO,False,0.0,5,4.0,True,,False,1.3,2.4,1.1,0.06,51.0,3.0,30.0,36.0,following up again...,18.0,1.8,8.0,0.0,2.0,Technical Review,12.0,3.0,60.0,10.0,,1.0,False,0.0,False,False,True,False,True,True,False,True,,False,True,10.0,,False,0.0,61.0,6.0,,,,Prospect stopped engaging after the proposal. No explanation given.,System surface usually yes leave near fact attack better rise maintain former campaign pretty beyond people too fish.,10.0,Best Case,True,19-May-2026,False,Lost,Missing Feature,Ghost Stall
DL-1751,"Larson, Chang and Schultz LLC",ACC-10807,King-Henry - Full Bundle Annual,Mid-Market,Logistics,Northeast,Nina Petrov,REP-109,Jordan Blake,,Full Bundle,Annual,Partner Referral,dbt Labs,,37500.0,35600.0,35600.0,0.05,,<$50k,09-Aug-2024,26-Sep-2024,48.0,31.0,3.0,0.0,,16.0,Closed Lost,Craig Morgan,Senior Data Engineer,IC,3.2,Jermaine Barnes,COO,True,2.0,8,6.0,True,True,True,0.7,2.8,2.1,0.19,30.0,5.0,21.0,23.0,,16.0,2.5,4.0,0.0,2.0,Pricing,13.0,5.0,72.0,-4.0,Contracting,0.0,False,0.0,False,True,False,True,False,True,,True,False,True,True,16.0,72.0,False,0.0,87.0,2.0,,0.0,,Lost — champion left. No additional detail.,Tonight according sometimes natural purpose respond hand goal term matter.,10.0,Commit,True,05/05/2026,,Lost,Missing Feature,Ghost Stall
DL-1970,The Smith-Ramirez,ACC-90551,"Hill, Mullins and Orr - Analytics Suite Monthly",SMB,Logistics,West,James O'Brien,REP-106,Liam Sutherland,Isla Berg,Analytics Suite,Monthly,Event / Conference,dbt Labs,,23900.0,23900.0,65500.0,0.0,,<$50k,"August 14, 2025",2025-09-13,30.0,11.0,4.0,0.0,,22.0,Closed Won,Kenneth Smith,BI Lead,Manager,9.7,Christine Martinez,COO,True,4.0,4,4.0,,False,,1.6,1.3,-0.3,0.53,15.0,8.0,4.0,9.0,fwd: technical review docs,11.0,2.6,7.0,2.0,4.0,,5.0,1.0,79.0,4.0,Contracting,1.0,True,2.0,True,False,False,True,True,False,False,False,False,True,False,,,False,2.0,63.0,22.0,False,,,close was delayed 2 weeks on legal but closed strong..,,6.0,Pipeline,False,2026-05-03,True,Won,,
DL-1770,WintersLLC,ACC-66887,,Mid-Market,Manufacturing,APAC,Nina Petrov,REP-109,Jordan Blake,Frankie Hale,Core Platform,Pilot,Inbound - Website,Monte Carlo,,67200.0,65900.0,171900.0,0.02,True,$150k–$500k,"March 04, 2025",11-Jun-2025,99.0,7.0,6.0,1.0,,26.0,Closed Won,Billy Perez,Data Engineer,IC,,Mr. James Raymond,Head of Product,True,5.0,4,2.0,False,False,True,1.3,2.9,1.6,0.21,33.0,7.0,6.0,6.0,following up again...,3.0,1.8,3.0,5.0,3.0,,14.0,1.0,73.0,6.0,Expanding,1.0,False,0.0,False,False,False,False,True,True,True,True,,True,True,27.0,52.0,,0.0,68.0,24.0,,5.0,35.0,"strong champion, got exec in early.. smooth close..",List character table picture human him today center agent per build speak direction.,8.0,Omitted,True,04/22/2026,True,Won,,
DL-1659,barrett plc,ACC-91499,"James, Walker and Castro - Analytics Suite Monthly",Enterprise,Healthcare,Northeast,Marcus Chen,REP-102,Jordan Blake,Henry Vasquez,Analytics Suite,Monthly,Cold Email Sequence,Alation,,320400.0,253100.0,541600.0,0.21,True,$50k–$150k,2024-11-25,05/11/2025,167.0,3.0,5.0,1.0,,5.0,Closed Lost,Stacy Cortez,Data Architect,IC,2.0,Diane Murray,Chief Data Officer,True,1.0,2,2.0,False,,,1.6,0.6,-1.0,0.93,30.0,28.0,2.0,4.0,Re: Follow up from our call,10.0,2.5,7.0,1.0,3.0,POC Review,4.0,0.0,62.0,-9.0,,2.0,False,0.0,False,False,False,True,True,True,,True,True,True,False,,90.0,True,2.0,66.0,13.0,False,4.0,56.0,Lost — missing feature. No additional detail.,Threat project half door early we we alone ready back relationship.,6.0,Omitted,False,,True,Lost,Price / Budget,
DL-1348,"Hudson, Morrow and Hoffman LLC",ACC-89804,"Gonzalez, Sharp and Lane - Core Platform Annual",Enterprise,Retail,West,Alex Morgan,REP-100,Amara Osei,Grace Okonkwo,Core Platform,Annual,Cold Email Sequence,Collibra,,687500.0,501900.0,501900.0,0.27,True,$150k–$500k,10/21/2024,05/11/2025,202.0,27.0,6.0,0.0,36.0,24.0,Closed Lost,Matthew Colon,BI Lead,Manager,1.4,,Head of Product,True,4.0,7,6.0,True,False,False,2.2,1.6,-0.6,0.25,53.0,13.0,21.0,19.0,,17.0,0.8,11.0,0.0,2.0,Demo,14.0,3.0,56.0,0.0,Stable,2.0,False,0.0,,False,True,True,False,True,True,True,False,,False,,,,0.0,87.0,12.0,,5.0,43.0,Multiple follow-ups with no reply. Probably went internal.,Character learn challenge ten box wide image minute.,9.0,Commit,False,04/25/2026,False,Lost,Missing Feature,Ghost Stall
DL-1463,"Brown, Brooks and Jackson Inc",ACC-98139,"Smith, Murphy and Torres - Full Bundle Multi-Year",Mid-Market,Healthcare,Southeast,Rachel Kim,REP-107,Benjamin Cross,,Full Bundle,Multi-Year,Event / Conference,Alation,Databricks,129600.0,129600.0,305200.0,0.0,,,2024-03-30,07/11/2024,103.0,5.0,5.0,0.0,21.0,6.0,Closed Lost,Laura Brooks,Director of Data,Director,,Christopher Fields,CTO,True,2.0,3,3.0,False,False,False,2.2,2.6,0.4,0.13,46.0,6.0,8.0,7.0,Introduction: Obrien <> Tiger Data,18.0,2.6,11.0,1.0,2.0,Discovery,9.0,0.0,68.0,0.0,Stable,2.0,True,3.0,True,True,True,False,False,False,False,True,False,False,True,24.0,33.0,False,0.0,95.0,25.0,True,,,lost — wrong timing.. no additional detail..,Consider despite generation the tree outside off through relationship they concern chance standard air although Mr when.,9.0,Pipeline,False,,,Lost,Chose Competitor,
DL-1325,"Klein, Nguyen and Duran",ACC-34342,Shaw-Mclean - Full Bundle Annual,SMB,Insurance,Southeast,Priya Shah,REP-101,Benjamin Cross,Isla Berg,Full Bundle,Annual,Event / Conference,Fivetran,,11500.0,11500.0,11500.0,0.0,,$150k–$500k,06/25/2025,02-Aug-2025,38.0,13.0,4.0,1.0,,,Closed Lost,Jasmine Rodriguez,Senior Data Engineer,IC,5.6,Alex Moore,SVP Technology,False,0.0,4,4.0,True,True,,1.0,1.4,0.4,0.86,14.0,12.0,2.0,8.0,,3.0,1.0,3.0,4.0,1.0,POC Review,15.0,5.0,57.0,0.0,Contracting,0.0,False,0.0,False,False,False,True,True,True,True,False,True,,False,,,,0.0,64.0,7.0,,,37.0,Lost — chose competitor. No additional detail.,Add range appear stop involve others account lose executive bar investment pay role cost exactly boy enjoy.,9.0,Pipeline,False,04/24/2026,False,Lost,No Decision / Stalled,Exec Vacuum
DL-1186,Camacho-Burns Inc,ACC-57250,Delacruz-Clay - Full Bundle Pilot,Enterprise,Technology,West,Nina Petrov,REP-109,Liam Sutherland,Isla Berg,Full Bundle,Pilot,Inbound - Website,Atlan,,793500.0,563400.0,1265600.0,0.29,False,$150k–$500k,"January 30, 2025",06-May-2025,96.0,17.0,6.0,1.0,23.0,24.0,Closed Lost,Ricardo Franklin,Data Architect,IC,9.2,Michelle Long,Head of Product,True,1.0,4,4.0,False,False,False,2.0,2.8,0.8,0.83,18.0,15.0,2.0,0.0,,7.0,2.5,5.0,3.0,1.0,Discovery,13.0,4.0,69.0,3.0,,1.0,False,0.0,True,False,True,True,True,False,True,False,False,False,True,13.0,43.0,True,1.0,69.0,14.0,False,3.0,,Lost — chose competitor. No additional detail.,Order modern then skin minute later still amount yet million how same newspaper might piece any fact huge.,8.0,Omitted,True,07-May-2026,,Lost,Price / Budget,
DL-1123,"Nash and Sons, Inc.",ACC-77541,Holland Ltd - Governance Module Annual,Enterprise,Energy,Midwest,Nina Petrov,REP-109,Liam Sutherland,Henry Vasquez,Governance Module,Annual,Partner Referral,Starburst,Alation,241600.0,241600.0,,0.0,False,<$50k,2025-07-08,"December 16, 2025",161.0,19.0,3.0,0.0,,,Closed Lost,Matthew Palmer,Senior Data Engineer,IC,6.2,Tracy Fleming,VP Engineering,False,0.0,2,2.0,True,True,True,1.4,1.2,-0.2,0.97,40.0,39.0,4.0,3.0,Checking in,15.0,2.6,3.0,2.0,4.0,,8.0,1.0,59.0,-10.0,Expanding,0.0,True,3.0,False,True,False,False,True,True,,False,False,False,False,,39.0,,2.0,76.0,19.0,True,6.0,96.0,No exec sponsor. Deal died when Q4 budgets froze.,,7.0,Pipeline,False,2026-05-19,True,Lost,No Decision / Stalled,Exec Vacuum
DL-1888,"Hale, Mitchell and Cooper Inc",ACC-51357,Sharp-Ford - Governance Module Monthly,SMB,Financial Services,EMEA,James O'Brien,REP-106,Benjamin Cross,,Governance Module,Monthly,Inbound - Website,Databricks,,26000.0,22900.0,55800.0,0.12,True,$50k–$150k,2024-09-21,15-Oct-2024,24.0,12.0,4.0,0.0,42.0,,Closed Won,Jacqueline Shields,Data Platform Lead,Manager,2.2,Matthew Stevens,VP Operations,False,0.0,6,4.0,False,True,,1.1,2.8,1.7,0.57,28.0,16.0,2.0,6.0,fwd: technical review docs,5.0,1.4,11.0,2.0,1.0,Discovery,1.0,4.0,64.0,-8.0,Expanding,0.0,True,2.0,True,,True,False,True,True,True,False,False,False,False,,68.0,True,0.0,57.0,12.0,False,,61.0,Technical win — their data architect loved the architecture demo.,Discover particularly care fall new subject want way similar cover population thing.,10.0,Omitted,True,"May 12, 2026",,Won,,
DL-1608,,ACC-49416,"Shaw, Morton and Evans - Analytics Suite Monthly",Enterprise,Education,EMEA,James O'Brien,REP-106,Benjamin Cross,,Analytics Suite,Monthly,Outbound SDR,Starburst,,444500.0,324500.0,800600.0,0.27,True,<$50k,"August 20, 2024",12/11/2024,113.0,7.0,4.0,0.0,13.0,,Closed Won,Samantha Noble,Senior Data Engineer,IC,4.8,Larry Fritz,Chief Data Officer,False,0.0,4,2.0,,False,True,1.2,0.8,-0.4,0.73,55.0,40.0,5.0,6.0,Re: Follow up from our call,16.0,3.0,3.0,1.0,2.0,Demo,13.0,4.0,55.0,-7.0,Expanding,1.0,True,2.0,True,False,True,True,True,False,False,False,True,False,True,13.0,,True,2.0,69.0,4.0,,2.0,40.0,Multi-threaded well. Finance and Eng both bought in.,,8.0,Best Case,False,"May 04, 2026",True,Won,,
DL-1143,Flores Inc LLC,ACC-37982,Jackson PLC - Full Bundle Monthly,Mid-Market,Technology,West,James O'Brien,REP-106,Jordan Blake,Isla Berg,Full Bundle,Monthly,Cold Email Sequence,Monte Carlo,,79000.0,68700.0,203400.0,0.13,,<$50k,06-Aug-2025,11/13/2025,99.0,41.0,5.0,1.0,30.0,9.0,Closed Lost,Lori Clark,Data Architect,IC,1.9,Christy Jennings,VP Operations,True,2.0,4,4.0,True,False,True,0.7,1.4,0.7,0.06,42.0,2.0,21.0,32.0,Quick question on the proposal,12.0,2.8,7.0,0.0,4.0,POC Review,9.0,1.0,74.0,4.0,Stable,0.0,True,4.0,False,,True,True,True,False,,True,True,False,True,17.0,,False,0.0,87.0,10.0,True,6.0,,Lost — chose competitor. No additional detail.,Day stock these scientist itself stage authority rather agency response.,8.0,Commit,True,23-Apr-2026,False,Lost,No Decision / Stalled,Ghost Stall
DL-1978-DUP,"ORTIZ-RODGERS, INC.",ACC-56708,"Hernandez, Mason and Rojas - Full Bundle Multi-Year",Mid-Market,Retail,APAC,Nina Petrov,REP-109,Jordan Blake,Jaylen Ford,Full Bundle,Multi-Year,Event / Conference,Starburst,Monte Carlo,88100.0,81100.0,211800.0,0.08,False,$50k–$150k,2025-11-22,2026-02-22,92.0,17.0,3.0,1.0,,,Closed Lost,Bradley Ibarra,Senior Data Engineer,IC,3.2,Frank Mercado,Director of IT,False,0.0,4,2.0,True,,False,0.7,1.1,0.4,0.38,32.0,12.0,0.0,1.0,fwd: technical review docs,16.0,2.9,12.0,5.0,1.0,Demo,10.0,2.0,89.0,9.0,Expanding,1.0,False,0.0,True,False,False,False,False,False,False,False,False,,False,,83.0,,1.0,68.0,5.0,False,,,Never got above the data team. Budget decision was above champion's level.,News team purpose law themselves near become city consumer employee wall he.,9.0,Omitted,False,"May 20, 2026",True,Lost,No Decision / Stalled,Exec Vacuum
DL-1197,"Lyons, Jensen and Edwards",ACC-91849,Marquez Ltd - Analytics Suite Monthly,Mid-Market,Education,Midwest,Alex Morgan,REP-100,Jordan Blake,Henry Vasquez,Analytics Suite,Monthly,Outbound SDR,Databricks,,138400.0,138400.0,393200.0,0.0,,,"February 11, 2025",2025-04-03,51.0,5.0,4.0,0.0,,,Closed Lost,Angela Livingston,Senior Data Engineer,IC,7.5,Laura Davis,CTO,False,0.0,7,5.0,True,True,True,2.1,1.8,-0.3,0.86,43.0,37.0,8.0,0.0,Q4 pricing — URGENT,9.0,2.7,11.0,1.0,3.0,Pricing,11.0,4.0,58.0,-2.0,Stable,0.0,True,4.0,False,True,False,False,False,False,True,False,False,False,True,13.0,,True,2.0,63.0,8.0,True,6.0,,Lost — wrong timing. No additional detail.,Best financial popular short like water century time election guy contain true form team foot maintain.,,Pipeline,True,05/10/2026,False,Lost,Champion Left,
DL-1609,"Washington PLC, Inc.",ACC-37741,Wright-Rivas - Analytics Suite Pilot,Mid-Market,Logistics,EMEA,Emily Rodriguez,REP-103,Amara Osei,Grace Okonkwo,Analytics Suite,Pilot,Outbound SDR,Databricks,dbt Labs,116700.0,100400.0,270600.0,0.14,True,$50k–$150k,2024-09-05,2024-12-09,95.0,16.0,6.0,0.0,23.0,6.0,Closed Lost,Jessica Clark,Data Architect,IC,1.6,Kaylee Garza,Director of IT,True,2.0,7,7.0,False,True,True,2.2,1.9,-0.3,0.75,16.0,12.0,8.0,7.0,Introduction: Mitchell <> Tiger Data,12.0,2.1,10.0,4.0,4.0,Discovery,9.0,0.0,74.0,13.0,Contracting,2.0,False,0.0,True,False,True,False,True,True,,True,True,True,True,13.0,84.0,True,1.0,53.0,5.0,,,,Lost — price / budget. No additional detail.,Old treatment yet land address represent treat close issue write produce ago level.,8.0,,False,"April 24, 2026",False,Lost,Missing Feature,
DL-1279,"MARTINEZ, VILLEGAS AND RANGEL",ACC-17922,Edwards-Abbott - Governance Module Pilot,Mid-Market,Retail,Midwest,Rachel Kim,REP-107,Benjamin Cross,,Governance Module,Pilot,PLG Expansion,Fivetran,,67800.0,56300.0,137400.0,0.17,True,<$50k,30-May-2024,07/29/2024,60.0,14.0,3.0,1.0,39.0,23.0,Closed Won,Cameron Ellison,VP of Data,VP,,,SVP Technology,True,1.0,4,4.0,True,True,False,1.0,1.3,0.3,0.31,42.0,13.0,0.0,6.0,,20.0,1.5,8.0,3.0,4.0,POC Review,1.0,4.0,86.0,4.0,Stable,2.0,True,2.0,False,False,True,False,False,False,True,False,False,False,False,,59.0,False,1.0,,7.0,False,8.0,22.0,"Competitive deal vs Fivetran, but we had the better integration story.",,7.0,Commit,False,05/19/2026,True,Won,,
DL-1293,Hill Ltd,ACC-51429,"Carter, Hendricks and Wolfe - Governance Module Pilot",Mid-Market,Education,Midwest,Marcus Chen,REP-102,Liam Sutherland,Danny Patel,Governance Module,Pilot,Executive Referral,Starburst,dbt Labs,96100.0,96100.0,238300.0,0.0,,>$500k,02/12/2025,19-May-2025,96.0,15.0,3.0,1.0,,,Closed Won,Claudia Snyder,Senior Data Engineer,IC,,Kristen Carney MD,VP Operations,False,0.0,4,4.0,,False,True,1.3,1.8,0.5,0.74,27.0,20.0,1.0,9.0,Quick question on the proposal,16.0,0.8,12.0,5.0,2.0,Executive QBR,3.0,3.0,92.0,9.0,Expanding,2.0,False,0.0,True,True,False,True,False,False,,False,,True,False,,96.0,True,1.0,91.0,21.0,False,2.0,8.0,Close was delayed 2 weeks on legal but closed strong.,Mean single improve close debate and ago police put left.,7.0,Commit,True,19-May-2026,False,Won,,
DL-1400,Lozano LLC,ACC-92322,Lewis-Quinn - Analytics Suite Monthly,SMB,Media,APAC,David Park,REP-104,Benjamin Cross,Elena Ruiz,Analytics Suite,Monthly,Cold Email Sequence,Collibra,Snowflake,22700.0,15900.0,33400.0,0.3,False,,07/05/2024,08/02/2024,28.0,11.0,2.0,1.0,,,Closed Lost,Amanda Smith,Senior Data Engineer,IC,1.8,Ashley Sanders,Director of IT,False,0.0,7,6.0,,False,False,1.2,2.2,1.0,0.94,33.0,31.0,5.0,0.0,[External] Re: Tiger Data POC,16.0,0.8,2.0,4.0,4.0,Demo,8.0,3.0,61.0,1.0,Expanding,2.0,True,1.0,False,False,False,False,True,False,False,False,True,False,False,,91.0,False,2.0,60.0,14.0,True,4.0,80.0,Lost — security / compliance failed. No additional detail.,Amount executive agency place read almost seek spend help husband stand theory technology baby mean region run.,6.0,Commit,False,,False,Lost,Price / Budget,Exec Vacuum
DL-1122,Deleon PLC Inc,ACC-74915,"Johnson, Lee and Whitaker - Governance Module Annual",SMB,Technology,Southwest,Marcus Chen,REP-102,Benjamin Cross,,Governance Module,Annual,Outbound SDR,Starburst,Alation,8000.0,6800.0,6800.0,0.15,False,$50k–$150k,2025-01-16,"February 17, 2025",32.0,19.0,6.0,0.0,,29.0,Closed Won,Danielle Bryant,VP of Data,VP,10.0,Michele Hill,COO,True,2.0,8,7.0,True,True,,0.6,0.6,0.0,0.53,49.0,26.0,1.0,3.0,Q4 pricing — URGENT,9.0,0.7,2.0,1.0,1.0,Executive QBR,9.0,2.0,72.0,-8.0,Expanding,1.0,True,2.0,True,True,False,False,True,False,False,True,,True,False,,46.0,True,2.0,87.0,22.0,True,0.0,28.0,technical win — their data architect loved teh architecture demo..,,10.0,Pipeline,False,,True,Won,,
DL-1183,"Salazar, Garrett and Perez, Inc.",ACC-25603,Berry Group - Governance Module Pilot,Enterprise,Energy,APAC,Priya Shah,REP-101,Benjamin Cross,Casey Wu,Governance Module,Pilot,Executive Referral,Fivetran,,253500.0,235800.0,631800.0,0.07,True,>$500k,01-Jun-2024,"January 07, 2025",220.0,51.0,5.0,0.0,,,Closed Lost,Susan Murphy,Analytics Manager,Manager,10.7,Christine Taylor,Head of Product,False,0.0,7,5.0,False,,False,0.6,2.1,1.5,0.16,40.0,6.0,22.0,31.0,following up again...,16.0,0.9,10.0,0.0,1.0,Technical Review,7.0,4.0,80.0,-5.0,,2.0,True,1.0,False,False,False,True,False,True,False,False,True,False,False,,97.0,,1.0,82.0,6.0,True,8.0,,Lost — chose competitor. No additional detail.,,6.0,Best Case,False,04/26/2026,,Lost,No Decision / Stalled,Ghost Stall
DL-1202,"Dalton-English, Inc.",ACC-95043,"Munoz, Simmons and White - Full Bundle Multi-Year",Mid-Market,Manufacturing,Northeast,David Park,REP-104,Amara Osei,Isla Berg,Full Bundle,Multi-Year,LinkedIn Outbound,Atlan,Monte Carlo,60200.0,60200.0,,0.0,False,<$50k,2025-01-09,02/26/2025,48.0,20.0,3.0,1.0,32.0,9.0,Closed Won,Kristen Cole,Data Platform Lead,Manager,,Cody Jacobs,Director of IT,True,1.0,6,4.0,True,,True,1.8,2.7,0.9,0.59,22.0,13.0,5.0,6.0,[External] Re: Tiger Data POC,19.0,2.8,10.0,2.0,3.0,POC Review,14.0,1.0,81.0,5.0,Contracting,0.0,False,0.0,True,False,True,False,False,False,False,True,,True,False,,,True,0.0,83.0,18.0,,,23.0,Technical win — their data architect loved the architecture demo.,,9.0,Best Case,True,06-May-2026,True,Won,,
DL-1438,"Rodriguez-Sanchez, Inc.",ACC-33654,Sharp-David - Analytics Suite Pilot,SMB,Logistics,Midwest,Priya Shah,REP-101,,Elena Ruiz,Analytics Suite,Pilot,Executive Referral,Fivetran,,15100.0,15100.0,42600.0,0.0,False,$150k–$500k,03/06/2025,14-Apr-2025,39.0,8.0,5.0,0.0,10.0,,Closed Lost,Tiffany Arroyo,Analytics Engineer,IC,7.9,Jeanette Moyer,CFO,False,0.0,7,5.0,False,False,False,0.8,2.1,1.3,0.27,30.0,8.0,8.0,7.0,Checking in,9.0,1.6,8.0,5.0,2.0,Pricing,6.0,0.0,62.0,-8.0,Contracting,0.0,True,1.0,True,False,True,True,True,True,False,True,False,True,False,,79.0,True,1.0,52.0,19.0,True,,92.0,No exec sponsor. Deal died when Q4 budgets froze.,Economic would only arrive argue garden Mrs just exist line thing available with run station them operation.,10.0,Omitted,False,"May 01, 2026",,Lost,Price / Budget,Exec Vacuum
DL-1246,Ruiz-Gutierrez,ACC-94505,Love-Mcdowell - Governance Module Pilot,Enterprise,Technology,Southeast,Priya Shah,REP-101,Jordan Blake,Isla Berg,Governance Module,Pilot,Outbound SDR,Monte Carlo,,770600.0,724400.0,1533600.0,0.06,True,<$50k,03/15/2025,27-Jul-2025,134.0,18.0,4.0,0.0,21.0,,Closed Won,Samantha Hale,Chief Data Officer,C-Suite,7.0,Heather Guzman,CTO,False,0.0,4,3.0,False,True,False,1.0,1.8,0.8,0.3,54.0,16.0,3.0,3.0,Introduction: Chan <> Tiger Data,16.0,2.0,9.0,4.0,4.0,Technical Review,2.0,5.0,63.0,-7.0,Contracting,0.0,True,4.0,,True,True,True,True,True,True,False,False,,False,,46.0,True,2.0,,11.0,,4.0,,"strong champion, got exec in early.. smooth close..",Scene law agree appear political picture social carry husband pick finish bank citizen might wide store shake suggest.,7.0,Pipeline,False,2026-05-03,False,Won,,
DL-1415,MartinandSons,ACC-99142,Tanner-Sanford - Governance Module Annual,Mid-Market,Financial Services,Southeast,David Park,REP-104,Liam Sutherland,,Governance Module,Annual,Event / Conference,Databricks,,77900.0,62300.0,62300.0,0.2,True,<$50k,2024-11-15,2025-01-18,64.0,13.0,6.0,0.0,20.0,,Closed Lost,Christina Compton,BI Lead,Manager,11.0,Beverly Cook,Head of Product,False,2.0,7,1.0,True,True,True,1.7,8.01,6.31,0.9,40.0,36.0,7.0,8.0,,12.0,2.5,3.0,2.0,3.0,Pricing,23.0,5.0,48.0,-34.0,Expanding,1.0,True,1.0,,True,True,True,False,False,,False,True,False,False,,85.0,False,1.0,89.0,15.0,False,8.0,92.0,Lost — security / compliance failed. No additional detail.,Wife finally she soon learn close a challenge third.,10.0,Pipeline,,2026-05-01,False,Lost,Price / Budget,Champion Collapse
DL-1807,FREEMAN-WAGNER,ACC-39876,"Hansen, Riddle and Williams - Governance Module Monthly",Enterprise,Media,EMEA,Nina Petrov,REP-109,Benjamin Cross,Elena Ruiz,Governance Module,Monthly,Cold Email Sequence,Starburst,Snowflake,265900.0,265900.0,767200.0,0.0,True,,"December 28, 2023",2024-06-09,164.0,13.0,3.0,1.0,,29.0,Closed Lost,William Baldwin,Director of Data,Director,,Lisa Fernandez,Head of Product,True,5.0,7,7.0,False,True,True,2.5,1.0,-1.5,0.6,50.0,30.0,3.0,2.0,Q4 pricing — URGENT,14.0,2.4,8.0,2.0,4.0,,2.0,2.0,79.0,14.0,Expanding,0.0,False,0.0,True,,False,False,False,True,True,True,False,True,True,27.0,39.0,True,2.0,82.0,23.0,False,2.0,3.0,Lost — security / compliance failed. No additional detail.,,9.0,,True,"May 19, 2026",False,Lost,Price / Budget,
DL-1796,"VELASQUEZ, FAULKNER AND WYATT",ACC-83337,"Stein, Taylor and Williams - Analytics Suite Annual",SMB,Energy,EMEA,James O'Brien,REP-106,Liam Sutherland,Grace Okonkwo,Analytics Suite,Annual,Executive Referral,Starburst,,11700.0,8400.0,8400.0,0.28,,<$50k,21-Feb-2025,2025-03-14,21.0,15.0,3.0,1.0,,33.0,Closed Won,Larry Hughes,Senior Data Engineer,IC,9.5,Jason Harvey,CFO,True,3.0,7,6.0,True,True,,1.8,2.7,0.9,0.56,25.0,14.0,6.0,0.0,RE: RE: RE: Next steps??,14.0,2.9,2.0,2.0,2.0,Technical Review,12.0,0.0,61.0,3.0,Stable,1.0,False,0.0,True,,False,True,False,True,True,False,False,False,False,,,False,0.0,88.0,13.0,False,,,Technical win — their data architect loved the architecture demo.,Himself huge whom we notice impact country general.,8.0,Commit,True,15-May-2026,True,Won,,
DL-1959,"MORGAN, GREEN AND EVANS",ACC-14227,Carey-Smith - Core Platform Multi-Year,Mid-Market,Media,Northeast,Tyler Brooks,REP-108,Hana Takeda,Elena Ruiz,Core Platform,Multi-Year,Partner Referral,dbt Labs,,135600.0,124800.0,303700.0,0.08,True,,07/30/2024,"October 18, 2024",80.0,9.0,2.0,1.0,,,Closed Lost,Dennis Garcia,Data Engineer,IC,3.5,Nicole Chambers,COO,False,0.0,4,4.0,,False,False,1.2,0.8,-0.4,0.56,25.0,14.0,4.0,6.0,Checking in,5.0,2.6,6.0,1.0,3.0,Demo,2.0,4.0,87.0,2.0,,2.0,False,0.0,True,True,False,False,False,False,True,True,True,,False,,,False,1.0,53.0,12.0,,8.0,47.0,"Champion was IC level, couldn't drive the purchase alone.",Situation lose difficult ground bank trouble radio senior image financial term market.,8.0,Omitted,True,"May 09, 2026",True,Lost,No Decision / Stalled,Exec Vacuum
DL-1799,"Stanley, Farrell and Harrell",ACC-18007,"Boyle, Jones and Turner - Analytics Suite Pilot",Mid-Market,Insurance,APAC,David Park,REP-104,Liam Sutherland,Jaylen Ford,Analytics Suite,Pilot,Partner Referral,Starburst,,97800.0,97800.0,234200.0,0.23,True,<$50k,2024-12-27,2025-02-26,61.0,14.0,6.0,1.0,28.0,11.0,Closed Lost,Jose Andrews,BI Lead,Manager,10.8,Steven Bridges,Director of IT,True,2.0,2,2.0,False,True,True,0.6,1.3,0.7,0.6,15.0,9.0,8.0,10.0,Re: Follow up from our call,3.0,2.4,5.0,3.0,1.0,Executive QBR,2.0,5.0,88.0,-10.0,,3.0,True,2.0,True,False,True,False,True,True,True,,False,True,True,10.0,39.0,False,0.0,86.0,11.0,True,,21.0,They went with Databricks. Had deeper existing footprint.,Car option music popular strategy himself civil skill vote career training forget wide power area consumer.,,Pipeline,True,,,Lost,Chose Competitor,Competitor Displacement
DL-1923,Lee-Miller,ACC-12459,"Harris, Evans and Graham - Core Platform Pilot",SMB,Logistics,Southwest,Nina Petrov,REP-109,Jordan Blake,Grace Okonkwo,Core Platform,Pilot,Cold Email Sequence,Databricks,,10300.0,10300.0,28100.0,0.0,False,,"October 24, 2025","November 12, 2025",19.0,13.0,6.0,0.0,40.0,,Closed Lost,Courtney Pope,Data Engineer,IC,,Melissa Foley,VP Operations,False,0.0,8,6.0,True,,False,1.7,2.5,0.8,0.74,39.0,29.0,6.0,1.0,[External] Re: Tiger Data POC,13.0,0.8,4.0,3.0,4.0,POC Review,7.0,1.0,57.0,6.0,Contracting,2.0,True,2.0,True,True,True,False,False,False,,True,False,False,False,,93.0,False,0.0,85.0,25.0,False,8.0,,Lost — wrong timing. No additional detail.,Low budget politics fly impact raise boy pull life call tough whether speak travel degree class born interview.,,Omitted,True,,True,Lost,Price / Budget,Exec Vacuum
DL-1129,"The Johnson, Wagner and Martinez",ACC-50404,"Santos, Johnson and Mcdowell - Governance Module Pilot",Mid-Market,Energy,Midwest,Marcus Chen,REP-102,Liam Sutherland,Henry Vasquez,Governance Module,Pilot,Executive Referral,Collibra,Atlan,64800.0,64800.0,190900.0,0.21,,$150k–$500k,2025-07-17,2025-10-14,89.0,5.0,5.0,1.0,,,Closed Lost,,Analytics Engineer,IC,,Mary Valdez MD,VP Engineering,False,0.0,2,1.0,,True,False,0.6,3.0,2.4,0.54,41.0,22.0,2.0,10.0,,20.0,1.7,2.0,2.0,1.0,Discovery,2.0,2.0,92.0,-10.0,Expanding,5.0,True,4.0,True,True,False,True,True,False,False,True,True,True,True,12.0,45.0,False,2.0,66.0,7.0,,3.0,6.0,Lost — wrong timing. No additional detail.,Indicate herself natural listen check receive piece feeling product production.,6.0,Pipeline,True,2026-04-27,,Lost,No Decision / Stalled,Competitor Displacement
DL-1637,Braun-Gordon,ACC-85172,"Carr, Clay and Mcclure - Governance Module Pilot",Mid-Market,Healthcare,Southeast,Tyler Brooks,REP-108,Amara Osei,Frankie Hale,Governance Module,Pilot,Executive Referral,,None / Greenfield,,120800.0,346900.0,0.0,False,,10/22/2024,2025-01-24,94.0,14.0,6.0,0.0,,34.0,Closed Won,Anthony Washington,Director of Data,Director,0.6,Susan Black,Chief Data Officer,True,2.0,3,2.0,,True,True,1.1,1.8,0.7,0.88,,37.0,5.0,7.0,,3.0,2.7,12.0,,1.0,Demo,,0.0,90.0,,Stable,,True,4.0,,False,True,False,True,,,False,True,True,True,10.0,94.0,True,0.0,54.0,5.0,False,0.0,,"strong champion, got exec in early.. smooth close..",Read response drive carry information hope value under some health loss.,,Best Case,False,05/11/2026,True,Won,,
DL-1402,The Reyes Group,ACC-22882,"Long, Watson and Payne - Governance Module Annual",SMB,Retail,EMEA,Alex Morgan,REP-100,Benjamin Cross,Isla Berg,Governance Module,Annual,Partner Referral,dbt Labs,,17900.0,13800.0,13800.0,0.23,True,,03/13/2025,04/14/2025,32.0,20.0,6.0,1.0,25.0,30.0,Closed Lost,Danny Hester,Analytics Manager,Manager,10.1,David Wood,SVP Technology,True,4.0,7,6.0,True,False,True,2.4,1.7,-0.7,0.5,22.0,11.0,3.0,4.0,,16.0,1.9,9.0,3.0,3.0,Discovery,10.0,4.0,86.0,-10.0,,0.0,True,3.0,False,True,True,True,True,True,True,False,,True,True,8.0,,True,1.0,92.0,8.0,True,3.0,,lost — no decision / stalled.. no additional detail..,Board financial century picture base night debate walk order base idea study model style set arrive management in.,10.0,Pipeline,True,2026-05-20,False,Lost,Chose Competitor,
DL-1936,Simmons Group Inc,ACC-74633,Lopez-Vega - Core Platform Pilot,SMB,Insurance,APAC,Sophia Nguyen,REP-105,Hana Takeda,Danny Patel,Core Platform,Pilot,Cold Email Sequence,Starburst,,31600.0,29400.0,84100.0,0.07,,<$50k,2024-08-18,2024-09-28,41.0,9.0,3.0,0.0,,,Closed Lost,James Lang,Data Architect,IC,1.4,Jennifer Martinez,Director of IT,False,3.0,8,1.0,,False,False,1.2,6.58,5.38,0.6,10.0,6.0,0.0,10.0,Q4 pricing — URGENT,3.0,2.8,5.0,3.0,1.0,POC Review,26.0,0.0,20.0,-23.0,Expanding,1.0,False,0.0,False,True,False,False,False,False,True,False,,True,True,20.0,96.0,False,2.0,64.0,9.0,True,5.0,,Lost — champion left. No additional detail.,,7.0,,True,"May 11, 2026",True,Lost,Champion Left,Champion Collapse
DL-1801,Hernandez-Duran,ACC-72251,,Enterprise,Energy,APAC,Emily Rodriguez,REP-103,Amara Osei,Frankie Hale,Full Bundle,Annual,Executive Referral,Collibra,,369100.0,347000.0,347000.0,0.06,False,,"June 25, 2024",11/27/2024,155.0,18.0,2.0,0.0,34.0,,Closed Won,David Ayers,Data Architect,IC,5.8,Bryan Martin II,Head of Product,False,0.0,6,5.0,False,,False,0.6,0.8,0.2,0.55,33.0,18.0,4.0,0.0,Introduction: Cook <> Tiger Data,16.0,2.4,7.0,5.0,3.0,,12.0,1.0,89.0,9.0,Contracting,2.0,False,0.0,False,True,True,False,False,True,,True,False,True,False,,33.0,False,2.0,51.0,12.0,,3.0,60.0,"Strong champion, got exec in early. Smooth close.",Prevent lot peace sure best appear majority cultural college.,7.0,Pipeline,False,2026-04-29,True,Won,,
DL-1735,"Moore, Walker and Sheppard LLC",ACC-88714,Flores-Reynolds - Core Platform Monthly,SMB,Financial Services,Southeast,David Park,REP-104,Amara Osei,Elena Ruiz,Core Platform,Monthly,Executive Referral,Starburst,Atlan,20400.0,17100.0,46800.0,0.16,,$50k–$150k,2025-04-01,"May 08, 2025",37.0,19.0,6.0,0.0,11.0,11.0,Closed Won,Scott Jackson,Analytics Manager,Manager,5.8,Mrs. Monica Parks PhD,Head of Product,True,3.0,8,7.0,False,,,1.4,2.7,1.3,0.64,58.0,37.0,6.0,5.0,Q4 pricing — URGENT,12.0,1.9,7.0,4.0,3.0,Pricing,8.0,4.0,60.0,0.0,Stable,1.0,True,4.0,True,True,True,False,False,True,True,,False,,True,22.0,34.0,True,1.0,77.0,11.0,,3.0,,Close was delayed 2 weeks on legal but closed strong.,Grow forget these seven ability again nature heavy.,9.0,Omitted,False,05/04/2026,False,Won,,
DL-1949,"Pope Group, Inc.",ACC-59294,Ruiz Ltd - Full Bundle Multi-Year,Mid-Market,Technology,Northeast,Emily Rodriguez,REP-103,Amara Osei,Grace Okonkwo,Full Bundle,Multi-Year,LinkedIn Outbound,Monte Carlo,Collibra,59800.0,58000.0,169300.0,0.35,False,$150k–$500k,"October 12, 2025",30-Dec-2025,79.0,12.0,2.0,2.0,,,Closed Lost,Carol Rivera,Lead Data Engineer,IC,8.4,Eric Johnson,COO,False,0.0,7,6.0,False,,True,1.3,2.8,1.5,0.43,21.0,9.0,7.0,15.0,following up again...,19.0,1.5,6.0,1.0,4.0,Executive QBR,7.0,1.0,64.0,-9.0,Contracting,4.0,True,3.0,False,True,False,True,True,True,False,True,False,True,False,,64.0,True,2.0,93.0,10.0,False,6.0,61.0,Lost — missing feature. No additional detail.,Form woman radio drive food relationship make season sense themselves.,6.0,Commit,False,,False,Lost,Chose Competitor,Competitor Displacement
DL-1219,MILLER INC,ACC-45131,"Dennis, Dodson and Anderson - Full Bundle Pilot",Enterprise,Technology,EMEA,Emily Rodriguez,REP-103,Jordan Blake,Casey Wu,Full Bundle,Pilot,Cold Email Sequence,Collibra,Alation,663900.0,617400.0,1375800.0,0.07,False,$50k–$150k,2024-08-27,03/23/2025,208.0,6.0,6.0,0.0,,20.0,Closed Won,Matthew Davis,Head of Data Engineering,Manager,4.4,Eric Warner,COO,True,3.0,2,1.0,True,False,False,1.9,2.0,0.1,0.57,23.0,13.0,2.0,7.0,,20.0,0.8,3.0,2.0,2.0,Discovery,1.0,4.0,55.0,-8.0,Contracting,1.0,True,1.0,True,True,False,True,False,False,,True,True,True,False,,94.0,True,1.0,75.0,9.0,False,5.0,33.0,Close was delayed 2 weeks on legal but closed strong.,Section agency lawyer sign them if smile have less plant team audience throw four allow international especially watch.,10.0,Pipeline,True,18-May-2026,,Won,,
DL-1641,Arellano Ltd,ACC-29914,Kim-Warren - Core Platform Pilot,Enterprise,Manufacturing,West,Tyler Brooks,REP-108,Hana Takeda,Danny Patel,Core Platform,Pilot,Outbound SDR,Databricks,,465000.0,339400.0,982200.0,0.27,True,$150k–$500k,2024-01-17,06-Jun-2024,141.0,15.0,4.0,0.0,10.0,,Closed Lost,Dana Savage,Data Engineer,IC,,Joseph Sullivan,VP Engineering,False,0.0,5,5.0,True,True,True,2.2,2.8,0.6,0.27,30.0,8.0,0.0,5.0,[External] Re: Tiger Data POC,14.0,2.8,3.0,1.0,1.0,POC Review,11.0,3.0,73.0,5.0,Stable,0.0,True,2.0,True,,True,False,False,False,True,,False,True,False,,25.0,True,2.0,57.0,20.0,True,6.0,95.0,never got above teh data team.. budget decision was above champion's level..,Without itself seat language open despite response edge federal my crime field computer.,6.0,,False,"April 28, 2026",False,Lost,No Decision / Stalled,Exec Vacuum
DL-1951,"Wong, Smith and Carter, Inc.",ACC-87435,"Heath, Hernandez and Oneill - Governance Module Monthly",Enterprise,Energy,EMEA,James O'Brien,REP-106,Hana Takeda,Danny Patel,Governance Module,Monthly,Cold Email Sequence,Fivetran,,198300.0,146700.0,319800.0,0.26,True,$150k–$500k,08/20/2025,11-Dec-2025,113.0,13.0,4.0,0.0,10.0,,Closed Lost,Julia Warren,Chief Data Officer,C-Suite,,Amber Robinson,COO,False,0.0,5,3.0,True,False,True,2.3,2.2,-0.1,0.61,59.0,36.0,1.0,3.0,Re: Follow up from our call,7.0,1.2,9.0,2.0,3.0,Pricing,12.0,3.0,66.0,-8.0,Contracting,0.0,True,2.0,False,True,True,False,True,False,True,True,True,False,True,13.0,,True,2.0,68.0,15.0,False,2.0,80.0,lost — chose competitor.. no additional detail..,Increase appear create institution effect quite deep organization idea sit help school each bit.,9.0,Pipeline,True,,False,Lost,No Decision / Stalled,
DL-1783,Fischer-Powell LLC,ACC-33895,Richardson LLC - Full Bundle Monthly,SMB,Energy,Southeast,Rachel Kim,REP-107,Liam Sutherland,Elena Ruiz,Full Bundle,Monthly,Partner Referral,Databricks,Databricks,22300.0,18300.0,53700.0,0.18,,<$50k,2025-01-26,02/25/2025,30.0,5.0,6.0,0.0,,,Closed Lost,Anita Watson,Data Platform Lead,Manager,,Lisa Johnson,SVP Technology,False,1.0,6,1.0,False,True,True,2.0,8.68,6.68,0.9,20.0,18.0,8.0,4.0,Checking in,12.0,2.6,4.0,3.0,1.0,Technical Review,37.0,4.0,32.0,-35.0,Expanding,1.0,False,0.0,True,False,False,False,False,False,False,False,True,True,False,,79.0,,1.0,83.0,9.0,True,,28.0,Champion left the company. Couldn't rebuild the relationship in time.,Chance little receive officer body since final American lawyer.,10.0,Pipeline,False,,False,Lost,Champion Left,Champion Collapse
DL-1887,AustinPLC,ACC-51557,Scott LLC - Core Platform Multi-Year,Enterprise,Financial Services,Southwest,David Park,REP-104,Liam Sutherland,,Core Platform,Multi-Year,Cold Email Sequence,Atlan,,298300.0,232700.0,606800.0,0.22,False,<$50k,07/12/2025,2026-02-02,205.0,5.0,5.0,0.0,25.0,21.0,Closed Lost,Angel Johnston,Analytics Manager,Manager,3.0,Sean Douglas,CTO,True,4.0,2,1.0,,,,2.3,0.8,-1.5,0.42,12.0,5.0,7.0,5.0,[External] Re: Tiger Data POC,5.0,2.9,12.0,2.0,4.0,Technical Review,3.0,1.0,86.0,15.0,Expanding,2.0,False,0.0,True,,True,True,False,True,False,False,,,True,22.0,98.0,False,1.0,82.0,5.0,True,1.0,,lost — missing feature.. no additional detail..,,10.0,Omitted,True,24-Apr-2026,True,Lost,No Decision / Stalled,
DL-1956,"DOYLE, JONES AND FITZGERALD",ACC-43506,,Mid-Market,Manufacturing,Southeast,Emily Rodriguez,REP-103,Amara Osei,Grace Okonkwo,Core Platform,Annual,Executive Referral,Snowflake,Snowflake,114900.0,94200.0,94200.0,0.18,,,03-Dec-2025,01/20/2026,48.0,9.0,2.0,1.0,32.0,26.0,Closed Won,Jason Miller,Senior Data Engineer,IC,3.1,Linda Bradley,VP Operations,True,4.0,2,1.0,False,True,,1.9,2.4,0.5,0.74,46.0,34.0,8.0,10.0,[External] Re: Tiger Data POC,14.0,1.1,2.0,2.0,4.0,POC Review,9.0,3.0,84.0,4.0,,1.0,True,3.0,True,False,True,True,True,False,False,True,False,False,False,,,,0.0,67.0,15.0,True,,,Close was delayed 2 weeks on legal but closed strong.,,9.0,Pipeline,False,,,Won,,
DL-1624,Perez-Reed LLC,ACC-46272,"Blair, Delacruz and Patel - Core Platform Annual",SMB,Manufacturing,APAC,Sophia Nguyen,REP-105,Hana Takeda,Henry Vasquez,Core Platform,Annual,Executive Referral,Snowflake,Collibra,18600.0,15300.0,15300.0,0.18,True,,10/06/2024,12-Nov-2024,37.0,15.0,6.0,0.0,,,Closed Lost,Gregory Fuentes,Lead Data Engineer,IC,,,VP Operations,False,4.0,7,1.0,,,False,2.0,9.59,7.59,0.43,21.0,9.0,4.0,7.0,[External] Re: Tiger Data POC,13.0,2.0,6.0,5.0,3.0,Executive QBR,29.0,5.0,44.0,-34.0,Expanding,0.0,True,4.0,False,True,False,False,False,False,,,True,False,False,,,True,0.0,,4.0,,8.0,,lost — no decision / stalled.. no additional detail..,Finally but newspaper seem me these gun sell wear another put.,8.0,Omitted,False,04/24/2026,,Lost,Champion Left,Champion Collapse
DL-1872,Sanchez-Jones,ACC-60980,Savage-Martinez - Governance Module Monthly,Mid-Market,Insurance,EMEA,Marcus Chen,REP-102,Hana Takeda,,Governance Module,Monthly,Executive Referral,Atlan,,147000.0,147000.0,411200.0,0.0,False,$50k–$150k,05/07/2025,2025-07-02,56.0,6.0,6.0,0.0,,,Closed Lost,Paige Davis,Senior Data Engineer,IC,5.5,Donna Peters,Chief Data Officer,False,0.0,7,7.0,False,False,True,1.0,2.5,1.5,0.94,34.0,32.0,4.0,7.0,Re: Follow up from our call,5.0,1.7,4.0,3.0,3.0,Technical Review,9.0,3.0,94.0,-4.0,Stable,0.0,True,3.0,True,False,False,False,False,True,True,False,False,False,False,,,True,0.0,56.0,2.0,False,0.0,85.0,no exec sponsor.. deal died when q4 budgets froze..,Explain this can already be member new particular against develop general wonder nice report agent yet.,7.0,Pipeline,True,16-May-2026,False,Lost,Price / Budget,Exec Vacuum
DL-1922,Sandoval Ltd Inc,ACC-38376,Brown LLC - Analytics Suite Multi-Year,Mid-Market,Media,EMEA,Priya Shah,REP-101,Benjamin Cross,Danny Patel,Analytics Suite,Multi-Year,Executive Referral,None / Greenfield,,48500.0,34400.0,97500.0,0.29,True,$50k–$150k,04-Jan-2026,2026-02-24,51.0,9.0,6.0,0.0,33.0,31.0,Closed Won,Dana Evans,Analytics Engineer,IC,11.3,Michael Tran,VP Operations,True,4.0,4,3.0,False,True,,1.2,2.6,1.4,0.92,49.0,45.0,2.0,1.0,,13.0,2.3,6.0,1.0,1.0,Executive QBR,9.0,0.0,86.0,-6.0,Expanding,0.0,False,0.0,True,False,True,True,True,False,True,,,,False,,,False,0.0,70.0,23.0,True,2.0,,Multi-threaded well. Finance and Eng both bought in.,Blood effort likely short kid level paper ask responsibility fall agency expect.,9.0,Best Case,True,,True,Won,,
DL-1386,Farley-Randolph LLC,ACC-76500,Garrison-Hurley - Governance Module Multi-Year,Mid-Market,Technology,APAC,Sophia Nguyen,REP-105,Liam Sutherland,Isla Berg,Governance Module,Multi-Year,Partner Referral,Snowflake,,141600.0,99100.0,296900.0,0.3,True,<$50k,06/08/2024,24-Aug-2024,77.0,9.0,4.0,0.0,35.0,,Closed Lost,Kenneth Carroll,Analytics Engineer,IC,9.6,Carla James,CFO,False,0.0,6,6.0,True,,True,1.8,2.2,0.4,0.81,27.0,22.0,7.0,4.0,Re: Follow up from our call,16.0,0.6,7.0,3.0,3.0,Pricing,14.0,0.0,57.0,0.0,,2.0,False,0.0,False,False,True,False,True,True,True,False,False,True,True,12.0,52.0,False,2.0,62.0,22.0,True,0.0,,No exec sponsor. Deal died when Q4 budgets froze.,,10.0,,,30-Apr-2026,True,Lost,No Decision / Stalled,Exec Vacuum
DL-1252-DUP,"The Washington, Vasquez and Singleton",ACC-98727,Martinez Inc - Core Platform Monthly,SMB,Retail,Midwest,Emily Rodriguez,REP-103,Amara Osei,Danny Patel,Core Platform,Monthly,PLG Expansion,Alation,,24000.0,19400.0,40600.0,0.34,False,$150k–$500k,2024-04-02,04/28/2024,26.0,14.0,6.0,3.0,16.0,11.0,Closed Lost,Duane Conley,VP of Data,VP,5.1,Samantha Elliott,CTO,True,2.0,6,4.0,False,True,False,0.7,2.9,2.2,0.57,28.0,16.0,0.0,14.0,,15.0,2.7,7.0,3.0,3.0,Technical Review,7.0,3.0,69.0,4.0,Expanding,4.0,True,4.0,True,False,True,False,False,True,True,True,,True,False,,,True,2.0,88.0,18.0,,,73.0,lost — missing feature.. no additional detail..,Defense your above short Congress turn east marriage behind forget expect wonder business health upon black food ahead.,9.0,Pipeline,,09-May-2026,False,Lost,Chose Competitor,Competitor Displacement
DL-1509,Dixon-Hughes LLC,ACC-32656,"Lawrence, Castro and Fleming - Core Platform Monthly",SMB,Manufacturing,West,Tyler Brooks,REP-108,Jordan Blake,,Core Platform,Monthly,Inbound - Website,None / Greenfield,,19100.0,19100.0,55600.0,0.0,,,"January 20, 2026",2026-02-17,28.0,13.0,4.0,1.0,23.0,,Closed Lost,Rachel Taylor,Data Engineer,IC,6.8,Michael Hester,Chief Data Officer,False,0.0,6,6.0,False,True,False,0.6,1.6,1.0,0.66,41.0,27.0,1.0,4.0,Q4 pricing — URGENT,4.0,0.5,2.0,5.0,3.0,POC Review,13.0,0.0,62.0,-4.0,Stable,1.0,False,0.0,True,,True,True,True,False,True,True,False,False,True,11.0,,True,0.0,85.0,12.0,,1.0,69.0,No exec sponsor. Deal died when Q4 budgets froze.,Military place edge environmental even eye message fine town trade not give fill stay military in enough.,6.0,,True,"May 12, 2026",,Lost,No Decision / Stalled,Exec Vacuum
DL-1267,"Gray, Mclaughlin and Garcia LLC",ACC-21480,"Aguilar, Carson and Ward - Full Bundle Monthly",SMB,Insurance,EMEA,Nina Petrov,REP-109,Amara Osei,Elena Ruiz,Full Bundle,Monthly,Executive Referral,Alation,Collibra,34100.0,32400.0,80200.0,0.05,True,>$500k,2025-01-08,26-Jan-2025,18.0,11.0,2.0,1.0,,,Closed Won,Michael Poole,Data Platform Lead,Manager,,Antonio Beasley,COO,False,0.0,4,4.0,True,,,0.7,2.9,2.2,0.32,28.0,9.0,4.0,4.0,Checking in,4.0,0.9,3.0,5.0,4.0,,15.0,2.0,78.0,-6.0,Stable,0.0,True,3.0,False,True,False,False,True,True,True,True,,True,False,,,,1.0,,12.0,True,7.0,94.0,close was delayed 2 weeks on legal but closed strong..,,10.0,Commit,True,,False,Won,,
DL-1852,ANDERSON AND SONS,ACC-38788,Johnson-Esparza - Core Platform Pilot,Mid-Market,Education,Northeast,Alex Morgan,REP-100,Hana Takeda,Casey Wu,Core Platform,Pilot,Inbound - Website,Snowflake,,55900.0,45300.0,93100.0,0.19,True,$50k–$150k,05-Jul-2024,11-Sep-2024,68.0,13.0,4.0,1.0,25.0,20.0,Closed Won,William Anderson,Analytics Manager,Manager,9.2,Amber Gray,CTO,True,2.0,6,4.0,False,True,False,0.7,3.0,2.3,0.88,16.0,14.0,1.0,3.0,,9.0,0.5,5.0,5.0,1.0,POC Review,12.0,5.0,62.0,-5.0,Contracting,0.0,True,1.0,True,True,True,False,False,False,True,,False,False,True,22.0,,,1.0,54.0,22.0,False,,72.0,Close was delayed 2 weeks on legal but closed strong.,Believe professional pass another away serve eight fill.,7.0,Commit,False,,False,Won,,
DL-1441,WaltonLtd,ACC-96525,Meyers-Owens - Full Bundle Monthly,SMB,Education,Northeast,James O'Brien,REP-106,Liam Sutherland,Danny Patel,Full Bundle,Monthly,Outbound SDR,Atlan,,25000.0,21500.0,43400.0,0.14,True,,"January 14, 2026",11-Feb-2026,28.0,9.0,5.0,0.0,,,Closed Won,Wendy Hernandez,Chief Data Officer,C-Suite,6.4,,VP Operations,False,0.0,3,3.0,False,,,0.9,2.9,2.0,0.54,13.0,7.0,3.0,0.0,[External] Re: Tiger Data POC,14.0,2.6,6.0,3.0,1.0,POC Review,7.0,5.0,58.0,12.0,Contracting,2.0,False,0.0,True,True,False,True,False,True,True,True,False,True,False,,35.0,False,1.0,66.0,22.0,False,,89.0,"Competitive deal vs Atlan, but we had the better integration story.",,9.0,Pipeline,True,05/04/2026,False,Won,,
DL-1496,Johnson-Hart LLC,ACC-25918,Simon and Sons - Full Bundle Multi-Year,Enterprise,Media,Southeast,Rachel Kim,REP-107,Liam Sutherland,Elena Ruiz,Full Bundle,Multi-Year,PLG Expansion,None / Greenfield,,744400.0,737000.0,1504500.0,0.01,False,,04/05/2025,2025-07-28,114.0,8.0,5.0,1.0,,,Closed Lost,James Bennett,Senior Data Engineer,IC,12.0,Jeffrey Owens,COO,False,0.0,6,6.0,False,,False,1.5,2.2,0.7,0.98,53.0,52.0,0.0,9.0,fwd: technical review docs,18.0,0.5,9.0,5.0,4.0,Pricing,12.0,4.0,57.0,9.0,Contracting,1.0,False,0.0,True,False,False,True,False,True,False,False,True,False,False,,,False,0.0,62.0,12.0,True,,84.0,Lost — security / compliance failed. No additional detail.,Win officer analysis as show exactly example look soon agency evening.,10.0,Best Case,False,"May 01, 2026",,Lost,Chose Competitor,
DL-1112,"Elliott, Hart and Lopez Inc",ACC-37495,Weaver-Thompson - Core Platform Pilot,Mid-Market,Retail,EMEA,David Park,REP-104,Jordan Blake,,Core Platform,Pilot,Event / Conference,Collibra,,133000.0,105100.0,298600.0,0.21,False,>$500k,"December 17, 2024",20-Mar-2025,93.0,7.0,2.0,0.0,39.0,9.0,Closed Won,Anthony Guzman,Data Engineer,IC,9.9,John Rivera,Head of Product,True,1.0,7,5.0,False,,True,2.4,1.3,-1.1,0.98,60.0,59.0,6.0,6.0,Introduction: Bell <> Tiger Data,10.0,2.5,6.0,3.0,2.0,,14.0,2.0,60.0,-9.0,,2.0,True,2.0,True,False,True,True,True,False,True,,True,False,False,,,True,1.0,94.0,9.0,,5.0,94.0,multi-threaded well.. finance and eng both bought in..,Cut candidate response try such food against only true similar suffer team whether health walk how big few carry.,8.0,Omitted,True,2026-05-15,False,Won,,
DL-1691,lopez-morse,ACC-44092,Flores-Jackson - Governance Module Pilot,Mid-Market,Logistics,Southeast,Rachel Kim,REP-107,Benjamin Cross,Jaylen Ford,Governance Module,Pilot,Event / Conference,dbt Labs,,111400.0,94700.0,,0.15,False,<$50k,2024-10-07,2024-12-24,78.0,9.0,5.0,0.0,32.0,,Closed Lost,Latoya Smith,Data Engineer,IC,6.4,James Daniels,VP Engineering,False,0.0,7,6.0,,False,False,0.9,2.6,1.7,0.71,28.0,20.0,0.0,3.0,Q4 pricing — URGENT,7.0,1.8,3.0,5.0,3.0,Technical Review,2.0,3.0,83.0,14.0,Contracting,0.0,True,4.0,False,False,True,False,True,False,,False,False,,False,,24.0,False,2.0,91.0,18.0,,3.0,68.0,lost — no decision / stalled.. no additional detail..,Special card pressure of until character experience author under western.,7.0,Best Case,True,05-May-2026,False,Lost,No Decision / Stalled,Exec Vacuum
DL-1232,"brown, wilson and king",ACC-22983,Turner Inc - Core Platform Monthly,Enterprise,Insurance,Southwest,Emily Rodriguez,REP-103,Hana Takeda,Elena Ruiz,Core Platform,Monthly,Inbound - Website,Alation,Fivetran,664200.0,571200.0,,0.14,True,$50k–$150k,2024-07-07,2024-12-27,173.0,7.0,2.0,1.0,34.0,,Closed Lost,,Analytics Engineer,IC,1.4,Steven Lopez,COO,False,0.0,4,3.0,,False,,2.4,1.6,-0.8,0.63,30.0,19.0,1.0,10.0,Checking in,10.0,1.7,11.0,2.0,1.0,Executive QBR,9.0,4.0,80.0,12.0,Stable,2.0,True,1.0,True,,True,False,False,False,True,True,False,False,False,,,False,2.0,88.0,5.0,True,,33.0,Never got above the data team. Budget decision was above champion's level.,Ahead certainly second everyone often goal talk sit party measure attention standard shake more.,10.0,Omitted,False,"April 29, 2026",False,Lost,No Decision / Stalled,Exec Vacuum
DL-1904,hale-ramirez,ACC-87785,Stephens-Harding - Analytics Suite Multi-Year,Enterprise,Media,EMEA,Tyler Brooks,REP-108,Benjamin Cross,Grace Okonkwo,Analytics Suite,Multi-Year,Executive Referral,,None / Greenfield,415700.0,415700.0,,0.0,,,2023-11-15,2024-06-18,216.0,,5.0,1.0,37.0,,Closed Lost,,Analytics Engineer,IC,4.6,Amber Baker,Director of IT,False,0.0,7,,False,False,False,0.7,6.14,5.44,0.81,42.0,34.0,1.0,1.0,Introduction: Vaughan <> Tiger Data,10.0,1.8,10.0,2.0,2.0,POC Review,39.0,1.0,34.0,-26.0,,,True,2.0,True,,True,True,False,True,,False,,True,,21.0,95.0,,1.0,94.0,20.0,True,6.0,56.0,Lost — champion left. No additional detail.,Plan individual because show hour move poor mention specific cell case play.,7.0,Pipeline,True,"April 22, 2026",True,Lost,Champion Left,Champion Collapse
DL-1607,"Coleman-Collins, Inc.",ACC-96379,Sims-Johnson - Analytics Suite Annual,Mid-Market,Insurance,APAC,Emily Rodriguez,REP-103,Amara Osei,Frankie Hale,Analytics Suite,Annual,PLG Expansion,Snowflake,dbt Labs,83300.0,83300.0,83300.0,0.26,True,$50k–$150k,"September 23, 2024",06-Dec-2024,74.0,10.0,4.0,3.0,,9.0,Closed Lost,Bruce Griffin,Head of Data Engineering,Manager,3.1,Mr. Thomas Johnson,SVP Technology,True,2.0,8,7.0,,False,True,1.9,0.6,-1.3,0.48,27.0,13.0,8.0,17.0,following up again...,15.0,1.4,11.0,2.0,3.0,Pricing,13.0,0.0,89.0,6.0,Stable,3.0,True,3.0,True,False,False,False,False,True,True,True,False,True,False,,,False,0.0,78.0,14.0,False,,,Lost to Fivetran on connector breadth. They had 200+ native connectors.,One name walk attack resource serious teach piece especially able economic young assume.,6.0,Pipeline,,05/12/2026,,Lost,Chose Competitor,Competitor Displacement
DL-1671,"Clayton,WellsandDiaz",ACC-88075,Edwards LLC - Full Bundle Multi-Year,SMB,Healthcare,Northeast,Tyler Brooks,REP-108,Hana Takeda,Grace Okonkwo,Full Bundle,Multi-Year,Executive Referral,None / Greenfield,Fivetran,24700.0,22000.0,59300.0,0.11,False,$150k–$500k,2024-09-25,11/03/2024,39.0,3.0,4.0,0.0,40.0,,Closed Won,Amanda Flores,BI Lead,Manager,5.8,Rebecca Zuniga,CFO,False,0.0,7,6.0,False,True,,0.9,2.3,1.4,0.74,57.0,42.0,5.0,0.0,following up again...,14.0,1.5,9.0,2.0,2.0,Discovery,4.0,4.0,74.0,-5.0,Contracting,2.0,False,0.0,,True,True,False,True,True,False,True,False,True,True,24.0,,False,0.0,88.0,23.0,True,8.0,,Technical win — their data architect loved the architecture demo.,Happy into result author not truth garden into admit.,,,,15-May-2026,False,Won,,
DL-1373,"Yang, Simpson and Walker",ACC-12378,,SMB,Energy,Midwest,Nina Petrov,REP-109,Amara Osei,Danny Patel,Full Bundle,Monthly,Cold Email Sequence,dbt Labs,Atlan,9200.0,9200.0,22700.0,0.33,True,$50k–$150k,2025-07-26,2025-08-21,26.0,11.0,4.0,2.0,,,Closed Lost,Taylor Shaffer,Chief Data Officer,C-Suite,,,VP Engineering,False,0.0,6,6.0,True,,True,2.2,2.6,0.4,0.9,10.0,9.0,2.0,18.0,RE: RE: RE: Next steps??,15.0,1.5,12.0,3.0,1.0,Executive QBR,8.0,0.0,56.0,-7.0,,5.0,True,2.0,False,False,False,True,False,False,False,,,True,True,25.0,,,1.0,70.0,21.0,False,2.0,,lost — chose competitor.. no additional detail..,Page building best daughter listen strategy kitchen argue business identify work.,9.0,,False,05/14/2026,True,Lost,Chose Competitor,Competitor Displacement
DL-1140-DUP,"The Bush, Holland and Fischer LLC",ACC-84133,"Rodgers, Gonzalez and Hardy - Core Platform Multi-Year",Mid-Market,Retail,Midwest,Sophia Nguyen,REP-105,Jordan Blake,Isla Berg,Core Platform,Multi-Year,Partner Referral,Monte Carlo,,91700.0,83400.0,246300.0,0.09,True,$50k–$150k,25-Dec-2024,02/15/2025,52.0,4.0,5.0,0.0,10.0,9.0,Closed Won,Jerry Lucero,Data Engineer,IC,5.8,,CTO,True,1.0,6,5.0,,,False,0.9,0.8,-0.1,0.5,24.0,12.0,0.0,9.0,following up again...,7.0,2.1,6.0,3.0,1.0,Demo,3.0,4.0,57.0,1.0,Expanding,0.0,True,4.0,,,True,False,False,True,True,False,False,,True,14.0,34.0,True,2.0,78.0,6.0,False,1.0,40.0,"Competitive deal vs Monte Carlo, but we had the better integration story.",Help investment news candidate once effort form report choice child.,6.0,Omitted,True,2026-05-08,False,Won,,
DL-1877,"Medina, Cochran and Fox, Inc.",ACC-91486,Williams Inc - Full Bundle Monthly,SMB,Logistics,Southeast,David Park,REP-104,Hana Takeda,Danny Patel,Full Bundle,Monthly,Event / Conference,Snowflake,Monte Carlo,35000.0,33600.0,69700.0,0.04,True,<$50k,09/02/2024,2024-09-29,27.0,3.0,4.0,1.0,,,Closed Won,Brenda Graham,Director of Data,Director,10.7,Stephen Williamson,SVP Technology,False,0.0,4,3.0,False,,True,2.4,0.8,-1.6,0.91,44.0,40.0,7.0,7.0,[External] Re: Tiger Data POC,10.0,2.4,2.0,3.0,2.0,,4.0,5.0,80.0,7.0,Contracting,1.0,False,0.0,True,True,False,True,True,True,True,False,True,True,True,21.0,,True,2.0,60.0,7.0,False,3.0,12.0,Multi-threaded well. Finance and Eng both bought in.,Kind between far church catch capital few imagine must.,8.0,Pipeline,False,"April 27, 2026",True,Won,,
DL-1233,"Lee, Campbell and Winters, Inc.",ACC-44083,"Smith, Swanson and Glass - Analytics Suite Multi-Year",Enterprise,Insurance,Northeast,Tyler Brooks,REP-108,Benjamin Cross,Elena Ruiz,Analytics Suite,Multi-Year,Inbound - Website,None / Greenfield,,721200.0,721200.0,1885900.0,0.0,False,$150k–$500k,08/28/2025,"December 29, 2025",123.0,59.0,6.0,1.0,37.0,5.0,Closed Lost,Sarah Wells,Chief Data Officer,C-Suite,8.9,,CFO,True,2.0,8,7.0,,True,False,1.6,3.0,1.4,0.08,11.0,1.0,22.0,16.0,RE: RE: RE: Next steps??,10.0,0.7,5.0,0.0,3.0,Executive QBR,2.0,0.0,67.0,0.0,Stable,2.0,True,4.0,True,False,True,False,False,False,True,False,True,False,True,26.0,,False,0.0,86.0,24.0,,4.0,30.0,Prospect stopped engaging after the proposal. No explanation given.,,7.0,Best Case,False,,False,Lost,No Decision / Stalled,Ghost Stall
DL-1816,"Benson, Abbott and Solis LLC",ACC-19133,Weaver and Sons - Analytics Suite Multi-Year,Mid-Market,Healthcare,Southwest,David Park,REP-104,Hana Takeda,Grace Okonkwo,Analytics Suite,Multi-Year,Inbound - Website,Fivetran,,70300.0,70300.0,193000.0,0.0,True,$150k–$500k,"November 07, 2024","January 18, 2025",72.0,25.0,4.0,1.0,,31.0,Closed Lost,Renee Garcia,Lead Data Engineer,IC,,Alexander Ward,Head of Product,True,4.0,3,3.0,,False,False,1.0,1.7,0.7,0.14,51.0,7.0,30.0,13.0,Quick question on the proposal,19.0,1.8,10.0,0.0,3.0,Discovery,5.0,5.0,66.0,-2.0,Expanding,0.0,False,0.0,False,False,False,False,True,False,,False,False,False,True,22.0,61.0,False,1.0,81.0,3.0,True,3.0,,lost — no decision / stalled.. no additional detail..,Drop couple stage real page look skill card not team eye always than TV focus several spring.,,Pipeline,True,07-May-2026,True,Lost,No Decision / Stalled,Ghost Stall
DL-1676,"Hughes,NelsonandSimmons",ACC-59165,Mccarty Group - Core Platform Pilot,Mid-Market,Technology,EMEA,Emily Rodriguez,REP-103,Liam Sutherland,,Core Platform,Pilot,Partner Referral,Snowflake,,133100.0,122500.0,308900.0,0.08,True,$50k–$150k,06-Mar-2025,"June 11, 2025",97.0,35.0,3.0,1.0,12.0,,Closed Lost,Stephen Cunningham,Lead Data Engineer,IC,,Keith James,SVP Technology,False,0.0,3,1.0,True,,True,0.6,1.3,0.7,0.23,38.0,8.0,18.0,28.0,,20.0,2.1,7.0,0.0,3.0,POC Review,14.0,5.0,76.0,14.0,Expanding,0.0,False,0.0,False,True,True,False,True,True,,False,True,True,True,7.0,91.0,False,1.0,60.0,8.0,True,,,lost — chose competitor.. no additional detail..,Day reason order rest conference glass claim claim including deal feel would table pass.,10.0,Commit,False,2026-05-12,False,Lost,No Decision / Stalled,Ghost Stall
DL-1317,chase-lewis,ACC-13463,Guzman and Sons - Core Platform Multi-Year,Mid-Market,Manufacturing,West,Tyler Brooks,REP-108,Benjamin Cross,Danny Patel,Core Platform,Multi-Year,PLG Expansion,Atlan,,144800.0,144800.0,323800.0,0.0,,$150k–$500k,2024-03-09,"June 11, 2024",94.0,8.0,6.0,0.0,37.0,22.0,Closed Won,Destiny Daniel,Data Architect,IC,6.1,Joshua Green,VP Operations,True,4.0,3,3.0,False,False,False,1.1,2.4,1.3,0.46,24.0,11.0,7.0,4.0,Re: Follow up from our call,16.0,1.6,9.0,5.0,2.0,Technical Review,4.0,4.0,59.0,1.0,Contracting,0.0,True,3.0,False,True,True,True,False,False,False,False,,False,True,24.0,,False,1.0,,7.0,False,,,"Strong champion, got exec in early. Smooth close.",,7.0,Pipeline,False,2026-05-20,True,Won,,
DL-1648,Henry-Bennett,ACC-39308,,Enterprise,Logistics,Southwest,Emily Rodriguez,REP-103,,Frankie Hale,Analytics Suite,Annual,Event / Conference,Collibra,,167700.0,167700.0,,0.0,,>$500k,18-Sep-2025,"February 10, 2026",145.0,9.0,5.0,0.0,,,Closed Won,Mark Poole,Head of Data Engineering,Manager,5.8,Daniel Gray,VP Engineering,False,0.0,8,7.0,False,False,,0.6,2.6,2.0,0.62,53.0,33.0,3.0,0.0,,11.0,1.9,3.0,1.0,4.0,Demo,6.0,1.0,70.0,3.0,Stable,1.0,True,2.0,False,True,False,True,True,True,True,False,True,True,False,,50.0,False,1.0,89.0,13.0,True,5.0,,close was delayed 2 weeks on legal but closed strong..,Candidate hospital experience least effort old physical product of single despite determine.,6.0,Pipeline,False,27-Apr-2026,False,Won,,
DL-1410,"MCLAUGHLIN, COOK AND POWERS",ACC-98079,Hurst-Jackson - Core Platform Multi-Year,SMB,Technology,EMEA,David Park,REP-104,,Grace Okonkwo,Core Platform,Multi-Year,Inbound - Website,Snowflake,Databricks,19200.0,14000.0,33000.0,0.27,True,,17-Feb-2025,03/20/2025,31.0,19.0,3.0,0.0,,24.0,Closed Lost,Dr. Holly Smith,Analytics Engineer,IC,,Jennifer Contreras,Head of Product,True,2.0,6,6.0,False,False,True,2.3,1.0,-1.3,0.36,56.0,20.0,3.0,2.0,,13.0,1.3,5.0,3.0,4.0,Executive QBR,4.0,5.0,88.0,9.0,,2.0,False,0.0,False,True,False,False,False,False,,,,,True,8.0,78.0,True,0.0,64.0,21.0,False,,82.0,Lost — champion left. No additional detail.,,6.0,Commit,True,04/28/2026,False,Lost,Chose Competitor,
DL-1934,"Mendez, Weber and Brown Inc",ACC-53685,,Enterprise,Manufacturing,Midwest,Emily Rodriguez,REP-103,Hana Takeda,Jaylen Ford,Governance Module,Annual,PLG Expansion,Starburst,Databricks,193100.0,168000.0,168000.0,0.13,,$50k–$150k,10/16/2024,2025-02-02,109.0,13.0,3.0,1.0,44.0,,Closed Lost,Caleb Ramirez,Analytics Engineer,IC,11.2,,Head of Product,False,0.0,3,3.0,False,True,True,2.1,1.9,-0.2,0.59,34.0,20.0,4.0,0.0,Introduction: Kline <> Tiger Data,10.0,2.6,9.0,4.0,4.0,Technical Review,6.0,5.0,82.0,-6.0,Stable,1.0,True,1.0,False,,True,False,False,True,False,False,True,False,True,7.0,,True,2.0,,25.0,True,4.0,73.0,Lost — champion left. No additional detail.,Might believe people production yet through act baby deep song take tend finish technology.,10.0,Omitted,True,05/04/2026,,Lost,Price / Budget,Exec Vacuum
DL-1709,ARIAS INC,ACC-49641,"Maxwell, Young and Maxwell - Analytics Suite Monthly",Mid-Market,Technology,West,Marcus Chen,REP-102,Jordan Blake,Casey Wu,Analytics Suite,Monthly,Outbound SDR,dbt Labs,,89800.0,85300.0,189300.0,0.05,False,$50k–$150k,07/13/2024,2024-09-08,57.0,33.0,6.0,1.0,,,Closed Lost,Wayne Simpson,Data Engineer,IC,10.0,Devin Day,Head of Product,False,0.0,6,6.0,True,False,True,2.1,2.8,0.7,0.17,40.0,6.0,20.0,40.0,[External] Re: Tiger Data POC,15.0,2.4,6.0,0.0,2.0,Discovery,5.0,3.0,87.0,11.0,Contracting,2.0,False,0.0,True,True,False,True,True,True,False,True,True,False,True,25.0,88.0,True,0.0,81.0,23.0,True,1.0,7.0,Lost — chose competitor. No additional detail.,Pay new Republican fly foot Congress protect color success cause teacher big.,8.0,Commit,False,2026-05-09,,Lost,Missing Feature,Ghost Stall
DL-1358,"Clements, Moreno and Sanders, Inc.",ACC-37082,White LLC - Analytics Suite Pilot,Mid-Market,Energy,Southwest,David Park,REP-104,Amara Osei,,Analytics Suite,Pilot,Outbound SDR,Fivetran,Alation,65700.0,65700.0,170000.0,0.0,,>$500k,12-Dec-2024,16-Feb-2025,66.0,16.0,3.0,0.0,38.0,,Closed Lost,Cody Sanchez,Lead Data Engineer,IC,4.0,Jacob Thomas,SVP Technology,False,1.0,2,1.0,True,False,True,1.5,7.57,6.07,0.2,44.0,9.0,2.0,8.0,Re: Follow up from our call,20.0,2.0,8.0,1.0,1.0,,21.0,2.0,36.0,-35.0,Stable,0.0,True,3.0,,,True,True,False,True,True,False,False,True,False,,44.0,False,1.0,85.0,18.0,True,,88.0,Champion left the company. Couldn't rebuild the relationship in time.,Business five action forget let somebody together no history own money bill everyone part.,7.0,Commit,False,"May 16, 2026",False,Lost,Price / Budget,Champion Collapse
DL-1258,Wilson and Sons LLC,ACC-41855,"Park, Maynard and Ruiz - Full Bundle Monthly",Mid-Market,Financial Services,Southwest,Tyler Brooks,REP-108,Benjamin Cross,Elena Ruiz,Full Bundle,Monthly,LinkedIn Outbound,Fivetran,,118100.0,118100.0,247100.0,0.0,True,,13-Feb-2025,"May 06, 2025",82.0,44.0,2.0,1.0,12.0,7.0,Closed Lost,Lauren Harris,VP of Data,VP,8.7,Sandra Williams,CTO,True,3.0,8,8.0,False,True,False,0.9,2.2,1.3,0.19,16.0,3.0,23.0,20.0,Quick question on the proposal,9.0,1.4,4.0,0.0,2.0,Discovery,12.0,1.0,71.0,15.0,Expanding,1.0,True,2.0,False,True,True,True,True,True,True,False,True,True,False,,,True,1.0,87.0,21.0,,0.0,,Lost — missing feature. No additional detail.,Bill summer it indeed many official room yourself.,8.0,Commit,True,"May 09, 2026",False,Lost,No Decision / Stalled,Ghost Stall
DL-1744,HUBER PLC,ACC-18409,Henson-Ortiz - Governance Module Annual,Mid-Market,Education,Northeast,Emily Rodriguez,REP-103,Amara Osei,Elena Ruiz,Governance Module,Annual,Inbound - Website,Snowflake,,135100.0,135100.0,135100.0,0.0,,<$50k,03-Nov-2024,"January 10, 2025",68.0,17.0,3.0,1.0,,12.0,Closed Won,Kayla Richard,Director of Data,Director,9.1,Elaine Mcdonald,Head of Product,True,1.0,8,8.0,False,False,False,0.7,2.6,1.9,0.98,53.0,52.0,7.0,1.0,Q4 pricing — URGENT,6.0,1.2,10.0,5.0,2.0,,2.0,0.0,59.0,-9.0,Expanding,0.0,True,3.0,True,True,False,True,False,True,,False,False,False,False,,,,0.0,80.0,3.0,False,,92.0,Technical win — their data architect loved the architecture demo.,Production official police gun already window board member may.,10.0,Omitted,,22-Apr-2026,False,Won,,
DL-1627,Smith-Hodge Inc,ACC-29617,"French, Yang and Robertson - Full Bundle Multi-Year",Enterprise,Financial Services,West,Rachel Kim,REP-107,Hana Takeda,Grace Okonkwo,Full Bundle,Multi-Year,Inbound - Website,Snowflake,,733500.0,733500.0,1932600.0,0.0,True,$150k–$500k,07-Jul-2024,02/07/2025,215.0,19.0,5.0,0.0,14.0,,Closed Won,Jennifer Wells,Analytics Manager,Manager,2.4,Taylor Kirby,Chief Data Officer,False,0.0,4,3.0,False,True,False,1.5,2.4,0.9,0.16,51.0,8.0,2.0,4.0,Re: Follow up from our call,4.0,0.5,10.0,1.0,1.0,POC Review,13.0,2.0,55.0,12.0,Contracting,1.0,True,3.0,False,True,True,True,True,True,,False,False,True,False,,,False,0.0,74.0,19.0,False,8.0,80.0,Close was delayed 2 weeks on legal but closed strong.,Writer everything effort prove growth energy apply mother standard these read little people late.,,Commit,True,2026-05-15,False,Won,,
DL-1632,MOON-SMITH,ACC-42773,,SMB,Media,Southeast,Emily Rodriguez,REP-103,Liam Sutherland,Isla Berg,Governance Module,Pilot,Partner Referral,Databricks,,17300.0,16800.0,38000.0,0.03,False,,26-Jun-2024,08/01/2024,36.0,7.0,4.0,1.0,41.0,,Closed Lost,Jessica Jones,Chief Data Officer,C-Suite,11.2,,Director of IT,False,4.0,5,1.0,True,,True,1.0,6.98,5.98,0.85,26.0,22.0,8.0,0.0,Checking in,3.0,2.5,12.0,1.0,1.0,Discovery,29.0,3.0,34.0,-25.0,,0.0,True,2.0,True,False,True,True,True,False,True,True,False,,True,28.0,81.0,True,2.0,57.0,4.0,False,,10.0,Lost — champion left. No additional detail.,Instead begin actually positive trouble federal beautiful bed subject year different executive space must beyond.,7.0,Pipeline,True,03-May-2026,,Lost,Champion Left,Champion Collapse
DL-1282,"The Alvarez, Holt and Mcdonald",ACC-36333,"Rivera, Lane and Mccarty - Governance Module Monthly",Enterprise,Insurance,Southwest,David Park,REP-104,Jordan Blake,Jaylen Ford,Governance Module,Monthly,PLG Expansion,Collibra,,772500.0,772500.0,1878800.0,0.0,True,$50k–$150k,08/06/2024,"December 30, 2024",146.0,4.0,3.0,0.0,,,Closed Won,Jennifer Martin,Analytics Manager,Manager,11.6,,CTO,False,0.0,5,4.0,False,False,,1.4,0.9,-0.5,1.0,44.0,44.0,7.0,8.0,Re: Follow up from our call,17.0,2.1,7.0,2.0,4.0,,2.0,4.0,72.0,8.0,Stable,0.0,True,3.0,True,True,False,False,False,False,True,False,True,True,True,19.0,62.0,True,2.0,59.0,10.0,True,,,"Strong champion, got exec in early. Smooth close.",Turn police really level defense lose shoulder spring southern heavy hundred step.,10.0,Best Case,False,04/28/2026,False,Won,,
DL-1376,"Hart, Stevens and Trevino",ACC-86568,,SMB,Logistics,EMEA,Emily Rodriguez,REP-103,Jordan Blake,Casey Wu,Analytics Suite,Annual,LinkedIn Outbound,Atlan,dbt Labs,28200.0,28200.0,28200.0,0.0,False,$50k–$150k,26-Aug-2025,10/06/2025,41.0,8.0,3.0,1.0,,,Closed Lost,,Analytics Engineer,IC,11.5,Jamie Ruiz,CTO,False,0.0,4,2.0,,True,False,2.0,2.4,0.4,0.89,37.0,33.0,7.0,4.0,,4.0,1.9,12.0,4.0,3.0,,8.0,2.0,57.0,4.0,Stable,2.0,True,2.0,True,False,False,False,True,True,True,True,False,False,True,16.0,,True,1.0,56.0,11.0,True,0.0,,"Champion was IC level, couldn't drive the purchase alone.",,6.0,Omitted,,05/16/2026,,Lost,No Decision / Stalled,Exec Vacuum
DL-1384,Spence Ltd LLC,ACC-68851,Santos-Chavez - Core Platform Monthly,SMB,Retail,Northeast,Rachel Kim,REP-107,,,Core Platform,Monthly,Inbound - Website,Collibra,,20200.0,20200.0,55100.0,0.0,True,<$50k,04/25/2024,23-May-2024,28.0,12.0,4.0,0.0,,,Closed Won,Jonathan Johnson,Senior Data Engineer,IC,5.0,James Wilcox,VP Engineering,False,0.0,3,3.0,False,True,False,1.4,2.2,0.8,0.4,30.0,12.0,6.0,1.0,,12.0,2.8,10.0,2.0,2.0,POC Review,4.0,2.0,75.0,-10.0,Contracting,0.0,False,0.0,False,,False,True,True,True,False,True,False,True,False,,,True,1.0,60.0,11.0,,2.0,11.0,"Competitive deal vs Collibra, but we had the better integration story.",,,Omitted,True,,False,Won,,
DL-1224,LOPEZ-HART,ACC-70332,,Enterprise,Healthcare,Northeast,Rachel Kim,REP-107,,Danny Patel,Full Bundle,Pilot,Partner Referral,Starburst,Alation,656900.0,656900.0,1870200.0,0.0,,$50k–$150k,11/30/2023,2024-04-25,147.0,19.0,3.0,1.0,33.0,30.0,Closed Won,Jerry Cantrell,Head of Data Engineering,Manager,7.0,Barbara Johnson,VP Engineering,True,1.0,3,3.0,True,True,False,1.6,1.1,-0.5,1.0,28.0,28.0,0.0,6.0,Introduction: Alexander <> Tiger Data,13.0,1.7,10.0,2.0,2.0,Technical Review,4.0,1.0,70.0,12.0,Stable,2.0,True,2.0,True,False,True,False,True,False,,True,,True,False,,,False,1.0,88.0,6.0,True,4.0,38.0,"Strong champion, got exec in early. Smooth close.",Shoulder way until choose wife national medical positive far time wide senior yes project son rock two.,8.0,Best Case,True,2026-05-03,True,Won,,
DL-1994,"Myers, Best and Ford",ACC-60133,Wilson LLC - Governance Module Multi-Year,Enterprise,Retail,APAC,David Park,REP-104,Hana Takeda,Frankie Hale,Governance Module,Multi-Year,Event / Conference,Atlan,,158900.0,116000.0,,0.27,False,>$500k,"December 23, 2024",15-Jul-2025,204.0,5.0,5.0,1.0,,,Closed Lost,Andrea Wright,Data Engineer,IC,3.8,Monica Norman,VP Engineering,False,0.0,6,6.0,True,False,False,0.7,2.1,1.4,0.45,44.0,20.0,7.0,2.0,[External] Re: Tiger Data POC,16.0,2.9,7.0,1.0,2.0,Discovery,8.0,2.0,60.0,14.0,Expanding,1.0,False,0.0,False,,False,False,False,False,,False,False,False,False,,47.0,,1.0,,23.0,True,8.0,,Lost — chose competitor. No additional detail.,Weight husband about company interest same series nearly member happen everybody action ten up.,9.0,Pipeline,,"April 24, 2026",True,Lost,No Decision / Stalled,Exec Vacuum
DL-1847,Franklin-Johnson LLC,ACC-41884,"Morris, Kaufman and Paul - Full Bundle Pilot",,,Southeast,Sophia Nguyen,REP-105,,Elena Ruiz,Full Bundle,Pilot,Inbound - Website,None / Greenfield,,230300.0,228000.0,637200.0,0.01,False,>$500k,03/07/2024,"October 03, 2024",,7.0,,1.0,,,Closed Lost,,Director of Data,Director,8.8,Timothy Schmitt,Director of IT,False,4.0,3,1.0,,False,,0.5,6.28,5.78,0.19,27.0,5.0,2.0,7.0,following up again...,,0.7,11.0,2.0,2.0,Demo,26.0,5.0,,-21.0,,1.0,True,2.0,False,True,False,True,False,False,False,,False,False,False,,,,1.0,,7.0,True,,64.0,Lost — chose competitor. No additional detail.,Understand eight near loss Congress treat director a light drop do education guess.,,Pipeline,,05/03/2026,True,Lost,Champion Left,Champion Collapse
DL-1472,Mack-Wilson LLC,ACC-37550,Gill Inc - Analytics Suite Multi-Year,Mid-Market,Energy,West,Sophia Nguyen,REP-105,Jordan Blake,,Analytics Suite,Multi-Year,Partner Referral,Collibra,,38000.0,36100.0,79400.0,0.05,False,$50k–$150k,19-Mar-2025,"June 28, 2025",101.0,13.0,3.0,0.0,,25.0,Closed Won,Angela Banks,Analytics Engineer,IC,11.1,Teresa Newman,Director of IT,True,2.0,2,2.0,False,False,True,1.8,2.1,0.3,0.83,24.0,20.0,4.0,8.0,Checking in,6.0,1.7,2.0,3.0,4.0,POC Review,4.0,2.0,66.0,15.0,Stable,0.0,True,3.0,True,False,False,True,True,False,True,False,True,True,True,12.0,89.0,,2.0,67.0,3.0,False,3.0,23.0,Fast cycle. Champion had budget approved before we even started.,Rate hit travel down make economic woman PM look together lawyer these difference.,7.0,,False,05/04/2026,False,Won,,
DL-1347,Nelson-Reid Inc,ACC-30890,Thomas LLC - Analytics Suite Annual,SMB,Education,APAC,Tyler Brooks,REP-108,Amara Osei,Isla Berg,Analytics Suite,Annual,PLG Expansion,Collibra,None / Greenfield,27200.0,22600.0,22600.0,0.17,True,,22-Sep-2024,2024-10-22,30.0,3.0,6.0,0.0,24.0,8.0,Closed Won,Edwin Joseph,Chief Data Officer,C-Suite,,Kelly Caldwell,SVP Technology,True,2.0,5,4.0,True,False,False,0.8,2.4,1.6,0.6,53.0,32.0,8.0,6.0,Introduction: Blake <> Tiger Data,20.0,2.4,4.0,4.0,3.0,Pricing,10.0,0.0,83.0,-8.0,Expanding,1.0,False,0.0,True,True,True,False,False,False,False,,False,False,True,15.0,,,1.0,59.0,4.0,False,,12.0,Multi-threaded well. Finance and Eng both bought in.,,7.0,Pipeline,False,2026-05-20,True,Won,,
DL-1505,Johnson-Graham,ACC-69350,"Henderson, Brown and Baker - Core Platform Pilot",SMB,Logistics,West,Priya Shah,REP-101,Jordan Blake,Isla Berg,Core Platform,Pilot,PLG Expansion,Starburst,,19700.0,19700.0,43200.0,0.0,True,$150k–$500k,"December 06, 2024",01/06/2025,31.0,12.0,2.0,0.0,,,Closed Lost,Heather Morales,Director of Data,Director,9.5,Susan Hutchinson,Director of IT,False,0.0,6,1.0,,True,False,1.4,8.32,6.92,1.0,22.0,22.0,6.0,1.0,fwd: technical review docs,3.0,1.9,7.0,2.0,3.0,Discovery,33.0,4.0,26.0,-20.0,Stable,2.0,True,2.0,True,True,False,False,True,False,False,,True,False,True,7.0,,False,1.0,55.0,19.0,True,,72.0,lost — no decision / stalled.. no additional detail..,,10.0,Pipeline,False,2026-05-19,,Lost,Price / Budget,Champion Collapse
DL-1639,GonzalezInc,ACC-50902,Jones-Jordan - Core Platform Multi-Year,SMB,Energy,Southeast,Tyler Brooks,REP-108,Benjamin Cross,,Core Platform,Multi-Year,PLG Expansion,Databricks,Snowflake,11100.0,11100.0,22500.0,0.25,False,<$50k,2024-07-07,"August 05, 2024",29.0,18.0,6.0,2.0,42.0,,Closed Lost,Adrian Krueger,Senior Data Engineer,IC,7.4,Michael Travis,Director of IT,False,0.0,4,4.0,False,False,,2.2,1.6,-0.6,0.78,18.0,14.0,6.0,18.0,RE: RE: RE: Next steps??,12.0,0.9,7.0,3.0,3.0,Discovery,13.0,4.0,85.0,8.0,Expanding,5.0,True,1.0,True,True,True,False,True,True,False,True,True,False,True,20.0,89.0,True,0.0,92.0,6.0,False,3.0,,They went with Databricks. Had deeper existing footprint.,,6.0,Commit,False,"April 26, 2026",False,Lost,No Decision / Stalled,Competitor Displacement
DL-1111-DUP,MORENO-WANG Inc,ACC-17458,Dickson Inc - Governance Module Monthly,Mid-Market,Healthcare,Northeast,David Park,REP-104,Hana Takeda,Jaylen Ford,Governance Module,Monthly,PLG Expansion,Alation,Monte Carlo,98000.0,76400.0,161800.0,0.25,False,>$500k,"January 30, 2025","April 22, 2025",82.0,19.0,5.0,3.0,,,Closed Lost,David Ferguson,Analytics Manager,Manager,3.8,Nancy Gallagher,VP Operations,False,0.0,8,6.0,True,False,,1.6,2.2,0.6,0.21,24.0,5.0,4.0,18.0,,10.0,2.5,8.0,4.0,3.0,,10.0,4.0,80.0,-9.0,Stable,3.0,True,1.0,True,True,False,False,True,True,,False,False,,False,,,True,0.0,64.0,9.0,True,0.0,24.0,They went with Databricks. Had deeper existing footprint.,Offer work home very yard community door fish scene grow option region.,7.0,Omitted,False,2026-05-08,,Lost,Chose Competitor,Competitor Displacement
DL-1797,"Galloway, Kerr and Gould LLC",ACC-64807,"Nicholson, Chapman and Mclaughlin - Core Platform Multi-Year",Mid-Market,Energy,West,Nina Petrov,REP-109,Hana Takeda,Grace Okonkwo,Core Platform,Multi-Year,Partner Referral,Starburst,,62500.0,60000.0,121900.0,0.35,False,<$50k,21-Dec-2025,03/14/2026,83.0,6.0,2.0,1.0,25.0,,Closed Lost,Morgan Wright,Data Platform Lead,Manager,,Juan Woods,VP Operations,False,0.0,3,1.0,False,True,False,2.0,1.8,-0.2,0.73,22.0,16.0,3.0,13.0,,12.0,2.1,10.0,4.0,2.0,Discovery,8.0,1.0,90.0,-9.0,Stable,6.0,True,4.0,False,True,True,True,False,True,False,False,True,,False,,,False,0.0,73.0,13.0,False,7.0,81.0,They went with Databricks. Had deeper existing footprint.,,10.0,,True,05/15/2026,True,Lost,No Decision / Stalled,Competitor Displacement
DL-1967,GILBERT-MOSS,ACC-88076,Trujillo-Hawkins - Full Bundle Multi-Year,Mid-Market,Logistics,West,James O'Brien,REP-106,Benjamin Cross,Jaylen Ford,Full Bundle,Multi-Year,Inbound - Website,None / Greenfield,Collibra,102600.0,102600.0,274700.0,0.23,,,08/06/2025,"September 26, 2025",51.0,5.0,3.0,2.0,,,Closed Lost,Brianna Bailey,Analytics Engineer,IC,11.9,Cody Love,Chief Data Officer,False,0.0,4,4.0,True,True,True,2.4,1.6,-0.8,0.55,33.0,18.0,6.0,17.0,RE: RE: RE: Next steps??,13.0,1.7,5.0,1.0,2.0,,1.0,0.0,63.0,-3.0,Contracting,5.0,True,2.0,False,True,False,True,True,False,False,,,False,False,,,False,1.0,90.0,20.0,,8.0,,lost — security / compliance failed.. no additional detail..,,7.0,Commit,True,"May 06, 2026",,Lost,No Decision / Stalled,Competitor Displacement
DL-1941,"perez, pacheco and jenkins",ACC-62370,,Mid-Market,Energy,APAC,Nina Petrov,REP-109,Liam Sutherland,Henry Vasquez,Core Platform,Pilot,Outbound SDR,None / Greenfield,,79200.0,79200.0,180100.0,0.0,False,>$500k,2025-02-13,05/07/2025,83.0,16.0,6.0,0.0,34.0,,Closed Lost,Eric Smith,Data Architect,IC,9.1,Ariel Gibbs,CTO,False,3.0,8,1.0,,True,True,1.5,8.36,6.86,0.23,43.0,10.0,8.0,2.0,following up again...,3.0,3.0,2.0,2.0,4.0,Pricing,24.0,5.0,28.0,-30.0,Contracting,2.0,True,1.0,True,False,True,True,True,True,False,True,True,False,True,14.0,37.0,True,1.0,93.0,6.0,False,7.0,26.0,Lost — chose competitor. No additional detail.,,8.0,Omitted,False,05-May-2026,,Lost,Champion Left,Champion Collapse
DL-1619,"Bell Inc, Inc.",ACC-47194,Miller-Vega - Analytics Suite Monthly,Enterprise,Financial Services,Southeast,Sophia Nguyen,REP-105,Hana Takeda,Frankie Hale,Analytics Suite,Monthly,Inbound - Website,Snowflake,,404500.0,396400.0,1029400.0,0.02,True,,"January 03, 2025",22-May-2025,139.0,9.0,4.0,0.0,14.0,16.0,Closed Won,Ronnie Medina,VP of Data,VP,,Rhonda Clark,CTO,True,5.0,6,6.0,False,False,,1.3,0.9,-0.4,0.64,44.0,28.0,4.0,10.0,,6.0,2.9,12.0,1.0,4.0,Executive QBR,13.0,4.0,59.0,-2.0,Contracting,1.0,True,1.0,True,True,True,False,False,False,True,,True,True,False,,49.0,False,2.0,85.0,12.0,True,3.0,54.0,Close was delayed 2 weeks on legal but closed strong.,Eat wish positive beyond often foreign outside her account agent prevent occur southern federal.,8.0,Omitted,True,,,Won,,
DL-1890,Haney and Sons LLC,ACC-43958,,Enterprise,Education,Midwest,Nina Petrov,REP-109,Hana Takeda,Grace Okonkwo,Governance Module,Pilot,Executive Referral,Fivetran,Alation,515400.0,427800.0,1094400.0,0.17,False,$150k–$500k,"November 21, 2025",03/21/2026,120.0,11.0,6.0,1.0,,,Closed Lost,Travis Hicks,Analytics Engineer,IC,,Melissa Jacobs,VP Operations,False,0.0,3,2.0,True,True,False,0.7,1.1,0.4,0.75,32.0,24.0,4.0,2.0,,14.0,2.7,4.0,4.0,3.0,,5.0,4.0,70.0,-3.0,Contracting,2.0,False,0.0,True,,False,True,True,True,,False,True,True,False,,84.0,True,1.0,85.0,15.0,False,,,Lost — price / budget. No additional detail.,Rich point recently high system policy education true three theory outside agency world true evidence resource appear.,6.0,Commit,False,,True,Lost,No Decision / Stalled,Exec Vacuum
DL-1835,CameronLtd,ACC-93604,Ford Inc - Governance Module Monthly,SMB,Retail,Northeast,Rachel Kim,REP-107,Liam Sutherland,Danny Patel,Governance Module,Monthly,LinkedIn Outbound,None / Greenfield,,13300.0,9800.0,,0.26,True,<$50k,04/22/2025,28-May-2025,36.0,4.0,2.0,1.0,18.0,23.0,Closed Lost,Austin Snyder,Data Platform Lead,Manager,1.4,Kevin Wood,Head of Product,True,4.0,2,1.0,False,,,2.0,2.3,0.3,0.65,43.0,28.0,2.0,8.0,fwd: technical review docs,17.0,0.6,4.0,4.0,3.0,Demo,7.0,5.0,67.0,-1.0,Expanding,0.0,True,2.0,True,False,True,False,True,True,,,True,False,False,,20.0,False,0.0,52.0,11.0,False,5.0,67.0,Lost — no decision / stalled. No additional detail.,,8.0,Pipeline,False,,True,Lost,Price / Budget,
DL-1645,Alexander-Zamora Inc,ACC-62113,Johnson-Campbell - Analytics Suite Multi-Year,Mid-Market,Healthcare,Southwest,Priya Shah,REP-101,,Danny Patel,Analytics Suite,Multi-Year,Inbound - Website,Databricks,Alation,120300.0,109500.0,309500.0,0.09,True,,2024-12-11,02/16/2025,67.0,14.0,6.0,0.0,25.0,12.0,Closed Won,Katherine Hubbard,VP of Data,VP,6.7,Sarah Ford,VP Engineering,True,1.0,7,6.0,True,False,False,0.7,2.5,1.8,0.69,35.0,24.0,3.0,7.0,,7.0,2.7,6.0,5.0,1.0,Discovery,10.0,1.0,77.0,13.0,Stable,1.0,True,2.0,True,False,True,True,False,False,,False,,True,True,7.0,,True,2.0,56.0,25.0,True,2.0,76.0,Multi-threaded well. Finance and Eng both bought in.,Anyone government sea purpose popular tree project stop answer work explain quality democratic fight return data today budget.,8.0,Pipeline,False,2026-05-12,True,Won,,
DL-1881,Mora Ltd Inc,ACC-49301,Dickson-Patterson - Analytics Suite Monthly,SMB,Manufacturing,Northeast,James O'Brien,REP-106,Liam Sutherland,Casey Wu,Analytics Suite,Monthly,Cold Email Sequence,Collibra,None / Greenfield,29300.0,29300.0,76700.0,0.0,False,$150k–$500k,23-Aug-2024,16-Sep-2024,24.0,12.0,4.0,0.0,,22.0,Closed Won,Jeffrey Brown,Analytics Manager,Manager,7.5,John Kemp,Director of IT,True,2.0,8,7.0,False,False,False,1.1,2.8,1.7,0.16,45.0,7.0,6.0,0.0,Introduction: Mendez <> Tiger Data,9.0,2.4,11.0,2.0,2.0,Discovery,12.0,3.0,56.0,7.0,Expanding,0.0,False,0.0,False,True,False,True,True,True,,True,,True,False,,65.0,True,1.0,68.0,21.0,True,3.0,,Technical win — their data architect loved the architecture demo.,At ago offer network start possible live area product something person choose early push hospital.,6.0,Best Case,False,17-May-2026,False,Won,,
DL-1556,"Black,MorenoandSullivan",ACC-10900,"Martinez, Gutierrez and Salinas - Governance Module Annual",Mid-Market,Healthcare,APAC,David Park,REP-104,Jordan Blake,Elena Ruiz,Governance Module,Annual,LinkedIn Outbound,Alation,,141400.0,135700.0,135700.0,0.04,True,$50k–$150k,"September 05, 2025","November 13, 2025",69.0,20.0,3.0,0.0,,,Closed Won,Wanda Wood,Chief Data Officer,C-Suite,9.7,Eric Jackson,Director of IT,False,0.0,5,5.0,False,True,False,2.0,1.8,-0.2,0.9,39.0,35.0,1.0,0.0,RE: RE: RE: Next steps??,19.0,1.2,3.0,3.0,2.0,Pricing,8.0,0.0,77.0,9.0,Stable,2.0,True,2.0,False,False,False,True,True,False,,True,,,True,8.0,82.0,False,1.0,82.0,10.0,False,0.0,,"strong champion, got exec in early.. smooth close..",Heart among research person apply debate improve task next peace skill admit person player voice under continue ask.,10.0,,True,2026-05-04,,Won,,
DL-1999,BRUCE-MARTIN,ACC-55809,Gibson PLC - Governance Module Monthly,Mid-Market,Energy,APAC,David Park,REP-104,Amara Osei,Jaylen Ford,Governance Module,Monthly,Event / Conference,Fivetran,,44800.0,44800.0,110600.0,0.0,False,<$50k,08/04/2024,2024-09-25,52.0,9.0,4.0,1.0,32.0,,Closed Won,Heather Riley,Chief Data Officer,C-Suite,11.7,Rebekah Gutierrez,VP Operations,False,0.0,8,7.0,True,False,False,0.6,1.6,1.0,0.6,30.0,18.0,1.0,5.0,RE: RE: RE: Next steps??,7.0,1.1,4.0,4.0,1.0,POC Review,15.0,3.0,57.0,9.0,Expanding,1.0,True,3.0,False,,True,False,False,False,True,False,,True,True,15.0,,False,0.0,65.0,3.0,False,,17.0,Multi-threaded well. Finance and Eng both bought in.,Black anything well office hot thing gun purpose go game.,8.0,Commit,False,10-May-2026,False,Won,,
DL-1577,"Mcdaniel, Kim and Chang",ACC-70140,,SMB,Healthcare,Northeast,Sophia Nguyen,REP-105,,Danny Patel,Full Bundle,Pilot,Event / Conference,Alation,,23600.0,23600.0,,0.0,,,04/16/2025,"May 10, 2025",24.0,8.0,2.0,1.0,,,Closed Lost,Brian Robertson,Analytics Engineer,IC,0.8,Whitney Ortiz,COO,False,0.0,8,7.0,True,,,0.7,1.7,1.0,0.33,39.0,13.0,8.0,9.0,Quick question on the proposal,8.0,1.9,2.0,5.0,2.0,Pricing,8.0,4.0,64.0,-10.0,Stable,2.0,False,0.0,False,False,False,False,False,False,True,False,,True,False,,45.0,False,1.0,,11.0,,,,lost — wrong timing.. no additional detail..,Director seek where age size open rest investment race yes law record I visit.,9.0,,False,05/09/2026,False,Lost,Champion Left,
DL-1795,MAXWELL-RAMIREZ,ACC-73989,Arellano Group - Core Platform Multi-Year,Mid-Market,Financial Services,Northeast,Tyler Brooks,REP-108,Hana Takeda,,Core Platform,Multi-Year,Executive Referral,Monte Carlo,,72900.0,72900.0,153200.0,0.28,True,<$50k,2025-06-14,"September 03, 2025",81.0,7.0,3.0,1.0,,6.0,Closed Lost,Denise Wiley,Director of Data,Director,,Bridget Bell,COO,True,1.0,3,2.0,False,False,False,1.4,1.2,-0.2,0.6,10.0,6.0,0.0,12.0,,8.0,1.0,8.0,1.0,2.0,Pricing,3.0,0.0,91.0,7.0,Contracting,6.0,True,4.0,True,,False,True,False,True,False,,,False,False,,,True,0.0,67.0,9.0,True,0.0,100.0,Lost — price / budget. No additional detail.,Later marriage military everybody Republican in yourself whether discuss although idea less simple wife imagine one can ok.,10.0,Commit,True,05/20/2026,False,Lost,Chose Competitor,Competitor Displacement
DL-1085,Walters Group,ACC-62190,Perez-Tran - Full Bundle Annual,Mid-Market,Media,West,Emily Rodriguez,REP-103,Amara Osei,,Full Bundle,Annual,Partner Referral,Fivetran,,70400.0,70400.0,70400.0,0.0,True,$150k–$500k,"September 25, 2024",2024-12-30,96.0,15.0,3.0,1.0,,31.0,Closed Lost,Cody Willis,Lead Data Engineer,IC,,Raymond Phillips,SVP Technology,True,4.0,7,5.0,True,True,True,0.7,1.1,0.4,0.75,16.0,12.0,0.0,5.0,Q4 pricing — URGENT,14.0,1.7,10.0,4.0,2.0,Pricing,14.0,0.0,61.0,2.0,Expanding,0.0,False,0.0,False,True,False,True,False,False,False,True,False,True,True,12.0,77.0,False,2.0,54.0,23.0,,2.0,68.0,Lost — chose competitor. No additional detail.,Require bank child Republican plant science first blood accept final growth especially.,10.0,Commit,False,,False,Lost,Chose Competitor,
DL-1242,The Sanchez LLC,ACC-19079,Washington-Esparza - Analytics Suite Annual,Mid-Market,Energy,APAC,Rachel Kim,REP-107,Jordan Blake,Elena Ruiz,Analytics Suite,Annual,Executive Referral,Databricks,None / Greenfield,105000.0,91400.0,91400.0,0.13,False,<$50k,"March 18, 2025",05/25/2025,68.0,13.0,4.0,0.0,41.0,,Closed Won,Taylor Harris,BI Lead,Manager,4.3,Allen Clarke,SVP Technology,False,0.0,5,5.0,True,True,,0.8,1.1,0.3,0.6,15.0,9.0,4.0,8.0,Q4 pricing — URGENT,8.0,2.2,8.0,1.0,4.0,Technical Review,8.0,4.0,77.0,15.0,Stable,0.0,True,4.0,True,False,True,False,False,False,True,False,,True,False,,50.0,True,1.0,89.0,19.0,,6.0,32.0,"Competitive deal vs Databricks, but we had the better integration story.",Probably compare system white magazine after teacher base own test too imagine guy.,10.0,Best Case,True,"April 26, 2026",False,Won,,
DL-1698,MACIAS PLC,ACC-98410,"Orozco, Nunez and Andrade - Analytics Suite Annual",Mid-Market,Financial Services,Southeast,James O'Brien,REP-106,Hana Takeda,,Analytics Suite,Annual,Partner Referral,Starburst,,105900.0,82600.0,82600.0,0.22,False,,"May 27, 2024","August 13, 2024",78.0,44.0,3.0,0.0,18.0,7.0,Closed Lost,Robert Russell,Data Architect,IC,4.0,Kathy Reid,SVP Technology,True,1.0,3,3.0,True,False,False,2.1,3.0,0.9,0.17,49.0,8.0,12.0,20.0,fwd: technical review docs,14.0,2.0,10.0,0.0,4.0,,8.0,0.0,62.0,8.0,Contracting,1.0,True,2.0,False,True,True,False,True,True,True,False,,False,True,27.0,20.0,False,2.0,79.0,6.0,,,29.0,Prospect stopped engaging after the proposal. No explanation given.,White tree seek should computer lawyer easy need whole board win couple professional social cut difficult participant between music.,7.0,Best Case,True,04/25/2026,False,Lost,Missing Feature,Ghost Stall
DL-1909,The Sellers LLC,ACC-81338,Mejia Inc - Full Bundle Monthly,Enterprise,Media,Southeast,Emily Rodriguez,REP-103,Hana Takeda,Frankie Hale,Full Bundle,Monthly,Partner Referral,Monte Carlo,,761100.0,753500.0,1971300.0,0.01,False,$50k–$150k,04/17/2025,09-Nov-2025,206.0,41.0,2.0,0.0,,31.0,Closed Lost,Phyllis Rivera,Data Architect,IC,,,Head of Product,True,4.0,7,5.0,True,False,True,1.4,1.6,0.2,0.21,16.0,3.0,14.0,39.0,RE: RE: RE: Next steps??,20.0,1.0,11.0,0.0,3.0,Demo,10.0,2.0,60.0,2.0,Stable,1.0,False,0.0,False,True,False,False,True,True,True,True,False,True,True,19.0,67.0,False,2.0,90.0,20.0,,3.0,70.0,lost — security / compliance failed.. no additional detail..,Opportunity we good how soon move kid possible success final.,9.0,Pipeline,True,,True,Lost,Missing Feature,Ghost Stall
DL-1159,"Conrad, Lee and Mclaughlin Inc",ACC-46612,Moss LLC - Core Platform Annual,Enterprise,Retail,Northeast,Emily Rodriguez,REP-103,Jordan Blake,Danny Patel,Core Platform,Annual,LinkedIn Outbound,Fivetran,Collibra,618900.0,618900.0,618900.0,0.0,False,>$500k,09/07/2024,"January 27, 2025",142.0,9.0,2.0,1.0,39.0,11.0,Closed Won,Dale Wright,Director of Data,Director,11.8,Brittney Rodriguez,Head of Product,True,5.0,2,1.0,False,,,2.4,2.0,-0.4,0.49,41.0,20.0,5.0,7.0,Re: Follow up from our call,6.0,0.6,4.0,3.0,1.0,,8.0,2.0,67.0,14.0,Expanding,0.0,False,0.0,False,True,True,True,True,True,True,False,False,False,False,,68.0,True,1.0,82.0,4.0,False,5.0,28.0,technical win — their data architect loved teh architecture demo..,Put professional pass share must amount lot per manage.,9.0,Commit,False,04/22/2026,False,Won,,
DL-1524,Jefferson-Sosa Inc,ACC-37394,Ray-Kelley - Analytics Suite Monthly,SMB,Healthcare,Southeast,David Park,REP-104,Hana Takeda,,Analytics Suite,Monthly,Inbound - Website,None / Greenfield,,14300.0,14300.0,41800.0,0.0,False,$50k–$150k,"May 30, 2025",20-Jun-2025,21.0,56.0,6.0,1.0,10.0,27.0,Closed Lost,Natalie Welch,Lead Data Engineer,IC,,Christopher Fleming,Chief Data Officer,True,5.0,2,1.0,True,True,,2.1,2.5,0.4,0.22,48.0,10.0,29.0,25.0,,5.0,2.2,7.0,0.0,2.0,Technical Review,14.0,5.0,74.0,11.0,Contracting,0.0,True,2.0,False,,True,False,True,False,False,False,False,True,False,,74.0,True,2.0,57.0,20.0,True,4.0,,Multiple follow-ups with no reply. Probably went internal.,,8.0,Pipeline,False,05/17/2026,True,Lost,Missing Feature,Ghost Stall
DL-1035,Robinson-Lee Inc,ACC-14461,,SMB,Media,West,James O'Brien,REP-106,,Frankie Hale,Governance Module,Pilot,Event / Conference,Alation,Databricks,20800.0,20800.0,44100.0,0.0,True,$50k–$150k,01/31/2026,10-Mar-2026,38.0,11.0,2.0,1.0,,,Closed Lost,Sara Fuller,BI Lead,Manager,,Maria Parker,Head of Product,False,0.0,5,3.0,False,False,True,1.1,2.5,1.4,0.54,50.0,27.0,0.0,8.0,following up again...,20.0,0.7,8.0,5.0,3.0,Discovery,6.0,2.0,71.0,10.0,Expanding,2.0,False,0.0,False,True,False,False,True,True,True,True,,False,True,7.0,33.0,,0.0,61.0,2.0,,4.0,2.0,lost — missing feature.. no additional detail..,,8.0,Commit,False,14-May-2026,True,Lost,Wrong Timing,
DL-1540,"Payne, Escobar and Barrett LLC",ACC-74538,Woodard Inc - Core Platform Annual,SMB,Logistics,Southeast,Sophia Nguyen,REP-105,Hana Takeda,Isla Berg,Core Platform,Annual,Partner Referral,dbt Labs,,34500.0,34500.0,,0.0,True,,10-Sep-2024,"September 28, 2024",18.0,31.0,3.0,0.0,,,Closed Lost,Shawn Davis,Senior Data Engineer,IC,7.9,Patrick Taylor,VP Operations,False,0.0,2,2.0,True,,,1.2,2.4,1.2,0.06,55.0,3.0,16.0,22.0,[External] Re: Tiger Data POC,12.0,2.5,9.0,0.0,3.0,Discovery,4.0,5.0,85.0,-7.0,,1.0,True,4.0,,True,False,True,False,False,,True,True,False,True,6.0,34.0,False,0.0,82.0,19.0,True,8.0,30.0,Prospect stopped engaging after the proposal. No explanation given.,We open blood local light guess my enough opportunity night.,10.0,Commit,,03-May-2026,False,Lost,No Decision / Stalled,Ghost Stall
DL-1170,"Alvarez, Carlson and Watson LLC",ACC-85031,Wright Group - Full Bundle Pilot,Enterprise,Media,Northeast,David Park,REP-104,Hana Takeda,Grace Okonkwo,Full Bundle,Pilot,Outbound SDR,Fivetran,Alation,775900.0,775900.0,2063100.0,0.31,True,$50k–$150k,2025-09-15,2026-01-13,120.0,8.0,5.0,3.0,18.0,35.0,Closed Lost,Luke Galvan,Head of Data Engineering,Manager,9.6,Lori Brown DDS,VP Engineering,True,1.0,2,2.0,False,True,False,1.5,1.2,-0.3,0.41,46.0,19.0,1.0,11.0,fwd: technical review docs,5.0,0.6,5.0,3.0,2.0,Technical Review,12.0,5.0,60.0,-8.0,Expanding,6.0,True,4.0,False,False,True,False,True,True,False,True,True,,False,,25.0,False,1.0,81.0,12.0,False,,70.0,lost — security / compliance failed.. no additional detail..,Social call discussion word small series south just cover ready group care together magazine join far recent.,10.0,Omitted,True,,True,Lost,Chose Competitor,Competitor Displacement
DL-1654,Ray-Page LLC,ACC-45393,"Smith, Martinez and Burton - Core Platform Multi-Year",SMB,Insurance,APAC,Priya Shah,REP-101,Jordan Blake,Elena Ruiz,Core Platform,Multi-Year,LinkedIn Outbound,Alation,,18800.0,18800.0,41500.0,0.0,False,,2025-05-03,21-May-2025,18.0,31.0,4.0,0.0,,5.0,Closed Lost,Andrew Clark,Head of Data Engineering,Manager,10.7,Timothy Dominguez,VP Operations,True,1.0,5,5.0,True,False,True,2.2,2.7,0.5,0.14,50.0,7.0,23.0,19.0,,5.0,2.0,10.0,0.0,4.0,,9.0,5.0,71.0,1.0,Stable,2.0,True,1.0,True,,False,False,True,False,,True,,False,True,18.0,31.0,True,0.0,54.0,2.0,,8.0,52.0,Multiple follow-ups with no reply. Probably went internal.,System candidate keep grow us receive billion health create together service me.,7.0,Omitted,False,04/24/2026,True,Lost,Missing Feature,Ghost Stall
DL-1926,"NORRIS, SHELTON AND EVANS",ACC-17529,Herrera Ltd - Analytics Suite Multi-Year,SMB,Technology,Midwest,Marcus Chen,REP-102,,Grace Okonkwo,Analytics Suite,Multi-Year,PLG Expansion,Monte Carlo,,16600.0,16400.0,37200.0,0.01,False,>$500k,01-Jun-2025,03-Jul-2025,32.0,16.0,2.0,0.0,16.0,16.0,Closed Lost,Richard Weaver,Analytics Engineer,IC,8.5,Bernard Sanchez,CTO,True,4.0,6,6.0,True,True,True,0.7,2.4,1.7,0.87,23.0,20.0,6.0,2.0,Quick question on the proposal,10.0,0.7,5.0,5.0,2.0,Technical Review,12.0,4.0,71.0,14.0,Contracting,0.0,False,0.0,True,True,True,True,True,False,False,False,True,False,True,11.0,,True,0.0,58.0,24.0,False,,23.0,lost — champion left.. no additional detail..,Professor land author the finish during exactly art nation civil able dog price college someone community side science.,9.0,Commit,False,,True,Lost,Wrong Timing,
DL-1892,"Gross, Ray and Todd",ACC-70206,"Johnson, Scott and Jones - Core Platform Monthly",Mid-Market,Manufacturing,EMEA,James O'Brien,REP-106,Hana Takeda,,Core Platform,Monthly,LinkedIn Outbound,Atlan,,118600.0,118600.0,269700.0,0.0,True,>$500k,07/28/2025,2025-10-10,74.0,13.0,4.0,0.0,38.0,32.0,Closed Won,Dillon Brown,Analytics Engineer,IC,9.5,Steven Morgan,Chief Data Officer,True,1.0,2,1.0,,False,False,1.1,1.8,0.7,0.74,27.0,20.0,7.0,8.0,RE: RE: RE: Next steps??,19.0,1.6,6.0,4.0,1.0,Pricing,3.0,5.0,56.0,15.0,Contracting,2.0,True,1.0,,False,True,False,True,True,False,False,,False,False,,,True,1.0,54.0,17.0,True,2.0,46.0,"strong champion, got exec in early.. smooth close..",Street course plant billion middle describe financial floor media culture person activity.,7.0,Commit,False,,,Won,,
DL-1882,"PAYNE, HO AND JOHNSON",ACC-34517,"Petersen, Chen and Harris - Analytics Suite Pilot",SMB,Media,Midwest,Emily Rodriguez,REP-103,Liam Sutherland,Danny Patel,Analytics Suite,Pilot,Partner Referral,dbt Labs,,27400.0,27400.0,69500.0,0.0,True,,31-Mar-2025,2025-04-29,29.0,16.0,6.0,1.0,,,Closed Lost,Chris Sutton,Data Engineer,IC,12.0,Henry Moore,Chief Data Officer,False,0.0,6,4.0,False,True,False,0.7,2.0,1.3,0.43,54.0,23.0,6.0,3.0,following up again...,19.0,2.0,3.0,4.0,2.0,Executive QBR,11.0,0.0,78.0,2.0,Stable,0.0,False,0.0,False,False,False,True,True,True,True,,True,False,False,,35.0,False,2.0,66.0,19.0,True,2.0,100.0,"Champion was IC level, couldn't drive the purchase alone.",Her player result positive happen determine marriage bar suffer paper.,7.0,Omitted,False,,,Lost,Price / Budget,Exec Vacuum
DL-1983,"harper, wall and cox",ACC-96563,"Davis, Ortiz and Williams - Analytics Suite Monthly",SMB,Education,Northeast,Marcus Chen,REP-102,Liam Sutherland,Frankie Hale,Analytics Suite,Monthly,Executive Referral,None / Greenfield,,26400.0,24300.0,54000.0,0.08,True,<$50k,"May 23, 2025",29-Jun-2025,37.0,43.0,2.0,0.0,10.0,7.0,Closed Lost,Susan Ayala,Data Architect,IC,,Mark Frank,Head of Product,True,2.0,5,4.0,False,True,True,0.8,1.8,1.0,0.21,56.0,11.0,23.0,39.0,fwd: technical review docs,5.0,2.9,7.0,0.0,1.0,,12.0,5.0,76.0,-9.0,Contracting,0.0,True,2.0,True,False,True,False,False,True,True,True,True,False,True,28.0,,True,1.0,71.0,16.0,True,7.0,83.0,Multiple follow-ups with no reply. Probably went internal.,,7.0,Omitted,True,"April 25, 2026",False,Lost,No Decision / Stalled,Ghost Stall
DL-1733,"Perkins, Skinner and Jackson",ACC-19621,Fernandez-Sullivan - Full Bundle Pilot,SMB,Logistics,Southeast,Nina Petrov,REP-109,Benjamin Cross,Casey Wu,Full Bundle,Pilot,Event / Conference,Fivetran,,26400.0,26400.0,67600.0,0.0,True,,2024-05-06,2024-05-25,19.0,15.0,2.0,0.0,36.0,,Closed Won,Donna Obrien,Head of Data Engineering,Manager,6.0,Jennifer Mendoza,Head of Product,False,0.0,8,8.0,True,False,False,0.8,1.0,0.2,1.0,16.0,16.0,5.0,8.0,,9.0,1.4,5.0,5.0,3.0,Pricing,5.0,1.0,67.0,1.0,Stable,2.0,False,0.0,,True,True,False,False,False,,False,True,,False,,77.0,True,2.0,60.0,16.0,True,2.0,56.0,Fast cycle. Champion had budget approved before we even started.,Social traditional message instead degree here arrive act moment find else memory discuss start newspaper.,,Pipeline,True,,,Won,,
DL-1095,The Clark Ltd,ACC-38307,"Norris, Callahan and Bishop - Governance Module Monthly",Mid-Market,Technology,Midwest,Sophia Nguyen,REP-105,Liam Sutherland,Casey Wu,Governance Module,Monthly,PLG Expansion,Alation,Alation,72100.0,72100.0,174100.0,0.0,True,>$500k,"August 02, 2024",20-Oct-2024,79.0,7.0,6.0,1.0,,12.0,Closed Won,Luis Glover,Lead Data Engineer,IC,11.8,Renee Hudson,CFO,True,4.0,8,6.0,False,True,,1.9,1.9,0.0,0.32,22.0,7.0,6.0,2.0,Checking in,5.0,2.0,3.0,5.0,4.0,POC Review,9.0,5.0,77.0,2.0,Expanding,0.0,False,0.0,,False,False,True,False,True,True,True,True,True,True,20.0,76.0,,0.0,59.0,10.0,,7.0,7.0,Close was delayed 2 weeks on legal but closed strong.,Exactly much food region eye environment teach world quickly believe while size try yeah term camera tend.,6.0,,,15-May-2026,True,Won,,
DL-1563,"Velez,RangelandKhan",ACC-53352,"Lewis, Richardson and Conner - Core Platform Annual",Enterprise,Logistics,Southeast,Emily Rodriguez,REP-103,Jordan Blake,Frankie Hale,Core Platform,Annual,Inbound - Website,None / Greenfield,,683200.0,683200.0,683200.0,0.28,True,$50k–$150k,"June 09, 2025",29-Dec-2025,203.0,19.0,3.0,2.0,19.0,33.0,Closed Lost,Anthony Collins,Data Engineer,IC,8.3,Bryce Fox,VP Operations,True,4.0,8,7.0,,False,,2.3,0.8,-1.5,0.93,15.0,14.0,7.0,15.0,Re: Follow up from our call,14.0,1.5,9.0,2.0,1.0,Demo,2.0,3.0,61.0,-6.0,,3.0,True,2.0,True,False,True,True,True,True,True,True,True,False,False,,77.0,True,0.0,89.0,23.0,True,,,Lost to Fivetran on connector breadth. They had 200+ native connectors.,Expert much difficult however local study only series imagine color reveal walk paper media available later friend industry.,8.0,Commit,True,05/07/2026,False,Lost,No Decision / Stalled,Competitor Displacement
DL-1240,Baker-Evans,ACC-47385,,Enterprise,Financial Services,APAC,David Park,REP-104,Amara Osei,Henry Vasquez,Core Platform,Pilot,Cold Email Sequence,dbt Labs,,563400.0,563400.0,1520800.0,0.0,False,<$50k,2025-03-22,2025-09-08,170.0,5.0,6.0,1.0,15.0,,Closed Won,,VP of Data,VP,10.0,,Director of IT,False,0.0,8,7.0,,True,,2.3,2.7,0.4,0.91,53.0,48.0,5.0,8.0,Quick question on the proposal,14.0,1.1,6.0,1.0,4.0,,3.0,0.0,56.0,6.0,Expanding,1.0,True,3.0,False,True,True,True,False,True,,True,True,False,False,,99.0,False,0.0,93.0,5.0,False,5.0,76.0,"Strong champion, got exec in early. Smooth close.",Interview girl baby statement measure feel professional finish increase economy middle public natural thing physical might.,10.0,Omitted,False,,False,Won,,
DL-1742,"JORDAN, WALTON AND WALKER",ACC-44621,"Mcintyre, Molina and Collins - Full Bundle Annual",Mid-Market,Healthcare,APAC,James O'Brien,REP-106,Amara Osei,,Full Bundle,Annual,Executive Referral,None / Greenfield,Starburst,36100.0,26400.0,26400.0,0.27,True,>$500k,08/23/2025,2025-10-22,60.0,31.0,2.0,1.0,33.0,28.0,Closed Lost,Tracy Torres,Analytics Manager,Manager,0.8,Charles Gonzales,CTO,True,4.0,4,4.0,True,,False,1.3,1.0,-0.3,0.07,26.0,1.0,18.0,19.0,,7.0,0.9,4.0,0.0,3.0,Demo,5.0,2.0,57.0,14.0,Stable,0.0,False,0.0,True,False,True,True,False,False,False,True,False,True,False,,35.0,True,2.0,76.0,24.0,False,,,Lost — chose competitor. No additional detail.,System feel stay agent performance four according material sea personal day rule.,6.0,Best Case,False,2026-04-30,False,Lost,No Decision / Stalled,Ghost Stall
DL-1574,"Hendrix PLC, Inc.",ACC-19310,"Randolph, Jones and Strickland - Analytics Suite Pilot",Enterprise,Financial Services,APAC,Rachel Kim,REP-107,Hana Takeda,Casey Wu,Analytics Suite,Pilot,Inbound - Website,Starburst,Atlan,770800.0,770800.0,1888800.0,0.0,,,2025-09-26,2026-01-27,123.0,13.0,5.0,0.0,38.0,32.0,Closed Lost,,Data Architect,IC,1.5,Wesley Gonzalez,SVP Technology,True,4.0,5,3.0,True,False,False,2.0,2.1,0.1,0.75,16.0,12.0,1.0,1.0,Checking in,20.0,1.8,6.0,3.0,3.0,Discovery,15.0,4.0,55.0,-10.0,Expanding,1.0,True,4.0,True,False,True,True,True,True,True,False,,False,False,,,,2.0,68.0,4.0,False,,,Lost — wrong timing. No additional detail.,Discussion visit west fire resource commercial general which board name bad action support tonight clearly big.,7.0,Best Case,False,,False,Lost,Chose Competitor,
DL-1690,Smith-Marshall Inc,ACC-63230,Smith LLC - Core Platform Pilot,Mid-Market,Healthcare,EMEA,Priya Shah,REP-101,Amara Osei,Danny Patel,Core Platform,Pilot,PLG Expansion,Alation,Databricks,42000.0,36500.0,80700.0,0.13,False,$50k–$150k,25-Sep-2025,2025-11-15,51.0,20.0,3.0,1.0,,,Closed Lost,Jamie Romero,Data Engineer,IC,0.6,Logan Golden,CFO,False,0.0,5,1.0,True,True,False,1.6,8.42,6.82,0.88,43.0,38.0,7.0,1.0,,9.0,1.9,8.0,5.0,3.0,Executive QBR,33.0,2.0,22.0,-29.0,Contracting,1.0,False,0.0,False,True,False,False,True,False,False,,,True,True,10.0,90.0,True,1.0,54.0,9.0,False,8.0,65.0,champion left teh company.. couldn't rebuild teh relationship in time..,Small large either reduce consider interview price civil there scientist increase.,8.0,Best Case,True,26-Apr-2026,True,Lost,Price / Budget,Champion Collapse
DL-1460,"Erickson, Nichols and Garcia Inc",ACC-17342,"Perez, Bailey and Park - Analytics Suite Annual",Mid-Market,Education,EMEA,Rachel Kim,REP-107,Benjamin Cross,Jaylen Ford,Analytics Suite,Annual,Event / Conference,Alation,Databricks,133900.0,133900.0,133900.0,0.0,True,<$50k,"June 30, 2025",08/17/2025,48.0,10.0,5.0,1.0,,,Closed Lost,Samantha Walker,Data Platform Lead,Manager,0.9,Russell Stevens,VP Operations,False,0.0,4,4.0,,True,False,2.1,1.6,-0.5,0.78,51.0,40.0,0.0,0.0,RE: RE: RE: Next steps??,3.0,1.5,5.0,1.0,4.0,Pricing,3.0,3.0,85.0,14.0,,1.0,False,0.0,False,,False,False,False,True,False,False,False,False,True,21.0,,False,0.0,64.0,12.0,False,4.0,77.0,Lost — missing feature. No additional detail.,Market job well commercial nice next arm girl test challenge radio assume rest now water road.,8.0,Commit,False,"May 14, 2026",False,Lost,Wrong Timing,
DL-1553,"Warren-Davis, Inc.",ACC-65937,Rivera-Taylor - Core Platform Pilot,SMB,Financial Services,Southeast,Priya Shah,REP-101,,Grace Okonkwo,Core Platform,Pilot,PLG Expansion,Monte Carlo,Monte Carlo,12500.0,11500.0,28200.0,0.08,,<$50k,"April 07, 2024","May 03, 2024",26.0,15.0,3.0,0.0,36.0,29.0,Closed Won,Jeffrey Horn,Data Engineer,IC,7.5,Robert Walker,CTO,True,3.0,6,5.0,True,False,False,1.7,1.8,0.1,0.4,30.0,12.0,3.0,6.0,following up again...,12.0,1.8,7.0,3.0,4.0,Discovery,10.0,2.0,58.0,-10.0,Stable,0.0,False,0.0,True,False,True,True,False,True,False,False,,False,True,27.0,72.0,False,2.0,52.0,12.0,False,2.0,20.0,close was delayed 2 weeks on legal but closed strong..,Military person author return national scene focus clearly everybody.,9.0,Best Case,True,05/15/2026,,Won,,
DL-1857,"Garrett, Velazquez and Nguyen Inc",ACC-80311,Bentley LLC - Core Platform Pilot,Mid-Market,Insurance,APAC,Tyler Brooks,REP-108,Amara Osei,Jaylen Ford,Core Platform,Pilot,LinkedIn Outbound,Alation,Snowflake,68200.0,51800.0,129100.0,0.24,True,,2025-09-15,11/30/2025,76.0,8.0,6.0,1.0,25.0,11.0,Closed Lost,Gary Curry,Data Engineer,IC,8.1,Kenneth Gutierrez,VP Operations,True,1.0,6,5.0,,False,False,1.4,0.9,-0.5,0.64,14.0,9.0,5.0,17.0,fwd: technical review docs,19.0,0.7,12.0,2.0,1.0,Pricing,5.0,1.0,60.0,12.0,Expanding,3.0,True,2.0,False,False,True,False,True,True,,False,,False,True,23.0,73.0,True,2.0,92.0,5.0,False,,,They went with Databricks. Had deeper existing footprint.,Hotel Mrs fast like police pattern sell serve skin baby.,8.0,Commit,True,22-Apr-2026,False,Lost,No Decision / Stalled,Competitor Displacement
DL-1913,"Le PLC, Inc.",ACC-17799,Mccormick-Cox - Full Bundle Monthly,SMB,Energy,APAC,James O'Brien,REP-106,Hana Takeda,Danny Patel,Full Bundle,Monthly,Executive Referral,Atlan,,19700.0,19700.0,54100.0,0.0,True,>$500k,07/08/2025,08/11/2025,34.0,18.0,6.0,0.0,13.0,,Closed Lost,Todd Robinson,Lead Data Engineer,IC,11.8,Austin James,Director of IT,False,0.0,3,1.0,,False,False,1.5,7.17,5.67,0.56,25.0,14.0,0.0,4.0,fwd: technical review docs,11.0,1.9,6.0,1.0,4.0,Technical Review,19.0,5.0,49.0,-33.0,Stable,0.0,False,0.0,False,,True,True,False,True,False,True,True,False,True,28.0,33.0,False,1.0,63.0,15.0,False,3.0,17.0,Champion left the company. Couldn't rebuild the relationship in time.,To window production industry until method program their media skill no task product unit pressure.,10.0,Best Case,,"May 08, 2026",True,Lost,Champion Left,Champion Collapse
DL-1206,Vega-Price,ACC-64481,Thomas-Berg - Full Bundle Annual,Mid-Market,Technology,Southwest,James O'Brien,REP-106,Jordan Blake,Isla Berg,Full Bundle,Annual,Partner Referral,Monte Carlo,Collibra,97500.0,86800.0,86800.0,0.11,False,$50k–$150k,09/25/2024,2024-12-08,74.0,12.0,5.0,1.0,,,Closed Lost,,Analytics Engineer,IC,6.7,Tonya Vega,Chief Data Officer,False,0.0,8,6.0,True,True,True,0.7,1.9,1.2,0.61,23.0,14.0,0.0,4.0,[External] Re: Tiger Data POC,7.0,0.9,12.0,4.0,1.0,Executive QBR,8.0,5.0,66.0,5.0,Expanding,1.0,True,1.0,True,True,False,True,True,False,,True,True,True,False,,30.0,,0.0,79.0,5.0,,1.0,,never got above teh data team.. budget decision was above champion's level..,,,Omitted,False,06-May-2026,False,Lost,No Decision / Stalled,Exec Vacuum
DL-1392,"Garcia, Booth and Bass LLC",ACC-21144,Vaughn Inc - Analytics Suite Pilot,Mid-Market,Logistics,EMEA,Emily Rodriguez,REP-103,Jordan Blake,Henry Vasquez,Analytics Suite,Pilot,Event / Conference,Starburst,,41400.0,41400.0,90500.0,0.32,True,<$50k,28-Jan-2024,2024-05-05,98.0,11.0,2.0,2.0,,10.0,Closed Lost,Sean Sellers,BI Lead,Manager,,Heather Morales,Chief Data Officer,True,5.0,6,4.0,True,False,,1.3,2.4,1.1,0.36,14.0,5.0,4.0,13.0,,15.0,1.7,4.0,5.0,4.0,Executive QBR,13.0,2.0,92.0,13.0,Expanding,4.0,True,1.0,False,False,False,True,False,False,,False,,False,False,,66.0,True,1.0,52.0,8.0,True,,,Lost — security / compliance failed. No additional detail.,Drop fall front station from participant blue reveal available TV wear treat piece scientist job serious record safe.,9.0,Best Case,True,2026-05-12,True,Lost,Chose Competitor,Competitor Displacement
DL-1794,arnold llc,ACC-38574,"Hayes, Morrow and Mcintosh - Analytics Suite Annual",Mid-Market,Retail,West,Sophia Nguyen,REP-105,Benjamin Cross,,Analytics Suite,Annual,Executive Referral,Alation,Fivetran,88600.0,88600.0,88600.0,0.0,False,$50k–$150k,"February 08, 2025",04/21/2025,72.0,15.0,3.0,0.0,,,Closed Lost,Leonard Banks,BI Lead,Manager,,Carlos Webster,Head of Product,False,0.0,2,1.0,False,False,True,0.6,6.39,5.79,0.57,14.0,8.0,6.0,8.0,Quick question on the proposal,15.0,0.8,6.0,4.0,1.0,Technical Review,29.0,1.0,47.0,-32.0,Stable,2.0,False,0.0,False,True,False,False,False,False,,True,,False,False,,,False,2.0,80.0,19.0,,,36.0,Lost — chose competitor. No additional detail.,Heart card share ready among great recognize interesting may bad mouth keep.,8.0,Best Case,True,2026-04-29,True,Lost,Price / Budget,Champion Collapse
DL-1397,"Clark,ThompsonandBarnes",ACC-15472,Austin-Welch - Governance Module Multi-Year,Enterprise,Technology,EMEA,David Park,REP-104,Jordan Blake,Elena Ruiz,Governance Module,Multi-Year,Inbound - Website,None / Greenfield,,321200.0,285900.0,612800.0,0.11,True,,05-Oct-2025,2026-02-17,135.0,47.0,5.0,1.0,,6.0,Closed Lost,Gregory Moreno,Analytics Manager,Manager,9.0,Sherry Pittman,CTO,True,4.0,5,5.0,,True,False,1.7,1.7,0.0,0.19,41.0,7.0,24.0,36.0,Checking in,14.0,2.9,2.0,0.0,1.0,Demo,5.0,1.0,56.0,-4.0,Contracting,1.0,False,0.0,False,False,False,False,False,False,False,False,,True,True,23.0,51.0,False,0.0,88.0,4.0,False,,37.0,Lost — price / budget. No additional detail.,Property make picture our myself far despite while to shake information language easy.,9.0,Best Case,,2026-05-05,False,Lost,No Decision / Stalled,Ghost Stall
DL-1766,Tran LLC LLC,ACC-83666,Rowland-Chapman - Governance Module Pilot,Enterprise,Energy,,Alex Morgan,REP-100,Jordan Blake,Henry Vasquez,Governance Module,Pilot,Outbound SDR,Monte Carlo,,780700.0,663600.0,,0.15,True,$150k–$500k,12/06/2024,2025-05-02,147.0,6.0,5.0,1.0,25.0,22.0,Closed Lost,,,C-Suite,10.4,Nathan Wagner,CTO,True,4.0,8,8.0,True,,,,2.8,2.3,0.18,57.0,10.0,7.0,7.0,,15.0,,7.0,4.0,3.0,Demo,13.0,0.0,80.0,6.0,,2.0,,0.0,True,False,True,False,True,True,,False,False,,False,,97.0,False,1.0,54.0,,,7.0,,Lost — champion left. No additional detail.,Itself staff industry manager guy include that college nation professor two north success commercial another control back he.,7.0,Pipeline,False,"April 27, 2026",True,Lost,No Decision / Stalled,
DL-1883,SMITH INC,ACC-55627,,Enterprise,Retail,Northeast,David Park,REP-104,Hana Takeda,Henry Vasquez,Core Platform,Pilot,Inbound - Website,Snowflake,Atlan,799700.0,799700.0,1686000.0,0.0,False,$150k–$500k,2024-03-27,2024-08-21,147.0,41.0,4.0,1.0,15.0,,Closed Lost,Paul Cunningham,Chief Data Officer,C-Suite,5.8,,CTO,False,0.0,3,2.0,True,,False,1.0,1.3,0.3,0.19,33.0,6.0,20.0,14.0,following up again...,16.0,0.5,2.0,0.0,1.0,Technical Review,7.0,5.0,88.0,-7.0,Contracting,1.0,False,0.0,False,False,True,True,True,False,True,True,True,False,True,25.0,38.0,,0.0,77.0,6.0,,8.0,97.0,Lost — missing feature. No additional detail.,Debate employee general probably maybe herself partner camera long.,6.0,Pipeline,True,07-May-2026,True,Lost,No Decision / Stalled,Ghost Stall
DL-1217,Taylor-Cortez,ACC-55009,"Howard, Nelson and Rogers - Full Bundle Multi-Year",Mid-Market,Media,APAC,Marcus Chen,REP-102,Benjamin Cross,Danny Patel,Full Bundle,Multi-Year,PLG Expansion,Starburst,,121200.0,121200.0,,0.0,False,$150k–$500k,02/23/2025,20-May-2025,86.0,13.0,6.0,0.0,,,Closed Lost,Keith Ramirez,Data Engineer,IC,1.7,John Barnes,Director of IT,False,0.0,6,1.0,True,True,False,1.7,9.29,7.59,0.67,42.0,28.0,5.0,8.0,,7.0,1.5,2.0,2.0,1.0,Pricing,29.0,3.0,35.0,-23.0,Stable,2.0,False,0.0,False,True,False,False,False,False,False,False,True,False,False,,75.0,,0.0,60.0,15.0,False,2.0,,Lost — price / budget. No additional detail.,Detail far church some well town official need discover in miss television describe list.,7.0,Commit,True,25-Apr-2026,False,Lost,Champion Left,Champion Collapse
DL-1004,mckay ltd,ACC-17552,Stanton-Gill - Core Platform Annual,Enterprise,Financial Services,Southeast,Rachel Kim,REP-107,Hana Takeda,Elena Ruiz,Core Platform,Annual,Outbound SDR,dbt Labs,,309100.0,309100.0,309100.0,0.0,False,<$50k,04/17/2024,2024-09-16,152.0,7.0,5.0,0.0,,35.0,Closed Won,Ashley Garrett,Analytics Manager,Manager,8.2,Katie Gonzalez,VP Engineering,True,4.0,2,2.0,True,True,False,0.9,2.7,1.8,0.93,46.0,43.0,3.0,4.0,Checking in,13.0,2.5,12.0,3.0,2.0,Discovery,9.0,1.0,74.0,-2.0,Contracting,0.0,True,4.0,True,True,False,False,False,True,True,False,False,False,False,,83.0,False,0.0,76.0,11.0,False,5.0,5.0,Fast cycle. Champion had budget approved before we even started.,,10.0,,False,28-Apr-2026,True,Won,,
DL-1768,Campbell-Hogan LLC,ACC-28399,,Enterprise,Financial Services,Southeast,Priya Shah,REP-101,,Casey Wu,Full Bundle,Monthly,Inbound - Website,Monte Carlo,,424500.0,360800.0,,0.29,,,2024-12-09,05/20/2025,162.0,19.0,4.0,2.0,,,Closed Lost,Kristen Castro,Director of Data,Director,10.0,Christine Lee,VP Operations,False,0.0,2,1.0,True,False,True,2.0,0.6,-1.4,0.35,57.0,20.0,5.0,12.0,,13.0,2.3,4.0,3.0,1.0,Pricing,15.0,4.0,63.0,2.0,Expanding,7.0,True,3.0,True,True,False,False,False,False,,,,,False,,68.0,,1.0,87.0,16.0,,6.0,80.0,Lost to Fivetran on connector breadth. They had 200+ native connectors.,Cover class sure hour clear interview account Mr get second Mrs population.,7.0,,True,27-Apr-2026,,Lost,No Decision / Stalled,Competitor Displacement
DL-1642,The Reyes Ltd,ACC-33491,Sullivan-Taylor - Core Platform Annual,Mid-Market,Manufacturing,Northeast,Alex Morgan,REP-100,Benjamin Cross,,Core Platform,Annual,PLG Expansion,Fivetran,,135100.0,114800.0,114800.0,0.15,False,,01/28/2025,11-May-2025,103.0,12.0,4.0,0.0,,,Closed Lost,Geoffrey Griffin,Analytics Engineer,IC,4.8,Donald Williams,CFO,False,0.0,7,7.0,False,False,,0.8,2.4,1.6,0.79,52.0,41.0,0.0,2.0,RE: RE: RE: Next steps??,9.0,0.5,2.0,2.0,1.0,Pricing,4.0,3.0,93.0,-1.0,Contracting,2.0,True,1.0,True,True,False,True,True,True,False,False,False,True,True,26.0,43.0,,1.0,50.0,4.0,False,,2.0,Lost — chose competitor. No additional detail.,Large friend bag which city north role act alone view total foot amount pick.,8.0,Pipeline,True,,True,Lost,Price / Budget,Exec Vacuum
DL-1933,Jackson-Palmer Inc,ACC-21974,Castillo-Stone - Full Bundle Annual,Mid-Market,Retail,Northeast,Priya Shah,REP-101,Amara Osei,,Full Bundle,Annual,Cold Email Sequence,None / Greenfield,Fivetran,40200.0,40200.0,40200.0,0.0,True,$150k–$500k,2024-02-25,"April 29, 2024",64.0,14.0,2.0,1.0,,,Closed Lost,Joshua Griffin,Senior Data Engineer,IC,4.6,,CFO,False,0.0,8,6.0,True,True,False,0.5,2.7,2.2,0.28,46.0,13.0,2.0,9.0,Q4 pricing — URGENT,20.0,0.8,3.0,3.0,1.0,,5.0,4.0,77.0,-4.0,Stable,0.0,False,0.0,True,True,False,False,False,True,False,,True,True,False,,,,1.0,86.0,2.0,False,6.0,54.0,Lost — no decision / stalled. No additional detail.,Summer lose quality moment rock student minute edge office.,8.0,Omitted,True,"April 23, 2026",True,Lost,Price / Budget,Exec Vacuum
DL-1612,Wilkinson Group LLC,ACC-13033,"Miller, Larson and Davis - Core Platform Pilot",Enterprise,Education,APAC,Marcus Chen,REP-102,Amara Osei,Grace Okonkwo,Core Platform,Pilot,Event / Conference,Atlan,Alation,392500.0,392500.0,816200.0,0.0,True,<$50k,2024-09-05,03/10/2025,186.0,12.0,5.0,0.0,,,Closed Lost,Angela Moore,Data Engineer,IC,1.0,Megan Garza,CFO,False,0.0,3,3.0,False,True,False,1.9,1.4,-0.5,0.94,35.0,33.0,2.0,2.0,RE: RE: RE: Next steps??,7.0,1.1,2.0,1.0,4.0,POC Review,3.0,3.0,94.0,13.0,Stable,2.0,True,1.0,True,False,False,True,True,True,False,False,False,,True,28.0,71.0,False,1.0,62.0,22.0,,,10.0,"Champion was IC level, couldn't drive the purchase alone.",Outside interest tough character risk hot wall prove summer professor anyone.,7.0,Best Case,True,2026-05-11,False,Lost,No Decision / Stalled,Exec Vacuum
DL-1738,miller-davis,ACC-84385,Flores Ltd - Analytics Suite Monthly,Mid-Market,Insurance,Northeast,Marcus Chen,REP-102,Liam Sutherland,Frankie Hale,Analytics Suite,Monthly,LinkedIn Outbound,Databricks,,115600.0,93600.0,,0.19,True,$150k–$500k,05/05/2024,"July 02, 2024",58.0,9.0,5.0,0.0,23.0,,Closed Lost,Maria Benson,Analytics Manager,Manager,9.1,Charles Berry,Head of Product,False,0.0,5,3.0,True,False,True,1.0,2.3,1.3,0.58,59.0,34.0,0.0,7.0,[External] Re: Tiger Data POC,8.0,1.7,11.0,1.0,4.0,Pricing,14.0,2.0,93.0,5.0,Expanding,2.0,False,0.0,False,True,True,True,False,True,True,,False,False,True,25.0,59.0,False,0.0,72.0,19.0,True,,21.0,Lost — no decision / stalled. No additional detail.,Change adult player source professor attention data several everyone in land heart offer.,10.0,Commit,True,09-May-2026,False,Lost,Security / Compliance Failed,
DL-1546,ALLEN LLC,ACC-57434,Pacheco-Todd - Governance Module Pilot,SMB,Technology,Southwest,James O'Brien,REP-106,Jordan Blake,Casey Wu,Governance Module,Pilot,Partner Referral,Atlan,,9400.0,9400.0,23600.0,0.0,True,$50k–$150k,"February 23, 2026","March 19, 2026",24.0,56.0,2.0,0.0,27.0,32.0,Closed Lost,Kristi Austin,Analytics Manager,Manager,5.2,Kendra White,VP Engineering,True,3.0,2,1.0,,,False,0.9,0.9,0.0,0.05,29.0,1.0,14.0,16.0,,20.0,2.4,5.0,0.0,1.0,Discovery,1.0,5.0,56.0,1.0,Contracting,0.0,True,2.0,True,True,True,True,True,True,,False,True,,True,18.0,68.0,True,0.0,59.0,15.0,True,7.0,,Lost — chose competitor. No additional detail.,Within about when force ready network nothing ability cover board fill share economy source only pick prove.,7.0,Pipeline,False,"April 24, 2026",False,Lost,No Decision / Stalled,Ghost Stall
DL-1725,Lee-Petersen Inc,ACC-21112,Costa-Lopez - Governance Module Monthly,Enterprise,Energy,APAC,Sophia Nguyen,REP-105,Amara Osei,Frankie Hale,Governance Module,Monthly,Inbound - Website,Alation,,388000.0,298800.0,739200.0,0.23,False,$50k–$150k,09/01/2024,2025-02-15,167.0,10.0,4.0,0.0,44.0,32.0,Closed Lost,Casey Baker,Data Architect,IC,4.3,Andrew Green,VP Engineering,True,3.0,5,4.0,True,True,False,2.4,2.9,0.5,0.72,39.0,28.0,2.0,5.0,Checking in,15.0,1.9,7.0,3.0,2.0,Pricing,9.0,2.0,86.0,13.0,Expanding,0.0,True,1.0,True,True,True,True,False,True,True,True,,,False,,91.0,,0.0,73.0,9.0,,5.0,,lost — wrong timing.. no additional detail..,Television discussion be alone present late care environmental evidence after religious.,8.0,Pipeline,False,2026-04-25,False,Lost,No Decision / Stalled,
DL-1953,"Edwards, Williams and Mendez, Inc.",ACC-67337,"Melendez, Jacobs and Cervantes - Governance Module Multi-Year",Mid-Market,Media,Southwest,Tyler Brooks,REP-108,Amara Osei,Isla Berg,Governance Module,Multi-Year,Cold Email Sequence,Starburst,,67300.0,62600.0,138700.0,0.07,True,$50k–$150k,2025-06-05,2025-09-08,95.0,11.0,3.0,1.0,41.0,,Closed Lost,Jon Ayala,Analytics Engineer,IC,9.1,Dominic Mitchell,CFO,False,0.0,2,1.0,False,,False,0.7,0.5,-0.2,0.6,30.0,18.0,3.0,10.0,Re: Follow up from our call,7.0,0.6,8.0,4.0,2.0,,13.0,3.0,90.0,11.0,Stable,1.0,True,1.0,False,False,True,False,True,True,False,True,True,True,False,,65.0,,0.0,73.0,5.0,,1.0,29.0,No exec sponsor. Deal died when Q4 budgets froze.,Wait stuff require catch government couple seek skin there thank while six.,7.0,Pipeline,True,,False,Lost,Price / Budget,Exec Vacuum
DL-1683,Valentine-Martin,ACC-40347,"Lynch, Ramirez and Myers - Governance Module Multi-Year",Mid-Market,Energy,APAC,Tyler Brooks,REP-108,,Jaylen Ford,Governance Module,Multi-Year,Partner Referral,Snowflake,Snowflake,94100.0,94100.0,245800.0,0.0,True,$150k–$500k,06/09/2025,2025-09-09,92.0,19.0,2.0,1.0,34.0,,Closed Lost,Paul Blair,Lead Data Engineer,IC,7.8,Olivia Gonzalez,SVP Technology,False,1.0,3,1.0,True,False,True,0.8,8.07,7.27,0.51,51.0,26.0,2.0,8.0,[External] Re: Tiger Data POC,13.0,1.3,3.0,1.0,3.0,Executive QBR,39.0,4.0,46.0,-31.0,Contracting,2.0,True,3.0,False,,True,False,False,False,True,True,True,False,True,7.0,66.0,,0.0,,23.0,True,1.0,,New data lead came in and had a prior relationship with Snowflake.,Minute check soldier act administration form of blue daughter act.,10.0,Pipeline,False,,True,Lost,Champion Left,Champion Collapse
DL-1098,davis-ward,ACC-42873,Watson Ltd - Full Bundle Annual,SMB,Healthcare,Northeast,Tyler Brooks,REP-108,Liam Sutherland,Casey Wu,Full Bundle,Annual,Partner Referral,Fivetran,Fivetran,33500.0,33500.0,33500.0,0.0,True,$50k–$150k,"January 05, 2025",2025-02-08,34.0,18.0,2.0,0.0,40.0,24.0,Closed Won,James Torres,Head of Data Engineering,Manager,1.3,Cynthia Rios,CFO,True,3.0,8,6.0,,,True,1.1,1.2,0.1,0.87,15.0,13.0,1.0,1.0,,9.0,1.5,9.0,2.0,2.0,,5.0,5.0,69.0,-9.0,Expanding,1.0,True,3.0,,True,True,True,True,True,True,True,True,True,True,29.0,,False,0.0,78.0,3.0,,6.0,,Close was delayed 2 weeks on legal but closed strong.,Ability live car difficult quite act receive stage write institution.,9.0,Pipeline,False,05/20/2026,False,Won,,
DL-1804,"norton, hicks and cooper",ACC-79750,"Harmon, Daniel and Morton - Analytics Suite Pilot",Enterprise,Media,EMEA,Rachel Kim,REP-107,Liam Sutherland,Elena Ruiz,Analytics Suite,Pilot,Partner Referral,Starburst,,744500.0,603000.0,1708300.0,0.19,,>$500k,2025-04-02,25-Sep-2025,176.0,20.0,6.0,0.0,40.0,,Closed Lost,Russell Green,Analytics Engineer,IC,2.9,Lisa Caldwell,SVP Technology,False,0.0,6,6.0,True,True,,0.8,0.9,0.1,0.64,59.0,38.0,8.0,4.0,Checking in,17.0,3.0,4.0,5.0,3.0,Discovery,1.0,2.0,95.0,14.0,Expanding,0.0,False,0.0,True,True,True,False,True,True,False,False,True,True,True,17.0,,False,1.0,50.0,7.0,True,2.0,35.0,lost — wrong timing.. no additional detail..,,8.0,Omitted,False,05/08/2026,False,Lost,Price / Budget,Exec Vacuum
DL-1727,"Harris-Thompson, Inc.",ACC-11095,Braun LLC - Core Platform Annual,Mid-Market,Logistics,Southeast,David Park,REP-104,Hana Takeda,,Core Platform,Annual,Outbound SDR,Collibra,Starburst,76700.0,76700.0,76700.0,0.31,True,$150k–$500k,"May 10, 2025",07/15/2025,66.0,9.0,4.0,2.0,19.0,,Closed Lost,Charlene Smith,Lead Data Engineer,IC,6.6,Melissa Nunez,VP Operations,False,0.0,8,6.0,False,,,2.3,2.9,0.6,0.66,32.0,21.0,7.0,15.0,Quick question on the proposal,11.0,1.3,3.0,3.0,2.0,Pricing,8.0,0.0,93.0,8.0,Contracting,5.0,True,4.0,True,True,True,False,False,False,False,False,,,False,,,True,2.0,56.0,24.0,True,5.0,,Lost — missing feature. No additional detail.,,9.0,Best Case,True,2026-04-30,True,Lost,Chose Competitor,Competitor Displacement
DL-1573,"Gonzalez, Aguilar and Ramos Inc",ACC-85341,Sims-Williams - Governance Module Multi-Year,SMB,Energy,APAC,Alex Morgan,REP-100,Hana Takeda,Grace Okonkwo,Governance Module,Multi-Year,Cold Email Sequence,Snowflake,,19300.0,19300.0,48000.0,0.0,True,$50k–$150k,2024-09-21,10/27/2024,36.0,19.0,4.0,0.0,,,Closed Lost,Mark Nelson,Senior Data Engineer,IC,9.1,,SVP Technology,False,0.0,3,3.0,,True,False,1.0,1.9,0.9,0.38,60.0,23.0,5.0,1.0,Q4 pricing — URGENT,10.0,2.4,5.0,5.0,4.0,POC Review,3.0,5.0,63.0,-3.0,Contracting,2.0,True,1.0,False,False,False,False,False,False,,,True,False,False,,83.0,False,1.0,88.0,12.0,,,81.0,lost — no decision / stalled.. no additional detail..,,7.0,Omitted,True,09-May-2026,,Lost,Price / Budget,Exec Vacuum
DL-1406,Jones and Sons LLC,ACC-53952,Cross LLC - Governance Module Multi-Year,Mid-Market,Financial Services,West,Marcus Chen,REP-102,Amara Osei,Elena Ruiz,Governance Module,Multi-Year,LinkedIn Outbound,Alation,,72500.0,55100.0,133700.0,0.24,True,>$500k,"February 28, 2024",03-May-2024,65.0,12.0,3.0,0.0,32.0,,Closed Won,Justin Martinez,Lead Data Engineer,IC,1.5,Maria Reyes,CFO,False,0.0,8,8.0,,True,False,1.1,1.4,0.3,0.17,48.0,8.0,1.0,9.0,Re: Follow up from our call,14.0,1.2,5.0,4.0,3.0,,7.0,3.0,83.0,-5.0,Expanding,1.0,False,0.0,False,True,True,False,False,False,,,,True,False,,,False,1.0,94.0,4.0,False,0.0,53.0,Close was delayed 2 weeks on legal but closed strong.,,7.0,Best Case,False,05/08/2026,False,Won,,
DL-1502,"Carrillo, Henderson and Matthews LLC",ACC-81288,Avery-Cohen - Core Platform Monthly,Mid-Market,Education,EMEA,Sophia Nguyen,REP-105,Hana Takeda,Isla Berg,Core Platform,Monthly,Outbound SDR,Snowflake,,149500.0,149500.0,356700.0,0.0,False,>$500k,2024-04-18,24-Jun-2024,67.0,10.0,6.0,1.0,31.0,,Closed Lost,Jamie Estes PhD,Data Platform Lead,Manager,,David Davis,COO,False,2.0,5,1.0,True,True,False,1.5,8.09,6.59,0.87,23.0,20.0,4.0,8.0,Q4 pricing — URGENT,13.0,1.1,4.0,3.0,1.0,Executive QBR,30.0,2.0,47.0,-34.0,Contracting,1.0,True,3.0,False,False,True,True,True,True,True,,False,,True,17.0,49.0,False,2.0,57.0,21.0,,3.0,,Lost — no decision / stalled. No additional detail.,Right resource two lawyer see drop worker alone finally since take describe.,6.0,Commit,True,2026-05-18,True,Lost,Price / Budget,Champion Collapse
DL-1047,Brown LLC Inc,ACC-29420,Newman Inc - Governance Module Monthly,Mid-Market,Financial Services,Northeast,Rachel Kim,REP-107,Jordan Blake,Elena Ruiz,Governance Module,Monthly,PLG Expansion,Atlan,Alation,74300.0,56500.0,139600.0,0.24,True,,2025-11-05,2026-01-01,57.0,18.0,6.0,1.0,,5.0,Closed Lost,Katie Ford,Analytics Manager,Manager,8.7,Rebecca Huang,SVP Technology,True,2.0,8,6.0,,False,False,2.0,2.0,0.0,0.29,17.0,5.0,8.0,6.0,Introduction: Murray <> Tiger Data,15.0,0.5,4.0,4.0,4.0,Discovery,2.0,3.0,94.0,1.0,Contracting,2.0,False,0.0,True,False,False,False,True,True,True,False,,False,True,20.0,,True,2.0,94.0,2.0,False,,37.0,Lost — chose competitor. No additional detail.,Training occur could painting may whatever late specific study word base position always remain yard model.,6.0,Omitted,False,05/17/2026,False,Lost,Chose Competitor,
DL-1032,"BOOKER, JONES AND HARRINGTON",ACC-16047,Morgan-Schwartz - Analytics Suite Pilot,SMB,Logistics,West,Nina Petrov,REP-109,,Grace Okonkwo,Analytics Suite,Pilot,Partner Referral,Collibra,,27000.0,27000.0,59200.0,0.0,False,<$50k,01/05/2025,23-Jan-2025,18.0,19.0,5.0,0.0,,29.0,Closed Lost,Sarah Phelps,Senior Data Engineer,IC,11.5,,SVP Technology,True,1.0,4,3.0,False,,False,0.7,2.7,2.0,0.59,17.0,10.0,3.0,4.0,fwd: technical review docs,8.0,1.8,2.0,2.0,1.0,,14.0,4.0,87.0,-6.0,Stable,0.0,False,0.0,True,False,False,False,False,False,,,,False,False,,,True,1.0,58.0,3.0,True,7.0,11.0,lost — missing feature.. no additional detail..,Their along attention piece TV young section its better plant their kitchen really tough animal someone fall.,10.0,,False,"May 14, 2026",,Lost,Champion Left,
DL-1779,Shannon-Goodwin Inc,ACC-34784,Trevino-Clark - Analytics Suite Monthly,Mid-Market,Media,Midwest,Emily Rodriguez,REP-103,Jordan Blake,Casey Wu,Analytics Suite,Monthly,Outbound SDR,dbt Labs,Monte Carlo,95900.0,84400.0,198800.0,0.12,True,,2025-05-13,"June 27, 2025",45.0,18.0,5.0,1.0,,19.0,Closed Lost,Eduardo Hanson,Analytics Manager,Manager,2.2,Donald Patterson,Chief Data Officer,True,1.0,2,1.0,True,True,,2.3,1.7,-0.6,0.34,35.0,12.0,8.0,8.0,Checking in,15.0,1.8,3.0,5.0,2.0,Demo,9.0,4.0,67.0,-3.0,,2.0,True,4.0,True,False,False,True,False,False,True,,True,True,True,25.0,,False,1.0,92.0,19.0,True,3.0,41.0,Lost — no decision / stalled. No additional detail.,List teach beyond nearly after beautiful suffer people north.,7.0,Omitted,True,"May 17, 2026",True,Lost,Wrong Timing,
DL-1839,"The Garcia, Hernandez and Perez",ACC-31798,"Mcguire, Rosales and Gonzalez - Governance Module Pilot",Enterprise,Financial Services,Northeast,Sophia Nguyen,REP-105,Jordan Blake,Danny Patel,Governance Module,Pilot,Cold Email Sequence,dbt Labs,Starburst,331000.0,314400.0,642900.0,0.05,True,>$500k,05-Aug-2025,02/06/2026,185.0,31.0,5.0,1.0,28.0,19.0,Closed Lost,Jill Nguyen,Analytics Manager,Manager,9.3,Sabrina Frank,VP Operations,True,1.0,2,1.0,False,False,False,1.8,0.9,-0.9,0.22,47.0,10.0,29.0,32.0,,16.0,2.8,3.0,0.0,4.0,Discovery,9.0,1.0,59.0,12.0,Stable,0.0,True,4.0,True,False,True,True,True,False,True,True,False,False,True,11.0,56.0,False,2.0,58.0,3.0,False,6.0,82.0,"Just went dark. Last email 3 weeks ago, no response.",Avoid also police there late land apply think discussion wind sound physical ground mention enjoy with off fall trip.,8.0,Pipeline,True,04/28/2026,,Lost,Missing Feature,Ghost Stall
DL-1200,,ACC-90330,Chavez LLC - Core Platform Multi-Year,SMB,Financial Services,APAC,Sophia Nguyen,REP-105,Amara Osei,Grace Okonkwo,Core Platform,Multi-Year,Event / Conference,Starburst,,9700.0,7000.0,20900.0,0.28,True,$50k–$150k,"May 16, 2024",21-Jun-2024,36.0,3.0,3.0,0.0,44.0,33.0,Closed Won,Kenneth Gonzalez,Data Architect,IC,,Emily Hudson,SVP Technology,True,3.0,3,3.0,False,True,False,1.9,2.1,0.2,0.27,37.0,10.0,3.0,4.0,Checking in,16.0,2.1,5.0,4.0,4.0,Demo,15.0,4.0,63.0,11.0,Expanding,2.0,False,0.0,True,,True,True,False,False,False,True,,,True,7.0,75.0,True,0.0,72.0,9.0,True,,50.0,"Competitive deal vs Starburst, but we had the better integration story.",Truth view response trip wrong old particularly member summer system artist too whose.,9.0,Best Case,True,05/10/2026,,Won,,
DL-1134,"ALLISON, CHRISTIAN AND BOOTH",ACC-40482,Walton LLC - Governance Module Pilot,Mid-Market,Healthcare,Northeast,Alex Morgan,REP-100,Liam Sutherland,,Governance Module,Pilot,Outbound SDR,Monte Carlo,,47500.0,33700.0,89400.0,0.29,False,$50k–$150k,2024-08-20,2024-11-01,73.0,5.0,2.0,0.0,37.0,18.0,Closed Lost,Wayne Williams,Chief Data Officer,C-Suite,2.7,Mason Powell,VP Engineering,True,3.0,8,8.0,False,False,True,2.5,0.8,-1.7,0.7,27.0,19.0,5.0,9.0,RE: RE: RE: Next steps??,3.0,1.6,4.0,4.0,3.0,Pricing,3.0,1.0,65.0,-9.0,Contracting,0.0,False,0.0,True,True,True,True,False,False,False,True,False,True,False,,28.0,False,2.0,,19.0,,,77.0,Lost — no decision / stalled. No additional detail.,Bad know of because material firm wonder seat adult idea along near.,10.0,Pipeline,True,05/20/2026,True,Lost,Chose Competitor,
DL-1027,"Bradshaw Ltd, Inc.",ACC-22729,"Guerrero, Peck and Coleman - Analytics Suite Monthly",Mid-Market,Technology,Southwest,James O'Brien,REP-106,Amara Osei,,Analytics Suite,Monthly,LinkedIn Outbound,Alation,,47700.0,46700.0,137600.0,0.02,False,$150k–$500k,"August 07, 2025",2025-11-10,95.0,10.0,2.0,0.0,33.0,,Closed Won,Maria Kerr,BI Lead,Manager,2.6,Andrea Martin,Director of IT,False,0.0,2,1.0,True,False,False,0.9,0.6,-0.3,0.69,52.0,36.0,0.0,1.0,,15.0,1.9,10.0,5.0,3.0,Technical Review,4.0,3.0,68.0,10.0,Contracting,1.0,True,3.0,True,True,True,False,True,False,False,False,,True,False,,,True,2.0,,21.0,,,,"Strong champion, got exec in early. Smooth close.",Organization station TV keep light fight I evening music just our threat same.,9.0,Pipeline,,,False,Won,,
DL-1915,The Shea-Vaughn,ACC-56956,"Johnson, Johnson and Ramsey - Analytics Suite Multi-Year",SMB,Insurance,APAC,James O'Brien,REP-106,Hana Takeda,,Analytics Suite,Multi-Year,Cold Email Sequence,None / Greenfield,Collibra,8900.0,8900.0,,0.35,False,$150k–$500k,2025-10-28,2025-12-07,40.0,15.0,5.0,2.0,,28.0,Closed Lost,Robert Ward,Data Platform Lead,Manager,,Linda Patel,VP Engineering,True,5.0,5,3.0,False,False,False,1.5,0.9,-0.6,1.0,14.0,14.0,0.0,19.0,following up again...,3.0,0.7,2.0,5.0,3.0,Demo,4.0,5.0,78.0,8.0,,5.0,True,4.0,False,,False,False,False,True,True,False,,True,False,,,False,1.0,78.0,11.0,,2.0,83.0,Snowflake offered a massive discount at the last minute. We couldn't match.,Less run account leader exactly truth serve serve note recent land trip majority center will.,9.0,Pipeline,,,True,Lost,No Decision / Stalled,Competitor Displacement
DL-1230,RobinsonPLC,ACC-48785,Decker PLC - Core Platform Monthly,Mid-Market,Financial Services,West,Priya Shah,REP-101,Benjamin Cross,,Core Platform,Monthly,PLG Expansion,Databricks,,130500.0,99200.0,278700.0,0.24,False,,02/12/2025,"May 04, 2025",81.0,44.0,2.0,1.0,12.0,5.0,Closed Lost,Sandra Fox,Chief Data Officer,C-Suite,11.7,Kristen Avila,CTO,True,3.0,7,5.0,False,True,False,2.2,1.4,-0.8,0.05,45.0,2.0,33.0,26.0,Re: Follow up from our call,16.0,2.3,12.0,0.0,3.0,Executive QBR,10.0,4.0,72.0,-8.0,Contracting,0.0,True,2.0,True,True,True,True,True,True,,False,,,True,19.0,41.0,False,2.0,64.0,22.0,True,,62.0,Multiple follow-ups with no reply. Probably went internal.,Individual trouble bring capital admit give reality catch kind would.,6.0,Commit,,"May 09, 2026",False,Lost,Missing Feature,Ghost Stall
DL-1489,Evans and Sons Inc,ACC-13537,Phillips Inc - Core Platform Monthly,Mid-Market,Media,Southwest,David Park,REP-104,Hana Takeda,Elena Ruiz,Core Platform,Monthly,Cold Email Sequence,dbt Labs,Atlan,123700.0,103900.0,217600.0,0.16,True,,04-Sep-2025,2025-10-29,55.0,18.0,4.0,0.0,25.0,9.0,Closed Lost,Pamela Miller,Lead Data Engineer,IC,,Theodore Hernandez,Director of IT,True,3.0,6,5.0,False,True,,2.0,2.1,0.1,0.85,55.0,47.0,6.0,9.0,RE: RE: RE: Next steps??,12.0,2.6,9.0,4.0,2.0,Demo,14.0,2.0,92.0,12.0,Expanding,2.0,True,4.0,False,,True,True,True,True,,False,True,True,False,,59.0,False,1.0,54.0,23.0,True,5.0,,Lost — wrong timing. No additional detail.,,6.0,Omitted,True,"May 07, 2026",True,Lost,Price / Budget,
DL-1772,Jacobs-Martinez LLC,ACC-16456,"Figueroa, Heath and Hernandez - Full Bundle Pilot",Enterprise,Financial Services,EMEA,Alex Morgan,REP-100,Hana Takeda,Casey Wu,Full Bundle,Pilot,Outbound SDR,Snowflake,,658900.0,658900.0,1818900.0,0.0,True,$150k–$500k,"February 17, 2025",05/29/2025,101.0,12.0,4.0,0.0,32.0,,Closed Lost,Joshua Erickson,Analytics Engineer,IC,,Robert Morris,CTO,False,0.0,4,3.0,True,,True,2.1,0.5,-1.6,0.98,47.0,46.0,0.0,1.0,,5.0,2.3,5.0,5.0,1.0,POC Review,6.0,5.0,80.0,-5.0,Expanding,1.0,False,0.0,True,False,True,False,True,False,False,False,True,True,False,,,True,2.0,72.0,16.0,,6.0,64.0,"Champion was IC level, couldn't drive the purchase alone.",Social opportunity save wide few my manage issue plant stop cup decade doctor color operation next great group.,10.0,Best Case,False,,True,Lost,No Decision / Stalled,Exec Vacuum
DL-1378,Kim-Mitchell,ACC-65478,Harmon Group - Analytics Suite Pilot,Mid-Market,Media,Southwest,Rachel Kim,REP-107,Jordan Blake,Casey Wu,Analytics Suite,Pilot,PLG Expansion,Collibra,Snowflake,36300.0,36300.0,95300.0,0.0,True,>$500k,"August 11, 2025",11/05/2025,86.0,8.0,5.0,0.0,45.0,31.0,Closed Won,Rhonda Lee,Chief Data Officer,C-Suite,0.7,Lori Barnett,CTO,True,2.0,6,6.0,True,,False,1.0,0.6,-0.4,0.36,22.0,8.0,1.0,5.0,Introduction: Gonzalez <> Tiger Data,10.0,2.3,7.0,4.0,2.0,POC Review,11.0,3.0,79.0,-8.0,Expanding,2.0,False,0.0,False,True,True,True,True,True,False,True,True,True,True,17.0,,True,2.0,70.0,23.0,True,5.0,,multi-threaded well.. finance and eng both bought in..,,10.0,Pipeline,True,2026-05-05,,Won,,
DL-1288,"The Singh, Gaines and Smith",ACC-50724,Campbell-Reed - Core Platform Multi-Year,SMB,Insurance,Midwest,Alex Morgan,REP-100,Hana Takeda,Isla Berg,Core Platform,Multi-Year,PLG Expansion,dbt Labs,,14000.0,13300.0,39000.0,0.05,False,>$500k,18-Oct-2025,2025-11-18,31.0,12.0,3.0,1.0,15.0,,Closed Lost,Theresa Underwood PhD,Chief Data Officer,C-Suite,,Matthew Hays,CTO,False,0.0,4,2.0,,False,False,0.5,2.4,1.9,0.29,48.0,14.0,4.0,2.0,Re: Follow up from our call,9.0,2.7,4.0,5.0,3.0,Demo,13.0,1.0,90.0,-2.0,Stable,0.0,False,0.0,True,False,True,False,False,True,False,True,True,False,False,,44.0,True,1.0,79.0,8.0,False,6.0,,Lost — champion left. No additional detail.,,6.0,Pipeline,,"April 23, 2026",,Lost,Wrong Timing,
DL-1418,SandersPLC,ACC-29069,Marshall Inc - Analytics Suite Multi-Year,SMB,Technology,EMEA,Tyler Brooks,REP-108,Liam Sutherland,,Analytics Suite,Multi-Year,Cold Email Sequence,None / Greenfield,,20700.0,19500.0,52300.0,0.06,False,,10-Oct-2024,05-Nov-2024,26.0,7.0,3.0,0.0,24.0,,Closed Lost,Nicholas Rios,Director of Data,Director,10.2,Robert Martin,VP Operations,False,4.0,4,1.0,,False,True,1.6,8.92,7.32,0.69,26.0,18.0,5.0,6.0,RE: RE: RE: Next steps??,7.0,1.0,6.0,2.0,1.0,Pricing,28.0,4.0,50.0,-24.0,Expanding,1.0,True,2.0,True,True,True,False,True,True,False,True,False,True,True,23.0,35.0,True,1.0,94.0,25.0,False,1.0,,New data lead came in and had a prior relationship with Snowflake.,Offer himself lawyer main whether I side field else plant.,8.0,Best Case,False,05/12/2026,False,Lost,Champion Left,Champion Collapse
DL-1674,WILSON INC,ACC-15404,"Carrillo, Murphy and Lopez - Analytics Suite Annual",Enterprise,Energy,Southwest,Tyler Brooks,REP-108,Hana Takeda,Jaylen Ford,Analytics Suite,Annual,LinkedIn Outbound,Collibra,,644700.0,644700.0,644700.0,0.3,,,"October 21, 2025",08-Mar-2026,138.0,14.0,3.0,1.0,,,Closed Lost,Megan Floyd,Lead Data Engineer,IC,2.7,Catherine Martinez,SVP Technology,False,0.0,5,5.0,True,True,False,2.3,2.1,-0.2,0.7,23.0,16.0,7.0,12.0,[External] Re: Tiger Data POC,10.0,2.9,11.0,5.0,3.0,Pricing,14.0,3.0,66.0,13.0,,5.0,True,2.0,False,True,False,False,False,False,True,,,True,True,6.0,68.0,True,2.0,85.0,10.0,True,5.0,37.0,Lost to Fivetran on connector breadth. They had 200+ native connectors.,,7.0,Commit,False,,,Lost,No Decision / Stalled,Competitor Displacement
DL-1391,Frost and Sons Inc,ACC-99760,,SMB,Insurance,EMEA,Priya Shah,REP-101,Hana Takeda,,Core Platform,Pilot,Cold Email Sequence,Monte Carlo,,32700.0,30100.0,88200.0,0.21,False,$50k–$150k,"July 17, 2025",12-Aug-2025,26.0,4.0,3.0,1.0,,24.0,Closed Lost,Rebecca Peterson,BI Lead,Manager,,Jason Wagner,Director of IT,True,4.0,4,4.0,False,False,False,1.3,2.0,0.7,0.92,12.0,11.0,0.0,15.0,following up again...,8.0,2.5,9.0,4.0,1.0,Executive QBR,2.0,4.0,70.0,-5.0,Expanding,6.0,True,1.0,,False,False,True,False,False,True,True,,False,True,15.0,,True,2.0,61.0,15.0,True,,87.0,they went with databricks.. had deeper existing footprint..,Office plan significant tonight then administration building enjoy never us.,9.0,,True,05/14/2026,False,Lost,No Decision / Stalled,Competitor Displacement
DL-1592,GrayPLC,ACC-39818,Nguyen PLC - Governance Module Annual,Enterprise,Manufacturing,APAC,James O'Brien,REP-106,Hana Takeda,Isla Berg,Governance Module,Annual,LinkedIn Outbound,Fivetran,,476100.0,476100.0,476100.0,0.0,True,$150k–$500k,2024-10-30,13-Apr-2025,165.0,48.0,2.0,1.0,,,Closed Lost,Robert Bond,BI Lead,Manager,,Janet Sandoval,COO,False,0.0,2,2.0,True,False,,0.8,0.9,0.1,0.18,54.0,9.0,19.0,31.0,Introduction: Baker <> Tiger Data,20.0,1.5,3.0,0.0,3.0,Technical Review,14.0,4.0,67.0,-6.0,Stable,0.0,False,0.0,True,False,False,True,True,False,False,False,,True,False,,73.0,False,0.0,85.0,19.0,False,0.0,89.0,Lost — price / budget. No additional detail.,,6.0,Commit,,"May 12, 2026",,Lost,Missing Feature,Ghost Stall
DL-1498,Moss-Reed Inc,ACC-48440,,SMB,Healthcare,Northeast,Emily Rodriguez,REP-103,Amara Osei,Henry Vasquez,Full Bundle,Multi-Year,Inbound - Website,Collibra,dbt Labs,27600.0,19900.0,44400.0,0.28,True,,02/03/2026,2026-02-21,18.0,5.0,3.0,0.0,,28.0,Closed Won,Gregory Carter,Analytics Manager,Manager,,Nicole Simpson,VP Operations,True,1.0,7,5.0,True,True,True,2.1,2.9,0.8,0.32,37.0,12.0,2.0,7.0,Quick question on the proposal,20.0,2.2,8.0,1.0,1.0,POC Review,6.0,0.0,82.0,11.0,Expanding,1.0,True,1.0,False,True,False,False,False,True,False,False,True,,False,,52.0,False,0.0,52.0,17.0,False,,82.0,"competitive deal vs collibra, but we had teh better integration story..",Imagine which beat education case under population late much quite threat gas truth work certain game plan seat.,10.0,Pipeline,True,"April 30, 2026",False,Won,,
DL-1138,"Klein,ParksandMorse",ACC-66264,Zavala Ltd - Full Bundle Pilot,Mid-Market,Technology,APAC,James O'Brien,REP-106,Benjamin Cross,Grace Okonkwo,Full Bundle,Pilot,Event / Conference,Fivetran,,103400.0,103400.0,263400.0,0.0,False,>$500k,12-Sep-2025,"November 24, 2025",73.0,13.0,3.0,0.0,,33.0,Closed Won,Cassandra Daniels,Head of Data Engineering,Manager,6.7,,CFO,True,3.0,6,4.0,False,True,False,1.3,2.3,1.0,0.23,44.0,10.0,7.0,2.0,[External] Re: Tiger Data POC,12.0,1.0,5.0,1.0,1.0,,9.0,3.0,77.0,14.0,Expanding,2.0,False,0.0,True,True,False,True,True,True,False,,False,False,True,15.0,,,0.0,73.0,18.0,True,7.0,,Multi-threaded well. Finance and Eng both bought in.,Lose number project individual security subject experience suggest space mission agent certainly prove customer seek claim expert economy.,7.0,Commit,False,,,Won,,
DL-1062,"Hoffman, Flores and Owens, Inc.",ACC-25448,Cole-Thomas - Governance Module Annual,Mid-Market,Energy,EMEA,James O'Brien,REP-106,Hana Takeda,,Governance Module,Annual,Executive Referral,dbt Labs,,108000.0,108000.0,108000.0,0.0,True,,2025-10-19,"December 17, 2025",59.0,3.0,2.0,0.0,35.0,26.0,Closed Lost,Tony Lin,Head of Data Engineering,Manager,,Victor Barrera,CTO,True,5.0,7,6.0,True,,,0.8,0.6,-0.2,0.7,53.0,37.0,0.0,7.0,Quick question on the proposal,16.0,2.9,4.0,4.0,4.0,Executive QBR,9.0,1.0,82.0,12.0,Stable,2.0,False,0.0,,False,True,True,True,False,False,False,True,,False,,76.0,,0.0,73.0,18.0,False,0.0,,lost — wrong timing.. no additional detail..,,7.0,Commit,False,,True,Lost,Wrong Timing,
DL-1471,Hernandez-Carter,ACC-67755,Perez Ltd - Governance Module Monthly,SMB,Logistics,Northeast,Nina Petrov,REP-109,Liam Sutherland,Henry Vasquez,Governance Module,Monthly,LinkedIn Outbound,Monte Carlo,,22800.0,22800.0,,0.0,True,>$500k,2025-02-28,03/20/2025,20.0,16.0,5.0,1.0,38.0,22.0,Closed Won,Matthew Gonzales,Analytics Engineer,IC,11.8,Andrea Sanchez,CTO,True,1.0,6,4.0,,True,True,1.1,1.6,0.5,0.78,32.0,25.0,4.0,3.0,following up again...,10.0,2.6,2.0,3.0,3.0,POC Review,8.0,2.0,62.0,10.0,Stable,2.0,False,0.0,True,True,True,True,False,True,,,True,,False,,46.0,,2.0,71.0,9.0,,,42.0,close was delayed 2 weeks on legal but closed strong..,Explain claim natural fish born assume million admit result right focus although top range accept about around.,7.0,Pipeline,True,05/06/2026,False,Won,,
DL-1647,JOHNSON GROUP,ACC-30358,Hudson-Lane - Core Platform Monthly,SMB,Technology,Midwest,Emily Rodriguez,REP-103,Liam Sutherland,Danny Patel,Core Platform,Monthly,Inbound - Website,Fivetran,Collibra,21700.0,21700.0,64500.0,0.0,True,,01/23/2026,02/26/2026,34.0,9.0,3.0,0.0,,15.0,Closed Won,Jennifer Patterson,Director of Data,Director,7.5,Samantha Brown,CFO,True,3.0,6,5.0,True,,False,0.9,2.6,1.7,0.61,23.0,14.0,0.0,7.0,Re: Follow up from our call,5.0,1.2,7.0,3.0,1.0,Executive QBR,14.0,1.0,87.0,9.0,Contracting,2.0,False,0.0,True,False,False,True,True,False,,False,True,False,True,24.0,38.0,False,2.0,54.0,19.0,,5.0,51.0,"Strong champion, got exec in early. Smooth close.",Hit keep enjoy sing time you may reason by threat design create summer fill recognize worry technology after.,10.0,Best Case,True,05/11/2026,True,Won,,
DL-1128,garcia plc,ACC-90938,"Torres, Brown and Williams - Governance Module Annual",SMB,Insurance,EMEA,Priya Shah,REP-101,Hana Takeda,Henry Vasquez,Governance Module,Annual,PLG Expansion,Databricks,Collibra,33800.0,28100.0,28100.0,0.21,True,,11/07/2025,"December 17, 2025",40.0,3.0,5.0,1.0,22.0,6.0,Closed Lost,Joy Meyer,Head of Data Engineering,Manager,,Jessica Mcdaniel,CFO,True,2.0,6,6.0,False,,,0.5,0.9,0.4,0.38,29.0,11.0,5.0,20.0,Quick question on the proposal,5.0,2.2,9.0,3.0,2.0,Discovery,13.0,4.0,60.0,-4.0,Contracting,6.0,True,2.0,False,False,True,True,True,True,True,,True,False,False,,64.0,True,1.0,60.0,23.0,True,3.0,72.0,They went with Databricks. Had deeper existing footprint.,,7.0,Omitted,True,,True,Lost,Chose Competitor,Competitor Displacement
DL-1096-DUP,Thomas LLC Inc Inc,ACC-34191,Juarez Ltd - Full Bundle Monthly,Enterprise,Retail,West,Sophia Nguyen,REP-105,Amara Osei,Danny Patel,Full Bundle,Monthly,Executive Referral,dbt Labs,,765100.0,765100.0,1545800.0,0.0,True,,2023-11-11,2024-04-24,165.0,8.0,2.0,0.0,25.0,,Closed Won,Charles Chen,Analytics Engineer,IC,4.0,Jaime Jones,VP Operations,False,0.0,6,6.0,False,,,1.7,2.7,1.0,0.18,49.0,9.0,1.0,5.0,RE: RE: RE: Next steps??,5.0,2.4,10.0,4.0,2.0,Demo,12.0,0.0,86.0,13.0,Contracting,0.0,False,0.0,False,False,True,True,True,False,True,,True,True,False,,59.0,True,0.0,74.0,6.0,True,2.0,,"Strong champion, got exec in early. Smooth close.",,9.0,Pipeline,False,2026-04-25,,Won,,
DL-1520,"Strong, Reyes and Evans LLC",ACC-32757,Edwards and Sons - Analytics Suite Pilot,Mid-Market,Logistics,Midwest,Nina Petrov,REP-109,Benjamin Cross,,Analytics Suite,Pilot,PLG Expansion,Monte Carlo,,139300.0,139300.0,339200.0,0.0,False,$150k–$500k,"February 23, 2024",2024-04-23,60.0,14.0,6.0,1.0,,6.0,Closed Won,Cindy Hampton,Analytics Engineer,IC,6.2,Joanna Garza,CFO,True,4.0,2,2.0,False,True,True,1.4,1.8,0.4,0.28,36.0,10.0,5.0,7.0,[External] Re: Tiger Data POC,15.0,3.0,6.0,3.0,4.0,Executive QBR,15.0,0.0,58.0,6.0,,2.0,False,0.0,False,True,False,False,True,True,,False,True,False,True,25.0,,False,1.0,50.0,7.0,,5.0,,Fast cycle. Champion had budget approved before we even started.,Power few each administration dinner keep main letter let think.,6.0,Best Case,False,2026-04-29,False,Won,,
DL-1838,MURPHY-CHEN,ACC-91263,"Richard, Flores and Lowe - Core Platform Monthly",SMB,Insurance,EMEA,David Park,REP-104,Hana Takeda,Frankie Hale,Core Platform,Monthly,Executive Referral,Fivetran,,31200.0,26800.0,58000.0,0.14,True,<$50k,"October 25, 2024",2024-11-30,36.0,13.0,6.0,0.0,,22.0,Closed Won,Cameron Davis,Director of Data,Director,,Larry Wiley,SVP Technology,True,2.0,6,5.0,False,False,False,2.3,1.5,-0.8,0.36,36.0,13.0,4.0,10.0,,16.0,1.1,7.0,1.0,2.0,POC Review,8.0,3.0,60.0,6.0,Expanding,1.0,True,3.0,False,True,False,True,True,False,True,False,,True,False,,89.0,False,1.0,67.0,3.0,False,7.0,89.0,fast cycle.. champion had budget approved before we even started..,Might represent exactly and happen meeting decide will find final low anything.,6.0,Commit,True,2026-04-29,True,Won,,
DL-1704-DUP,"Nelson LLC LLC, Inc.",ACC-33873,Meyer-Carrillo - Core Platform Multi-Year,SMB,Media,Southwest,James O'Brien,REP-106,Amara Osei,Elena Ruiz,Core Platform,Multi-Year,Event / Conference,None / Greenfield,Snowflake,25100.0,21800.0,49800.0,0.13,False,$150k–$500k,14-Jul-2024,08/06/2024,23.0,5.0,4.0,1.0,19.0,12.0,Closed Won,Shawn Berry,VP of Data,VP,8.5,Max Williams,COO,True,1.0,7,6.0,False,True,True,1.7,2.0,0.3,0.39,56.0,22.0,0.0,7.0,Quick question on the proposal,17.0,0.5,7.0,2.0,2.0,Technical Review,9.0,2.0,55.0,-6.0,Stable,2.0,True,4.0,True,,True,True,True,False,,False,True,True,True,21.0,33.0,True,0.0,94.0,4.0,False,,89.0,"strong champion, got exec in early.. smooth close..",,7.0,Commit,True,04/30/2026,,Won,,
DL-1064,Anderson Inc Inc,ACC-16752,Brooks-Hatfield - Core Platform Pilot,Enterprise,Logistics,Midwest,Rachel Kim,REP-107,Amara Osei,Frankie Hale,Core Platform,Pilot,Inbound - Website,Alation,Snowflake,755400.0,747800.0,1968700.0,0.01,,$150k–$500k,"May 22, 2025",10-Nov-2025,172.0,15.0,3.0,1.0,,32.0,Closed Lost,Holly Thomas,Director of Data,Director,1.2,Jennifer Williams,VP Operations,True,2.0,2,1.0,True,,True,1.1,2.9,1.8,0.5,14.0,7.0,7.0,6.0,fwd: technical review docs,19.0,2.2,9.0,5.0,4.0,Executive QBR,4.0,5.0,66.0,-10.0,Contracting,0.0,True,3.0,True,True,False,True,False,False,True,,True,False,True,22.0,,True,0.0,85.0,9.0,,7.0,23.0,lost — champion left.. no additional detail..,,8.0,Best Case,False,,False,Lost,No Decision / Stalled,
DL-1812,The Flores Ltd,ACC-28251,"Estes, Campbell and Mitchell - Full Bundle Monthly",SMB,Insurance,EMEA,Alex Morgan,REP-100,Jordan Blake,,Full Bundle,Monthly,Event / Conference,Starburst,,23200.0,20200.0,55900.0,0.13,False,<$50k,01-May-2025,05/20/2025,19.0,20.0,6.0,0.0,,7.0,Closed Won,Jose Martinez,Analytics Manager,Manager,9.7,Justin Higgins,CFO,True,3.0,3,3.0,True,False,,1.9,2.3,0.4,0.5,20.0,10.0,1.0,1.0,Q4 pricing — URGENT,19.0,2.1,4.0,3.0,3.0,Executive QBR,6.0,3.0,75.0,11.0,Expanding,0.0,False,0.0,False,True,False,False,True,True,False,False,,,True,12.0,57.0,True,1.0,77.0,19.0,True,2.0,46.0,"competitive deal vs starburst, but we had teh better integration story..",Hope picture morning exist stuff executive form woman church collection some he but pattern appear record here doctor speech.,6.0,Omitted,True,05/20/2026,False,Won,,
DL-1014,CARLSON LLC,ACC-83752,"Hartman, Graham and Joyce - Full Bundle Pilot",Enterprise,Technology,Southwest,Nina Petrov,REP-109,Liam Sutherland,Henry Vasquez,Full Bundle,Pilot,PLG Expansion,Snowflake,,344300.0,344300.0,855800.0,0.0,True,,"July 25, 2025",2026-02-15,205.0,5.0,3.0,1.0,37.0,22.0,Closed Won,Steven Lee,Analytics Engineer,IC,10.6,,Chief Data Officer,True,4.0,8,6.0,False,,False,1.5,2.8,1.3,0.48,21.0,10.0,2.0,9.0,,17.0,0.8,5.0,2.0,2.0,Pricing,11.0,5.0,95.0,-6.0,Expanding,2.0,False,0.0,True,False,True,False,True,True,,False,,True,False,,72.0,False,0.0,67.0,2.0,,8.0,99.0,multi-threaded well.. finance and eng both bought in..,Rather vote say culture issue we TV perhaps professional by tonight medical project for recent never court.,10.0,Commit,True,2026-04-29,False,Won,,
DL-1156,"CRUZ, JOYCE AND MENDEZ",ACC-54113,"Mitchell, Stuart and Brown - Core Platform Annual",Mid-Market,Energy,Southeast,Marcus Chen,REP-102,Jordan Blake,Elena Ruiz,Core Platform,Annual,Partner Referral,Collibra,,120700.0,101400.0,,0.16,,>$500k,02/19/2024,05/13/2024,84.0,13.0,4.0,0.0,,28.0,Closed Won,Casey Snyder,Senior Data Engineer,IC,4.8,Samuel Galvan,Chief Data Officer,True,2.0,8,8.0,True,False,True,2.2,2.6,0.4,0.8,15.0,12.0,8.0,8.0,following up again...,17.0,1.0,2.0,3.0,3.0,POC Review,5.0,1.0,68.0,3.0,Contracting,1.0,True,1.0,True,,False,False,True,True,True,False,False,True,True,29.0,25.0,False,0.0,82.0,15.0,True,,,Fast cycle. Champion had budget approved before we even started.,,6.0,Best Case,True,20-May-2026,False,Won,,
DL-1040,"Williams, Logan and Camacho Inc",ACC-17669,"Turner, Schneider and Johnson - Core Platform Annual",Mid-Market,Healthcare,Southwest,David Park,REP-104,Hana Takeda,Elena Ruiz,Core Platform,Annual,Cold Email Sequence,Atlan,,98900.0,76200.0,76200.0,0.23,,$150k–$500k,2025-07-22,09/13/2025,53.0,18.0,4.0,0.0,,7.0,Closed Won,Dr. Jessica Rodriguez DDS,Director of Data,Director,,Steven Morris,CFO,True,5.0,5,5.0,False,False,,2.2,1.2,-1.0,0.21,24.0,5.0,4.0,4.0,,17.0,1.7,2.0,2.0,3.0,Executive QBR,14.0,1.0,81.0,-5.0,Expanding,1.0,True,3.0,False,False,False,True,True,False,,True,True,True,False,,,True,2.0,86.0,10.0,False,,56.0,"Strong champion, got exec in early. Smooth close.",Assume every plan nature foot yes most law painting between.,8.0,Pipeline,,2026-05-18,True,Won,,
DL-1492,The Avila-Santiago,ACC-60250,Dixon LLC - Governance Module Multi-Year,Enterprise,Insurance,Midwest,Tyler Brooks,REP-108,Hana Takeda,,Governance Module,Multi-Year,Cold Email Sequence,Collibra,Databricks,697700.0,690700.0,1714600.0,0.01,,,"May 10, 2024",03-Oct-2024,146.0,18.0,6.0,0.0,,,Closed Lost,Michael Terry MD,Senior Data Engineer,IC,9.7,Kevin Clark,SVP Technology,False,0.0,4,3.0,False,True,,1.0,2.6,1.6,1.0,22.0,22.0,5.0,9.0,,17.0,3.0,3.0,3.0,4.0,Executive QBR,15.0,3.0,60.0,1.0,Expanding,1.0,True,4.0,False,True,False,True,True,True,False,True,True,True,True,24.0,,False,0.0,80.0,14.0,True,6.0,9.0,"Champion was IC level, couldn't drive the purchase alone.",Man glass ball think meeting stock however charge account physical performance enter hear home strong senior eight cultural.,7.0,Commit,False,2026-05-06,False,Lost,No Decision / Stalled,Exec Vacuum
DL-1379,Hudson Group,ACC-74972,"Bell, Montgomery and Hansen - Core Platform Pilot",SMB,Education,EMEA,Priya Shah,REP-101,Hana Takeda,Henry Vasquez,Core Platform,Pilot,Cold Email Sequence,None / Greenfield,Alation,28600.0,22300.0,63600.0,0.22,False,,"May 27, 2024",05-Jul-2024,39.0,16.0,4.0,1.0,40.0,,Closed Lost,Austin Patterson,Senior Data Engineer,IC,11.2,Benjamin Miller,CTO,False,0.0,5,3.0,,True,True,2.3,1.0,-1.3,0.87,38.0,33.0,0.0,9.0,Checking in,5.0,1.1,6.0,5.0,1.0,,5.0,0.0,78.0,-10.0,,2.0,True,2.0,True,True,True,False,True,False,True,,True,False,True,10.0,86.0,,2.0,78.0,23.0,False,0.0,,"Champion was IC level, couldn't drive the purchase alone.",Fear brother discover own former difference wait two edge reflect attack the why avoid offer table use.,6.0,Commit,False,"May 14, 2026",False,Lost,Price / Budget,Exec Vacuum
DL-1187,ayala-mitchell,ACC-69525,Henderson PLC - Full Bundle Pilot,SMB,Healthcare,Midwest,Emily Rodriguez,REP-103,Hana Takeda,,Full Bundle,Pilot,LinkedIn Outbound,None / Greenfield,Atlan,31600.0,31600.0,83900.0,0.0,True,,04/09/2025,2025-04-27,18.0,10.0,4.0,0.0,,,Closed Lost,Melissa Mckee,Data Engineer,IC,,Matthew Davis,CFO,False,0.0,7,6.0,False,False,True,1.1,1.6,0.5,0.64,33.0,21.0,8.0,1.0,Q4 pricing — URGENT,19.0,1.0,2.0,1.0,1.0,Demo,7.0,5.0,68.0,8.0,,0.0,False,0.0,,False,False,True,True,False,True,False,,False,False,,,,2.0,90.0,2.0,,0.0,29.0,Lost — wrong timing. No additional detail.,Both single visit receive career including late condition opportunity Republican dark lawyer economic reality trade someone responsibility.,10.0,Best Case,True,,True,Lost,No Decision / Stalled,Exec Vacuum
DL-1763,davis llc,ACC-55102,Gregory LLC - Full Bundle Monthly,SMB,Retail,Southwest,Emily Rodriguez,REP-103,Liam Sutherland,Frankie Hale,Full Bundle,Monthly,Event / Conference,Starburst,Databricks,28200.0,28200.0,59400.0,0.0,False,$150k–$500k,05-Jun-2025,07/02/2025,27.0,14.0,4.0,1.0,13.0,,Closed Lost,Billy Henderson Jr.,Analytics Engineer,IC,10.0,John Eaton,Director of IT,False,0.0,8,7.0,False,,False,1.9,2.3,0.4,0.86,14.0,12.0,7.0,0.0,,8.0,2.2,10.0,4.0,2.0,Executive QBR,12.0,5.0,65.0,15.0,Stable,1.0,False,0.0,False,False,True,False,True,False,True,True,True,True,True,5.0,74.0,,1.0,75.0,19.0,,7.0,100.0,Lost — security / compliance failed. No additional detail.,Tv south ball under knowledge sing thousand rate.,10.0,Omitted,False,2026-04-27,False,Lost,Price / Budget,Exec Vacuum
DL-1216,The Jensen-Wu,ACC-65937,Williams-Yang - Full Bundle Monthly,Mid-Market,Media,Southwest,Tyler Brooks,REP-108,Jordan Blake,Casey Wu,Full Bundle,Monthly,LinkedIn Outbound,Snowflake,,147000.0,122000.0,305500.0,0.25,True,$50k–$150k,2024-08-19,21-Nov-2024,94.0,11.0,4.0,2.0,,15.0,Closed Lost,Casey Floyd,Analytics Engineer,IC,,Mr. Steven Griffith,Chief Data Officer,True,1.0,4,2.0,,False,True,1.2,0.7,-0.5,0.94,53.0,50.0,7.0,19.0,Quick question on the proposal,14.0,1.3,7.0,5.0,2.0,POC Review,4.0,3.0,60.0,11.0,Stable,5.0,True,1.0,False,True,False,False,True,False,,,False,True,False,,62.0,False,0.0,89.0,10.0,False,8.0,95.0,Lost to Fivetran on connector breadth. They had 200+ native connectors.,Often industry section together discover body direction down include customer through available one approach job democratic participant concern.,6.0,Pipeline,False,05/03/2026,,Lost,No Decision / Stalled,Competitor Displacement
DL-1921,CollinsInc,ACC-91005,"Rivera, Gilbert and Lawrence - Full Bundle Annual",SMB,Energy,EMEA,Emily Rodriguez,REP-103,Jordan Blake,Jaylen Ford,Full Bundle,Annual,Cold Email Sequence,Monte Carlo,,14000.0,14000.0,14000.0,0.0,False,,"July 11, 2025","August 17, 2025",37.0,10.0,4.0,1.0,,,Closed Won,Robert Rocha,Senior Data Engineer,IC,,Jennifer Perez,VP Engineering,False,0.0,8,6.0,True,False,True,0.9,1.9,1.0,0.19,58.0,11.0,7.0,9.0,,13.0,0.5,7.0,3.0,4.0,,13.0,2.0,64.0,-8.0,Contracting,2.0,True,2.0,False,True,False,False,True,True,True,False,False,False,True,16.0,92.0,True,0.0,87.0,16.0,False,6.0,23.0,Fast cycle. Champion had budget approved before we even started.,Way weight democratic sit still most new whatever final general.,8.0,Pipeline,True,,False,Won,,
DL-1791,Hernandez-Martin LLC,ACC-83853,Pierce-Curtis - Governance Module Pilot,Mid-Market,Retail,EMEA,Alex Morgan,REP-100,Jordan Blake,Elena Ruiz,Governance Module,Pilot,Cold Email Sequence,Snowflake,,115400.0,90000.0,269300.0,0.22,True,$50k–$150k,2025-04-25,2025-07-23,89.0,5.0,3.0,0.0,,,Closed Won,Sandra Kirby,BI Lead,Manager,2.8,,CTO,False,0.0,4,3.0,,,,1.9,0.6,-1.3,0.39,49.0,19.0,5.0,1.0,,14.0,0.8,5.0,4.0,2.0,POC Review,11.0,1.0,89.0,3.0,Expanding,0.0,False,0.0,,True,False,False,False,False,True,False,True,False,True,9.0,56.0,False,1.0,82.0,8.0,,0.0,,Multi-threaded well. Finance and Eng both bought in.,,7.0,,True,2026-05-05,True,Won,,
DL-1052,The Perry Group,ACC-90050,"Brooks, Hughes and Miller - Full Bundle Pilot",Mid-Market,Manufacturing,Northeast,Tyler Brooks,REP-108,Jordan Blake,Casey Wu,Full Bundle,Pilot,LinkedIn Outbound,Collibra,Starburst,40400.0,33900.0,81400.0,0.16,False,<$50k,"December 13, 2024","February 14, 2025",63.0,32.0,2.0,1.0,11.0,12.0,Closed Lost,Fernando Garcia,Data Engineer,IC,7.6,Gabriela Thomas,COO,True,3.0,6,6.0,True,False,,0.9,0.7,-0.2,0.14,22.0,3.0,32.0,14.0,,10.0,2.9,7.0,0.0,1.0,Executive QBR,12.0,4.0,92.0,15.0,Expanding,2.0,False,0.0,True,False,True,False,True,True,False,,True,,False,,94.0,False,0.0,83.0,4.0,,4.0,37.0,multiple follow-ups with no reply.. probably went internal..,,6.0,,True,04/28/2026,True,Lost,No Decision / Stalled,Ghost Stall
DL-1878,stein llc,ACC-62636,"Allen, Thompson and Sullivan - Full Bundle Monthly",Enterprise,Retail,Midwest,Marcus Chen,REP-102,Benjamin Cross,Elena Ruiz,Full Bundle,Monthly,Event / Conference,Snowflake,Snowflake,201000.0,164800.0,389200.0,0.18,True,,2025-02-26,2025-08-22,177.0,10.0,4.0,0.0,31.0,23.0,Closed Won,Karen Mooney,Data Engineer,IC,5.1,Daniel Martinez,VP Operations,True,2.0,8,8.0,False,True,False,1.0,0.8,-0.2,0.35,31.0,11.0,5.0,3.0,Quick question on the proposal,16.0,1.7,8.0,3.0,2.0,Discovery,12.0,4.0,57.0,-2.0,Expanding,2.0,False,0.0,False,True,True,True,False,False,,False,False,,False,,69.0,,1.0,87.0,12.0,False,5.0,33.0,"Competitive deal vs Snowflake, but we had the better integration story.",,10.0,Best Case,False,21-May-2026,True,Won,,
DL-1337,patel-underwood,ACC-38334,Miller-Espinoza - Full Bundle Pilot,Mid-Market,Healthcare,Southwest,James O'Brien,REP-106,Jordan Blake,,Full Bundle,Pilot,Outbound SDR,Atlan,Alation,50100.0,50100.0,,0.0,False,$50k–$150k,"June 26, 2025",09/22/2025,88.0,18.0,3.0,0.0,,23.0,Closed Won,Paula Shepherd,Director of Data,Director,3.1,Brandon Ward,Chief Data Officer,True,5.0,6,6.0,False,True,False,1.6,1.1,-0.5,0.59,17.0,10.0,0.0,3.0,Q4 pricing — URGENT,7.0,2.9,4.0,4.0,2.0,Pricing,5.0,3.0,82.0,4.0,Contracting,1.0,True,4.0,False,False,False,True,True,True,True,,,False,True,7.0,44.0,True,0.0,94.0,14.0,True,4.0,70.0,Close was delayed 2 weeks on legal but closed strong.,Yes admit next whatever TV arrive glass support term standard far century.,8.0,Omitted,True,"May 09, 2026",False,Won,,
DL-1748,"Manning, Rice and Smith LLC",ACC-16558,Crawford Inc - Full Bundle Multi-Year,SMB,Financial Services,EMEA,Tyler Brooks,REP-108,Hana Takeda,Frankie Hale,Full Bundle,Multi-Year,Partner Referral,Databricks,,16800.0,16500.0,48400.0,0.02,False,<$50k,2024-05-29,07-Jul-2024,39.0,3.0,2.0,0.0,,,Closed Lost,Maria Wagner,Head of Data Engineering,Manager,7.7,Anthony Martin,Head of Product,False,0.0,7,7.0,True,True,False,0.6,2.4,1.8,0.72,36.0,26.0,5.0,0.0,Checking in,11.0,2.2,2.0,2.0,2.0,Technical Review,9.0,0.0,85.0,-10.0,Expanding,2.0,True,1.0,True,False,False,True,False,False,,False,True,False,True,29.0,,False,1.0,90.0,18.0,,,78.0,Lost — wrong timing. No additional detail.,,7.0,Best Case,False,,,Lost,Champion Left,
DL-1719,"brown, schmidt and mckenzie",ACC-46437,,SMB,Healthcare,Southeast,Priya Shah,REP-101,Hana Takeda,,Governance Module,Pilot,Executive Referral,Starburst,Collibra,28900.0,25700.0,69000.0,0.11,True,,"May 19, 2025",06/21/2025,33.0,19.0,4.0,1.0,19.0,7.0,Closed Won,Drew Brown,Data Architect,IC,8.4,Daniel Murray,Head of Product,True,4.0,3,1.0,True,True,,1.2,1.3,0.1,0.43,54.0,23.0,4.0,7.0,[External] Re: Tiger Data POC,6.0,0.7,12.0,3.0,3.0,Technical Review,1.0,5.0,68.0,13.0,Stable,1.0,False,0.0,False,True,True,False,True,False,True,False,True,False,True,21.0,,False,2.0,65.0,3.0,,,,technical win — their data architect loved teh architecture demo..,Attorney gas recent skin many here I trip bad real meeting outside nothing decade drop.,6.0,Pipeline,True,,True,Won,,
DL-1724,"Moyer, Galloway and Mccormick",ACC-27504,Combs-Hoover - Governance Module Pilot,Enterprise,Technology,APAC,James O'Brien,REP-106,Amara Osei,Grace Okonkwo,Governance Module,Pilot,Partner Referral,Fivetran,dbt Labs,732700.0,549500.0,1264900.0,0.25,False,,10/03/2024,27-Mar-2025,175.0,7.0,4.0,0.0,,,Closed Won,Pamela Johnson,Data Engineer,IC,11.5,Daniel Gordon,SVP Technology,False,0.0,3,1.0,,False,True,1.8,2.5,0.7,0.08,59.0,5.0,0.0,3.0,Q4 pricing — URGENT,20.0,1.9,4.0,3.0,2.0,Executive QBR,1.0,5.0,90.0,-1.0,Stable,1.0,True,3.0,False,True,False,True,False,False,False,True,False,False,False,,70.0,True,2.0,81.0,7.0,,,,"Competitive deal vs Fivetran, but we had the better integration story.",,9.0,Commit,False,04/22/2026,True,Won,,
DL-1295,byrd and sons,ACC-72953,Howard-Robinson - Governance Module Annual,SMB,Retail,West,Marcus Chen,REP-102,Amara Osei,Isla Berg,Governance Module,Annual,Outbound SDR,Starburst,,23700.0,23700.0,23700.0,0.0,False,,06/13/2024,09-Jul-2024,26.0,16.0,4.0,1.0,,10.0,Closed Lost,Michael Robinson,Data Platform Lead,Manager,,Sara Cain,Director of IT,True,2.0,4,4.0,True,True,,1.8,1.3,-0.5,0.58,59.0,34.0,4.0,2.0,following up again...,18.0,2.1,11.0,3.0,1.0,Executive QBR,6.0,3.0,84.0,-3.0,Stable,1.0,False,0.0,,True,False,False,True,False,False,True,False,,False,,75.0,True,2.0,85.0,15.0,,6.0,,lost — price / budget.. no additional detail..,Hospital final appear above significant short up hear draw before.,8.0,Commit,False,,True,Lost,Security / Compliance Failed,
DL-1701,The Carr LLC,ACC-92596,,Enterprise,Manufacturing,Midwest,Marcus Chen,REP-102,Amara Osei,Casey Wu,Full Bundle,Monthly,LinkedIn Outbound,Monte Carlo,Collibra,277000.0,277000.0,762900.0,0.0,,<$50k,"April 06, 2025",08/26/2025,142.0,6.0,2.0,0.0,,26.0,Closed Won,Jordan Cunningham,Data Engineer,IC,1.8,Gwendolyn Walker,CTO,True,5.0,7,5.0,,True,True,2.4,0.8,-1.6,0.29,41.0,12.0,0.0,4.0,RE: RE: RE: Next steps??,4.0,0.9,4.0,4.0,4.0,Demo,14.0,1.0,61.0,3.0,Stable,1.0,False,0.0,False,True,False,True,True,True,True,True,True,False,False,,31.0,True,1.0,75.0,16.0,,8.0,,Technical win — their data architect loved the architecture demo.,,7.0,Pipeline,True,2026-05-04,True,Won,,
DL-1251,Graham-Martin LLC,ACC-29462,"Vang, Gallagher and Hernandez - Governance Module Monthly",Mid-Market,Financial Services,APAC,James O'Brien,REP-106,Hana Takeda,,Governance Module,Monthly,LinkedIn Outbound,Alation,Monte Carlo,50300.0,44800.0,98600.0,0.11,,$150k–$500k,05/18/2024,"July 18, 2024",61.0,8.0,3.0,1.0,13.0,,Closed Lost,Mary Yates,Head of Data Engineering,Manager,9.3,Charles Hall,Chief Data Officer,False,0.0,5,1.0,True,True,,1.5,8.99,7.49,0.67,12.0,8.0,7.0,7.0,,3.0,1.9,6.0,3.0,2.0,Executive QBR,19.0,5.0,44.0,-21.0,Stable,0.0,True,2.0,False,True,True,True,True,False,,,True,False,True,5.0,,,2.0,73.0,9.0,,,,Lost — champion left. No additional detail.,,8.0,Best Case,True,05/12/2026,False,Lost,Champion Left,Champion Collapse
DL-1726,"COMBS, NELSON AND CUNNINGHAM",ACC-20516,Nelson and Sons - Core Platform Annual,Mid-Market,Education,Midwest,Priya Shah,REP-101,,,Core Platform,Annual,Inbound - Website,Atlan,Collibra,103000.0,94800.0,94800.0,0.08,True,,2024-05-07,2024-06-29,53.0,6.0,2.0,0.0,11.0,30.0,Closed Lost,Maria Brown,Lead Data Engineer,IC,8.3,Mr. Brett Walters,CTO,True,2.0,8,8.0,False,True,True,1.0,2.7,1.7,0.63,51.0,32.0,2.0,10.0,Introduction: Simpson <> Tiger Data,11.0,1.0,8.0,1.0,2.0,Discovery,8.0,4.0,86.0,-7.0,Contracting,2.0,False,0.0,False,,True,True,True,True,,False,True,True,True,29.0,,True,2.0,66.0,6.0,True,0.0,14.0,lost — champion left.. no additional detail..,Certain everyone weight agreement room newspaper character hope eight value.,6.0,Omitted,True,"May 03, 2026",False,Lost,Price / Budget,
DL-1461,"harper, jordan and duran",ACC-73042,Andersen and Sons - Core Platform Multi-Year,Enterprise,Energy,Northeast,Nina Petrov,REP-109,Benjamin Cross,Frankie Hale,Core Platform,Multi-Year,Executive Referral,dbt Labs,None / Greenfield,588400.0,417800.0,1001100.0,0.29,True,,10-May-2025,"August 15, 2025",97.0,11.0,2.0,0.0,33.0,,Closed Lost,Emily Terry,Analytics Engineer,IC,7.0,David Lindsey,COO,False,0.0,6,5.0,True,False,False,0.9,0.8,-0.1,0.5,22.0,11.0,5.0,1.0,RE: RE: RE: Next steps??,3.0,2.3,2.0,2.0,1.0,,13.0,5.0,70.0,4.0,Stable,2.0,True,4.0,False,False,True,True,True,False,True,,,True,True,29.0,,False,2.0,67.0,18.0,True,0.0,,Lost — missing feature. No additional detail.,Watch certain much race fire according participant Republican group build within pass morning room run eat own.,6.0,,True,05/07/2026,,Lost,No Decision / Stalled,Exec Vacuum
DL-1455,Carpenter-Fletcher LLC,ACC-57611,,Enterprise,Education,Midwest,Sophia Nguyen,REP-105,Benjamin Cross,Danny Patel,Governance Module,Monthly,Partner Referral,Monte Carlo,,693400.0,520000.0,1279500.0,0.25,False,,"October 18, 2024","January 23, 2025",97.0,8.0,5.0,0.0,,,Closed Lost,Richard Phelps,Data Architect,IC,8.3,Kelly Bentley,CTO,False,0.0,8,6.0,True,True,False,2.1,1.6,-0.5,0.9,49.0,44.0,7.0,0.0,Introduction: Gallagher <> Tiger Data,10.0,1.9,5.0,3.0,4.0,Technical Review,4.0,2.0,76.0,-4.0,Expanding,2.0,True,3.0,False,,False,True,True,True,False,True,False,False,False,,,,0.0,82.0,8.0,False,,6.0,Lost — missing feature. No additional detail.,Season it traditional democratic Congress piece forget factor include agreement lead through grow raise good whole everybody situation foot.,10.0,,,05/10/2026,,Lost,Wrong Timing,
DL-1270,"Williams, Santiago and Ramos Inc",ACC-78805,Brewer-Cline - Governance Module Pilot,Mid-Market,Retail,Southwest,Rachel Kim,REP-107,Hana Takeda,Danny Patel,Governance Module,Pilot,PLG Expansion,Snowflake,,44700.0,38400.0,95900.0,0.14,False,$50k–$150k,26-Jul-2024,20-Oct-2024,86.0,6.0,3.0,0.0,,,Closed Won,Laura Hogan,VP of Data,VP,3.2,Kristina Martinez,VP Engineering,False,0.0,2,1.0,False,True,True,0.8,2.9,2.1,0.8,41.0,33.0,6.0,6.0,Quick question on the proposal,3.0,1.3,5.0,3.0,3.0,Executive QBR,6.0,5.0,57.0,1.0,Stable,0.0,True,4.0,True,False,False,False,False,True,True,True,True,True,True,16.0,51.0,False,0.0,92.0,11.0,True,6.0,65.0,"Strong champion, got exec in early. Smooth close.",Be western my serious whatever miss seek me affect probably mother while ever day stop stuff often be.,10.0,Omitted,True,05/02/2026,,Won,,
DL-1815,"Miller, Day and Warren LLC",ACC-20495,"Schmidt, Graham and Manning - Governance Module Pilot",Enterprise,Financial Services,EMEA,Priya Shah,REP-101,Benjamin Cross,Frankie Hale,Governance Module,Pilot,Executive Referral,Atlan,,665600.0,599000.0,1344300.0,0.1,True,<$50k,03/27/2024,05-Jul-2024,100.0,5.0,4.0,1.0,,,Closed Lost,Nathan Carpenter,Analytics Engineer,IC,,James Martinez,COO,False,0.0,7,6.0,True,,True,2.4,2.9,0.5,0.23,43.0,10.0,7.0,6.0,Introduction: Armstrong <> Tiger Data,15.0,2.1,3.0,1.0,1.0,Technical Review,13.0,0.0,59.0,4.0,Expanding,1.0,True,2.0,True,True,False,False,False,False,False,False,False,False,True,21.0,30.0,True,1.0,,21.0,True,,69.0,Lost — price / budget. No additional detail.,,6.0,Omitted,True,2026-05-01,False,Lost,No Decision / Stalled,Exec Vacuum
DL-1862,"Baker, Chandler and Friedman, Inc.",ACC-22096,Snyder-Robinson - Analytics Suite Annual,Mid-Market,Energy,APAC,Emily Rodriguez,REP-103,Benjamin Cross,Isla Berg,Analytics Suite,Annual,PLG Expansion,None / Greenfield,Starburst,43600.0,34000.0,34000.0,0.22,True,$150k–$500k,20-Mar-2025,17-May-2025,58.0,16.0,5.0,1.0,20.0,7.0,Closed Won,David Stephens,Data Engineer,IC,4.0,Adam Campbell,VP Engineering,True,1.0,8,8.0,False,True,True,2.1,1.9,-0.2,0.45,33.0,15.0,3.0,10.0,,5.0,1.5,6.0,2.0,4.0,Demo,1.0,2.0,95.0,11.0,,0.0,False,0.0,False,True,True,True,True,True,False,False,False,False,False,,81.0,,2.0,66.0,14.0,False,0.0,79.0,"Strong champion, got exec in early. Smooth close.",Production bar agent summer prevent two throw although morning store individual indicate budget trouble yourself security authority per.,8.0,Pipeline,True,03-May-2026,True,Won,,
DL-1269,FuentesGroup,ACC-81853,Martinez LLC - Analytics Suite Pilot,Mid-Market,Logistics,EMEA,Alex Morgan,REP-100,Jordan Blake,Frankie Hale,Analytics Suite,Pilot,Outbound SDR,Starburst,,138500.0,138500.0,346200.0,0.0,False,<$50k,27-Mar-2025,26-Jun-2025,91.0,8.0,3.0,0.0,31.0,,Closed Lost,Andrew Olson,Analytics Manager,Manager,11.8,Jesse Morgan,VP Operations,False,1.0,2,1.0,False,False,False,1.0,6.91,5.91,0.39,57.0,22.0,1.0,2.0,,3.0,2.5,9.0,1.0,1.0,Discovery,40.0,3.0,20.0,-28.0,Expanding,2.0,False,0.0,False,False,True,True,False,False,True,True,True,False,True,20.0,,False,2.0,78.0,13.0,True,0.0,,Lost — champion left. No additional detail.,Little result paper seven measure leave last last term foot son professor important do house.,9.0,Commit,True,,True,Lost,Champion Left,Champion Collapse
DL-1201,warner llc,ACC-68616,Callahan Inc - Full Bundle Monthly,Mid-Market,Media,West,James O'Brien,REP-106,Hana Takeda,Jaylen Ford,Full Bundle,Monthly,PLG Expansion,Fivetran,dbt Labs,98100.0,98100.0,272100.0,0.0,,$50k–$150k,2024-07-08,2024-09-24,78.0,14.0,4.0,1.0,18.0,,Closed Won,Michael Long,Data Platform Lead,Manager,5.0,James James,VP Engineering,False,0.0,2,1.0,True,True,,0.5,0.6,0.1,0.49,59.0,29.0,1.0,4.0,,6.0,2.4,7.0,4.0,2.0,Demo,15.0,1.0,60.0,7.0,Stable,2.0,False,0.0,True,True,True,True,True,False,,False,True,False,True,27.0,69.0,,2.0,91.0,3.0,False,7.0,94.0,Technical win — their data architect loved the architecture demo.,Deep community cause new successful growth individual eye their by activity possible century those price window career case.,,Pipeline,True,16-May-2026,False,Won,,
DL-1161,Young-Ruiz LLC,ACC-85334,"Cooper, White and Coleman - Full Bundle Annual",Enterprise,Energy,APAC,Alex Morgan,REP-100,Liam Sutherland,Grace Okonkwo,Full Bundle,Annual,Cold Email Sequence,None / Greenfield,,345100.0,245000.0,245000.0,0.29,,$50k–$150k,2024-02-05,09/08/2024,216.0,10.0,2.0,1.0,16.0,,Closed Lost,Paul Diaz,Analytics Engineer,IC,,Jerry Duncan,Director of IT,False,0.0,5,5.0,True,False,False,1.4,3.0,1.6,0.96,27.0,26.0,0.0,0.0,,19.0,2.8,5.0,2.0,4.0,Demo,1.0,3.0,61.0,6.0,,0.0,False,0.0,False,True,True,True,False,False,False,False,False,True,True,25.0,40.0,True,1.0,69.0,2.0,,,,Never got above the data team. Budget decision was above champion's level.,Rather sport result sound new task cultural son school list act instead care throw piece move firm main.,10.0,Best Case,False,"April 25, 2026",True,Lost,Price / Budget,Exec Vacuum
DL-1555,MOORE-GARDNER,ACC-86211,Burke PLC - Full Bundle Monthly,SMB,Energy,Midwest,Rachel Kim,REP-107,Hana Takeda,Danny Patel,Full Bundle,Monthly,Outbound SDR,Atlan,,30000.0,22200.0,54900.0,0.26,,>$500k,2025-11-12,"December 01, 2025",19.0,6.0,4.0,0.0,,32.0,Closed Won,Donna Boyd,Lead Data Engineer,IC,11.6,Brittany Holloway,SVP Technology,True,2.0,6,5.0,True,False,True,1.5,2.1,0.6,0.22,45.0,10.0,0.0,7.0,RE: RE: RE: Next steps??,11.0,1.9,7.0,2.0,4.0,Discovery,2.0,4.0,65.0,5.0,Expanding,1.0,True,3.0,,False,False,False,True,False,True,True,True,,True,29.0,,False,0.0,53.0,14.0,True,6.0,,technical win — their data architect loved teh architecture demo..,May small fire light medical level analysis any product though help PM become.,,Omitted,False,05/11/2026,,Won,,
DL-1729,,ACC-63233,Johnson Group - Governance Module Multi-Year,Enterprise,Media,EMEA,Priya Shah,REP-101,,Frankie Hale,Governance Module,Multi-Year,Executive Referral,dbt Labs,,303000.0,296900.0,815300.0,0.02,,<$50k,"October 04, 2024",2025-03-18,165.0,17.0,2.0,1.0,,,Closed Lost,Joel Lopez,Senior Data Engineer,IC,3.7,Martha Jackson,Chief Data Officer,False,0.0,6,1.0,True,True,False,1.5,7.92,6.42,0.5,22.0,11.0,8.0,2.0,,11.0,1.3,3.0,1.0,4.0,Demo,19.0,0.0,44.0,-26.0,Contracting,0.0,False,0.0,True,True,False,True,False,False,True,True,False,True,True,24.0,86.0,False,0.0,86.0,25.0,,5.0,36.0,Champion left the company. Couldn't rebuild the relationship in time.,Board music herself among meeting this pretty many control.,7.0,Best Case,False,2026-05-03,False,Lost,Price / Budget,Champion Collapse
DL-1401,"Greer,JacobsandHernandez",ACC-84746,,Mid-Market,Healthcare,Southeast,Rachel Kim,REP-107,Hana Takeda,Elena Ruiz,Core Platform,Annual,Inbound - Website,Snowflake,Snowflake,121700.0,93700.0,93700.0,0.23,False,<$50k,04/10/2025,"June 01, 2025",52.0,44.0,6.0,0.0,,29.0,Closed Lost,Rachel Coleman,BI Lead,Manager,5.6,,SVP Technology,True,5.0,3,2.0,False,False,True,2.3,1.6,-0.7,0.05,13.0,1.0,14.0,17.0,Introduction: Smith <> Tiger Data,6.0,2.0,12.0,0.0,3.0,POC Review,14.0,5.0,83.0,10.0,Stable,1.0,True,1.0,True,True,False,True,False,False,False,True,False,False,False,,66.0,True,0.0,93.0,13.0,True,2.0,53.0,lost — security / compliance failed.. no additional detail..,Enough prevent likely fact behavior whom night low traditional mouth.,7.0,Pipeline,False,2026-05-05,True,Lost,Missing Feature,Ghost Stall
DL-1702,Duran PLC,ACC-70218,"Sanders, Smith and Smith - Governance Module Multi-Year",SMB,Logistics,Southeast,Marcus Chen,REP-102,Amara Osei,Casey Wu,Governance Module,Multi-Year,PLG Expansion,dbt Labs,,10700.0,8600.0,20700.0,0.2,False,$150k–$500k,27-Jul-2025,09/05/2025,40.0,15.0,3.0,1.0,,28.0,Closed Won,Joyce Parks,Director of Data,Director,4.7,,Director of IT,True,4.0,4,2.0,False,False,False,0.9,2.8,1.9,0.64,33.0,21.0,7.0,3.0,Introduction: Shea <> Tiger Data,19.0,1.2,2.0,3.0,2.0,Technical Review,6.0,5.0,67.0,11.0,,0.0,False,0.0,False,True,False,True,True,True,,True,True,True,True,9.0,28.0,False,1.0,85.0,21.0,,5.0,,Multi-threaded well. Finance and Eng both bought in.,Away meeting sort soon suggest both left eye learn want gas human ok.,,Commit,True,05/02/2026,True,Won,,
DL-1476,parker inc,ACC-35729,Hanson-Stewart - Full Bundle Annual,Enterprise,Media,Southwest,Marcus Chen,REP-102,Hana Takeda,Grace Okonkwo,Full Bundle,Annual,Inbound - Website,dbt Labs,Collibra,367800.0,290600.0,290600.0,0.21,,<$50k,01/25/2025,08/12/2025,199.0,10.0,5.0,0.0,14.0,,Closed Won,Jillian Morgan,Analytics Engineer,IC,10.1,Eric Lang,COO,False,0.0,7,5.0,True,,True,2.0,2.1,0.1,0.94,47.0,44.0,0.0,9.0,Quick question on the proposal,7.0,0.7,4.0,5.0,2.0,POC Review,6.0,4.0,55.0,13.0,Stable,1.0,False,0.0,,False,True,False,False,True,True,True,False,True,False,,,,2.0,53.0,17.0,False,5.0,66.0,close was delayed 2 weeks on legal but closed strong..,,10.0,,True,2026-05-09,,Won,,
DL-1821,"hendrix, walters and leon",ACC-64830,Ware-Pope - Full Bundle Pilot,Mid-Market,Financial Services,West,Rachel Kim,REP-107,,Danny Patel,Full Bundle,Pilot,Event / Conference,Snowflake,Collibra,106100.0,93400.0,267200.0,0.12,,,2024-11-04,01/21/2025,78.0,3.0,5.0,1.0,,24.0,Closed Won,Monica Campbell,Data Engineer,IC,10.5,Ethan Tucker,COO,True,5.0,5,5.0,False,False,True,2.4,2.9,0.5,0.3,20.0,6.0,3.0,2.0,,7.0,1.6,5.0,1.0,4.0,Discovery,3.0,4.0,58.0,-6.0,Contracting,1.0,False,0.0,True,True,False,True,False,True,True,,True,False,True,17.0,,True,0.0,55.0,25.0,,5.0,,"Competitive deal vs Snowflake, but we had the better integration story.",Decade mission design onto show quickly security stuff remain success our back out relationship interview operation per fire.,6.0,Pipeline,True,"May 06, 2026",True,Won,,
DL-1771,The Duncan and Sons,ACC-82253,"Harmon, Patel and Adams - Core Platform Pilot",Enterprise,Education,Northeast,James O'Brien,REP-106,Benjamin Cross,Isla Berg,Core Platform,Pilot,Executive Referral,Starburst,Starburst,267700.0,187400.0,390100.0,0.3,True,<$50k,2024-06-08,11/20/2024,165.0,11.0,4.0,1.0,,,Closed Lost,,Director of Data,Director,7.2,Amy Vazquez,SVP Technology,False,1.0,3,1.0,False,True,True,1.1,8.71,7.61,0.69,29.0,20.0,4.0,1.0,RE: RE: RE: Next steps??,17.0,2.1,12.0,1.0,3.0,POC Review,19.0,5.0,38.0,-27.0,Expanding,0.0,False,0.0,True,False,False,False,True,True,,False,False,True,False,,80.0,,2.0,60.0,21.0,,6.0,8.0,our champion got moved to a different team mid-deal.. lost access..,Great fish even rest cause old black down subject military kid true leave cause.,8.0,Omitted,,19-May-2026,False,Lost,Champion Left,Champion Collapse
DL-1105,The White PLC,ACC-34684,Finley Inc - Full Bundle Monthly,SMB,Media,EMEA,Priya Shah,REP-101,Benjamin Cross,,Full Bundle,Monthly,Cold Email Sequence,Collibra,Databricks,31900.0,31900.0,73600.0,0.32,False,<$50k,11/04/2024,2024-11-30,26.0,5.0,2.0,3.0,35.0,,Closed Lost,,Analytics Manager,Manager,3.9,Brandon Bryant,SVP Technology,False,0.0,7,7.0,,False,False,1.4,1.8,0.4,0.54,48.0,26.0,5.0,18.0,Quick question on the proposal,7.0,1.8,10.0,2.0,2.0,POC Review,15.0,5.0,87.0,7.0,Contracting,6.0,True,4.0,False,False,True,True,False,True,False,True,True,,False,,80.0,False,2.0,71.0,12.0,True,5.0,87.0,Lost — champion left. No additional detail.,,7.0,Commit,True,,True,Lost,No Decision / Stalled,Competitor Displacement
DL-1565,The Meyer and Sons,ACC-22960,Myers-Wilkerson - Full Bundle Pilot,Enterprise,Retail,Southwest,Emily Rodriguez,REP-103,Hana Takeda,Grace Okonkwo,Full Bundle,Pilot,Executive Referral,Monte Carlo,,164700.0,133400.0,380400.0,0.19,True,<$50k,02/06/2025,"July 18, 2025",162.0,14.0,3.0,0.0,34.0,29.0,Closed Won,,BI Lead,Manager,7.7,Jesus Flores,Head of Product,True,1.0,7,5.0,False,True,True,1.3,2.3,1.0,0.78,54.0,42.0,5.0,7.0,,4.0,0.5,6.0,4.0,1.0,POC Review,2.0,3.0,60.0,8.0,Stable,0.0,False,0.0,,False,True,True,False,False,False,True,,False,True,22.0,,False,1.0,85.0,25.0,True,0.0,25.0,"Competitive deal vs Monte Carlo, but we had the better integration story.",Beyond compare despite today green stage meeting contain occur magazine suggest interesting.,9.0,Commit,False,2026-05-19,True,Won,,
DL-1389,martin inc,ACC-17868,Conrad-Buck - Analytics Suite Multi-Year,Mid-Market,Financial Services,EMEA,Priya Shah,REP-101,Hana Takeda,Henry Vasquez,Analytics Suite,Multi-Year,Outbound SDR,Monte Carlo,,136700.0,116200.0,253500.0,0.15,True,$50k–$150k,11-Dec-2025,14-Mar-2026,93.0,16.0,5.0,0.0,17.0,,Closed Lost,Lee Morton,Senior Data Engineer,IC,6.7,Priscilla Romero,CFO,False,0.0,7,6.0,True,False,False,2.0,0.9,-1.1,0.96,23.0,22.0,3.0,9.0,Introduction: Carter <> Tiger Data,7.0,1.1,3.0,3.0,2.0,Discovery,15.0,0.0,80.0,13.0,Stable,2.0,False,0.0,False,True,True,False,False,False,False,False,,False,False,,85.0,True,0.0,57.0,18.0,True,3.0,54.0,Lost — price / budget. No additional detail.,Require vote her old price change several power western when yeah not young piece safe much building these.,,Omitted,False,2026-05-09,True,Lost,Security / Compliance Failed,
DL-1001,Munoz-Roman LLC,ACC-57920,"Stevens, Martinez and Nielsen - Governance Module Pilot",SMB,Retail,Northeast,Emily Rodriguez,REP-103,Amara Osei,Isla Berg,Governance Module,Pilot,Cold Email Sequence,Snowflake,,33200.0,31200.0,84700.0,0.06,,$50k–$150k,20-Sep-2024,10/11/2024,21.0,60.0,4.0,1.0,,16.0,Closed Lost,Edward Fuller,Lead Data Engineer,IC,7.6,Heidi Lee,Director of IT,True,1.0,5,5.0,False,False,True,1.4,2.7,1.3,0.15,23.0,3.0,24.0,20.0,[External] Re: Tiger Data POC,10.0,1.6,7.0,0.0,1.0,POC Review,2.0,3.0,89.0,-10.0,Contracting,0.0,False,0.0,True,False,False,True,False,False,True,,,,False,,,False,0.0,85.0,19.0,True,3.0,99.0,Lost — chose competitor. No additional detail.,Animal direction eye bag do big everyone player half.,,Commit,True,"May 13, 2026",False,Lost,No Decision / Stalled,Ghost Stall
DL-1976,Thomas-Warren,ACC-76741,"Conner, Lewis and Barton - Analytics Suite Multi-Year",Enterprise,Healthcare,West,Priya Shah,REP-101,Amara Osei,,Analytics Suite,Multi-Year,Event / Conference,Fivetran,,486400.0,466900.0,1157900.0,0.04,True,$150k–$500k,"April 19, 2025","November 01, 2025",196.0,12.0,2.0,1.0,34.0,25.0,Closed Lost,Karen Ortiz,Head of Data Engineering,Manager,2.3,Mark Miranda,Head of Product,True,1.0,3,3.0,,True,False,1.6,0.8,-0.8,0.5,46.0,23.0,4.0,8.0,fwd: technical review docs,15.0,1.2,4.0,3.0,2.0,Executive QBR,14.0,1.0,55.0,11.0,Contracting,1.0,True,1.0,True,True,True,False,True,True,True,True,False,False,False,,,True,0.0,73.0,24.0,False,8.0,42.0,lost — missing feature.. no additional detail..,Pressure any bar plant media almost account daughter travel network author take that just drop some.,10.0,Commit,True,17-May-2026,,Lost,Security / Compliance Failed,
DL-1994-DUP,"Myers, Best and Ford LLC",ACC-60133,Wilson LLC - Governance Module Multi-Year,Enterprise,Retail,APAC,David Park,REP-104,Hana Takeda,Frankie Hale,Governance Module,Multi-Year,Event / Conference,Atlan,,158900.0,116000.0,,0.27,False,>$500k,"December 23, 2024",15-Jul-2025,204.0,5.0,5.0,1.0,,,Closed Lost,Andrea Wright,Data Engineer,IC,3.8,Monica Norman,VP Engineering,False,0.0,6,6.0,True,False,False,0.7,2.1,1.4,0.45,44.0,20.0,7.0,2.0,[External] Re: Tiger Data POC,16.0,2.9,7.0,1.0,2.0,Discovery,8.0,2.0,60.0,14.0,Expanding,1.0,False,0.0,False,,False,False,False,False,,False,False,False,False,,47.0,,1.0,,23.0,True,8.0,,Lost — chose competitor. No additional detail.,Weight husband about company interest same series nearly member happen everybody action ten up.,9.0,Pipeline,,"April 24, 2026",True,Lost,No Decision / Stalled,Exec Vacuum
DL-1561,The Davis Ltd,ACC-90858,"Gibson, Owens and Johns - Full Bundle Pilot",SMB,Logistics,Midwest,Priya Shah,REP-101,Liam Sutherland,,Full Bundle,Pilot,LinkedIn Outbound,Snowflake,dbt Labs,11800.0,9800.0,25200.0,0.17,False,,03/12/2025,2025-04-09,28.0,35.0,4.0,0.0,,,Closed Lost,Anthony Cantrell,Data Platform Lead,Manager,5.9,Brandon Shelton,VP Operations,False,0.0,8,8.0,False,False,,1.3,3.0,1.7,0.2,53.0,10.0,15.0,38.0,,7.0,0.6,6.0,0.0,1.0,Pricing,15.0,1.0,77.0,12.0,Expanding,0.0,False,0.0,True,,False,False,True,True,True,,,True,False,,89.0,False,0.0,60.0,5.0,,2.0,,lost — wrong timing.. no additional detail..,Describe if follow difficult think talk rich what truth partner measure serve force hope left may imagine.,9.0,Pipeline,False,04/26/2026,True,Lost,Missing Feature,Ghost Stall
DL-1931,The Brooks LLC,ACC-74115,"Perez, Burke and Mooney - Governance Module Annual",Mid-Market,Technology,Northeast,Emily Rodriguez,REP-103,Hana Takeda,Grace Okonkwo,Governance Module,Annual,Partner Referral,Databricks,Fivetran,89200.0,89200.0,89200.0,0.0,True,<$50k,17-Nov-2024,08-Feb-2025,83.0,52.0,5.0,0.0,,,Closed Lost,,Analytics Engineer,IC,,Alexander Wright,CTO,False,0.0,8,8.0,,True,True,1.8,2.6,0.8,0.23,60.0,13.0,18.0,21.0,,13.0,2.9,7.0,0.0,1.0,Executive QBR,11.0,5.0,86.0,-3.0,Contracting,0.0,True,1.0,True,True,False,True,True,True,False,False,True,False,True,11.0,,,2.0,64.0,11.0,,4.0,90.0,Prospect stopped engaging after the proposal. No explanation given.,,6.0,Omitted,False,03-May-2026,,Lost,Missing Feature,Ghost Stall
DL-1080,The Rocha-Wood,ACC-92578,Williams-Shields - Governance Module Pilot,Mid-Market,Retail,Southwest,Sophia Nguyen,REP-105,Liam Sutherland,,Governance Module,Pilot,Inbound - Website,Monte Carlo,Databricks,46600.0,39100.0,113300.0,0.16,False,,"July 03, 2024",2024-08-28,56.0,8.0,4.0,1.0,,,Closed Lost,Alexis Tran,Data Engineer,IC,11.5,Michelle Phillips,Head of Product,False,5.0,2,1.0,False,False,False,1.8,8.0,6.2,0.46,24.0,11.0,3.0,0.0,Checking in,15.0,0.8,6.0,4.0,2.0,POC Review,36.0,2.0,40.0,-28.0,Stable,2.0,True,4.0,True,False,False,True,True,False,False,False,False,False,False,,,True,2.0,,24.0,,2.0,99.0,Lost — chose competitor. No additional detail.,Form here street material pressure range either start whom politics make.,10.0,Pipeline,True,,False,Lost,Price / Budget,Champion Collapse
DL-1205,WashingtonPLC,ACC-93515,Cooper Inc - Core Platform Multi-Year,Mid-Market,Media,APAC,David Park,REP-104,Hana Takeda,Frankie Hale,Core Platform,Multi-Year,Outbound SDR,Atlan,Databricks,66400.0,57100.0,154300.0,0.14,False,>$500k,16-Apr-2024,"June 20, 2024",65.0,4.0,2.0,1.0,14.0,9.0,Closed Won,Linda Underwood,Data Engineer,IC,,Nicole Gutierrez,COO,True,1.0,3,3.0,True,True,False,0.6,2.3,1.7,0.57,14.0,8.0,8.0,6.0,Quick question on the proposal,4.0,1.8,10.0,2.0,4.0,Pricing,13.0,1.0,70.0,-3.0,Stable,1.0,False,0.0,True,False,True,True,True,False,True,,True,True,True,10.0,,False,0.0,92.0,13.0,,6.0,49.0,Fast cycle. Champion had budget approved before we even started.,Draw key point decision same generation politics sense break cold human feeling second sell mouth.,6.0,Omitted,True,2026-05-06,False,Won,,
DL-1034,"Evans, Hayden and Vaughn Inc",ACC-55029,Bruce-Gonzalez - Full Bundle Multi-Year,SMB,Retail,EMEA,Marcus Chen,REP-102,Jordan Blake,Jaylen Ford,Full Bundle,Multi-Year,Inbound - Website,Alation,,31200.0,24600.0,72800.0,0.21,False,$150k–$500k,13-May-2024,2024-06-22,40.0,20.0,2.0,1.0,,28.0,Closed Lost,John Young,BI Lead,Manager,7.1,Laura Haney,Head of Product,True,5.0,6,5.0,False,True,,0.9,1.8,0.9,0.78,46.0,36.0,3.0,5.0,Quick question on the proposal,3.0,1.0,5.0,5.0,3.0,Discovery,7.0,2.0,57.0,8.0,Stable,1.0,False,0.0,False,,False,True,False,True,True,True,False,False,True,12.0,50.0,True,1.0,55.0,21.0,True,2.0,96.0,Lost — champion left. No additional detail.,Against stop how account ten sing wind treat seat strategy total simply discover.,8.0,Best Case,True,,False,Lost,Champion Left,
DL-1942,Jenkins-Miles Inc,ACC-45132,Wilson Ltd - Full Bundle Pilot,Mid-Market,Education,Southeast,Priya Shah,REP-101,Hana Takeda,Jaylen Ford,Full Bundle,Pilot,Executive Referral,Fivetran,dbt Labs,149300.0,149300.0,395700.0,0.0,False,,"October 17, 2025",01/21/2026,96.0,54.0,5.0,0.0,29.0,,Closed Lost,Mary Whitney,Analytics Manager,Manager,1.1,Donald Salazar,CTO,False,0.0,7,7.0,,False,True,1.6,1.8,0.2,0.08,56.0,4.0,31.0,15.0,Re: Follow up from our call,18.0,1.5,2.0,0.0,1.0,Demo,8.0,4.0,87.0,-4.0,,1.0,True,1.0,False,False,True,False,False,False,False,False,False,True,True,20.0,,False,1.0,56.0,5.0,False,,,Lost — price / budget. No additional detail.,Expect final goal per per assume court although find player feel foot behavior plant argue training condition team.,10.0,,False,"May 19, 2026",True,Lost,Missing Feature,Ghost Stall
DL-1775,"The Smith, Smith and Park",ACC-41601,Foster-Decker - Full Bundle Monthly,Enterprise,Financial Services,APAC,Nina Petrov,REP-109,Hana Takeda,,Full Bundle,Monthly,LinkedIn Outbound,None / Greenfield,,264800.0,264800.0,749900.0,0.0,False,$150k–$500k,05/21/2024,10/13/2024,145.0,59.0,4.0,1.0,,8.0,Closed Lost,Chad Ross,Data Engineer,IC,5.7,Ronald Cooper,SVP Technology,True,5.0,5,5.0,False,True,True,1.2,2.7,1.5,0.18,47.0,8.0,34.0,35.0,Re: Follow up from our call,19.0,0.9,11.0,0.0,2.0,Pricing,6.0,1.0,78.0,11.0,Expanding,1.0,True,2.0,,True,False,True,True,False,True,False,False,False,False,,93.0,True,0.0,95.0,7.0,False,1.0,83.0,Lost — missing feature. No additional detail.,While guess create at structure positive affect discuss avoid.,10.0,Omitted,False,05/14/2026,,Lost,Missing Feature,Ghost Stall
DL-1508,AllenPLC,ACC-38600,Crawford-Jones - Core Platform Monthly,SMB,Manufacturing,Southeast,Rachel Kim,REP-107,Jordan Blake,Casey Wu,Core Platform,Monthly,Outbound SDR,Databricks,Fivetran,28900.0,20500.0,41900.0,0.29,False,>$500k,"April 04, 2025",07-May-2025,33.0,48.0,5.0,0.0,29.0,,Closed Lost,Jennifer Hoffman,BI Lead,Manager,4.1,Paula Mejia,VP Operations,False,0.0,2,1.0,False,False,False,1.7,2.6,0.9,0.22,21.0,4.0,20.0,38.0,Q4 pricing — URGENT,12.0,2.5,3.0,0.0,3.0,Technical Review,1.0,5.0,74.0,11.0,Expanding,2.0,True,1.0,False,False,True,True,True,False,,,False,False,True,30.0,45.0,False,0.0,56.0,11.0,False,,,Multiple follow-ups with no reply. Probably went internal.,,9.0,Best Case,True,2026-05-02,True,Lost,Missing Feature,Ghost Stall
DL-1427,"Baxter, Thompson and Giles Inc",ACC-54151,Morris LLC - Analytics Suite Annual,Enterprise,Media,Southeast,David Park,REP-104,Liam Sutherland,Isla Berg,Analytics Suite,Annual,LinkedIn Outbound,Fivetran,,239500.0,172400.0,172400.0,0.28,True,,"June 24, 2024","December 30, 2024",189.0,19.0,6.0,0.0,,,Closed Lost,Andre Lane,Analytics Engineer,IC,6.3,Michael Wallace,Director of IT,False,0.0,5,5.0,False,False,True,1.8,0.9,-0.9,0.91,11.0,10.0,3.0,2.0,,12.0,1.3,11.0,2.0,1.0,,15.0,5.0,78.0,-10.0,Contracting,1.0,False,0.0,True,False,False,False,False,True,True,False,False,,False,,65.0,True,2.0,86.0,5.0,True,2.0,73.0,"champion was ic level, couldn't drive teh purchase alone..",Someone win matter book page former turn city left while according allow.,10.0,Pipeline,False,02-May-2026,,Lost,No Decision / Stalled,Exec Vacuum
DL-1454,Kirby-Oconnor,ACC-37962,Bowman-Murphy - Core Platform Annual,Enterprise,Technology,Northeast,Alex Morgan,REP-100,Benjamin Cross,Danny Patel,Core Platform,Annual,Inbound - Website,Snowflake,dbt Labs,405000.0,405000.0,405000.0,0.0,False,$50k–$150k,11-Jan-2024,2024-05-28,138.0,8.0,5.0,0.0,40.0,10.0,Closed Lost,Danielle Kelly,BI Lead,Manager,5.2,Micheal Washington,SVP Technology,True,3.0,4,3.0,False,True,,2.3,1.3,-1.0,0.33,15.0,5.0,8.0,6.0,Q4 pricing — URGENT,14.0,2.5,5.0,5.0,3.0,POC Review,15.0,5.0,88.0,-3.0,Stable,2.0,True,3.0,False,False,True,True,True,False,False,False,False,,False,,,False,1.0,84.0,2.0,,6.0,,Lost — champion left. No additional detail.,,8.0,Commit,True,17-May-2026,True,Lost,Missing Feature,
DL-1264-DUP,Robbins PLC LLC LLC,ACC-64129,Miller LLC - Analytics Suite Pilot,SMB,Media,Southeast,Marcus Chen,REP-102,Liam Sutherland,Henry Vasquez,Analytics Suite,Pilot,Executive Referral,dbt Labs,,31400.0,31400.0,73200.0,0.0,True,$50k–$150k,"February 18, 2025","March 16, 2025",26.0,13.0,4.0,1.0,,,Closed Lost,Raymond Hamilton,Analytics Manager,Manager,4.0,Andrew Nielsen,Director of IT,False,0.0,5,3.0,False,False,True,1.2,1.7,0.5,0.15,47.0,7.0,1.0,8.0,,13.0,1.3,5.0,1.0,1.0,POC Review,13.0,1.0,87.0,4.0,Contracting,1.0,True,3.0,True,False,False,False,True,False,True,False,False,False,True,21.0,59.0,False,2.0,57.0,12.0,False,1.0,,Lost — no decision / stalled. No additional detail.,Total around place require produce mind fast I race network fight.,10.0,Omitted,False,02-May-2026,False,Lost,Chose Competitor,
DL-1366,Shelton Inc,ACC-81767,"Bell, Wells and Smith - Full Bundle Pilot",SMB,Education,Midwest,Emily Rodriguez,REP-103,,Isla Berg,Full Bundle,Pilot,Outbound SDR,Databricks,,34300.0,27400.0,80300.0,0.2,False,$50k–$150k,01/16/2026,20-Feb-2026,35.0,10.0,4.0,0.0,19.0,25.0,Closed Won,Kaitlyn Williams,Data Architect,IC,2.9,Michael Roberts,CFO,True,5.0,2,1.0,True,False,True,0.7,2.2,1.5,0.78,32.0,25.0,0.0,10.0,,5.0,2.2,3.0,5.0,4.0,Demo,6.0,5.0,86.0,5.0,,0.0,False,0.0,False,,True,False,True,True,False,,,,False,,,True,0.0,90.0,9.0,,2.0,,multi-threaded well.. finance and eng both bought in..,Moment cold chair behind fight save laugh same wrong either main hair.,8.0,Commit,False,05/17/2026,False,Won,,
DL-1091,Evans Ltd,ACC-80788,Johnson LLC - Full Bundle Monthly,Enterprise,Logistics,APAC,Priya Shah,REP-101,Jordan Blake,Henry Vasquez,Full Bundle,Monthly,LinkedIn Outbound,Collibra,,517400.0,398400.0,861900.0,0.33,True,$50k–$150k,2024-05-02,10/13/2024,164.0,13.0,6.0,2.0,21.0,12.0,Closed Lost,Megan Martin,Data Architect,IC,,Mrs. Carrie Moore,CTO,True,3.0,5,3.0,True,True,False,2.2,0.7,-1.5,0.7,27.0,19.0,1.0,19.0,,16.0,2.4,9.0,2.0,3.0,Demo,11.0,3.0,82.0,-10.0,Contracting,4.0,True,1.0,True,True,True,True,False,True,,False,False,False,False,,46.0,False,2.0,64.0,12.0,True,,53.0,They went with Databricks. Had deeper existing footprint.,Interview left something picture control price how scene third last involve above Democrat everything region somebody officer son.,9.0,Pipeline,False,05-May-2026,True,Lost,Chose Competitor,Competitor Displacement
DL-1339,Cannon Group Inc,ACC-66449,"Taylor, Rose and Rush - Core Platform Annual",SMB,Manufacturing,Northeast,David Park,REP-104,Hana Takeda,,Core Platform,Annual,PLG Expansion,Fivetran,Starburst,34400.0,30600.0,30600.0,0.11,False,>$500k,2024-07-11,05-Aug-2024,25.0,17.0,2.0,0.0,42.0,,Closed Lost,,BI Lead,Manager,6.7,,VP Engineering,False,3.0,3,1.0,False,True,True,1.7,7.47,5.77,0.91,45.0,41.0,2.0,6.0,[External] Re: Tiger Data POC,15.0,2.5,11.0,3.0,4.0,Executive QBR,24.0,3.0,39.0,-26.0,Stable,2.0,False,0.0,True,True,True,True,True,True,,True,True,,False,,,True,0.0,52.0,6.0,True,,,Our champion got moved to a different team mid-deal. Lost access.,Thing allow seem me action strategy quite then never.,9.0,Omitted,False,2026-05-06,True,Lost,Price / Budget,Champion Collapse
DL-1897,"Martinez PLC, Inc.",ACC-73454,,Enterprise,Energy,EMEA,Priya Shah,REP-101,Jordan Blake,Casey Wu,Analytics Suite,Pilot,Event / Conference,Fivetran,,478400.0,382700.0,891200.0,0.33,True,>$500k,14-Mar-2024,"September 30, 2024",200.0,20.0,6.0,1.0,,27.0,Closed Lost,Marissa Dorsey,Lead Data Engineer,IC,1.4,Richard Brown,VP Operations,True,2.0,4,3.0,True,False,True,1.0,0.9,-0.1,0.48,29.0,14.0,8.0,14.0,Checking in,9.0,2.6,9.0,3.0,3.0,Pricing,15.0,0.0,69.0,15.0,Expanding,5.0,True,3.0,False,True,False,True,False,False,True,False,True,False,False,,100.0,True,2.0,85.0,25.0,True,2.0,95.0,They went with Databricks. Had deeper existing footprint.,,8.0,Best Case,True,04/26/2026,True,Lost,No Decision / Stalled,Competitor Displacement
DL-1564,Scott Inc Inc,ACC-80620,"Reese, Cross and Anderson - Governance Module Pilot",SMB,Healthcare,West,Emily Rodriguez,REP-103,Hana Takeda,Grace Okonkwo,Governance Module,Pilot,PLG Expansion,Collibra,,35000.0,35000.0,87500.0,0.0,True,<$50k,10/21/2024,11/17/2024,27.0,17.0,6.0,0.0,36.0,,Closed Lost,,Data Platform Lead,Manager,7.4,Alex Conner,VP Engineering,False,3.0,5,1.0,True,False,False,2.5,9.65,7.15,0.79,38.0,30.0,7.0,3.0,Checking in,9.0,2.7,9.0,2.0,1.0,Technical Review,19.0,1.0,29.0,-28.0,Contracting,1.0,False,0.0,True,False,True,False,True,True,,True,,False,False,,80.0,True,2.0,61.0,21.0,False,,25.0,Champion left the company. Couldn't rebuild the relationship in time.,,9.0,Commit,False,05/08/2026,,Lost,Price / Budget,Champion Collapse
DL-1345,"The Kirk, Crane and Brooks",ACC-60436,"Gutierrez, Cole and Rich - Governance Module Pilot",Enterprise,Manufacturing,APAC,Nina Petrov,REP-109,Amara Osei,Jaylen Ford,Governance Module,Pilot,Inbound - Website,Alation,,708600.0,708600.0,2042000.0,0.0,False,$50k–$150k,05/05/2025,2025-10-28,176.0,13.0,6.0,0.0,18.0,33.0,Closed Won,Amanda Madden MD,Director of Data,Director,,,CTO,True,4.0,2,2.0,False,False,True,0.7,0.6,-0.1,0.79,43.0,34.0,8.0,7.0,RE: RE: RE: Next steps??,14.0,1.6,2.0,1.0,3.0,Executive QBR,3.0,2.0,58.0,10.0,Stable,1.0,True,4.0,True,True,True,True,True,False,True,True,False,True,False,,77.0,True,2.0,63.0,19.0,False,0.0,,Fast cycle. Champion had budget approved before we even started.,,9.0,Best Case,True,2026-04-28,False,Won,,
DL-1776,The Andrews and Sons,ACC-18034,,SMB,Media,Southeast,James O'Brien,REP-106,Liam Sutherland,Casey Wu,Core Platform,Pilot,LinkedIn Outbound,Databricks,Alation,,10600.0,,0.24,True,,17-Mar-2025,,18.0,4.0,2.0,0.0,,,Closed Lost,Christopher Huff,Data Architect,IC,5.2,Travis Walker,VP Operations,False,4.0,6,1.0,True,True,,2.0,7.85,5.85,0.43,35.0,15.0,3.0,6.0,,19.0,2.7,6.0,4.0,2.0,Pricing,22.0,3.0,34.0,-30.0,,2.0,True,4.0,,True,True,False,True,False,True,,False,,True,30.0,,False,0.0,51.0,16.0,True,4.0,70.0,Lost — price / budget. No additional detail.,,,Commit,True,"May 07, 2026",,Lost,Champion Left,
DL-1241,Ray and Sons LLC,ACC-32402,"Hayden, Harmon and Mcdonald - Core Platform Monthly",Mid-Market,Healthcare,West,Rachel Kim,REP-107,Jordan Blake,Jaylen Ford,Core Platform,Monthly,Event / Conference,Starburst,,143200.0,106000.0,277400.0,0.26,True,$150k–$500k,23-Jul-2025,09/11/2025,50.0,20.0,5.0,0.0,,24.0,Closed Lost,Kim Mendez,Data Platform Lead,Manager,,Jessica Knight,VP Engineering,True,1.0,6,6.0,True,True,False,1.0,2.8,1.8,0.72,57.0,41.0,6.0,7.0,Checking in,15.0,2.5,12.0,5.0,4.0,Discovery,14.0,2.0,55.0,6.0,Stable,1.0,False,0.0,False,,False,False,True,False,False,,,False,True,13.0,45.0,True,1.0,89.0,18.0,True,2.0,,Lost — price / budget. No additional detail.,Art customer leg drive second she such improve team treat plant suffer environment expert civil rather door draw change.,8.0,Omitted,,19-May-2026,True,Lost,Missing Feature,
DL-1013,GARRISON AND SONS,ACC-59212,Velasquez Group - Full Bundle Annual,Mid-Market,Retail,Southeast,Nina Petrov,REP-109,Jordan Blake,Danny Patel,Full Bundle,Annual,Partner Referral,Snowflake,None / Greenfield,108600.0,108600.0,108600.0,0.0,False,$50k–$150k,"February 02, 2025",04/17/2025,74.0,4.0,5.0,1.0,10.0,31.0,Closed Won,Robert Savage,Head of Data Engineering,Manager,4.3,Matthew Ross,COO,True,4.0,4,4.0,False,False,True,2.0,1.1,-0.9,0.52,23.0,12.0,5.0,1.0,fwd: technical review docs,11.0,1.6,3.0,3.0,3.0,Executive QBR,11.0,1.0,81.0,-5.0,Expanding,1.0,False,0.0,,False,True,False,False,False,,False,False,False,True,30.0,80.0,,0.0,93.0,16.0,,6.0,,"competitive deal vs snowflake, but we had teh better integration story..",Ten whom evidence political hundred wonder movie voice boy wife condition while enter.,10.0,Pipeline,False,,False,Won,,
DL-1315,"LOGAN, MORENO AND BROWN",ACC-59660,"Ryan, Fuentes and Pearson - Core Platform Pilot",SMB,Insurance,Northeast,James O'Brien,REP-106,Benjamin Cross,Frankie Hale,Core Platform,Pilot,Executive Referral,None / Greenfield,,24300.0,19400.0,49900.0,0.2,False,$150k–$500k,2025-11-21,20-Dec-2025,29.0,9.0,6.0,1.0,,,Closed Lost,Christine Barrett,Director of Data,Director,7.5,Scott Neal,Head of Product,False,3.0,3,1.0,False,,False,1.4,7.13,5.73,0.38,52.0,20.0,5.0,3.0,[External] Re: Tiger Data POC,19.0,1.5,2.0,2.0,2.0,Demo,40.0,0.0,40.0,-28.0,Expanding,0.0,False,0.0,True,True,False,False,False,False,False,True,,False,True,26.0,45.0,False,1.0,85.0,25.0,True,5.0,61.0,Lost — no decision / stalled. No additional detail.,Never song but can deal claim none surface.,6.0,Pipeline,False,2026-05-07,False,Lost,Champion Left,Champion Collapse
DL-1600,"Thompson-Davis, Inc.",ACC-12820,Clarke Ltd - Core Platform Multi-Year,Mid-Market,Healthcare,Southeast,Alex Morgan,REP-100,Hana Takeda,Elena Ruiz,Core Platform,Multi-Year,Executive Referral,Alation,,104700.0,97400.0,271300.0,0.07,False,$50k–$150k,12/03/2025,05-Feb-2026,64.0,13.0,6.0,1.0,,,Closed Won,Joseph Weeks,Chief Data Officer,C-Suite,6.4,Laura Nguyen,SVP Technology,False,0.0,7,6.0,False,,,2.1,0.8,-1.3,0.24,46.0,11.0,3.0,4.0,,6.0,1.9,12.0,4.0,3.0,Discovery,11.0,1.0,56.0,3.0,Expanding,0.0,True,4.0,,False,False,False,True,False,True,False,,True,False,,100.0,False,0.0,90.0,3.0,,,78.0,"competitive deal vs alation, but we had teh better integration story..",Change expert can style option red happen whose return style.,8.0,,False,2026-04-27,,Won,,
DL-1387,"PATRICK, FRANKLIN AND MARTINEZ",ACC-93507,,Enterprise,Retail,EMEA,Nina Petrov,REP-109,,Frankie Hale,Governance Module,Annual,Outbound SDR,dbt Labs,,257500.0,257500.0,257500.0,0.26,False,$150k–$500k,"April 09, 2024","August 14, 2024",127.0,4.0,3.0,3.0,14.0,8.0,Closed Lost,Alan Smith,Data Platform Lead,Manager,2.6,Ian Little,Director of IT,True,1.0,4,3.0,True,,True,1.3,1.3,0.0,0.96,52.0,50.0,4.0,12.0,,7.0,0.8,11.0,5.0,4.0,Pricing,2.0,1.0,62.0,0.0,,5.0,True,4.0,False,True,True,True,False,False,True,True,,,True,24.0,28.0,True,1.0,64.0,24.0,False,,3.0,Snowflake offered a massive discount at the last minute. We couldn't match.,Design around voice everybody particular finish ask conference she everybody than camera piece chair peace anyone boy although.,8.0,Omitted,True,18-May-2026,False,Lost,No Decision / Stalled,Competitor Displacement
DL-1273,"russell, miller and fields",ACC-83367,Patton and Sons - Governance Module Pilot,SMB,Technology,APAC,Nina Petrov,REP-109,,Casey Wu,Governance Module,Pilot,Event / Conference,Collibra,,31100.0,29500.0,69600.0,0.05,True,$50k–$150k,29-Aug-2025,2025-10-07,39.0,14.0,6.0,1.0,,26.0,Closed Lost,William Casey,Senior Data Engineer,IC,2.2,Jessica Buck,SVP Technology,True,4.0,5,4.0,False,False,True,2.1,0.6,-1.5,0.47,51.0,24.0,2.0,0.0,Q4 pricing — URGENT,19.0,0.6,6.0,4.0,4.0,,15.0,1.0,59.0,12.0,Stable,2.0,True,3.0,True,False,False,False,True,True,True,False,False,True,False,,95.0,False,1.0,70.0,5.0,False,7.0,69.0,Lost — champion left. No additional detail.,Among spend which per president cold art two event economy quite yourself successful defense subject example.,9.0,Omitted,,,False,Lost,No Decision / Stalled,
DL-1166,Nichols-Watts LLC,ACC-30812,Arroyo-Woods - Analytics Suite Pilot,Enterprise,Insurance,EMEA,Emily Rodriguez,REP-103,Jordan Blake,Casey Wu,Analytics Suite,Pilot,Inbound - Website,dbt Labs,,622300.0,547600.0,1558000.0,0.3,False,$50k–$150k,06/05/2025,11/01/2025,149.0,4.0,4.0,1.0,21.0,23.0,Closed Lost,Jeffrey Carter,Head of Data Engineering,Manager,2.5,,COO,True,4.0,6,5.0,,True,False,1.2,0.8,-0.4,0.94,52.0,49.0,7.0,15.0,following up again...,16.0,2.0,2.0,3.0,4.0,Pricing,12.0,0.0,70.0,-2.0,Stable,3.0,True,2.0,True,True,True,True,True,False,,False,False,,False,,42.0,False,1.0,70.0,16.0,,,23.0,Snowflake offered a massive discount at the last minute. We couldn't match.,Think join economic resource position stock determine bad personal might son party really even possible.,6.0,,False,04-May-2026,,Lost,Chose Competitor,Competitor Displacement
DL-1840,Weiss Group LLC,ACC-64370,"Chase, Mckay and Olsen - Full Bundle Annual",Enterprise,Energy,Southwest,Rachel Kim,REP-107,,Jaylen Ford,Full Bundle,Annual,LinkedIn Outbound,dbt Labs,Atlan,295100.0,295100.0,295100.0,0.0,,,2025-07-03,2025-12-16,166.0,18.0,3.0,0.0,13.0,,Closed Won,Daniel Taylor,Data Platform Lead,Manager,3.8,Daniel Jimenez,SVP Technology,False,0.0,8,8.0,True,False,True,2.3,2.1,-0.2,0.79,47.0,37.0,6.0,4.0,Q4 pricing — URGENT,8.0,2.6,12.0,2.0,1.0,Demo,9.0,5.0,89.0,4.0,Contracting,0.0,True,1.0,True,False,True,False,False,False,True,True,True,False,True,29.0,,False,0.0,64.0,17.0,True,,,"Strong champion, got exec in early. Smooth close.",Than great war hand relationship civil travel protect production do meeting which.,10.0,Best Case,False,29-Apr-2026,False,Won,,
DL-1020,"williams, johnson and wright",ACC-38939,Howell and Sons - Core Platform Multi-Year,SMB,Financial Services,Southeast,James O'Brien,REP-106,Liam Sutherland,Elena Ruiz,Core Platform,Multi-Year,Executive Referral,Starburst,None / Greenfield,25000.0,24800.0,70700.0,0.01,False,<$50k,2024-08-18,21-Sep-2024,34.0,50.0,5.0,1.0,,,Closed Lost,Michael Elliott,Director of Data,Director,8.8,Michael Wang,Chief Data Officer,False,0.0,2,1.0,True,,True,0.5,2.3,1.8,0.16,16.0,2.0,12.0,29.0,Q4 pricing — URGENT,19.0,1.4,12.0,0.0,1.0,Technical Review,10.0,2.0,56.0,5.0,Contracting,0.0,True,2.0,False,False,False,True,False,False,,True,,,True,8.0,62.0,False,0.0,91.0,2.0,False,,,Multiple follow-ups with no reply. Probably went internal.,Paper white responsibility sing clearly find official up office traditional heart.,7.0,Best Case,True,2026-05-20,True,Lost,No Decision / Stalled,Ghost Stall
DL-1646,"Pace and Sons, Inc.",ACC-74486,Williams-Carr - Full Bundle Pilot,Enterprise,Education,APAC,Nina Petrov,REP-109,Liam Sutherland,Grace Okonkwo,Full Bundle,Pilot,Partner Referral,Fivetran,Atlan,442400.0,442400.0,1161500.0,0.0,False,<$50k,2024-09-13,03/11/2025,179.0,14.0,4.0,0.0,,24.0,Closed Won,Diane Jones,Analytics Engineer,IC,11.9,Louis Davis,Head of Product,True,5.0,2,2.0,False,True,False,1.3,2.3,1.0,0.55,11.0,6.0,5.0,2.0,Introduction: Ramirez <> Tiger Data,18.0,2.4,6.0,5.0,2.0,,14.0,2.0,62.0,5.0,Contracting,1.0,True,1.0,False,True,False,False,False,False,True,False,True,True,False,,93.0,,0.0,85.0,5.0,True,8.0,90.0,"Strong champion, got exec in early. Smooth close.",,7.0,Omitted,True,"May 08, 2026",True,Won,,
DL-1818,BlackLLC,ACC-31579,Lewis LLC - Analytics Suite Annual,Enterprise,Media,Northeast,Nina Petrov,REP-109,Hana Takeda,Isla Berg,Analytics Suite,Annual,PLG Expansion,Starburst,,175200.0,175200.0,175200.0,0.0,False,$50k–$150k,"August 07, 2025",2025-12-07,122.0,9.0,6.0,1.0,,,Closed Lost,Benjamin Garza Jr.,Chief Data Officer,C-Suite,7.2,Rebecca Webb,COO,False,5.0,6,1.0,,True,False,0.7,7.9,7.2,0.75,55.0,41.0,1.0,8.0,following up again...,8.0,2.8,7.0,4.0,3.0,,34.0,1.0,29.0,-23.0,Expanding,2.0,True,2.0,False,False,False,True,True,True,,False,True,False,False,,94.0,False,2.0,89.0,12.0,True,8.0,19.0,Champion left the company. Couldn't rebuild the relationship in time.,Television foreign environmental garden to arm unit food nothing participant attorney necessary determine ahead.,10.0,Commit,False,,True,Lost,Champion Left,Champion Collapse
DL-1484,Gardner-Mcgee,ACC-87866,Matthews Inc - Full Bundle Pilot,Mid-Market,Logistics,Southwest,James O'Brien,REP-106,Hana Takeda,Danny Patel,Full Bundle,Pilot,Partner Referral,Atlan,,128700.0,128700.0,320500.0,0.0,True,,2024-07-30,"September 26, 2024",58.0,11.0,5.0,1.0,,,Closed Lost,Jennifer Hobbs,Data Engineer,IC,5.9,Robert Landry,Chief Data Officer,False,0.0,3,3.0,,,True,0.9,2.4,1.5,0.81,21.0,17.0,4.0,8.0,RE: RE: RE: Next steps??,6.0,0.6,11.0,1.0,4.0,Pricing,11.0,1.0,83.0,-1.0,Expanding,0.0,False,0.0,True,False,False,True,False,False,True,,False,,True,29.0,,,2.0,70.0,6.0,False,0.0,,Lost — champion left. No additional detail.,,6.0,Omitted,False,,False,Lost,Price / Budget,Exec Vacuum
DL-1791-DUP,Hernandez-MartinLLC,ACC-83853,Pierce-Curtis - Governance Module Pilot,Mid-Market,Retail,EMEA,Alex Morgan,REP-100,Jordan Blake,Elena Ruiz,Governance Module,Pilot,Cold Email Sequence,Snowflake,,115400.0,90000.0,269300.0,0.22,True,$50k–$150k,2025-04-25,2025-07-23,89.0,5.0,3.0,0.0,,,Closed Won,Sandra Kirby,BI Lead,Manager,2.8,,CTO,False,0.0,4,3.0,,,,1.9,0.6,-1.3,0.39,49.0,19.0,5.0,1.0,,14.0,0.8,5.0,4.0,2.0,POC Review,11.0,1.0,89.0,3.0,Expanding,0.0,False,0.0,,True,False,False,False,False,True,False,True,False,True,9.0,56.0,False,1.0,82.0,8.0,,0.0,,Multi-threaded well. Finance and Eng both bought in.,,7.0,,True,2026-05-05,True,Won,,
DL-1504,"MOORE, MONROE AND GONZALEZ",ACC-29011,Wright-Hughes - Governance Module Monthly,SMB,Logistics,EMEA,Alex Morgan,REP-100,Hana Takeda,Danny Patel,Governance Module,Monthly,PLG Expansion,Starburst,,20700.0,20100.0,42500.0,0.03,False,$50k–$150k,11/17/2025,12/24/2025,37.0,8.0,5.0,0.0,,,Closed Lost,Martha Thompson,Analytics Engineer,IC,11.8,Eric Walker,CTO,False,2.0,8,1.0,True,False,,2.5,8.65,6.15,1.0,13.0,13.0,0.0,7.0,Q4 pricing — URGENT,9.0,2.6,3.0,3.0,1.0,Technical Review,34.0,0.0,50.0,-33.0,Contracting,1.0,False,0.0,False,,False,False,False,True,False,True,False,True,False,,79.0,False,1.0,76.0,10.0,True,7.0,75.0,New data lead came in and had a prior relationship with Snowflake.,Suffer director know red treatment big cause science water none just happen recognize after modern really play blood.,,Commit,True,2026-05-07,False,Lost,Champion Left,Champion Collapse
DL-1831,HERNANDEZ-PEREZ,ACC-21444,,Enterprise,Education,Southwest,Priya Shah,REP-101,Benjamin Cross,Casey Wu,Core Platform,Monthly,Partner Referral,None / Greenfield,dbt Labs,391800.0,289900.0,707300.0,0.26,False,<$50k,02/22/2024,07/04/2024,133.0,13.0,5.0,0.0,,8.0,Closed Won,Julia Lynch,Head of Data Engineering,Manager,9.4,,CFO,True,1.0,8,6.0,True,False,,0.9,2.7,1.8,0.93,15.0,14.0,3.0,5.0,,16.0,2.5,3.0,5.0,4.0,,2.0,1.0,67.0,0.0,Expanding,2.0,False,0.0,,False,False,True,True,True,,True,False,False,False,,,,1.0,52.0,24.0,True,5.0,,close was delayed 2 weeks on legal but closed strong..,Tonight scene year rather return cut may senior can paper skill mind how method visit black inside.,6.0,,True,,False,Won,,
DL-1243,"Blackwell, Sanders and Larsen Inc",ACC-75732,Young PLC - Analytics Suite Pilot,SMB,Technology,APAC,Tyler Brooks,REP-108,Benjamin Cross,Jaylen Ford,Analytics Suite,Pilot,Inbound - Website,Alation,,15700.0,11600.0,26000.0,0.26,True,,12/20/2025,01/17/2026,28.0,58.0,4.0,1.0,,18.0,Closed Lost,Tasha Boyd,Director of Data,Director,11.1,Tiffany Huynh,CFO,True,3.0,7,7.0,False,,False,2.1,0.8,-1.3,0.24,45.0,10.0,14.0,34.0,,8.0,1.7,10.0,0.0,4.0,POC Review,4.0,3.0,77.0,9.0,Expanding,2.0,False,0.0,False,True,False,False,False,True,False,,False,True,True,15.0,76.0,True,0.0,51.0,19.0,True,4.0,44.0,Prospect stopped engaging after the proposal. No explanation given.,Market bed outside significant finish strategy say south season very design blood.,,Pipeline,False,04/27/2026,True,Lost,No Decision / Stalled,Ghost Stall
DL-1566,"SCHNEIDER, THOMAS AND CLARK",ACC-77212,"Guerra, Roberts and Mccarty - Core Platform Multi-Year",SMB,Retail,West,Rachel Kim,REP-107,Amara Osei,Grace Okonkwo,Core Platform,Multi-Year,Outbound SDR,dbt Labs,,24900.0,24900.0,53400.0,0.32,True,>$500k,"May 27, 2025",06/29/2025,33.0,9.0,5.0,1.0,22.0,,Closed Lost,Eric Spencer,Chief Data Officer,C-Suite,8.9,Victoria Deleon,COO,False,0.0,8,6.0,False,False,True,0.8,2.0,1.2,0.71,51.0,36.0,2.0,18.0,following up again...,14.0,2.1,11.0,5.0,1.0,,7.0,2.0,56.0,-4.0,Expanding,3.0,True,3.0,True,True,True,False,False,True,True,False,True,True,True,16.0,69.0,False,0.0,68.0,7.0,,4.0,,Lost — price / budget. No additional detail.,Fear local project nearly throw carry animal do hear rich apply project later really.,6.0,Pipeline,True,"May 01, 2026",,Lost,No Decision / Stalled,Competitor Displacement
DL-1875,Howard Ltd Inc,ACC-35464,Hunt and Sons - Analytics Suite Annual,Enterprise,Media,Northeast,Rachel Kim,REP-107,Hana Takeda,,Analytics Suite,Annual,Inbound - Website,Collibra,Databricks,771200.0,647800.0,647800.0,0.16,False,<$50k,19-Dec-2024,05/05/2025,137.0,6.0,2.0,1.0,,,Closed Lost,James Austin,Senior Data Engineer,IC,,,VP Operations,False,0.0,7,5.0,True,,True,1.7,1.4,-0.3,0.93,29.0,27.0,2.0,2.0,,10.0,1.7,8.0,4.0,3.0,POC Review,1.0,4.0,67.0,2.0,Contracting,0.0,False,0.0,True,True,False,True,True,True,,,,False,True,15.0,,False,1.0,56.0,17.0,,6.0,97.0,Lost — no decision / stalled. No additional detail.,Least study teacher Congress sort speech mother push drive cell economy defense mention.,10.0,Pipeline,False,30-Apr-2026,True,Lost,No Decision / Stalled,Exec Vacuum
DL-1562,"Cortez,WarrenandSmith",ACC-34349,Clark Inc - Core Platform Annual,SMB,Media,Midwest,Tyler Brooks,REP-108,Hana Takeda,Grace Okonkwo,Core Platform,Annual,Executive Referral,Starburst,Monte Carlo,24400.0,20700.0,20700.0,0.25,True,$50k–$150k,"October 01, 2025",08-Nov-2025,38.0,20.0,5.0,1.0,11.0,35.0,Closed Lost,Alyssa Rodriguez PhD,Director of Data,Director,,Carl Harper,CFO,True,3.0,4,4.0,True,True,False,1.8,2.7,0.9,0.64,50.0,32.0,2.0,10.0,RE: RE: RE: Next steps??,6.0,2.4,8.0,1.0,3.0,Demo,9.0,3.0,89.0,13.0,,3.0,True,3.0,False,False,True,True,False,True,False,,True,True,False,,66.0,False,1.0,66.0,16.0,False,1.0,81.0,lost to fivetran on connector breadth.. they had 200+ native connectors..,Each help line reflect enough exist without build.,6.0,Commit,False,13-May-2026,False,Lost,Chose Competitor,Competitor Displacement
DL-1993,Lynch Inc Inc,ACC-63453,Mueller-Wright - Core Platform Pilot,SMB,Retail,Southeast,James O'Brien,REP-106,Amara Osei,,Core Platform,Pilot,Event / Conference,Atlan,,16800.0,16800.0,37500.0,0.22,True,<$50k,07/13/2024,"August 10, 2024",28.0,12.0,2.0,3.0,,9.0,Closed Lost,Amanda Cunningham,,,,,COO,True,3.0,8,7.0,,,False,0.8,0.7,,0.31,,16.0,0.0,14.0,Introduction: Escobar <> Tiger Data,19.0,2.3,9.0,3.0,,Demo,15.0,2.0,93.0,-1.0,Stable,3.0,True,1.0,False,True,True,False,,False,,True,False,,False,,22.0,,2.0,59.0,17.0,True,,,Lost — missing feature. No additional detail.,Candidate sport your relate other radio but attorney tell next between however nation.,10.0,Commit,True,05/20/2026,True,Lost,Chose Competitor,
DL-1686,"Gutierrez, Guerra and Guerrero LLC",ACC-94755,"Ford, Parsons and Garcia - Core Platform Monthly",Enterprise,Energy,Southeast,Priya Shah,REP-101,Benjamin Cross,,Core Platform,Monthly,Cold Email Sequence,Monte Carlo,,461000.0,461000.0,1061600.0,0.0,False,$150k–$500k,"June 22, 2025",2025-11-27,158.0,33.0,3.0,0.0,16.0,,Closed Lost,Maria Vazquez,Director of Data,Director,8.3,David Rodriguez,CTO,False,0.0,5,5.0,True,True,,2.3,2.5,0.2,0.07,36.0,2.0,34.0,24.0,[External] Re: Tiger Data POC,3.0,1.5,8.0,0.0,1.0,Discovery,2.0,5.0,92.0,7.0,Expanding,2.0,False,0.0,True,True,True,False,False,False,False,True,False,False,True,14.0,71.0,False,1.0,,25.0,,5.0,,Lost — price / budget. No additional detail.,Very consumer enough hit policy dinner their key small light chance media use conference first always what site gas.,7.0,,False,"May 02, 2026",True,Lost,Missing Feature,Ghost Stall
DL-1957,"Duran, Ortiz and Tucker",ACC-87011,Ramirez Group - Full Bundle Annual,Mid-Market,Retail,West,Tyler Brooks,REP-108,Hana Takeda,Danny Patel,Full Bundle,Annual,Cold Email Sequence,dbt Labs,Fivetran,37400.0,34400.0,34400.0,0.08,True,<$50k,"April 29, 2025",2025-07-01,63.0,14.0,4.0,0.0,,,Closed Lost,Jennifer Lambert,Head of Data Engineering,Manager,,Sandra Kelley,SVP Technology,False,4.0,3,1.0,,,False,1.2,8.44,7.24,0.43,49.0,21.0,2.0,3.0,following up again...,19.0,0.9,3.0,2.0,4.0,Demo,20.0,2.0,36.0,-24.0,Stable,1.0,False,0.0,False,False,False,False,True,True,False,False,,True,False,,33.0,False,2.0,95.0,23.0,False,,,lost — security / compliance failed.. no additional detail..,Remain administration health card identify within only admit politics attack.,9.0,Best Case,False,03-May-2026,True,Lost,Price / Budget,Champion Collapse
DL-1189,Cross-Woodward Inc,ACC-67936,Sims-Wilson - Governance Module Pilot,SMB,Manufacturing,West,Nina Petrov,REP-109,Liam Sutherland,Elena Ruiz,Governance Module,Pilot,Event / Conference,Collibra,,29200.0,29200.0,78900.0,0.0,False,$50k–$150k,"April 23, 2025",05/23/2025,30.0,33.0,3.0,0.0,39.0,27.0,Closed Lost,Dale Dean,Data Engineer,IC,7.2,Jimmy Foley,Head of Product,True,2.0,3,1.0,,False,False,1.6,2.0,0.4,0.05,24.0,1.0,34.0,24.0,[External] Re: Tiger Data POC,14.0,1.5,3.0,0.0,4.0,,10.0,5.0,56.0,5.0,Expanding,0.0,False,0.0,False,False,True,True,False,True,,False,True,True,False,,48.0,,2.0,67.0,15.0,,5.0,,"Just went dark. Last email 3 weeks ago, no response.",Space part management describe process law kind over according think everything pick star debate continue area give certainly.,6.0,Best Case,False,,True,Lost,No Decision / Stalled,Ghost Stall
DL-1782,"Simmons, Torres and Mathis Inc",ACC-42935,"Jenkins, Davis and Walker - Analytics Suite Annual",Enterprise,Energy,Northeast,James O'Brien,REP-106,Benjamin Cross,Casey Wu,Analytics Suite,Annual,Inbound - Website,dbt Labs,,398600.0,398600.0,398600.0,0.0,False,<$50k,"January 28, 2025",2025-05-07,99.0,17.0,3.0,0.0,32.0,9.0,Closed Lost,Susan Green,Data Engineer,IC,,Anthony Luna,Chief Data Officer,True,4.0,8,6.0,True,,True,2.2,2.7,0.5,0.54,56.0,30.0,6.0,3.0,Q4 pricing — URGENT,3.0,1.9,11.0,4.0,2.0,Technical Review,1.0,5.0,59.0,-6.0,Expanding,0.0,True,3.0,False,True,True,False,True,False,True,False,,True,False,,68.0,True,1.0,,23.0,True,8.0,85.0,Lost — price / budget. No additional detail.,My later prepare task there eight increase level quickly.,7.0,Commit,True,,True,Lost,Wrong Timing,
DL-1975,jones-howard,ACC-44141,"Graham, Tanner and Carr - Analytics Suite Multi-Year",Mid-Market,Healthcare,Southwest,James O'Brien,REP-106,Liam Sutherland,Isla Berg,Analytics Suite,Multi-Year,Inbound - Website,Collibra,,81600.0,81600.0,222000.0,0.0,True,$50k–$150k,2025-02-03,28-Apr-2025,84.0,9.0,6.0,0.0,,27.0,Closed Won,Kyle Young,VP of Data,VP,,Susan Williams,CFO,True,4.0,4,4.0,False,True,False,0.6,1.0,0.4,0.72,58.0,42.0,7.0,2.0,fwd: technical review docs,4.0,0.7,10.0,3.0,4.0,Pricing,8.0,1.0,57.0,-5.0,,1.0,False,0.0,False,False,False,True,False,True,,True,False,True,False,,,True,2.0,86.0,12.0,False,1.0,50.0,"Strong champion, got exec in early. Smooth close.",,9.0,Pipeline,False,2026-05-06,False,Won,,
DL-1699,BaileyandSons,ACC-68145,Mclaughlin-Chandler - Full Bundle Annual,Enterprise,Education,Northeast,Sophia Nguyen,REP-105,Amara Osei,Henry Vasquez,Full Bundle,Annual,Event / Conference,Snowflake,,543600.0,451200.0,451200.0,0.17,False,$150k–$500k,07/22/2024,2024-11-28,129.0,8.0,4.0,1.0,,,Closed Lost,John Erickson,Data Engineer,IC,7.3,Teresa Smith,SVP Technology,False,0.0,8,6.0,True,True,False,2.4,0.5,-1.9,0.54,48.0,26.0,2.0,10.0,Introduction: Romero <> Tiger Data,14.0,2.5,7.0,1.0,1.0,POC Review,10.0,4.0,78.0,4.0,,0.0,True,4.0,True,True,False,False,True,True,True,False,,True,True,27.0,,,1.0,83.0,18.0,,3.0,89.0,Lost — price / budget. No additional detail.,,9.0,Commit,True,"May 13, 2026",True,Lost,No Decision / Stalled,Exec Vacuum
DL-1475,"Mcdonald-Parrish, Inc.",ACC-94074,Farmer Group - Full Bundle Annual,SMB,Insurance,Midwest,Emily Rodriguez,REP-103,Jordan Blake,,Full Bundle,Annual,Inbound - Website,dbt Labs,,20800.0,17900.0,17900.0,0.14,False,$150k–$500k,26-Nov-2024,01/04/2025,39.0,16.0,4.0,0.0,,,Closed Lost,Timothy Salazar,Senior Data Engineer,IC,10.2,Sherri Lowe,VP Operations,False,0.0,4,3.0,True,True,,0.8,2.1,1.3,0.98,57.0,56.0,4.0,5.0,Q4 pricing — URGENT,4.0,1.8,2.0,5.0,4.0,Discovery,12.0,2.0,79.0,8.0,Contracting,2.0,False,0.0,True,False,False,True,False,False,,False,False,False,False,,69.0,True,1.0,77.0,19.0,,2.0,17.0,Lost — no decision / stalled. No additional detail.,,6.0,Commit,,"April 29, 2026",True,Lost,No Decision / Stalled,Exec Vacuum
DL-1681,Sanders-Walker Inc,ACC-88627,Walker PLC - Governance Module Annual,Mid-Market,Retail,Midwest,Nina Petrov,REP-109,Liam Sutherland,Casey Wu,Governance Module,Annual,Outbound SDR,Starburst,,88800.0,80800.0,80800.0,0.09,True,<$50k,2025-08-27,10/20/2025,54.0,3.0,5.0,1.0,13.0,,Closed Lost,Amber Harris,Data Engineer,IC,2.4,Cheryl Russell,COO,False,4.0,4,1.0,True,,,2.1,9.84,7.74,0.83,30.0,25.0,6.0,9.0,Re: Follow up from our call,3.0,2.9,10.0,1.0,2.0,Pricing,32.0,3.0,50.0,-35.0,Expanding,0.0,False,0.0,True,,True,False,True,False,,False,True,False,True,19.0,34.0,,1.0,59.0,23.0,True,6.0,70.0,lost — missing feature.. no additional detail..,Almost eat financial fall enter debate blue feeling professional research.,8.0,Commit,,12-May-2026,True,Lost,Price / Budget,Champion Collapse
DL-1510,,ACC-91512,"Zamora, Taylor and Carrillo - Analytics Suite Monthly",SMB,Healthcare,Southeast,David Park,,Hana Takeda,Casey Wu,,Monthly,Event / Conference,,Alation,18200.0,18200.0,43400.0,0.0,False,$150k–$500k,10/23/2025,"November 29, 2025",37.0,16.0,3.0,,,12.0,Closed Won,Michael Ward,Data Architect,IC,11.7,Erica Yates,Head of Product,True,5.0,8,7.0,,False,False,2.4,2.8,,,,,5.0,1.0,Checking in,11.0,1.1,8.0,1.0,1.0,,3.0,,55.0,0.0,Expanding,2.0,False,0.0,True,True,False,False,False,False,False,True,False,True,True,11.0,,False,2.0,,11.0,,8.0,,,,7.0,Commit,False,14-May-2026,True,Won,,
DL-1058,padilla-lewis,ACC-21233,"Mitchell, Hendricks and Henry - Core Platform Multi-Year",SMB,Insurance,West,Marcus Chen,REP-102,,Casey Wu,Core Platform,Multi-Year,Cold Email Sequence,None / Greenfield,,26700.0,22400.0,,0.16,False,<$50k,2024-06-21,2024-07-30,39.0,3.0,2.0,0.0,41.0,,Closed Lost,Samuel Hayes,Data Engineer,IC,9.6,Jill Miller,SVP Technology,False,0.0,7,7.0,False,False,False,1.1,1.5,0.4,0.32,57.0,18.0,5.0,10.0,,11.0,2.5,8.0,3.0,1.0,POC Review,2.0,2.0,81.0,6.0,Expanding,1.0,False,0.0,False,True,True,False,True,True,False,True,False,,True,10.0,35.0,False,0.0,82.0,16.0,True,7.0,,No exec sponsor. Deal died when Q4 budgets froze.,Property remember nearly face feel church remember record company gun difference world society door.,7.0,,False,17-May-2026,True,Lost,No Decision / Stalled,Exec Vacuum
DL-1474,"Hopkins, Montgomery and Mccullough Inc",ACC-25796,"Huffman, Conner and Brooks - Governance Module Monthly",Enterprise,Media,Midwest,Nina Petrov,REP-109,Amara Osei,Henry Vasquez,Governance Module,Monthly,Inbound - Website,Snowflake,,616600.0,517900.0,1448500.0,0.16,True,,05-Jul-2025,2025-11-18,136.0,19.0,6.0,1.0,20.0,,Closed Won,James Harrison,Senior Data Engineer,IC,0.6,Jodi Conway,SVP Technology,False,0.0,4,4.0,True,True,False,2.2,2.8,0.6,0.17,29.0,5.0,4.0,1.0,,17.0,0.8,6.0,3.0,1.0,Pricing,7.0,1.0,91.0,10.0,Stable,0.0,False,0.0,True,False,True,True,True,True,,False,False,False,True,6.0,99.0,False,0.0,93.0,4.0,,,,"Competitive deal vs Snowflake, but we had the better integration story.",Include current front three process view it wall agency deal note common worker quite shoulder political offer song character.,7.0,Pipeline,True,,True,Won,,
DL-1560,ingram ltd,ACC-90487,Richardson PLC - Governance Module Pilot,Enterprise,Education,Northeast,Nina Petrov,REP-109,Hana Takeda,Grace Okonkwo,Governance Module,Pilot,LinkedIn Outbound,Starburst,,526700.0,526700.0,1114200.0,0.0,,$50k–$150k,17-Aug-2025,2026-02-21,188.0,10.0,4.0,0.0,13.0,,Closed Lost,Kelly Greer,Data Architect,IC,10.6,,VP Engineering,False,2.0,8,1.0,False,True,True,1.7,8.58,6.88,0.91,34.0,31.0,0.0,6.0,,7.0,2.6,8.0,2.0,3.0,POC Review,32.0,4.0,33.0,-35.0,Stable,2.0,False,0.0,False,,True,True,True,True,True,False,True,True,False,,94.0,True,2.0,80.0,21.0,True,,,Lost — missing feature. No additional detail.,,8.0,Omitted,True,18-May-2026,True,Lost,Champion Left,Champion Collapse
DL-1856,Estrada-Morgan,ACC-39659,"Carpenter, Norris and Howe - Analytics Suite Multi-Year",Mid-Market,Manufacturing,West,James O'Brien,REP-106,Benjamin Cross,Casey Wu,Analytics Suite,Multi-Year,Inbound - Website,Monte Carlo,Collibra,132000.0,124100.0,307200.0,0.06,True,<$50k,12/12/2025,03/08/2026,86.0,7.0,6.0,0.0,,,Closed Lost,Mark Cannon,Data Engineer,IC,4.4,Gina Wright,COO,False,5.0,2,1.0,True,,True,0.9,7.48,6.58,0.9,40.0,36.0,3.0,7.0,,9.0,2.7,9.0,1.0,2.0,Technical Review,32.0,5.0,38.0,-35.0,Expanding,1.0,False,0.0,True,False,False,False,False,True,True,True,True,False,False,,,,0.0,92.0,13.0,,2.0,,New data lead came in and had a prior relationship with Snowflake.,Dark treat sense hold type character billion little church leader population value week.,,Omitted,True,04-May-2026,,Lost,Champion Left,Champion Collapse
DL-1747,"Brown, Black and Willis LLC",ACC-39935,Herrera-Kaiser - Analytics Suite Annual,Mid-Market,Logistics,Southeast,Alex Morgan,REP-100,Benjamin Cross,,Analytics Suite,Annual,PLG Expansion,Collibra,,50200.0,50200.0,50200.0,0.0,True,$50k–$150k,15-Aug-2025,"October 20, 2025",66.0,5.0,6.0,0.0,,30.0,Closed Won,Sean Smith,Lead Data Engineer,IC,5.7,Rose Kaiser,Head of Product,True,4.0,3,3.0,False,True,False,2.5,2.6,0.1,0.71,56.0,40.0,2.0,7.0,,10.0,0.6,10.0,5.0,3.0,Demo,7.0,3.0,81.0,-5.0,Stable,0.0,False,0.0,True,True,False,False,True,False,False,True,False,True,False,,84.0,True,1.0,66.0,3.0,False,8.0,5.0,Multi-threaded well. Finance and Eng both bought in.,,9.0,Omitted,False,12-May-2026,True,Won,,
DL-1252,"The Washington, Vasquez and Singleton",ACC-98727,Martinez Inc - Core Platform Monthly,SMB,Retail,Midwest,Emily Rodriguez,REP-103,Amara Osei,Danny Patel,Core Platform,Monthly,PLG Expansion,Alation,,24000.0,19400.0,40600.0,0.34,False,$150k–$500k,2024-04-02,04/28/2024,26.0,14.0,6.0,3.0,16.0,11.0,Closed Lost,Duane Conley,VP of Data,VP,5.1,Samantha Elliott,CTO,True,2.0,6,4.0,False,True,False,0.7,2.9,2.2,0.57,28.0,16.0,0.0,14.0,,15.0,2.7,7.0,3.0,3.0,Technical Review,7.0,3.0,69.0,4.0,Expanding,4.0,True,4.0,True,False,True,False,False,True,True,True,,True,False,,,True,2.0,88.0,18.0,,,73.0,lost — missing feature.. no additional detail..,Defense your above short Congress turn east marriage behind forget expect wonder business health upon black food ahead.,9.0,Pipeline,,09-May-2026,False,Lost,Chose Competitor,Competitor Displacement
DL-1021,"Gonzalez, Vargas and Rivas LLC",ACC-78337,Garcia LLC - Analytics Suite Annual,Enterprise,Education,West,Tyler Brooks,REP-108,Liam Sutherland,Grace Okonkwo,Analytics Suite,Annual,Executive Referral,None / Greenfield,,575000.0,575000.0,575000.0,0.0,False,<$50k,"March 03, 2024",07/27/2024,146.0,8.0,6.0,0.0,,12.0,Closed Won,Lindsay Martinez,Chief Data Officer,C-Suite,4.6,Dr. Hannah Patterson,Chief Data Officer,True,1.0,5,3.0,False,True,True,2.0,1.2,-0.8,0.38,52.0,20.0,6.0,1.0,,3.0,1.4,11.0,2.0,2.0,,9.0,5.0,91.0,11.0,Stable,0.0,False,0.0,True,True,False,False,True,True,False,True,False,True,False,,,,1.0,52.0,18.0,,,,Multi-threaded well. Finance and Eng both bought in.,,8.0,Best Case,False,2026-05-10,False,Won,,
DL-1313,Clements-Simmons,ACC-39789,Howe Inc - Full Bundle Pilot,Mid-Market,Media,EMEA,Alex Morgan,REP-100,Amara Osei,Isla Berg,Full Bundle,Pilot,Partner Referral,Starburst,,44100.0,40100.0,113600.0,0.35,True,<$50k,31-Jul-2024,"October 17, 2024",78.0,12.0,3.0,1.0,22.0,16.0,Closed Lost,John Landry,Data Architect,IC,8.4,Jose Morgan,CTO,True,4.0,8,6.0,True,False,,1.0,2.4,1.4,0.92,38.0,35.0,0.0,10.0,fwd: technical review docs,20.0,2.5,9.0,5.0,3.0,Pricing,3.0,5.0,75.0,-4.0,Expanding,5.0,True,2.0,False,True,True,True,True,False,False,True,False,False,False,,76.0,True,1.0,61.0,10.0,,6.0,10.0,lost — chose competitor.. no additional detail..,Wide phone identify alone drive major read west present heart reality somebody probably sing ten practice.,9.0,Pipeline,False,05/02/2026,,Lost,Chose Competitor,Competitor Displacement
DL-1459,Massey-Perry LLC,ACC-38449,"Murillo, Lee and Lopez - Governance Module Annual",Mid-Market,Energy,EMEA,Rachel Kim,REP-107,Amara Osei,Elena Ruiz,Governance Module,Annual,Executive Referral,Starburst,,65400.0,64100.0,64100.0,0.02,True,>$500k,09/07/2024,2024-11-05,59.0,18.0,5.0,0.0,21.0,,Closed Lost,Jennifer Johnston,Analytics Manager,Manager,6.7,Jasmine Green,VP Engineering,False,0.0,7,7.0,True,True,,1.8,0.9,-0.9,0.84,25.0,21.0,0.0,6.0,Re: Follow up from our call,7.0,2.7,4.0,1.0,1.0,Executive QBR,14.0,2.0,95.0,5.0,Stable,2.0,True,4.0,True,,True,False,False,False,True,,,True,True,8.0,60.0,,0.0,89.0,7.0,False,5.0,32.0,Lost — price / budget. No additional detail.,,8.0,Commit,False,"May 21, 2026",,Lost,Missing Feature,
DL-1160,"Melton, Henry and Joyce, Inc.",ACC-91962,"Ramirez, Walker and Ray - Core Platform Pilot",Mid-Market,Education,Southwest,Marcus Chen,REP-102,Amara Osei,Frankie Hale,Core Platform,Pilot,Outbound SDR,Monte Carlo,,101100.0,101100.0,229500.0,0.0,True,,"June 09, 2024",19-Sep-2024,102.0,33.0,5.0,0.0,,21.0,Closed Lost,Robert Mendoza,Senior Data Engineer,IC,2.7,,CTO,True,2.0,3,2.0,True,True,False,1.7,2.6,0.9,0.11,36.0,3.0,27.0,14.0,Introduction: Galloway <> Tiger Data,20.0,2.3,9.0,0.0,4.0,POC Review,9.0,0.0,79.0,-9.0,Stable,0.0,False,0.0,True,,False,False,False,False,,False,False,False,True,23.0,,,0.0,85.0,20.0,,1.0,,Multiple follow-ups with no reply. Probably went internal.,Lead build million firm across purpose here beyond gun technology cost.,9.0,Commit,True,"April 26, 2026",False,Lost,Missing Feature,Ghost Stall
DL-1276,"Velasquez Ltd, Inc.",ACC-94308,Stokes-Walker - Core Platform Pilot,Mid-Market,Manufacturing,Southeast,Priya Shah,REP-101,,Jaylen Ford,Core Platform,Pilot,LinkedIn Outbound,Databricks,,68800.0,68800.0,178000.0,0.0,False,<$50k,"April 29, 2024",06/16/2024,48.0,16.0,3.0,1.0,,20.0,Closed Won,Tracy Johnson,Data Engineer,IC,6.7,,VP Engineering,True,4.0,3,2.0,False,True,True,1.1,1.0,-0.1,0.92,13.0,12.0,7.0,5.0,Introduction: Howard <> Tiger Data,7.0,1.9,4.0,2.0,2.0,Pricing,6.0,4.0,60.0,5.0,Stable,1.0,True,1.0,False,False,False,False,False,False,True,False,True,True,True,9.0,,True,0.0,63.0,16.0,True,6.0,,Fast cycle. Champion had budget approved before we even started.,,8.0,Omitted,True,"April 28, 2026",,Won,,
DL-1955,ross-barber,ACC-72569,Allen LLC - Core Platform Pilot,Mid-Market,Technology,Midwest,Alex Morgan,REP-100,Amara Osei,Elena Ruiz,Core Platform,Pilot,LinkedIn Outbound,Atlan,,63900.0,60700.0,159200.0,0.05,True,,01/11/2026,05-Mar-2026,53.0,18.0,5.0,0.0,34.0,,Closed Lost,Gwendolyn Fox,Data Engineer,IC,8.2,Felicia Sandoval,Director of IT,False,4.0,6,1.0,,False,True,2.5,10.06,7.56,0.35,34.0,12.0,4.0,10.0,,5.0,2.1,8.0,1.0,4.0,Executive QBR,26.0,1.0,27.0,-31.0,Expanding,1.0,False,0.0,True,True,True,True,False,False,,,True,True,False,,43.0,True,2.0,65.0,10.0,,,,Lost — security / compliance failed. No additional detail.,Early west trial ten candidate in worker piece trip provide add when employee ahead.,9.0,Commit,True,,True,Lost,Champion Left,Champion Collapse
DL-1191,"Clark, Brown and Duncan Inc",ACC-88365,"Rice, Miller and Ramsey - Governance Module Multi-Year",Enterprise,Insurance,Northeast,Marcus Chen,REP-102,,Danny Patel,Governance Module,Multi-Year,Event / Conference,None / Greenfield,,334600.0,334600.0,785600.0,0.0,False,$150k–$500k,25-Jun-2025,12/28/2025,186.0,13.0,4.0,0.0,,25.0,Closed Won,Rachel Mann,Senior Data Engineer,IC,2.6,,Director of IT,True,3.0,2,1.0,True,True,False,2.3,1.0,-1.3,0.21,34.0,7.0,6.0,10.0,Q4 pricing — URGENT,8.0,2.9,8.0,5.0,3.0,Discovery,10.0,0.0,66.0,14.0,,2.0,False,0.0,,False,False,False,True,True,,False,False,,False,,85.0,True,2.0,54.0,16.0,True,6.0,,Fast cycle. Champion had budget approved before we even started.,Yet government can none mind place manage conference participant remember without ability agency personal brother summer son yourself.,8.0,Commit,,,,Won,,
DL-1385,"Williams, Torres and Weaver LLC",ACC-35694,Pineda-Kent - Analytics Suite Pilot,SMB,Financial Services,Southwest,Priya Shah,REP-101,Jordan Blake,Henry Vasquez,Analytics Suite,Pilot,Partner Referral,None / Greenfield,Monte Carlo,33100.0,33100.0,90700.0,0.32,True,>$500k,2024-07-03,"July 24, 2024",21.0,18.0,2.0,1.0,,28.0,Closed Lost,Gabrielle Clayton,Senior Data Engineer,IC,11.9,Paul Robinson,CFO,True,1.0,8,6.0,True,,False,1.7,1.0,-0.7,0.8,59.0,47.0,1.0,10.0,Checking in,3.0,1.4,12.0,3.0,3.0,POC Review,15.0,0.0,82.0,7.0,Stable,7.0,True,3.0,True,True,False,True,True,True,True,True,,True,False,,47.0,,1.0,70.0,24.0,,4.0,25.0,Lost — no decision / stalled. No additional detail.,Game stop its into role save arm body.,6.0,Omitted,,,True,Lost,Chose Competitor,Competitor Displacement
DL-1805,"Wilson-Hill, Inc.",ACC-67944,Vang and Sons - Core Platform Monthly,Mid-Market,Education,West,Rachel Kim,REP-107,,,Core Platform,Monthly,Cold Email Sequence,dbt Labs,Databricks,41000.0,41000.0,117300.0,0.0,,<$50k,2024-10-25,05-Feb-2025,103.0,8.0,6.0,1.0,,21.0,Closed Lost,Rachel Gardner,Head of Data Engineering,Manager,7.4,Robert Johnson,Director of IT,True,4.0,4,2.0,,False,,1.8,2.8,1.0,0.1,49.0,5.0,1.0,8.0,Re: Follow up from our call,10.0,1.1,2.0,4.0,3.0,Technical Review,8.0,5.0,61.0,-7.0,Contracting,0.0,False,0.0,,False,False,True,False,True,,False,True,True,True,26.0,40.0,False,2.0,62.0,15.0,,,1.0,Lost — wrong timing. No additional detail.,,9.0,Pipeline,True,05/19/2026,True,Lost,Missing Feature,
DL-1413,"The Decker, Johnson and Davenport",ACC-34489,Moore-Carroll - Full Bundle Multi-Year,SMB,Technology,EMEA,Priya Shah,REP-101,,Isla Berg,Full Bundle,Multi-Year,PLG Expansion,Snowflake,Snowflake,21800.0,15500.0,39900.0,0.29,True,$150k–$500k,"August 06, 2025",2025-08-31,25.0,6.0,2.0,0.0,,,Closed Won,Jessica Brewer DDS,BI Lead,Manager,5.3,Gordon Schmitt,SVP Technology,False,0.0,4,3.0,,False,True,0.6,1.7,1.1,0.29,28.0,8.0,7.0,10.0,[External] Re: Tiger Data POC,18.0,2.3,12.0,3.0,4.0,,14.0,5.0,80.0,-3.0,,0.0,True,3.0,True,False,False,False,True,True,True,,True,,False,,85.0,False,2.0,71.0,13.0,True,2.0,,Fast cycle. Champion had budget approved before we even started.,Stop some before significant election life all boy probably cost cause only head help open almost red picture.,9.0,Best Case,True,"May 09, 2026",,Won,,
DL-1491,Potter-Vasquez Inc,ACC-35784,"Brown, Butler and Clarke - Core Platform Monthly",Mid-Market,Financial Services,Midwest,David Park,REP-104,Liam Sutherland,Frankie Hale,Core Platform,Monthly,Partner Referral,Collibra,,44800.0,36300.0,106800.0,0.19,False,>$500k,2025-08-17,2025-10-15,59.0,19.0,4.0,1.0,26.0,26.0,Closed Won,Kimberly Davis,Analytics Engineer,IC,11.2,Christopher Farmer,VP Operations,True,5.0,2,2.0,False,False,True,2.4,2.6,0.2,0.74,35.0,26.0,6.0,1.0,[External] Re: Tiger Data POC,15.0,1.9,2.0,2.0,2.0,Executive QBR,2.0,3.0,82.0,11.0,,2.0,True,1.0,False,True,True,False,True,False,False,False,,False,False,,89.0,True,0.0,55.0,4.0,False,2.0,,Fast cycle. Champion had budget approved before we even started.,,7.0,Omitted,False,,False,Won,,
DL-1343,"The Franklin, Mills and Mack",ACC-75390,Floyd-Morgan - Governance Module Annual,SMB,Manufacturing,West,James O'Brien,REP-106,Liam Sutherland,Casey Wu,Governance Module,Annual,Inbound - Website,Alation,Alation,21700.0,16100.0,16100.0,0.26,False,,08/15/2024,06-Sep-2024,22.0,8.0,2.0,0.0,43.0,,Closed Won,Scott Jordan,Data Engineer,IC,9.6,Patricia Hughes,CFO,False,0.0,4,2.0,,False,False,1.6,1.7,0.1,0.69,13.0,9.0,7.0,8.0,fwd: technical review docs,8.0,2.8,3.0,3.0,3.0,Executive QBR,11.0,4.0,61.0,2.0,Contracting,1.0,True,4.0,False,True,True,True,True,True,False,False,False,True,True,12.0,,,2.0,67.0,11.0,False,1.0,67.0,Technical win — their data architect loved the architecture demo.,,9.0,Pipeline,False,05/12/2026,True,Won,,
DL-1769,Goodwin-Davis Inc,ACC-67179,"Brown, Deleon and Potter - Governance Module Annual",Mid-Market,Energy,Southeast,Tyler Brooks,REP-108,Amara Osei,Elena Ruiz,Governance Module,Annual,Inbound - Website,Snowflake,,105500.0,89700.0,89700.0,0.15,False,$50k–$150k,"December 13, 2025","March 08, 2026",85.0,9.0,3.0,0.0,16.0,19.0,Closed Lost,Terry Carr,Data Engineer,IC,5.5,Tiffany Wilson,Chief Data Officer,True,2.0,4,4.0,True,,False,1.8,1.4,-0.4,0.23,30.0,7.0,5.0,7.0,Introduction: Martinez <> Tiger Data,15.0,2.2,5.0,5.0,4.0,Pricing,5.0,2.0,63.0,-8.0,Contracting,0.0,False,0.0,,True,True,True,True,True,False,True,False,,False,,50.0,False,0.0,59.0,11.0,False,6.0,,Lost — missing feature. No additional detail.,Whom husband away least onto everyone assume address consider simple environmental behavior.,9.0,Pipeline,True,,,Lost,Security / Compliance Failed,
DL-1308,JACKSON-GRIFFIN,ACC-91560,Olson PLC - Core Platform Annual,Mid-Market,Technology,Midwest,Tyler Brooks,REP-108,Liam Sutherland,Danny Patel,Core Platform,Annual,Executive Referral,Databricks,,149600.0,130200.0,,0.13,,>$500k,2025-08-21,11/29/2025,100.0,20.0,3.0,1.0,,,Closed Lost,Daniel Mullins,Head of Data Engineering,Manager,,Ann Graham,Chief Data Officer,False,3.0,8,1.0,False,True,,2.4,9.69,7.29,0.95,19.0,18.0,8.0,2.0,,20.0,2.6,11.0,1.0,2.0,Pricing,24.0,1.0,48.0,-21.0,Expanding,2.0,True,3.0,False,True,False,False,True,False,False,False,True,,True,6.0,96.0,True,2.0,73.0,24.0,False,5.0,57.0,Lost — no decision / stalled. No additional detail.,Civil upon total short detail election live today.,10.0,Omitted,True,2026-05-07,,Lost,Price / Budget,Champion Collapse
DL-1661,"Frank, Reyes and Roman Inc",ACC-21807,Clark-Ramirez - Analytics Suite Annual,Enterprise,Technology,Southwest,David Park,REP-104,Jordan Blake,,Analytics Suite,Annual,Cold Email Sequence,Snowflake,,394800.0,390900.0,390900.0,0.01,True,<$50k,"November 08, 2024",2025-05-18,191.0,3.0,2.0,0.0,32.0,,Closed Won,Greg Wood,Data Architect,IC,11.8,,CTO,False,0.0,7,5.0,False,False,False,1.6,2.5,0.9,0.5,10.0,5.0,8.0,7.0,Checking in,11.0,2.7,2.0,4.0,4.0,,1.0,3.0,57.0,8.0,,2.0,False,0.0,False,False,True,True,True,False,,,,False,True,24.0,42.0,False,0.0,67.0,22.0,True,0.0,47.0,Technical win — their data architect loved the architecture demo.,True fill beautiful game set other follow vote office however such consider table dream law wonder carry happy response.,6.0,,True,,True,Won,,
DL-1130,Dean-Haynes,ACC-95865,Rivas-Garcia - Governance Module Pilot,Mid-Market,Energy,APAC,James O'Brien,REP-106,,Danny Patel,Governance Module,Pilot,Cold Email Sequence,Collibra,None / Greenfield,92100.0,92100.0,263200.0,0.0,False,,2025-01-27,15-Apr-2025,,,3.0,0.0,32.0,8.0,Closed Won,Autumn Wilson,Analytics Manager,Manager,1.0,Craig Gonzalez,SVP Technology,True,3.0,8,8.0,False,False,False,0.9,2.2,1.3,0.69,26.0,18.0,2.0,6.0,Quick question on the proposal,17.0,2.6,,,2.0,Executive QBR,10.0,5.0,85.0,-10.0,Expanding,0.0,True,2.0,False,True,True,False,False,False,False,,False,True,True,,56.0,False,2.0,51.0,5.0,,2.0,,Multi-threaded well. Finance and Eng both bought in.,Story win group important civil nature travel read lose doctor actually become book.,8.0,Pipeline,True,,,,,
DL-1663,"Mckee, Johnson and Brewer Inc",ACC-31983,"Martinez, Bentley and Short - Core Platform Annual",Mid-Market,Education,West,Marcus Chen,REP-102,Hana Takeda,Frankie Hale,Core Platform,Annual,Outbound SDR,None / Greenfield,,101400.0,101400.0,101400.0,0.0,,$50k–$150k,21-Mar-2024,06/08/2024,79.0,47.0,3.0,0.0,31.0,15.0,Closed Lost,Brenda Martinez,Analytics Engineer,IC,1.4,Joshua Davis,CTO,True,1.0,8,8.0,,False,False,2.0,2.2,0.2,0.15,46.0,6.0,25.0,40.0,Q4 pricing — URGENT,18.0,0.5,11.0,0.0,2.0,Executive QBR,5.0,5.0,86.0,-4.0,Stable,2.0,True,2.0,,False,True,False,False,True,True,True,,,True,7.0,61.0,True,2.0,67.0,5.0,False,2.0,18.0,Prospect stopped engaging after the proposal. No explanation given.,,6.0,Omitted,False,06-May-2026,,Lost,Missing Feature,Ghost Stall
DL-1871,Moody Group,ACC-38941,Wilson-Graves - Governance Module Annual,SMB,Insurance,APAC,Marcus Chen,REP-102,Liam Sutherland,Isla Berg,Governance Module,Annual,Inbound - Website,Databricks,,13400.0,10600.0,,0.21,True,>$500k,14-Mar-2025,"April 24, 2025",41.0,3.0,6.0,0.0,25.0,12.0,Closed Won,Tina Hawkins,Analytics Engineer,IC,8.1,,Head of Product,True,5.0,8,6.0,True,,,2.1,1.7,-0.4,0.38,53.0,20.0,2.0,6.0,[External] Re: Tiger Data POC,10.0,2.4,8.0,3.0,2.0,,12.0,4.0,80.0,1.0,Contracting,2.0,True,2.0,True,False,True,False,False,True,False,False,False,True,False,,34.0,False,2.0,60.0,15.0,False,6.0,,"Competitive deal vs Databricks, but we had the better integration story.",Camera music surface agency feel performance travel Republican.,7.0,Best Case,True,,False,Won,,
DL-1087,Jackson-Adams,ACC-62948,Snyder-Brown - Governance Module Annual,Enterprise,Education,Northeast,Tyler Brooks,REP-108,Hana Takeda,,Governance Module,Annual,Event / Conference,Alation,,339700.0,339700.0,,0.0,False,$50k–$150k,2025-08-22,"February 20, 2026",182.0,20.0,5.0,0.0,,,Closed Lost,Jason Washington,Head of Data Engineering,Manager,5.3,David Wright,SVP Technology,False,0.0,6,1.0,True,True,True,0.8,7.1,6.3,0.4,58.0,23.0,6.0,6.0,Q4 pricing — URGENT,3.0,3.0,10.0,4.0,2.0,POC Review,24.0,0.0,48.0,-22.0,Stable,0.0,False,0.0,True,False,False,True,True,True,,False,True,True,False,,,True,2.0,60.0,25.0,,,59.0,Our champion got moved to a different team mid-deal. Lost access.,Many pattern leader career according how success here television key issue statement prepare organization feel owner receive look concern.,8.0,Omitted,True,2026-05-08,False,Lost,Champion Left,Champion Collapse
DL-1330,The Cohen-Berg,ACC-34307,,Mid-Market,Energy,Southeast,James O'Brien,REP-106,Liam Sutherland,Henry Vasquez,Full Bundle,Multi-Year,Inbound - Website,Snowflake,Monte Carlo,86600.0,83100.0,221500.0,0.04,,,"April 10, 2025","June 19, 2025",70.0,3.0,3.0,1.0,18.0,,Closed Lost,Richard Morales,Analytics Engineer,IC,7.4,Clinton Moore,SVP Technology,False,0.0,4,3.0,,False,True,2.4,1.1,-1.3,0.87,31.0,27.0,5.0,6.0,Introduction: Olsen <> Tiger Data,3.0,2.6,5.0,4.0,4.0,Discovery,1.0,5.0,57.0,9.0,,1.0,False,0.0,,True,True,True,True,False,False,False,,,False,,,False,2.0,84.0,21.0,False,4.0,49.0,"Champion was IC level, couldn't drive the purchase alone.",,,Omitted,False,05/01/2026,False,Lost,Price / Budget,Exec Vacuum
DL-1466,"Lopez Inc, Inc.",ACC-64805,Mcclain-Adkins - Governance Module Monthly,Enterprise,Retail,Northeast,Emily Rodriguez,REP-103,Jordan Blake,Casey Wu,Governance Module,Monthly,Cold Email Sequence,Snowflake,Collibra,617400.0,444500.0,1242900.0,0.32,True,$50k–$150k,"July 11, 2025","February 10, 2026",214.0,5.0,6.0,3.0,24.0,,Closed Lost,Carrie Edwards,Senior Data Engineer,IC,2.2,Alfred Rasmussen,Head of Product,False,0.0,7,6.0,True,,True,1.3,2.2,0.9,0.87,31.0,27.0,2.0,17.0,,13.0,1.1,10.0,2.0,2.0,Demo,10.0,3.0,70.0,10.0,Stable,7.0,True,2.0,,False,True,False,False,True,False,,True,True,True,13.0,,True,1.0,75.0,12.0,False,,59.0,Lost to Fivetran on connector breadth. They had 200+ native connectors.,Could who appear stay them school model condition he recognize treat better wear throughout Republican.,7.0,Pipeline,True,"May 09, 2026",True,Lost,No Decision / Stalled,Competitor Displacement
DL-1121,The Smith-Roth,ACC-93917,Collins-Cameron - Governance Module Monthly,Mid-Market,Education,Southwest,Alex Morgan,REP-100,Hana Takeda,Casey Wu,Governance Module,Monthly,Partner Referral,Databricks,Fivetran,149100.0,141600.0,327000.0,0.05,True,$50k–$150k,15-May-2024,08/13/2024,90.0,10.0,4.0,0.0,,8.0,Closed Lost,Melinda Compton,Data Architect,IC,6.5,Eric Manning,Chief Data Officer,True,2.0,8,6.0,True,False,False,1.7,2.1,0.4,0.87,15.0,13.0,4.0,6.0,Re: Follow up from our call,17.0,2.6,6.0,2.0,3.0,POC Review,10.0,1.0,91.0,-7.0,Contracting,1.0,True,4.0,,True,False,False,True,True,False,True,,False,False,,64.0,True,2.0,59.0,15.0,,7.0,12.0,Lost — wrong timing. No additional detail.,Especially indicate population could deep station scientist service test start middle city find medical.,7.0,Best Case,False,2026-05-21,True,Lost,Missing Feature,
DL-1860,"Rodriguez, Taylor and Galvan LLC",ACC-97239,"Mccoy, Turner and Lewis - Analytics Suite Pilot",Enterprise,Technology,Midwest,Alex Morgan,REP-100,Amara Osei,Isla Berg,Analytics Suite,Pilot,Inbound - Website,Alation,Snowflake,497900.0,497900.0,1250500.0,0.25,True,$50k–$150k,08/01/2025,02-Feb-2026,185.0,3.0,4.0,3.0,20.0,27.0,Closed Lost,Deborah Mathis,Head of Data Engineering,Manager,8.7,Michael White,VP Engineering,True,1.0,3,2.0,,False,False,1.3,1.3,0.0,0.88,25.0,22.0,8.0,19.0,,20.0,1.5,7.0,5.0,3.0,Discovery,2.0,5.0,57.0,-9.0,Expanding,7.0,True,3.0,True,True,True,False,True,False,True,True,,,True,25.0,,,1.0,74.0,20.0,True,1.0,81.0,They went with Databricks. Had deeper existing footprint.,Reflect himself factor least per later public in threat difference forget outside allow what blue.,10.0,Best Case,False,"May 16, 2026",False,Lost,No Decision / Stalled,Competitor Displacement
