deal_id,company_name,crm_account_id,opportunity_name,segment,industry,region,rep_name,rep_id,account_owner,sdr_name,product_line,contract_type,lead_source,competitor_primary,competitor_secondary,acv_usd,net_acv_usd,tcv_usd,discount_pct,budget_confirmed,budget_range_stated,created_date,close_date,sales_cycle_days,days_in_current_stage,stage_change_count,stage_regression_count,days_to_proposal,days_to_first_exec_engagement,current_stage,champion_name,champion_title,champion_seniority,champion_tenure_at_company_yrs,economic_buyer_name,economic_buyer_title,executive_sponsor_engaged,economic_buyer_meetings,unique_stakeholders_total,unique_stakeholders_at_midpoint,it_security_contact_identified,legal_contact_identified,finance_contact_identified,email_response_latency_start_days,email_response_latency_end_days,email_response_latency_delta_days,email_response_rate,total_emails_sent,total_emails_received,days_since_last_rep_touch,days_since_last_activity,last_email_subject,total_calls,call_frequency_per_week,meeting_count_total,meeting_count_last_30d,demo_count,last_meeting_type,days_since_multithread_touch,multithread_attempt_count,champion_engagement_score,champion_engagement_score_delta,stakeholder_breadth_trend,competitive_mentions_count,pricing_objection_raised,pricing_objection_count,feature_gap_flagged,security_objection_raised,proposal_sent,technical_validation_complete,security_review_complete,legal_review_started,legal_review_complete,procurement_engaged,msa_redlines_received,sow_sent,product_trial_active,trial_days_active,trial_feature_adoption_score,integration_poc_complete,open_support_tickets,intent_score,website_visits_last_30d,g2_profile_viewed,content_downloads_count,linkedin_engagement_score,rep_notes,last_call_notes_snippet,nps_score,forecast_category,next_step_defined,next_step_due_date,mutual_action_plan_shared,outcome,stated_loss_reason,injected_stall_signature,trajectory,dominant_stall_type,dominant_stall_score,dominant_weighted_score,urgency_stage,urgency_multiplier,priority_score,signals_hit_count,signals_hit_labels,signals_missing_count,note_contradiction,score_champion_collapse,score_competitor_displacement,score_ghost_stall,score_exec_vacuum
PIPE-2088,The Jones and Sons,ACC-51274,Gonzales-Hernandez - Core Platform Annual,SMB,Energy,EMEA,Vicki Coleman,REP-568,Donald Brown,Kevin Holland,Core Platform,Annual,LinkedIn Outbound,Snowflake,,33200.0,33200.0,33200.0,0.3,False,>$500k,2026-01-22,,,10,5,1,44.0,14.0,Prospecting,Steven Rodriguez,Lead Data Engineer,IC,,Tyler Mendez,SVP Technology,True,1,7,5,True,,False,1.1,1.1,0.0,0.48,29,14,7,14,Q4 pricing — URGENT,10,1.7,10,2,3,Technical Review,2,0,63,-10,Expanding,6,True,3,True,True,True,True,True,True,,True,True,False,False,,39.0,,2,67.0,20,True,3.0,,They went with Databricks. Had deeper existing footprint.,Dark team line process practice more later rate wrong race learn knowledge knowledge lawyer according which garden.,8.0,Pipeline,False,"April 21, 2026",,,,Competitor Displacement,healthy,Champion Collapse,0.0,0.0,overdue,1.5,0.0,0,,0,Rep notes suggest 'Competitor Displacement' but behavioral signals point to 'Champion Collapse'. Investigate before intervening.,0.0,0.0,0.0,0.0
PIPE-2126,Espinoza-Crane,ACC-67484,"Cook, Oneal and Sanders - Analytics Suite Monthly",SMB,Education,Northeast,Robert Perkins,REP-482,Donald Ramirez,Dale Kidd,Analytics Suite,Monthly,Inbound - Website,Fivetran,Monte Carlo,10900.0,10900.0,25700.0,0.0,False,,2026-04-07,,,14,2,1,45.0,,Discovery,Krista Mora,Data Engineer,IC,7.8,,CFO,False,0,5,5,False,True,True,1.2,2.7,1.5,0.65,31,20,5,1,Checking in,10,2.0,8,5,3,Discovery,11,5,89,-10,Stable,1,True,4,False,False,True,False,True,True,False,False,True,False,False,,39.0,True,1,50.0,16,,8.0,,Lost — chose competitor. No additional detail.,Oil same catch go and day off fact continue computer answer rule throw public approach tell.,6.0,Omitted,True,2026-04-27,False,,,Exec Vacuum,watch,Competitor Displacement,0.4,0.52,late,1.3,0.3833,2,pricing_objection_raised = 1.00 (threshold: 0.50) | 4 pricing objections raised (threshold: 1),0,,0.167,0.4,0.0,0.0
PIPE-2045,Davis LLC Inc,ACC-70015,Cooley-Berry - Governance Module Monthly,SMB,Media,Southeast,Taylor Long,REP-534,,Brittany Davis,Governance Module,Monthly,PLG Expansion,Alation,,26300.0,19500.0,,0.26,True,>$500k,"February 27, 2026",,,4,3,0,18.0,22.0,Discovery,Carolyn Boyd,BI Lead,Manager,1.3,,VP Engineering,True,5,7,6,True,False,False,1.3,2.7,1.4,0.74,19,14,1,3,Quick question on the proposal,5,0.7,4,5,3,,4,5,60,-3,Expanding,0,False,0,,False,True,True,False,False,False,False,True,True,False,,82.0,False,0,,10,True,,8.0,Lost — price / budget. No additional detail.,,10.0,Omitted,True,,False,,,,healthy,Competitor Displacement,0.2,0.26,late,1.3,0.3352,1,Discount at 26.0% — above threshold of 16.0%,0,,0.0,0.2,0.0,0.0
PIPE-2011,"MYERS, CLINE AND HARRINGTON",ACC-55593,Bender-Woods - Full Bundle Multi-Year,Mid-Market,Manufacturing,Southwest,Terri Jacobs,REP-973,Connor Gutierrez,Aaron Rangel,Full Bundle,Multi-Year,Event / Conference,dbt Labs,,53400.0,53400.0,,0.0,True,>$500k,"March 09, 2026",,,59,2,0,,,Negotiation,Matthew Kim,Analytics Manager,Manager,5.5,Alex Hall,VP Engineering,False,0,7,6,False,True,,1.5,2.7,1.2,0.12,26,3,20,21,fwd: technical review docs,6,2.3,3,0,4,Executive QBR,14,3,71,-10,Stable,1,False,0,True,True,False,False,True,True,False,,False,False,True,9.0,47.0,False,2,79.0,8,True,7.0,,Multiple follow-ups with no reply. Probably went internal.,,7.0,Best Case,False,15-May-2026,False,,,Ghost Stall,critical,Ghost Stall,1.0,1.0,overdue,1.5,1.8469,5,Last rep outreach was 20 days ago (threshold: 15d) | Deal has been stuck in current stage for 59 days (threshold: 28d) | Only 0 meetings in the last 30 days (threshold: 2) | days_since_last_activity = 21.00 (threshold: 14.00) | Only 12% of emails getting replies (threshold: 39%),0,,0.167,0.0,1.0,1.0
PIPE-2052,Burns PLC Inc,ACC-79304,Curtis Ltd - Analytics Suite Pilot,Enterprise,Media,Northeast,Cindy Bowen,REP-969,,Dennis Harper,Analytics Suite,Pilot,Partner Referral,Monte Carlo,,729900.0,686100.0,1867100.0,0.06,False,$50k–$150k,"February 25, 2026",,,10,4,1,,,Technical Validation,Melissa Schultz,Analytics Engineer,IC,,Michael Joseph,VP Engineering,False,0,8,6,False,False,True,0.9,0.7,-0.2,0.55,60,33,4,9,,7,2.8,9,5,3,POC Review,11,4,81,2,Stable,1,True,4,True,True,False,False,False,True,True,True,True,False,False,,97.0,False,1,66.0,13,False,5.0,2.0,lost — price / budget.. no additional detail..,,10.0,Best Case,True,25-Apr-2026,,,,Exec Vacuum,critical,Exec Vacuum,1.0,1.0,late,1.3,3.0,2,No executive sponsor engaged (required by this stage for recovery likelihood) | Only 0 economic buyer meeting(s) (threshold: 0),0,,0.167,0.4,0.0,1.0
PIPE-2128,"aguilar, myers and marsh",ACC-88088,"Rogers, Taylor and Sanchez - Full Bundle Multi-Year",SMB,Energy,Southeast,Christine Stark,REP-835,Michael Hubbard,Lorraine Lewis,Full Bundle,Multi-Year,Outbound SDR,Monte Carlo,,19200.0,18400.0,47700.0,0.04,False,$150k–$500k,2026-02-15,,,12,6,1,22.0,,Proposal Sent,Karen Barnes,Data Engineer,IC,5.0,Rebecca Gonzales,VP Engineering,False,0,6,5,False,,False,2.4,1.0,-1.4,0.8,51,41,0,7,Quick question on the proposal,8,2.1,11,2,4,Demo,2,2,76,5,Expanding,2,True,2,,True,True,False,False,False,,True,False,True,False,,78.0,True,0,87.0,14,,8.0,30.0,Lost — missing feature. No additional detail.,,7.0,Best Case,False,23-Apr-2026,,,,Exec Vacuum,critical,Exec Vacuum,1.0,1.0,overdue,1.5,1.0716,2,No executive sponsor engaged (required by this stage for recovery likelihood) | Only 0 economic buyer meeting(s) (threshold: 0),0,,0.167,0.4,0.0,1.0
PIPE-2115,"Phillips-Duran, Inc.",ACC-50537,,Enterprise,Financial Services,APAC,Danny Jenkins,REP-440,Kimberly Wright,Mark Hall,Core Platform,Pilot,Inbound - Website,Atlan,Monte Carlo,350700.0,343700.0,791900.0,0.02,True,$50k–$150k,23-Feb-2026,,,15,4,0,17.0,26.0,Technical Validation,Teresa Wright,Analytics Manager,Manager,1.5,Eric Baker,Director of IT,True,3,5,5,False,False,True,1.3,1.6,0.3,0.73,60,44,2,0,following up again...,14,1.0,11,4,4,POC Review,12,5,67,5,Contracting,2,False,0,False,True,True,True,False,True,False,False,True,False,False,,,False,2,63.0,14,False,,84.0,Lost — security / compliance failed. No additional detail.,Water realize career free smile production would certain describe red others kind the movement.,8.0,Omitted,,22-Apr-2026,,,,,healthy,Champion Collapse,0.0,0.0,late,1.3,0.0,0,,0,,0.0,0.0,0.0,0.0
PIPE-2066,Castro Group,ACC-31801,Bailey Ltd - Core Platform Pilot,SMB,Media,Northeast,Kurt Doyle,REP-365,Nathaniel Fisher,,Core Platform,Pilot,Cold Email Sequence,Collibra,None / Greenfield,9300.0,9300.0,20000.0,0.0,False,$50k–$150k,2026-04-05,,,3,5,0,10.0,33.0,Proposal Sent,Susan Lawrence,Senior Data Engineer,IC,,Jessica Baker,CFO,True,3,2,2,True,True,True,2.3,2.5,0.2,0.62,60,37,0,10,,8,2.5,5,3,4,POC Review,6,5,87,5,Stable,0,True,4,True,False,True,False,True,False,,True,,False,False,,,False,0,89.0,10,False,8.0,31.0,lost — missing feature.. no additional detail..,Maintain article city loss lawyer they back response science religious paper shoulder real.,6.0,Omitted,False,2026-04-27,True,,,,at-risk,Competitor Displacement,0.4,0.6,overdue,1.5,0.3945,2,pricing_objection_raised = 1.00 (threshold: 0.50) | 4 pricing objections raised (threshold: 1),0,,0.167,0.4,0.0,0.0
PIPE-2037,"Berry, Garcia and Smith Inc",ACC-58486,Mckenzie Inc - Full Bundle Monthly,Enterprise,Retail,Southwest,Daniel Harris,REP-334,Seth Hunt,,Full Bundle,Monthly,Outbound SDR,None / Greenfield,,335800.0,298900.0,,0.11,True,>$500k,03/26/2026,,,11,3,0,,,Discovery,Kristina Perez,Lead Data Engineer,IC,1.2,Leonard Rivera DDS,SVP Technology,False,0,6,1,False,False,True,1.4,7.19,5.79,0.38,29,11,3,8,Re: Follow up from our call,19,1.9,4,2,2,Discovery,18,2,40,-23,Contracting,2,True,2,True,True,False,True,True,False,,True,,False,True,25.0,,,0,56.0,15,True,0.0,91.0,new data lead came in and had a prior relationship with snowflake..,See add fight woman score ball wrong research girl radio improve pretty natural trade company central.,6.0,Best Case,,,False,,,Champion Collapse,critical,Champion Collapse,0.833,1.0,late,1.3,3.0,5,Email response time has slowed by 5.8 days since deal start (threshold: 3.4d) | Champion engagement dropped 23 pts (threshold: -12) | Champion engagement at 40/100 — below healthy baseline of 54 | Only 1 stakeholder(s) engaged at midpoint (threshold: 3) | No executive sponsor engaged (required by this stage for recovery likelihood),0,Rep notes suggest 'Competitor Displacement' but behavioral signals point to 'Champion Collapse'. Investigate before intervening.,0.833,0.4,0.2,0.0
PIPE-2148,flores-pope,ACC-25378,Guerrero Inc - Analytics Suite Pilot,Enterprise,Education,EMEA,Jeffrey Morris,REP-738,Debbie Williams,,Analytics Suite,Pilot,Cold Email Sequence,Starburst,,488300.0,341800.0,701900.0,0.3,,,2026-04-10,,,5,3,1,44.0,,Proposal Sent,Kelly Flowers,Lead Data Engineer,IC,,Yvette Johnson,SVP Technology,False,0,7,6,True,True,False,1.8,1.0,-0.8,0.29,21,6,7,10,following up again...,20,0.5,5,4,2,Pricing,10,3,60,-6,Contracting,1,True,4,False,False,True,True,True,True,False,,,True,True,5.0,96.0,True,0,65.0,15,False,4.0,59.0,Lost — missing feature. No additional detail.,Political table cup dog movement rest chance home magazine lead.,8.0,Omitted,False,2026-05-01,False,,,,critical,Exec Vacuum,1.0,1.0,mid,1.0,3.0,2,No executive sponsor engaged (required by this stage for recovery likelihood) | Only 0 economic buyer meeting(s) (threshold: 0),0,,0.167,0.6,0.2,1.0
PIPE-2041,Williams Inc LLC,ACC-50314,Murray and Sons - Governance Module Multi-Year,Enterprise,Logistics,APAC,Sarah Gillespie,REP-492,Lauren Aguilar,Lisa Morales,Governance Module,Multi-Year,Inbound - Website,Atlan,,177600.0,133200.0,357600.0,0.25,False,,"February 01, 2026",,,18,5,1,14.0,22.0,Prospecting,,Analytics Engineer,IC,1.5,,Chief Data Officer,True,5,7,5,False,False,False,2.4,2.3,-0.1,0.67,21,14,1,10,Re: Follow up from our call,14,0.8,2,4,2,POC Review,15,0,75,15,,1,False,0,False,False,True,True,False,True,True,True,False,True,False,,,,0,72.0,10,,2.0,51.0,Lost — chose competitor. No additional detail.,,10.0,Omitted,False,"May 01, 2026",True,,,,healthy,Champion Collapse,0.0,0.0,overdue,1.5,0.0,0,,0,Rep notes suggest 'Competitor Displacement' but behavioral signals point to 'Champion Collapse'. Investigate before intervening.,0.0,0.0,0.0,0.0
PIPE-2090,"CHERRY, HUYNH AND GARCIA",ACC-98837,Hodge-Kemp - Core Platform Annual,Mid-Market,Financial Services,Southwest,Johnny Mata,REP-270,Linda Mendez,Hailey Carter,Core Platform,Annual,Cold Email Sequence,Atlan,,87700.0,87700.0,87700.0,0.0,False,<$50k,2026-03-15,,,35,6,0,,,Proposal Sent,Joel Warren,Data Architect,IC,9.9,Lori Morrison,CTO,False,0,4,2,False,,False,1.4,2.9,1.5,0.18,34,6,32,22,[External] Re: Tiger Data POC,7,2.3,2,0,2,POC Review,2,3,72,10,Stable,1,False,0,,True,False,True,True,True,,False,False,,True,29.0,,,0,77.0,15,False,8.0,64.0,Lost — champion left. No additional detail.,,10.0,Pipeline,True,2026-05-09,True,,,Ghost Stall,critical,Ghost Stall,1.0,1.0,overdue,1.5,2.2793,5,Last rep outreach was 32 days ago (threshold: 15d) | Deal has been stuck in current stage for 35 days (threshold: 28d) | Only 0 meetings in the last 30 days (threshold: 2) | days_since_last_activity = 22.00 (threshold: 14.00) | Only 18% of emails getting replies (threshold: 39%),0,Rep notes suggest 'Champion Collapse' but behavioral signals point to 'Ghost Stall'. Investigate before intervening.,0.333,0.0,1.0,1.0
PIPE-2060,"Hamilton, Buck and Smith",ACC-26451,Brewer-Casey - Governance Module Annual,SMB,Technology,West,Breanna Curry,REP-817,Frank Fischer,Samantha Perry,Governance Module,Annual,Outbound SDR,None / Greenfield,Fivetran,16300.0,16300.0,16300.0,0.0,True,$50k–$150k,03/15/2026,,,31,4,1,26.0,19.0,Discovery,Shawn Lin,Director of Data,Director,11.4,Melissa Cobb,COO,True,2,5,5,False,True,False,1.5,1.2,-0.3,0.05,14,1,14,40,,17,2.4,2,0,2,POC Review,9,1,67,13,Contracting,2,True,3,False,True,True,True,False,True,False,True,,True,True,14.0,32.0,,2,66.0,19,True,7.0,,lost — missing feature.. no additional detail..,Everyone shake especially administration return open model different system them himself reduce.,8.0,Best Case,True,22-Apr-2026,False,,,Ghost Stall,critical,Ghost Stall,0.8,1.0,overdue,1.5,0.967,4,Deal has been stuck in current stage for 31 days (threshold: 28d) | Only 0 meetings in the last 30 days (threshold: 2) | days_since_last_activity = 40.00 (threshold: 14.00) | Only 5% of emails getting replies (threshold: 39%),0,,0.0,0.4,0.8,0.0
PIPE-2024,Miles Group Inc,ACC-69982,Smith-Rogers - Governance Module Monthly,Mid-Market,Energy,EMEA,Peggy Ferguson,REP-943,Kevin Lozano,Nancy Olsen,Governance Module,Monthly,Inbound - Website,Databricks,,55800.0,46900.0,109300.0,0.16,True,,"March 19, 2026",,,14,2,1,,,Technical Validation,Ashley Adams,Chief Data Officer,C-Suite,,Tony Lowery,Director of IT,False,0,8,1,False,True,,1.3,8.29,6.99,0.38,48,18,3,5,[External] Re: Tiger Data POC,8,1.7,6,1,3,POC Review,20,4,21,-22,Contracting,0,True,3,,False,False,True,True,True,True,False,True,True,False,,,True,0,91.0,21,,0.0,,Lost — missing feature. No additional detail.,,6.0,Best Case,False,04/22/2026,,,,Champion Collapse,critical,Champion Collapse,1.0,1.0,mid,1.0,1.884,6,Email response time has slowed by 7.0 days since deal start (threshold: 3.4d) | Champion engagement dropped 22 pts (threshold: -12) | Champion engagement at 21/100 — below healthy baseline of 54 | Last multi-thread touch was 20 days ago (threshold: 19d) | Only 1 stakeholder(s) engaged at midpoint (threshold: 3) | No executive sponsor engaged (required by this stage for recovery likelihood),0,,1.0,0.4,0.4,1.0
PIPE-2085,Chung and Sons LLC,ACC-65853,Hansen LLC - Governance Module Annual,SMB,Healthcare,Southwest,Lauren Ward,REP-774,Richard Summers,Casey Rich,Governance Module,Annual,Executive Referral,Monte Carlo,Collibra,12200.0,12200.0,12200.0,0.0,False,$50k–$150k,14-Mar-2026,,,5,2,0,,14.0,Prospecting,Todd King,Director of Data,Director,6.6,Sherry Yang,COO,True,5,3,3,False,False,False,1.8,0.8,-1.0,0.95,21,20,7,5,Re: Follow up from our call,15,1.8,7,5,4,Technical Review,6,2,76,3,Contracting,0,True,4,True,,False,False,False,False,False,True,True,False,False,,,True,1,,9,True,6.0,46.0,Lost — no decision / stalled. No additional detail.,Health new service inside similar whether move glass special research own unit opportunity mission computer pay.,10.0,Best Case,True,05/11/2026,True,,,,healthy,Champion Collapse,0.0,0.0,mid,1.0,0.0,0,,0,,0.0,0.0,0.0,0.0
PIPE-2084,HolmesandSons,ACC-59088,Austin LLC - Analytics Suite Pilot,Mid-Market,Insurance,Southwest,Amanda Porter,REP-200,Fernando Johnson,Joshua Logan,Analytics Suite,Pilot,Executive Referral,Monte Carlo,,85300.0,85300.0,190100.0,0.0,False,>$500k,"March 25, 2026",,,10,5,0,,,Prospecting,Toni Patrick,Lead Data Engineer,IC,4.6,Regina Butler,COO,False,0,5,4,False,False,False,1.6,1.1,-0.5,0.67,21,14,5,6,Checking in,11,1.8,8,2,1,,6,5,76,14,Contracting,2,True,3,True,False,False,False,True,False,False,False,,True,True,12.0,,False,1,92.0,14,True,7.0,18.0,Lost — price / budget. No additional detail.,Purpose positive radio region compare safe consumer arrive media.,7.0,Best Case,True,,False,,,,healthy,Champion Collapse,0.0,0.0,overdue,1.5,0.0,0,,0,,0.0,0.0,0.0,0.0
PIPE-2086,"Hubbard Group, Inc.",ACC-68880,Hill-Simmons - Core Platform Monthly,Enterprise,Energy,APAC,Alyssa Klein,REP-869,Stephen Gregory,,Core Platform,Monthly,Inbound - Website,Snowflake,Snowflake,661600.0,569000.0,1260100.0,0.14,False,$50k–$150k,2026-04-05,,,46,3,0,,28.0,Discovery,Andrea Powers,Data Platform Lead,Manager,5.3,Jenny Cabrera MD,VP Engineering,True,5,6,4,,True,True,2.0,2.8,0.8,0.18,14,2,22,28,Introduction: Thompson <> Tiger Data,16,1.7,8,0,1,Discovery,9,2,62,-1,Stable,0,True,1,False,False,False,True,False,False,True,True,False,False,False,,33.0,True,1,90.0,19,,,,Lost — champion left. No additional detail.,Understand study receive building none age evening together east moment thousand economy everything minute million air hard feeling.,8.0,Pipeline,,"May 06, 2026",True,,,Ghost Stall,critical,Ghost Stall,1.0,1.0,late,1.3,3.0,5,Last rep outreach was 22 days ago (threshold: 15d) | Deal has been stuck in current stage for 46 days (threshold: 28d) | Only 0 meetings in the last 30 days (threshold: 2) | days_since_last_activity = 28.00 (threshold: 14.00) | Only 18% of emails getting replies (threshold: 39%),0,Rep notes suggest 'Champion Collapse' but behavioral signals point to 'Ghost Stall'. Investigate before intervening.,0.0,0.2,1.0,0.0
PIPE-2145,"Thomas-Adams, Inc.",ACC-53517,Strickland and Sons - Governance Module Pilot,Enterprise,Technology,Southeast,Brandi Pearson,REP-133,Lisa Martinez,Kelly Evans,Governance Module,Pilot,Cold Email Sequence,Monte Carlo,,769300.0,615400.0,1482500.0,0.2,False,,2026-02-13,,,3,2,0,,13.0,Negotiation,,VP of Data,VP,,Elizabeth Hess,VP Operations,True,1,8,7,False,True,,2.4,2.4,0.0,0.48,25,12,4,7,[External] Re: Tiger Data POC,10,1.5,8,5,2,,10,0,58,0,Expanding,2,True,4,True,False,False,False,False,False,False,False,,False,True,29.0,78.0,True,0,55.0,23,False,,85.0,Lost — security / compliance failed. No additional detail.,Town black option deep explain improve door while care.,10.0,,False,"April 30, 2026",False,,,,at-risk,Competitor Displacement,0.6,0.6,mid,1.0,1.8,3,Discount at 20.0% — above threshold of 16.0% | pricing_objection_raised = 1.00 (threshold: 0.50) | 4 pricing objections raised (threshold: 1),0,,0.0,0.6,0.0,0.0
PIPE-2129,"Santiago, Brown and Stewart LLC",ACC-87951,Forbes-Harris - Analytics Suite Multi-Year,Mid-Market,Manufacturing,APAC,Jennifer Tanner,REP-674,Caroline Nunez,Kimberly Martin,Analytics Suite,Multi-Year,Cold Email Sequence,Collibra,,38400.0,33400.0,99400.0,0.13,False,,2026-02-26,,,39,3,1,15.0,23.0,Negotiation,Melissa Luna,Senior Data Engineer,IC,3.0,Amy Barnes,Head of Product,True,4,3,2,,True,,1.7,1.1,-0.6,0.15,26,3,24,36,,6,2.7,5,0,1,Discovery,9,4,60,-2,Stable,2,False,0,True,,True,False,False,False,True,True,False,True,False,,,,0,69.0,13,True,0.0,50.0,Prospect stopped engaging after the proposal. No explanation given.,Company gun population question should seem grow citizen catch talk vote available.,7.0,Best Case,False,2026-05-10,,,,Ghost Stall,critical,Ghost Stall,1.0,1.0,overdue,1.5,1.5769,5,Last rep outreach was 24 days ago (threshold: 15d) | Deal has been stuck in current stage for 39 days (threshold: 28d) | Only 0 meetings in the last 30 days (threshold: 2) | days_since_last_activity = 36.00 (threshold: 14.00) | Only 15% of emails getting replies (threshold: 39%),0,,0.167,0.0,1.0,0.0
PIPE-2065,"Leonard, Obrien and Smith, Inc.",ACC-44680,Carlson-Collins - Full Bundle Multi-Year,SMB,Logistics,Southeast,Kenneth Wilson,REP-128,Gregory Mendez,Jerome Miller,Full Bundle,Multi-Year,Executive Referral,Databricks,,25700.0,25400.0,68200.0,0.01,,$150k–$500k,"February 24, 2026",,,11,5,0,,5.0,Technical Validation,Amy Dean,VP of Data,VP,9.3,John Riley,COO,True,2,6,4,True,,False,1.6,0.9,-0.7,0.69,45,31,7,5,Q4 pricing — URGENT,10,2.8,10,2,3,Technical Review,11,4,66,-8,Contracting,0,False,0,False,True,False,True,False,False,False,True,True,False,True,30.0,25.0,False,0,52.0,14,False,,26.0,lost — champion left.. no additional detail..,Write nothing word behavior step have themselves alone specific year water upon glass road.,10.0,Commit,,2026-05-06,,,,,healthy,Champion Collapse,0.0,0.0,overdue,1.5,0.0,0,,0,,0.0,0.0,0.0,0.0
PIPE-2132,GriffinPLC,ACC-23104,"Nichols, Glenn and Reed - Full Bundle Multi-Year",SMB,Insurance,EMEA,Larry West,REP-105,,Robert Little,Full Bundle,Multi-Year,Executive Referral,Databricks,Alation,34800.0,34800.0,74000.0,0.0,True,,27-Mar-2026,,,10,3,0,35.0,,Discovery,Stacey Robinson,Director of Data,Director,4.4,John Owen,Head of Product,False,1,3,1,False,False,True,2.1,7.92,5.82,0.7,23,16,0,5,Quick question on the proposal,19,2.7,6,3,3,Pricing,34,1,31,-21,Expanding,1,False,0,,,True,False,False,False,,True,,True,False,,34.0,False,1,88.0,8,True,,45.0,Champion left the company. Couldn't rebuild the relationship in time.,,9.0,Commit,True,2026-05-03,False,,,Champion Collapse,critical,Champion Collapse,1.0,1.0,late,1.3,1.4996,6,Email response time has slowed by 5.8 days since deal start (threshold: 3.4d) | Champion engagement dropped 21 pts (threshold: -12) | Champion engagement at 31/100 — below healthy baseline of 54 | Last multi-thread touch was 34 days ago (threshold: 19d) | Only 1 stakeholder(s) engaged at midpoint (threshold: 3) | No executive sponsor engaged (required by this stage for recovery likelihood),0,,1.0,0.0,0.0,0.0
PIPE-2028,"Wilson, Reynolds and Brewer Inc",ACC-45600,Proctor-Barton - Governance Module Annual,SMB,Healthcare,EMEA,Nicole Rasmussen DDS,REP-958,Brenda Brown,Paul Jenkins,Governance Module,Annual,Inbound - Website,Fivetran,,22800.0,19600.0,19600.0,0.14,False,>$500k,03/24/2026,,,13,3,1,41.0,29.0,Prospecting,Sara Boyd,Chief Data Officer,C-Suite,4.6,,CFO,True,5,8,7,,False,,0.7,1.7,1.0,0.51,55,28,4,4,fwd: technical review docs,3,2.2,9,1,2,Pricing,3,2,58,-8,Stable,0,True,4,False,False,True,False,True,True,True,False,,True,False,,37.0,,2,77.0,23,True,1.0,,Lost — wrong timing. No additional detail.,Live my make money possible for nearly describe southern news size side tonight issue fear its.,,Best Case,True,"May 03, 2026",False,,,,healthy,Champion Collapse,0.0,0.0,late,1.3,0.0,0,,0,,0.0,0.0,0.0,0.0
PIPE-2032,"HUDSON, MYERS AND SWEENEY",ACC-51338,Gibson-Mosley - Analytics Suite Pilot,Mid-Market,Manufacturing,Southwest,Jeffrey Bush,REP-748,Amanda Gonzales,Cory Bartlett,Analytics Suite,Pilot,LinkedIn Outbound,Starburst,,106700.0,89600.0,238100.0,0.16,,<$50k,"March 14, 2026",,,35,5,0,12.0,16.0,Technical Validation,Barbara Lin,BI Lead,Manager,5.1,Zachary Munoz,Chief Data Officer,True,1,4,2,False,False,,1.1,2.4,1.3,0.2,52,10,17,39,fwd: technical review docs,18,0.7,7,0,1,Executive QBR,8,2,84,-1,Contracting,2,True,4,True,,True,True,True,True,True,True,False,False,False,,,True,0,63.0,17,,2.0,15.0,Multiple follow-ups with no reply. Probably went internal.,Or society no enough capital its media truth rule could you part shake.,6.0,Best Case,False,04/30/2026,False,,,Ghost Stall,critical,Ghost Stall,1.0,1.0,overdue,1.5,2.457,5,Last rep outreach was 17 days ago (threshold: 15d) | Deal has been stuck in current stage for 35 days (threshold: 28d) | Only 0 meetings in the last 30 days (threshold: 2) | days_since_last_activity = 39.00 (threshold: 14.00) | Only 20% of emails getting replies (threshold: 39%),0,,0.167,0.4,1.0,0.0
PIPE-2040,"Hendricks,BakerandJones",ACC-62293,"Richards, Williams and Scott - Core Platform Monthly",Enterprise,Technology,Northeast,Susan Kennedy MD,REP-407,Christina Clark,,Core Platform,Monthly,LinkedIn Outbound,Alation,,432400.0,432400.0,1024400.0,0.0,False,>$500k,20-Jan-2026,,,20,2,0,,,Negotiation,Alicia King,Analytics Engineer,IC,,Joseph Harris,Chief Data Officer,False,0,5,4,,False,True,1.1,2.2,1.1,0.53,32,17,7,8,fwd: technical review docs,17,2.5,9,2,4,Executive QBR,13,2,72,-4,Stable,0,False,0,False,True,False,False,False,True,False,False,False,False,True,11.0,93.0,False,0,94.0,25,False,2.0,81.0,Lost — wrong timing. No additional detail.,,,,False,28-Apr-2026,,,,Exec Vacuum,critical,Exec Vacuum,1.0,1.0,mid,1.0,3.0,2,No executive sponsor engaged (required by this stage for recovery likelihood) | Only 0 economic buyer meeting(s) (threshold: 0),0,,0.167,0.0,0.0,1.0
PIPE-2070,Smith-Delgado LLC,ACC-36619,Brewer-Whitaker - Governance Module Monthly,SMB,Insurance,Northeast,Vanessa Mcconnell,REP-971,Natalie Kelly,Virginia Carter MD,Governance Module,Monthly,Executive Referral,Starburst,,30500.0,23200.0,68300.0,0.24,,<$50k,2026-02-13,,,16,2,0,39.0,,Discovery,David Rose,Data Engineer,IC,10.4,Justin Hayes,Director of IT,False,3,3,1,False,True,False,2.3,9.1,6.8,0.28,53,15,1,1,[External] Re: Tiger Data POC,3,0.8,11,3,3,,21,2,24,-21,Stable,2,False,0,True,,True,False,True,False,False,False,True,False,True,16.0,23.0,False,2,66.0,18,False,7.0,91.0,Lost — no decision / stalled. No additional detail.,Spring heavy evening difference front present prove glass of official deep remain instead how five bed.,6.0,Pipeline,True,2026-05-01,True,,,Champion Collapse,critical,Champion Collapse,1.0,1.0,late,1.3,1.3987,6,Email response time has slowed by 6.8 days since deal start (threshold: 3.4d) | Champion engagement dropped 21 pts (threshold: -12) | Champion engagement at 24/100 — below healthy baseline of 54 | Last multi-thread touch was 21 days ago (threshold: 19d) | Only 1 stakeholder(s) engaged at midpoint (threshold: 3) | No executive sponsor engaged (required by this stage for recovery likelihood),0,,1.0,0.2,0.2,0.0
PIPE-2108,Griffin LLC Inc,ACC-85911,Sims and Sons - Full Bundle Monthly,SMB,Media,EMEA,Sarah Martinez,REP-135,Ashley Martinez,Brandy Miller,Full Bundle,Monthly,LinkedIn Outbound,Collibra,,33400.0,33400.0,87700.0,0.0,False,,2026-02-23,,,32,5,0,,,Negotiation,Emily Jimenez,Analytics Engineer,IC,,,SVP Technology,False,0,5,4,True,False,True,1.2,0.7,-0.5,0.11,32,3,34,37,RE: RE: RE: Next steps??,6,0.9,12,0,4,Discovery,6,5,87,1,,2,False,0,True,True,False,True,False,False,False,,True,,True,14.0,77.0,,1,,7,True,8.0,,Prospect stopped engaging after the proposal. No explanation given.,Well range result floor middle cup affect learn drug history within value note government exactly nature describe.,10.0,Omitted,True,2026-04-21,True,,,Ghost Stall,critical,Ghost Stall,1.0,1.0,overdue,1.5,1.4679,5,Last rep outreach was 34 days ago (threshold: 15d) | Deal has been stuck in current stage for 32 days (threshold: 28d) | Only 0 meetings in the last 30 days (threshold: 2) | days_since_last_activity = 37.00 (threshold: 14.00) | Only 11% of emails getting replies (threshold: 39%),0,,0.167,0.0,1.0,1.0
PIPE-2106,"Contreras, Campbell and Barnett",ACC-86346,"Wood, Valenzuela and Cruz - Full Bundle Annual",Mid-Market,Education,Northeast,Roy Johnson,REP-164,Larry Rangel,Donald Smith,Full Bundle,Annual,Event / Conference,Atlan,,73800.0,59000.0,59000.0,0.2,,<$50k,02/09/2026,,,14,3,1,,,Prospecting,Carlos Sutton,Data Architect,IC,0.6,Carmen Adams,Chief Data Officer,False,0,3,1,True,,True,1.5,7.5,6.0,0.23,30,7,2,9,RE: RE: RE: Next steps??,7,0.9,4,5,3,Technical Review,36,0,38,-22,Expanding,2,True,1,True,True,False,False,True,True,False,True,,False,False,,,,2,63.0,21,False,,49.0,lost — chose competitor.. no additional detail..,Agent character media recognize factor none son food same.,6.0,Omitted,False,"May 09, 2026",True,,,Champion Collapse,healthy,Champion Collapse,0.0,0.0,late,1.3,0.0,0,,0,Rep notes suggest 'Competitor Displacement' but behavioral signals point to 'Champion Collapse'. Investigate before intervening.,0.0,0.0,0.0,0.0
PIPE-2143,Cobb LLC,ACC-85802,Kramer Ltd - Analytics Suite Monthly,Mid-Market,Education,Northeast,Andrew Robinson,REP-778,,Jennifer Campbell,Analytics Suite,Monthly,Inbound - Website,Snowflake,,78500.0,78500.0,226800.0,0.0,False,>$500k,2026-03-05,,,18,3,0,,29.0,Proposal Sent,Benjamin Archer,Data Engineer,IC,1.8,,Director of IT,True,1,6,6,True,,False,2.0,2.6,0.6,0.57,14,8,4,5,RE: RE: RE: Next steps??,14,1.4,3,1,3,Executive QBR,3,5,91,3,Stable,0,False,0,False,,False,True,True,False,True,False,True,True,True,23.0,,,1,90.0,22,False,4.0,72.0,Lost — wrong timing. No additional detail.,Describe never western threat more American rule animal buy hold low economy position history media finish then establish.,,Omitted,False,"May 05, 2026",False,,,,healthy,Ghost Stall,0.2,0.26,late,1.3,0.5669,1,Only 1 meetings in the last 30 days (threshold: 2),0,,0.0,0.0,0.2,0.0
PIPE-2117,Pena Ltd LLC,ACC-10544,Brown-Long - Full Bundle Annual,Enterprise,Logistics,West,Elizabeth Warner,REP-407,Edward Gordon,Jordan Lopez,Full Bundle,Annual,Executive Referral,Snowflake,,413500.0,388700.0,388700.0,0.06,False,,30-Mar-2026,,,11,5,1,36.0,11.0,Proposal Sent,Travis King,Data Engineer,IC,7.4,Erica Miller,SVP Technology,True,1,4,4,False,True,False,1.2,2.7,1.5,0.38,21,8,1,9,[External] Re: Tiger Data POC,12,1.2,6,4,2,POC Review,2,4,57,11,Stable,1,False,0,True,False,True,False,True,False,False,False,,True,False,,24.0,False,0,95.0,9,False,1.0,29.0,Lost — champion left. No additional detail.,Design mission number everybody shoulder help soldier before score across friend sell.,8.0,Commit,True,04/28/2026,,,,,watch,Ghost Stall,0.2,0.3,overdue,1.5,0.9,1,Only 38% of emails getting replies (threshold: 39%),0,Rep notes suggest 'Champion Collapse' but behavioral signals point to 'Ghost Stall'. Investigate before intervening.,0.0,0.0,0.2,0.0
PIPE-2046,The Mendoza-Howard,ACC-71267,Schmidt and Sons - Governance Module Multi-Year,SMB,Energy,Northeast,Sandra Warner,REP-493,Courtney Garcia,Mark Aguirre,Governance Module,Multi-Year,Inbound - Website,Collibra,,33600.0,33600.0,88800.0,0.0,False,$150k–$500k,13-Mar-2026,,,4,3,1,15.0,,Negotiation,Thomas Freeman MD,Analytics Manager,Manager,,Bill Miles,Chief Data Officer,False,2,2,1,True,True,True,1.0,8.03,7.03,0.9,30,27,8,0,following up again...,13,2.9,12,4,1,Technical Review,38,0,47,-22,Contracting,0,True,1,,False,True,True,True,False,False,False,False,True,False,,43.0,True,2,85.0,6,False,,99.0,Lost — chose competitor. No additional detail.,Chair manager make father question relate effort whatever customer up necessary center dinner quickly deal investment finally just.,8.0,Pipeline,,27-Apr-2026,True,,,Champion Collapse,critical,Champion Collapse,1.0,1.0,late,1.3,1.4725,6,Email response time has slowed by 7.0 days since deal start (threshold: 3.4d) | Champion engagement dropped 22 pts (threshold: -12) | Champion engagement at 47/100 — below healthy baseline of 54 | Last multi-thread touch was 38 days ago (threshold: 19d) | Only 1 stakeholder(s) engaged at midpoint (threshold: 3) | No executive sponsor engaged (required by this stage for recovery likelihood),0,Rep notes suggest 'Competitor Displacement' but behavioral signals point to 'Champion Collapse'. Investigate before intervening.,1.0,0.2,0.0,0.5
PIPE-2123,"The Holden, Glass and Padilla",ACC-21778,Garrison-Poole - Analytics Suite Monthly,Mid-Market,Education,Southwest,Joseph Daniel,REP-848,Jasmine Hill,Regina Choi,Analytics Suite,Monthly,Outbound SDR,Alation,,128200.0,128200.0,256900.0,0.23,,$150k–$500k,22-Jan-2026,,,14,4,1,40.0,,Prospecting,Marcus Moore,Data Platform Lead,Manager,5.1,Lori Davis,VP Engineering,False,0,6,4,True,False,False,2.2,2.4,0.2,0.87,15,13,2,11,,18,0.6,10,2,1,Discovery,2,3,88,5,Stable,7,True,2,True,,True,False,True,False,False,False,False,False,True,8.0,,True,1,77.0,25,False,,77.0,Lost — no decision / stalled. No additional detail.,Government director make later hit teach use physical kid not you pull cause home west.,10.0,Best Case,True,04/23/2026,True,,,Competitor Displacement,healthy,Champion Collapse,0.0,0.0,late,1.3,0.0,0,,0,,0.0,0.0,0.0,0.0
PIPE-2049,Clay-Walter Inc,ACC-49532,"Hernandez, Olson and Cunningham - Governance Module Annual",Enterprise,Media,Midwest,David Garcia,REP-546,Melissa Benson,Theresa Roman,Governance Module,Annual,Cold Email Sequence,Fivetran,Starburst,783200.0,697000.0,697000.0,0.24,False,,03/28/2026,,,14,4,3,,6.0,Technical Validation,John Ellis,Chief Data Officer,C-Suite,,,VP Engineering,True,5,6,4,,True,,2.2,1.9,-0.3,0.58,38,22,1,15,,9,1.4,2,1,4,Technical Review,5,4,62,-4,Stable,4,True,3,True,True,False,True,False,True,True,True,False,False,True,21.0,,,2,76.0,10,False,6.0,82.0,Snowflake offered a massive discount at the last minute. We couldn't match.,Push hit so imagine blue base food part even.,10.0,Pipeline,False,2026-05-09,False,,,Competitor Displacement,critical,Competitor Displacement,1.0,1.0,late,1.3,3.0,5,4 competitor mentions logged (threshold: 3) | Discount at 24.0% — above threshold of 16.0% | Deal has regressed 3 stage(s) (threshold: 2) | pricing_objection_raised = 1.00 (threshold: 0.50) | 3 pricing objections raised (threshold: 1),0,,0.0,1.0,0.4,0.0
PIPE-2022,"Thompson,PierceandCooper",ACC-37765,"Blair, Hull and Frazier - Core Platform Multi-Year",Mid-Market,Healthcare,APAC,Mark Rodriguez,REP-509,Jessica Randolph,Paula Ortiz,Core Platform,Multi-Year,Event / Conference,Collibra,,71100.0,71100.0,187300.0,0.0,True,>$500k,2026-04-04,,,49,3,0,,8.0,Technical Validation,Nicole Gardner,Director of Data,Director,,Erik Johnson,CTO,True,3,2,2,True,,True,0.7,1.0,0.3,0.13,23,2,23,35,,20,1.4,7,0,2,POC Review,5,1,66,13,Contracting,2,False,0,,False,False,True,False,True,,,False,,False,,67.0,True,1,69.0,22,,3.0,,Lost — price / budget. No additional detail.,Beat general upon large operation east among college process minute speech last.,7.0,Best Case,True,15-May-2026,,,,Ghost Stall,critical,Ghost Stall,1.0,1.0,overdue,1.5,2.0931,5,Last rep outreach was 23 days ago (threshold: 15d) | Deal has been stuck in current stage for 49 days (threshold: 28d) | Only 0 meetings in the last 30 days (threshold: 2) | days_since_last_activity = 35.00 (threshold: 14.00) | Only 13% of emails getting replies (threshold: 39%),0,,0.167,0.0,1.0,0.0
PIPE-2138,NguyenLLC,ACC-86232,,Mid-Market,Manufacturing,West,Christopher Rodriguez,REP-873,Paula Mccoy DDS,,Full Bundle,Monthly,Event / Conference,Databricks,,93300.0,67200.0,198900.0,0.28,True,,2026-01-25,,,45,6,0,41.0,31.0,Technical Validation,Joseph Thomas,Chief Data Officer,C-Suite,9.4,Nicholas Douglas,VP Engineering,True,2,5,5,False,True,False,2.2,1.4,-0.8,0.23,13,2,17,33,,19,2.6,12,0,4,Technical Review,7,4,76,12,Contracting,0,True,1,False,True,True,False,False,False,False,False,False,False,False,,,,0,94.0,16,,5.0,19.0,Lost — security / compliance failed. No additional detail.,Understand soldier development head into bad tax something model industry southern eye say space effort.,10.0,Best Case,True,,False,,,Ghost Stall,critical,Ghost Stall,1.0,1.0,overdue,1.5,2.3351,5,Last rep outreach was 17 days ago (threshold: 15d) | Deal has been stuck in current stage for 45 days (threshold: 28d) | Only 0 meetings in the last 30 days (threshold: 2) | days_since_last_activity = 33.00 (threshold: 14.00) | Only 23% of emails getting replies (threshold: 39%),0,,0.0,0.4,1.0,0.0
PIPE-2102,Bailey-Mccarthy,ACC-65870,Cox-Giles - Core Platform Multi-Year,SMB,Insurance,APAC,Kim Hale,REP-684,Danny Jenkins,Anthony Burke,Core Platform,Multi-Year,Executive Referral,Atlan,,30100.0,27400.0,58600.0,0.09,True,<$50k,"February 12, 2026",,,10,5,1,11.0,,Negotiation,Kevin Riggs,Data Platform Lead,Manager,,,VP Engineering,False,2,3,1,False,,False,1.7,8.8,7.1,0.29,24,7,7,10,,9,1.5,8,1,3,Executive QBR,26,2,21,-25,,0,True,3,False,False,True,True,False,False,False,True,,,False,,63.0,False,1,,9,,,6.0,Our champion got moved to a different team mid-deal. Lost access.,,8.0,Pipeline,,2026-05-18,True,,,Champion Collapse,critical,Champion Collapse,1.0,1.0,overdue,1.5,1.3888,6,Email response time has slowed by 7.1 days since deal start (threshold: 3.4d) | Champion engagement dropped 25 pts (threshold: -12) | Champion engagement at 21/100 — below healthy baseline of 54 | Last multi-thread touch was 26 days ago (threshold: 19d) | Only 1 stakeholder(s) engaged at midpoint (threshold: 3) | No executive sponsor engaged (required by this stage for recovery likelihood),0,,1.0,0.4,0.4,0.5
PIPE-2121,mills inc,ACC-49741,Stewart PLC - Governance Module Multi-Year,Enterprise,Healthcare,West,Omar Long,REP-716,Amanda Chavez,Brent Robertson,Governance Module,Multi-Year,Partner Referral,Atlan,,751300.0,751300.0,1696000.0,0.0,True,>$500k,2026-03-20,,,4,4,0,31.0,5.0,Negotiation,Anthony Martinez,Data Architect,IC,9.4,Nicholas Thornton,COO,True,3,5,3,True,True,,0.7,2.1,1.4,0.71,59,42,8,8,,3,0.6,2,1,4,POC Review,10,3,93,13,Expanding,1,False,0,False,True,True,False,True,True,False,False,,,False,,94.0,False,0,74.0,4,True,7.0,,Lost — chose competitor. No additional detail.,Prevent event view reach public build price change security campaign finally especially even before health stock area.,7.0,Best Case,,,False,,,,healthy,Ghost Stall,0.2,0.26,late,1.3,0.78,1,Only 1 meetings in the last 30 days (threshold: 2),0,Rep notes suggest 'Competitor Displacement' but behavioral signals point to 'Ghost Stall'. Investigate before intervening.,0.0,0.0,0.2,0.0
PIPE-2036,ZAMORA AND SONS,ACC-99881,Wade-Wilson - Core Platform Annual,Mid-Market,Manufacturing,EMEA,Cheryl Thomas,REP-647,Erica Sanchez,Jennifer Simmons,Core Platform,Annual,Executive Referral,Databricks,Fivetran,64500.0,53500.0,53500.0,0.17,True,$50k–$150k,26-Jan-2026,,,52,5,1,,31.0,Proposal Sent,Gilbert Pittman,Data Platform Lead,Manager,4.9,Ashley Anderson,SVP Technology,True,1,6,6,False,False,False,2.4,1.5,-0.9,0.09,54,4,26,28,Q4 pricing — URGENT,6,2.0,8,0,4,Pricing,1,5,62,14,Expanding,1,False,0,True,True,False,True,False,True,,False,False,True,True,15.0,40.0,True,2,,8,,3.0,,Lost — no decision / stalled. No additional detail.,Large politics fill official far dark purpose speech him common.,6.0,,False,05/19/2026,True,,,Ghost Stall,critical,Ghost Stall,1.0,1.0,overdue,1.5,2.0082,5,Last rep outreach was 26 days ago (threshold: 15d) | Deal has been stuck in current stage for 52 days (threshold: 28d) | Only 0 meetings in the last 30 days (threshold: 2) | days_since_last_activity = 28.00 (threshold: 14.00) | Only 9% of emails getting replies (threshold: 39%),0,,0.0,0.2,1.0,0.0
PIPE-2005,"Thompson LLC, Inc.",ACC-40411,"Cummings, Hancock and Pena - Full Bundle Annual",Mid-Market,Manufacturing,West,Gail Jones,REP-250,Jonathan Johnson,Holly Meyer,Full Bundle,Annual,PLG Expansion,dbt Labs,Collibra,123000.0,92200.0,92200.0,0.25,True,$50k–$150k,02/11/2026,,,19,5,1,,,Negotiation,Jacqueline Hill,Director of Data,Director,,Evan Padilla,Chief Data Officer,False,0,2,2,True,True,True,2.1,2.4,0.3,0.84,19,16,3,9,Re: Follow up from our call,16,0.6,9,3,4,Discovery,13,0,73,15,Expanding,0,True,3,,True,False,True,True,True,True,False,True,False,False,,59.0,True,1,83.0,9,,4.0,92.0,lost — security / compliance failed.. no additional detail..,,9.0,Best Case,False,,True,,,,critical,Exec Vacuum,1.0,1.0,overdue,1.5,2.5878,2,No executive sponsor engaged (required by this stage for recovery likelihood) | Only 0 economic buyer meeting(s) (threshold: 0),0,,0.333,0.6,0.0,1.0
PIPE-2017,Reed PLC,ACC-76533,Elliott-Silva - Analytics Suite Monthly,Mid-Market,Education,West,Curtis Weaver,REP-453,Russell Stuart,Charles Gomez,Analytics Suite,Monthly,LinkedIn Outbound,Collibra,,80000.0,70400.0,165400.0,0.12,False,$50k–$150k,01/21/2026,,,11,3,0,,,Negotiation,David Rios,Data Engineer,IC,6.7,,VP Operations,False,0,2,2,True,False,False,2.0,1.2,-0.8,0.14,43,6,3,3,,9,1.8,4,2,1,Demo,10,0,57,-10,Expanding,1,True,3,False,False,False,False,True,False,False,False,True,False,True,8.0,,True,2,59.0,20,False,,,lost — price / budget.. no additional detail..,Almost structure land enter surface begin live worry expect institution.,10.0,Best Case,True,04/25/2026,True,,,,critical,Exec Vacuum,1.0,1.0,late,1.3,2.1972,2,No executive sponsor engaged (required by this stage for recovery likelihood) | Only 0 economic buyer meeting(s) (threshold: 0),0,,0.333,0.4,0.2,1.0
PIPE-2101,"Hughes,HintonandBlair",ACC-73669,,Enterprise,Logistics,APAC,Richard Jenkins,REP-175,Renee Adams,Craig Griffith,Core Platform,Annual,Inbound - Website,Alation,Atlan,713700.0,563800.0,563800.0,0.21,True,>$500k,05-Apr-2026,,,15,2,1,,,Discovery,Wanda Espinoza,Senior Data Engineer,IC,8.7,,CTO,False,0,5,5,False,False,False,1.8,1.2,-0.6,0.58,53,31,1,8,Introduction: Warner <> Tiger Data,18,1.6,12,2,2,Discovery,14,4,92,6,Expanding,2,False,0,True,False,False,False,True,True,True,False,True,False,False,,82.0,,1,75.0,21,False,8.0,,Lost — wrong timing. No additional detail.,,6.0,,False,2026-04-27,False,,,Exec Vacuum,healthy,Competitor Displacement,0.2,0.2,mid,1.0,0.6,1,Discount at 21.0% — above threshold of 16.0%,0,,0.167,0.2,0.0,0.0
PIPE-2120,TAYLOR LTD,ACC-42539,"Horn, Fleming and Ellis - Analytics Suite Monthly",Enterprise,Energy,Northeast,Amber Robbins,REP-595,,Diana Wall,Analytics Suite,Monthly,LinkedIn Outbound,Starburst,None / Greenfield,166600.0,166600.0,367400.0,0.0,True,$150k–$500k,"March 26, 2026",,,9,6,0,,32.0,Discovery,Ricardo Smith,Senior Data Engineer,IC,6.8,,CFO,True,1,3,3,False,True,False,2.0,1.1,-0.9,0.21,58,12,0,9,,15,1.6,10,5,3,Executive QBR,2,1,60,-8,Stable,0,False,0,False,True,False,False,False,False,False,True,False,False,False,,38.0,,1,73.0,6,False,2.0,35.0,lost — missing feature.. no additional detail..,Should town share big industry include continue think rock under evidence win cup indicate another station not lose.,8.0,Pipeline,True,,False,,,,watch,Ghost Stall,0.2,0.3,overdue,1.5,0.8614,1,Only 21% of emails getting replies (threshold: 39%),0,,0.0,0.0,0.2,0.0
PIPE-2080,"Wu, Fields and Richardson Inc",ACC-22581,Wang-Ali - Governance Module Multi-Year,Mid-Market,Education,APAC,Ashley Banks,REP-665,Tammy Woods,Molly Andrade,Governance Module,Multi-Year,PLG Expansion,None / Greenfield,Snowflake,47100.0,42900.0,95100.0,0.29,False,>$500k,04/03/2026,,,17,3,3,,30.0,Technical Validation,Meghan Nelson,Data Engineer,IC,3.4,Billy Brown,COO,True,1,8,7,False,False,True,1.2,2.0,0.8,0.36,36,13,0,14,following up again...,17,0.7,9,4,4,Discovery,13,1,72,-3,Stable,7,True,2,True,True,False,True,True,True,True,True,,,False,,26.0,False,0,62.0,13,False,2.0,,They went with Databricks. Had deeper existing footprint.,Class sense care owner star morning movie do.,8.0,Commit,True,"April 27, 2026",False,,,Competitor Displacement,critical,Competitor Displacement,1.0,1.0,late,1.3,1.7422,5,7 competitor mentions logged (threshold: 3) | Discount at 29.0% — above threshold of 16.0% | Deal has regressed 3 stage(s) (threshold: 2) | pricing_objection_raised = 1.00 (threshold: 0.50) | 2 pricing objections raised (threshold: 1),0,,0.0,1.0,0.2,0.0
PIPE-2139,"Stewart,MartinezandWalker",ACC-56875,Garrett-Lloyd - Core Platform Annual,SMB,Manufacturing,APAC,Danielle Campbell,REP-525,Barbara Hernandez,Kimberly Olsen,Core Platform,Annual,PLG Expansion,Monte Carlo,,21300.0,17000.0,17000.0,0.2,False,<$50k,24-Mar-2026,,,16,6,1,,34.0,Prospecting,Jeffrey Davis,Senior Data Engineer,IC,6.7,,Chief Data Officer,True,3,3,3,,True,False,1.2,0.9,-0.3,0.76,49,37,4,6,,18,2.4,8,3,2,Executive QBR,7,3,81,-1,Stable,1,False,0,False,True,False,True,True,True,True,,,,True,20.0,21.0,,2,70.0,2,True,,32.0,Lost — wrong timing. No additional detail.,Someone must beyond water term cup note plan choice he care camera.,10.0,Pipeline,False,04/22/2026,True,,,,healthy,Champion Collapse,0.0,0.0,overdue,1.5,0.0,0,,0,,0.0,0.0,0.0,0.0
PIPE-2125,PhillipsLtd,ACC-22642,"Reese, Cross and Jones - Core Platform Pilot",SMB,Financial Services,Northeast,Lisa Rogers,REP-807,Laura Williams,David Neal,Core Platform,Pilot,LinkedIn Outbound,Fivetran,Starburst,32500.0,32500.0,,0.0,False,$150k–$500k,2026-02-12,,,5,5,1,19.0,,Discovery,Carlos Sanders,Senior Data Engineer,IC,8.0,Thomas Burgess,Chief Data Officer,False,0,8,6,,False,True,2.1,2.5,0.4,0.95,20,19,7,3,Checking in,17,1.8,10,2,2,Executive QBR,1,0,81,3,Expanding,0,False,0,True,False,True,True,False,False,True,,False,,False,,25.0,,1,93.0,6,,5.0,,Never got above the data team. Budget decision was above champion's level.,Official learn technology recognize reason scene game name inside believe key such certain them win soon win.,7.0,Best Case,,26-Apr-2026,False,,,Exec Vacuum,healthy,Champion Collapse,0.167,0.251,overdue,1.5,0.3632,1,No executive sponsor engaged (required by this stage for recovery likelihood),0,,0.167,0.0,0.0,0.0
PIPE-2062,"Wolf and Sons, Inc.",ACC-53893,"Thompson, Smith and Hernandez - Full Bundle Monthly",Mid-Market,Healthcare,Midwest,James Callahan,REP-586,Karen King,Richard George,Full Bundle,Monthly,Partner Referral,Collibra,,73700.0,73700.0,181200.0,0.0,,,01/30/2026,,,15,2,1,15.0,,Prospecting,Jonathan Edwards,Data Engineer,IC,,Anthony Garcia,Head of Product,False,4,5,1,,,True,1.3,7.04,5.74,0.24,58,14,3,5,Quick question on the proposal,13,2.1,8,3,2,Discovery,20,0,38,-21,Expanding,1,True,4,False,False,True,False,True,False,True,False,,False,False,,52.0,False,1,59.0,9,,,,lost — missing feature.. no additional detail..,Society consumer drive president attorney grow dinner ahead important else term response research.,6.0,Best Case,True,"May 04, 2026",False,,,Champion Collapse,healthy,Champion Collapse,0.0,0.0,mid,1.0,0.0,0,,0,,0.0,0.0,0.0,0.0
PIPE-2051,"Haynes,FisherandMack",ACC-16275,Griffin-Perry - Analytics Suite Pilot,Enterprise,Retail,Northeast,Lori Carey,REP-265,Paul Brown,Sylvia Clark,Analytics Suite,Pilot,Outbound SDR,Databricks,,443000.0,358800.0,828000.0,0.19,False,$50k–$150k,03-Apr-2026,,,18,6,1,17.0,6.0,Negotiation,Curtis Reese,BI Lead,Manager,8.1,Cynthia Boyd,Chief Data Officer,True,5,5,5,True,,True,2.1,1.6,-0.5,0.72,50,36,8,4,Q4 pricing — URGENT,20,0.9,11,5,1,Pricing,1,2,61,8,Expanding,2,False,0,False,False,True,True,True,False,,True,,False,True,21.0,,False,2,63.0,5,,3.0,,lost — wrong timing.. no additional detail..,Area camera here property by business husband threat five course give small need end many.,9.0,Pipeline,True,"April 27, 2026",False,,,,watch,Competitor Displacement,0.2,0.3,overdue,1.5,0.9,1,Discount at 19.0% — above threshold of 16.0%,0,,0.0,0.2,0.0,0.0
PIPE-2141,Jordan-Young Inc,ACC-46185,"Thornton, Abbott and Miller - Analytics Suite Multi-Year",Mid-Market,Media,Southwest,Ariel Gomez,REP-609,Sarah Scott,,Analytics Suite,Multi-Year,PLG Expansion,Alation,,99300.0,93300.0,,0.06,,$150k–$500k,03/07/2026,,,19,6,0,18.0,,Negotiation,Larry Newton,Data Platform Lead,Manager,,Cynthia Hoffman,CTO,False,4,8,1,,,False,0.9,7.71,6.81,0.31,16,5,0,7,Checking in,20,1.9,11,2,4,Pricing,23,4,41,-26,Stable,1,True,1,False,False,True,False,True,True,False,,,False,False,,,True,0,69.0,7,True,0.0,,Lost — champion left. No additional detail.,Sport role may whatever page quite or free local physical.,6.0,Best Case,True,"May 11, 2026",True,,,Champion Collapse,critical,Champion Collapse,1.0,1.0,overdue,1.5,2.3915,6,Email response time has slowed by 6.8 days since deal start (threshold: 3.4d) | Champion engagement dropped 26 pts (threshold: -12) | Champion engagement at 41/100 — below healthy baseline of 54 | Last multi-thread touch was 23 days ago (threshold: 19d) | Only 1 stakeholder(s) engaged at midpoint (threshold: 3) | No executive sponsor engaged (required by this stage for recovery likelihood),0,,1.0,0.2,0.2,0.5
PIPE-2118,"Russo, Cox and Evans, Inc.",ACC-63460,"Wilson, Calderon and Knight - Full Bundle Annual",Enterprise,Energy,EMEA,Stephanie Clark,REP-406,Lisa Henderson,Aaron Meyers,Full Bundle,Annual,Partner Referral,Alation,,635900.0,635900.0,635900.0,0.0,False,$50k–$150k,2026-01-24,,,49,4,1,,,Discovery,Alan Jones,Data Platform Lead,Manager,3.7,Amber Hart,COO,False,0,3,2,,True,False,1.6,2.9,1.3,0.17,32,5,27,38,Checking in,9,1.7,3,0,4,POC Review,12,1,95,0,Stable,0,True,4,False,,False,False,False,False,,True,,True,True,7.0,,True,1,95.0,25,True,4.0,,lost — no decision / stalled.. no additional detail..,,9.0,Pipeline,True,,False,,,Ghost Stall,critical,Ghost Stall,1.0,1.0,overdue,1.5,3.0,5,Last rep outreach was 27 days ago (threshold: 15d) | Deal has been stuck in current stage for 49 days (threshold: 28d) | Only 0 meetings in the last 30 days (threshold: 2) | days_since_last_activity = 38.00 (threshold: 14.00) | Only 17% of emails getting replies (threshold: 39%),0,,0.333,0.4,1.0,0.0
PIPE-2074,Zimmerman-Parker Inc,ACC-53552,"Berry, Simpson and Price - Core Platform Multi-Year",Mid-Market,Technology,EMEA,Heather Castillo,REP-430,Roger Tran,Michael Romero,Core Platform,Multi-Year,Outbound SDR,Collibra,,36700.0,27500.0,59900.0,0.25,,,03-Apr-2026,,,10,4,1,,,Proposal Sent,Claire Jones,BI Lead,Manager,,,VP Operations,False,0,2,1,,True,True,0.6,0.8,0.2,0.83,46,38,3,0,RE: RE: RE: Next steps??,20,0.7,3,1,1,Executive QBR,7,1,88,12,Stable,0,False,0,True,True,False,False,True,False,,False,True,False,False,,100.0,True,1,59.0,23,False,3.0,30.0,Lost — champion left. No additional detail.,Money address strategy during always opportunity interview call compare this down society nor baby order although.,7.0,Commit,True,05-May-2026,False,,,,critical,Exec Vacuum,1.0,1.0,late,1.3,1.5412,2,No executive sponsor engaged (required by this stage for recovery likelihood) | Only 0 economic buyer meeting(s) (threshold: 0),0,Rep notes suggest 'Champion Collapse' but behavioral signals point to 'Exec Vacuum'. Investigate before intervening.,0.333,0.2,0.2,1.0
PIPE-2029,"The Bell, Wells and Valdez",ACC-45329,Howard PLC - Core Platform Monthly,Mid-Market,Financial Services,Northeast,Nicole Allen,REP-618,Patricia Jenkins,Brandon Blankenship,Core Platform,Monthly,LinkedIn Outbound,Starburst,,70900.0,70900.0,183700.0,0.0,False,<$50k,"February 09, 2026",,,6,5,0,,,Proposal Sent,John Bennett,Data Engineer,IC,5.0,Lindsay Murray,Head of Product,False,0,4,2,,True,False,2.5,1.1,-1.4,0.78,60,47,5,1,[External] Re: Tiger Data POC,4,2.5,8,2,1,Technical Review,1,2,78,15,Expanding,0,False,0,False,False,False,True,True,True,False,True,True,True,True,30.0,,True,1,65.0,6,False,,,Lost — missing feature. No additional detail.,,7.0,Commit,True,11-May-2026,True,,,Exec Vacuum,critical,Exec Vacuum,1.0,1.0,overdue,1.5,2.0906,2,No executive sponsor engaged (required by this stage for recovery likelihood) | Only 0 economic buyer meeting(s) (threshold: 0),0,,0.333,0.0,0.0,1.0
PIPE-2003,Harris-Larson,ACC-12201,Webster-West - Core Platform Pilot,SMB,Healthcare,Southeast,Scott Evans,REP-319,Donna Sutton,Andrew Reyes,Core Platform,Pilot,Partner Referral,Snowflake,Atlan,32000.0,32000.0,74700.0,0.31,True,,01/20/2026,,,5,6,1,39.0,8.0,Technical Validation,Earl Johnson,VP of Data,VP,1.2,Melissa Smith,COO,True,2,2,1,True,True,,0.8,2.3,1.5,1.0,21,21,5,15,fwd: technical review docs,14,2.6,2,1,2,Pricing,15,1,56,14,Contracting,3,True,3,False,,True,False,False,True,False,False,False,True,False,,,False,2,64.0,6,,6.0,3.0,They went with Databricks. Had deeper existing footprint.,,9.0,Best Case,False,,True,,,Competitor Displacement,critical,Competitor Displacement,0.6,0.9,overdue,1.5,1.2916,3,Discount at 31.0% — above threshold of 16.0% | pricing_objection_raised = 1.00 (threshold: 0.50) | 3 pricing objections raised (threshold: 1),0,,0.167,0.6,0.4,0.0
PIPE-2039,"haas, hodges and lee",ACC-52373,Livingston-Lee - Full Bundle Annual,Mid-Market,Logistics,APAC,Sarah Chen,REP-945,Joshua Foster,,Full Bundle,Annual,PLG Expansion,Databricks,Atlan,103800.0,100700.0,100700.0,0.03,True,$50k–$150k,03/10/2026,,,18,6,0,,23.0,Technical Validation,Darius Meza,VP of Data,VP,8.2,Richard Andrews,COO,True,1,4,2,False,True,,1.8,0.8,-1.0,0.81,32,26,2,7,Quick question on the proposal,13,1.4,5,2,3,POC Review,8,3,69,15,Expanding,2,False,0,False,False,False,True,True,False,,False,,True,True,18.0,,True,2,89.0,9,True,5.0,78.0,Lost — no decision / stalled. No additional detail.,Color continue dark seven activity down seek that else could little like explain time energy some any.,10.0,Omitted,False,,,,,,healthy,Champion Collapse,0.167,0.251,overdue,1.5,0.6104,1,Only 2 stakeholder(s) engaged at midpoint (threshold: 3),0,,0.167,0.0,0.0,0.0
PIPE-2082,"Leonard Inc, Inc.",ACC-78240,Davis Ltd - Core Platform Multi-Year,SMB,Insurance,APAC,Timothy Khan,REP-974,Jason Clark,Emily Hebert,Core Platform,Multi-Year,LinkedIn Outbound,dbt Labs,,18700.0,18700.0,45000.0,0.0,True,,"February 14, 2026",,,11,5,0,,,Negotiation,Patrick Sanders,Chief Data Officer,C-Suite,3.2,Erik White,VP Operations,False,2,4,1,False,,False,1.4,7.06,5.66,0.8,20,16,0,9,,18,2.8,11,2,3,POC Review,37,5,28,-29,Stable,1,False,0,True,,False,True,True,True,,False,True,,False,,,False,1,86.0,13,,3.0,,Champion left the company. Couldn't rebuild the relationship in time.,Order medical effect similar approach station city term where majority open suddenly respond through property successful.,6.0,Omitted,,04/25/2026,False,,,Champion Collapse,critical,Champion Collapse,1.0,1.0,overdue,1.5,1.0543,6,Email response time has slowed by 5.7 days since deal start (threshold: 3.4d) | Champion engagement dropped 29 pts (threshold: -12) | Champion engagement at 28/100 — below healthy baseline of 54 | Last multi-thread touch was 37 days ago (threshold: 19d) | Only 1 stakeholder(s) engaged at midpoint (threshold: 3) | No executive sponsor engaged (required by this stage for recovery likelihood),0,,1.0,0.0,0.0,0.5
PIPE-2013,LUTZ-SMITH,ACC-44253,Barton PLC - Full Bundle Annual,Enterprise,Energy,Northeast,Jesse Moore,REP-811,Cheryl Hunter,Erin Blanchard,Full Bundle,Annual,Event / Conference,Fivetran,,649800.0,526300.0,526300.0,0.19,True,,04/07/2026,,,16,2,0,21.0,19.0,Prospecting,Catherine Golden,Head of Data Engineering,Manager,1.8,,Chief Data Officer,True,1,4,3,False,True,True,1.3,2.5,1.2,0.68,59,40,5,8,following up again...,10,0.5,11,3,3,Technical Review,8,4,64,1,Expanding,1,False,0,True,,True,False,False,True,True,False,,False,False,,94.0,False,2,57.0,18,False,,31.0,Lost — missing feature. No additional detail.,,10.0,,False,"May 20, 2026",False,,,,healthy,Champion Collapse,0.0,0.0,mid,1.0,0.0,0,,0,,0.0,0.0,0.0,0.0
PIPE-2100,Garrett PLC,ACC-30443,,SMB,Insurance,APAC,Mary Cole,REP-249,,,Analytics Suite,Annual,Outbound SDR,None / Greenfield,Atlan,21100.0,21100.0,21100.0,0.0,True,>$500k,02/02/2026,,,9,6,0,16.0,,Prospecting,Patrick David,Analytics Engineer,IC,7.8,Ashley Collins,Director of IT,False,0,4,4,True,False,,1.3,2.4,1.1,0.56,36,20,0,4,Checking in,9,2.3,3,4,2,Technical Review,2,1,87,13,Stable,1,True,4,False,False,True,True,False,True,,False,,True,False,,96.0,False,1,60.0,17,,0.0,,"Champion was IC level, couldn't drive the purchase alone.",We politics glass leave rise main easy finish simply billion unit those small law owner.,9.0,Omitted,False,,True,,,Exec Vacuum,healthy,Champion Collapse,0.0,0.0,overdue,1.5,0.0,0,,0,,0.0,0.0,0.0,0.0
PIPE-2076,Bean LLC Inc,ACC-10288,,Enterprise,Logistics,Southwest,Chelsea Patrick,REP-232,Morgan Mcbride,Elizabeth Stewart,Analytics Suite,Monthly,Outbound SDR,Collibra,,758200.0,599000.0,1386600.0,0.21,,$50k–$150k,03/23/2026,,,11,4,0,39.0,,Prospecting,Rachel Richmond,Senior Data Engineer,IC,5.9,Shelly Acevedo,COO,False,0,3,2,False,,False,1.3,2.0,0.7,0.61,41,25,8,5,Quick question on the proposal,9,0.9,6,4,2,Demo,14,1,65,-5,Expanding,2,False,0,True,True,True,False,False,False,True,False,,False,False,,31.0,,0,,24,True,5.0,93.0,Lost — no decision / stalled. No additional detail.,Section be set apply improve lead board choice student then investment prevent there dinner.,6.0,Commit,True,"April 28, 2026",False,,,Exec Vacuum,healthy,Champion Collapse,0.0,0.0,late,1.3,0.0,0,,0,,0.0,0.0,0.0,0.0
PIPE-2063,"Smith,CruzandJackson",ACC-27273,James-Adams - Governance Module Annual,SMB,Financial Services,West,Hannah Gutierrez,REP-948,Nicholas Mejia,,Governance Module,Annual,Event / Conference,Databricks,Starburst,16200.0,16200.0,,0.0,False,$150k–$500k,2026-02-16,,,20,3,0,44.0,16.0,Discovery,Tommy Rogers,Senior Data Engineer,IC,2.1,Abigail Garcia,Head of Product,True,4,2,2,False,True,True,2.2,0.7,-1.5,0.76,41,31,3,6,Quick question on the proposal,3,0.6,5,5,3,Pricing,1,1,68,-1,Expanding,0,False,0,False,False,True,False,True,False,,False,True,True,True,30.0,,False,1,57.0,5,False,,81.0,Lost — price / budget. No additional detail.,Reduce speech such no education design water upon order food while available want business movie note note.,6.0,Commit,True,"May 06, 2026",False,,,,healthy,Champion Collapse,0.167,0.251,overdue,1.5,0.2418,1,Only 2 stakeholder(s) engaged at midpoint (threshold: 3),0,,0.167,0.0,0.0,0.0
PIPE-2054,Morales-Williams Inc,ACC-54772,Roth and Sons - Governance Module Pilot,Enterprise,Technology,West,Nicholas Lawrence,REP-771,Scott Flores,Susan Watson,Governance Module,Pilot,LinkedIn Outbound,Snowflake,Fivetran,451000.0,451000.0,1318400.0,0.0,True,$50k–$150k,"March 03, 2026",,,13,4,1,11.0,,Technical Validation,Charles White,Analytics Engineer,IC,5.7,John Buck,VP Operations,False,0,5,1,False,False,True,2.5,8.91,6.41,0.61,23,14,5,7,,19,1.3,9,5,2,Discovery,30,3,32,-33,Contracting,0,False,0,False,False,True,True,False,False,False,True,True,False,True,23.0,,,2,53.0,21,False,,60.0,New data lead came in and had a prior relationship with Snowflake.,,10.0,Omitted,True,,False,,,Champion Collapse,critical,Champion Collapse,1.0,1.0,late,1.3,3.0,6,Email response time has slowed by 6.4 days since deal start (threshold: 3.4d) | Champion engagement dropped 33 pts (threshold: -12) | Champion engagement at 32/100 — below healthy baseline of 54 | Last multi-thread touch was 30 days ago (threshold: 19d) | Only 1 stakeholder(s) engaged at midpoint (threshold: 3) | No executive sponsor engaged (required by this stage for recovery likelihood),0,Rep notes suggest 'Competitor Displacement' but behavioral signals point to 'Champion Collapse'. Investigate before intervening.,1.0,0.0,0.0,1.0
PIPE-2077,"Martin, Harrison and Reid, Inc.",ACC-12862,Garrett PLC - Governance Module Annual,Enterprise,Technology,Southwest,James Hill,REP-550,Anthony Houston,Evan Wood,Governance Module,Annual,Outbound SDR,Alation,Collibra,708700.0,701600.0,701600.0,0.01,True,$50k–$150k,"March 15, 2026",,,59,4,0,38.0,,Negotiation,Joshua Garcia II,Chief Data Officer,C-Suite,1.3,Aaron Reed,COO,False,0,8,8,False,True,True,1.7,1.6,-0.1,0.14,24,3,12,21,,5,2.9,7,0,1,Demo,10,3,79,-6,Expanding,1,True,4,False,False,True,False,True,True,,False,False,True,False,,70.0,True,0,60.0,25,True,6.0,5.0,"Just went dark. Last email 3 weeks ago, no response.",Station system the Mr machine foot our boy could.,7.0,Pipeline,True,05/04/2026,True,,,Ghost Stall,critical,Exec Vacuum,1.0,1.0,overdue,1.5,3.0,2,No executive sponsor engaged (required by this stage for recovery likelihood) | Only 0 economic buyer meeting(s) (threshold: 0),0,Rep notes suggest 'Ghost Stall' but behavioral signals point to 'Exec Vacuum'. Investigate before intervening.,0.167,0.4,0.8,1.0
PIPE-2026,"Rice-Russell, Inc.",ACC-37462,Scott-Mason - Governance Module Multi-Year,Mid-Market,Technology,West,Stacey Moore,REP-226,Billy Chambers,Madison Barnes,Governance Module,Multi-Year,Inbound - Website,None / Greenfield,,117600.0,89400.0,223200.0,0.24,False,$150k–$500k,"April 08, 2026",,,16,2,0,,,Discovery,,Head of Data Engineering,Manager,10.8,John Anderson,VP Operations,False,4,7,1,True,False,True,1.7,8.05,6.35,0.96,53,51,6,3,Re: Follow up from our call,15,1.0,4,3,1,Executive QBR,37,0,46,-24,Stable,0,True,4,False,True,False,False,True,True,,,True,,True,5.0,,True,2,84.0,10,False,,,lost — price / budget.. no additional detail..,Whatever economic all clearly economy watch rise without star low perform hot price.,7.0,Best Case,,05/17/2026,True,,,Champion Collapse,critical,Champion Collapse,1.0,1.0,mid,1.0,2.5463,6,Email response time has slowed by 6.3 days since deal start (threshold: 3.4d) | Champion engagement dropped 24 pts (threshold: -12) | Champion engagement at 46/100 — below healthy baseline of 54 | Last multi-thread touch was 37 days ago (threshold: 19d) | Only 1 stakeholder(s) engaged at midpoint (threshold: 3) | No executive sponsor engaged (required by this stage for recovery likelihood),0,,1.0,0.6,0.0,0.0
PIPE-2008,Juarez PLC LLC,ACC-85992,Ortiz-Lozano - Core Platform Annual,SMB,Retail,Northeast,George Watkins,REP-653,Rhonda Hall,James Phillips,Core Platform,Annual,Event / Conference,Fivetran,,17500.0,17200.0,,0.02,,<$50k,"February 15, 2026",,,5,4,1,31.0,,Negotiation,Kristi Craig,Head of Data Engineering,Manager,1.3,Jennifer Martinez,CFO,False,0,8,6,True,,,1.8,0.6,-1.2,0.36,25,9,7,4,,9,0.7,5,4,3,Pricing,7,2,93,11,Stable,0,True,1,False,False,True,True,True,False,True,True,,False,False,,,False,1,,10,False,1.0,,Lost — chose competitor. No additional detail.,That strategy Democrat force source drop term unit measure seem sort instead cell tax according figure occur protect.,6.0,Commit,False,06-May-2026,True,,,,critical,Exec Vacuum,1.0,1.0,late,1.3,1.0116,2,No executive sponsor engaged (required by this stage for recovery likelihood) | Only 0 economic buyer meeting(s) (threshold: 0),0,Rep notes suggest 'Competitor Displacement' but behavioral signals point to 'Exec Vacuum'. Investigate before intervening.,0.167,0.2,0.2,1.0
PIPE-2043,Galloway-Smith,ACC-22268,Owens and Sons - Core Platform Monthly,SMB,Insurance,West,Glen Velazquez,REP-355,Robert Donaldson,,Core Platform,Monthly,Outbound SDR,Alation,,9500.0,9500.0,23000.0,0.0,False,,2026-02-13,,,14,5,1,,,Negotiation,Timothy Delgado,Analytics Engineer,IC,5.3,Jennifer Brown,SVP Technology,False,0,5,3,False,False,,2.3,0.5,-1.8,0.64,14,9,8,6,Q4 pricing — URGENT,9,0.8,11,3,4,,12,5,58,-9,Expanding,1,True,3,False,True,False,True,False,True,True,False,True,False,True,7.0,30.0,False,1,56.0,8,False,,14.0,Never got above the data team. Budget decision was above champion's level.,,7.0,Pipeline,True,,True,,,Exec Vacuum,critical,Exec Vacuum,1.0,1.0,overdue,1.5,0.6678,2,No executive sponsor engaged (required by this stage for recovery likelihood) | Only 0 economic buyer meeting(s) (threshold: 0),0,,0.167,0.4,0.0,1.0
PIPE-2094,"chang, wright and thompson",ACC-87776,"Bernard, Black and Acosta - Analytics Suite Pilot",Mid-Market,Insurance,Southeast,Kelly Martin,REP-284,Heather Roth,Aaron Hubbard,Analytics Suite,Pilot,Outbound SDR,Atlan,,144300.0,121200.0,242500.0,0.16,False,<$50k,"February 21, 2026",,,5,5,0,39.0,8.0,Proposal Sent,Austin Cox,Data Platform Lead,Manager,8.4,,Director of IT,True,4,6,4,,True,True,1.8,2.8,1.0,0.54,26,14,1,7,,13,1.9,2,1,1,Discovery,3,5,74,7,Contracting,1,True,4,False,False,True,False,True,False,,True,True,True,True,26.0,83.0,True,1,61.0,14,True,8.0,72.0,lost — security / compliance failed.. no additional detail..,Home season time nothing summer pressure prove just defense rich material by production ball individual believe way week gun.,7.0,Pipeline,False,2026-04-21,False,,,,at-risk,Competitor Displacement,0.4,0.6,overdue,1.5,1.6418,2,pricing_objection_raised = 1.00 (threshold: 0.50) | 4 pricing objections raised (threshold: 1),0,,0.0,0.4,0.2,0.0
PIPE-2116,Kirby-Garcia Inc,ACC-98078,,Mid-Market,Retail,Northeast,Jackie Hamilton DVM,REP-673,Gregory Glass,Mr. Mark Salinas,Full Bundle,Multi-Year,Partner Referral,Collibra,Collibra,97500.0,97500.0,210600.0,0.0,False,$50k–$150k,02/22/2026,,,18,3,0,,,Technical Validation,Susan Rodriguez,VP of Data,VP,6.4,Chase Weeks,VP Engineering,False,0,2,1,True,False,True,1.5,1.0,-0.5,0.75,16,12,7,3,RE: RE: RE: Next steps??,14,1.2,9,5,2,Technical Review,13,4,88,13,Stable,0,True,1,True,False,False,True,False,False,False,True,,False,False,,32.0,False,1,64.0,6,,,,lost — chose competitor.. no additional detail..,Movement politics pick affect but and alone air change nature present grow perhaps their instead smile event modern.,8.0,Commit,False,04/21/2026,False,,,,critical,Exec Vacuum,1.0,1.0,late,1.3,2.3749,2,No executive sponsor engaged (required by this stage for recovery likelihood) | Only 0 economic buyer meeting(s) (threshold: 0),0,Rep notes suggest 'Competitor Displacement' but behavioral signals point to 'Exec Vacuum'. Investigate before intervening.,0.333,0.2,0.0,1.0
PIPE-2098,"The Roberts, Webster and Mills",ACC-30530,Nixon-Harrington - Core Platform Pilot,SMB,Technology,APAC,Maureen Villarreal,REP-849,Christopher Fletcher,Angela Martin,Core Platform,Pilot,Cold Email Sequence,Alation,,17200.0,17200.0,38100.0,0.0,False,$50k–$150k,30-Jan-2026,,,13,3,0,,,Prospecting,Kenneth Warner,Senior Data Engineer,IC,5.2,Stephen Johnson,CTO,False,0,4,2,True,True,False,0.9,1.8,0.9,0.65,20,13,7,4,,5,0.5,10,4,4,Demo,6,4,90,-7,Stable,0,True,1,True,False,False,False,False,True,False,,False,False,True,29.0,91.0,,2,55.0,10,,8.0,0.0,lost — champion left.. no additional detail..,,9.0,Pipeline,True,2026-05-07,,,,,healthy,Champion Collapse,0.0,0.0,late,1.3,0.0,0,,0,,0.0,0.0,0.0,0.0
PIPE-2059,Hodges-Hanson,ACC-95530,Evans Ltd - Governance Module Multi-Year,Mid-Market,Insurance,West,Amy Jackson,REP-775,Joshua Patterson,,Governance Module,Multi-Year,Event / Conference,Fivetran,Collibra,39600.0,31300.0,,0.21,False,,23-Feb-2026,,,28,3,0,45.0,7.0,Negotiation,,Analytics Manager,Manager,11.0,Christopher Galloway,COO,True,1,4,3,True,,,1.2,2.8,1.6,0.06,49,2,13,15,RE: RE: RE: Next steps??,15,2.0,8,0,3,POC Review,8,3,77,10,Stable,0,False,0,False,False,True,True,True,True,True,,False,True,True,6.0,,True,0,70.0,17,True,0.0,,Prospect stopped engaging after the proposal. No explanation given.,Fight increase race everything movie upon break throw according throw right yard old garden change next.,6.0,Best Case,True,,False,,,Ghost Stall,at-risk,Ghost Stall,0.6,0.78,late,1.3,1.2491,3,Only 0 meetings in the last 30 days (threshold: 2) | days_since_last_activity = 15.00 (threshold: 14.00) | Only 6% of emails getting replies (threshold: 39%),0,,0.0,0.2,0.6,0.0
PIPE-2015,SCOTT AND SONS,ACC-73830,"Fleming, Fowler and Meyers - Analytics Suite Monthly",Mid-Market,Media,APAC,James May,REP-943,Debra Blackburn,Sharon Taylor,Analytics Suite,Monthly,Event / Conference,Starburst,,54900.0,54900.0,158700.0,0.0,True,$150k–$500k,"February 25, 2026",,,15,6,0,38.0,,Proposal Sent,Mikayla Macias,Director of Data,Director,0.8,Jose Miller,COO,False,0,3,1,True,True,False,2.4,9.56,7.16,0.98,44,43,1,5,Re: Follow up from our call,7,2.4,11,3,2,Demo,35,0,44,-20,Contracting,2,True,1,False,False,True,True,False,False,,True,False,False,True,8.0,100.0,,1,59.0,8,True,8.0,86.0,Champion left the company. Couldn't rebuild the relationship in time.,North range attention term question far stay officer social enjoy never ten service.,7.0,Best Case,True,05/16/2026,True,,,Champion Collapse,critical,Champion Collapse,1.0,1.0,overdue,1.5,1.8703,6,Email response time has slowed by 7.2 days since deal start (threshold: 3.4d) | Champion engagement dropped 20 pts (threshold: -12) | Champion engagement at 44/100 — below healthy baseline of 54 | Last multi-thread touch was 35 days ago (threshold: 19d) | Only 1 stakeholder(s) engaged at midpoint (threshold: 3) | No executive sponsor engaged (required by this stage for recovery likelihood),0,,1.0,0.2,0.0,1.0
PIPE-2053,The Nelson and Sons,ACC-86228,"Alvarado, Watson and Torres - Core Platform Pilot",Enterprise,Insurance,Southwest,Darren Wiley,REP-346,Kristen Kirby,Tiffany Anderson,Core Platform,Pilot,PLG Expansion,None / Greenfield,,545900.0,485900.0,1356700.0,0.11,,<$50k,19-Feb-2026,,,10,4,1,32.0,,Prospecting,Rachel Mills,Data Engineer,IC,3.0,Andrew Rodriguez,CTO,False,0,7,6,,True,True,1.7,2.9,1.2,0.54,13,7,3,9,[External] Re: Tiger Data POC,8,1.9,2,4,1,Pricing,1,2,90,9,Contracting,2,False,0,True,False,True,False,False,True,False,,False,False,False,,84.0,False,2,71.0,2,,0.0,83.0,Lost — price / budget. No additional detail.,,7.0,Commit,True,2026-05-04,True,,,Exec Vacuum,healthy,Champion Collapse,0.0,0.0,late,1.3,0.0,0,,0,,0.0,0.0,0.0,0.0
PIPE-2020,Huynh-Thomas LLC,ACC-17156,Murray Group - Governance Module Annual,Mid-Market,Insurance,EMEA,Joseph Arnold,REP-747,Derek Nelson,Anne Rodriguez,Governance Module,Annual,PLG Expansion,Monte Carlo,,94900.0,67400.0,67400.0,0.29,False,$150k–$500k,2026-03-29,,,14,6,1,31.0,34.0,Negotiation,Jonathon Cooley,Head of Data Engineering,Manager,0.7,Antonio Rojas,COO,True,4,5,5,False,False,,1.3,1.8,0.5,0.93,55,51,1,5,Quick question on the proposal,7,0.7,4,3,1,Pricing,14,3,86,7,Stable,0,True,2,False,True,True,False,True,True,False,False,True,True,False,,53.0,True,0,79.0,5,False,5.0,,lost — no decision / stalled.. no additional detail..,Chance watch tend with surface whether financial consider.,8.0,Pipeline,True,05/03/2026,True,,,,critical,Competitor Displacement,0.6,0.9,overdue,1.5,2.1154,3,Discount at 29.0% — above threshold of 16.0% | pricing_objection_raised = 1.00 (threshold: 0.50) | 2 pricing objections raised (threshold: 1),0,,0.0,0.6,0.0,0.0
PIPE-2014,EDWARDS AND SONS,ACC-35425,"Patterson, Abbott and Carroll - Full Bundle Annual",Mid-Market,Financial Services,Southeast,Lori Bennett,REP-506,Mark Cruz,Jessica Bryant,Full Bundle,Annual,Outbound SDR,Fivetran,,93000.0,73500.0,73500.0,0.21,True,$150k–$500k,20-Feb-2026,,,19,4,1,28.0,25.0,Negotiation,Cody Potter,VP of Data,VP,1.3,,COO,True,5,5,3,True,False,True,1.7,1.1,-0.6,0.45,20,9,8,2,[External] Re: Tiger Data POC,7,0.6,11,5,1,POC Review,14,0,57,1,Contracting,0,False,0,True,True,True,True,False,True,False,False,,,False,,84.0,False,0,76.0,9,True,,10.0,Lost — wrong timing. No additional detail.,Official include likely shoulder number cause no kid him road wide.,8.0,Best Case,True,"May 10, 2026",False,,,,watch,Competitor Displacement,0.2,0.3,overdue,1.5,0.6996,1,Discount at 21.0% — above threshold of 16.0%,0,,0.0,0.2,0.0,0.0
PIPE-2079,"Roberts, Dyer and Price, Inc.",ACC-43182,"Warren, Clay and Edwards - Full Bundle Monthly",Mid-Market,Insurance,EMEA,Dr. Jessica Reyes,REP-797,Crystal Reilly,Michele Monroe,Full Bundle,Monthly,PLG Expansion,Fivetran,,102800.0,82200.0,,0.2,True,>$500k,02/14/2026,,,7,4,0,,18.0,Discovery,Kathleen Watts,Senior Data Engineer,IC,7.8,,Director of IT,True,1,7,7,True,False,,1.6,0.6,-1.0,0.89,27,24,0,0,Checking in,19,2.6,12,3,3,Demo,1,0,62,-1,Contracting,0,False,0,True,True,False,False,True,False,False,True,True,False,False,,68.0,True,2,90.0,11,True,2.0,,Lost — price / budget. No additional detail.,Nice health pass area wear everything cold voice born these age activity land.,9.0,Omitted,True,05/18/2026,False,,,,healthy,Competitor Displacement,0.2,0.26,late,1.3,0.63,1,Discount at 20.0% — above threshold of 16.0%,0,,0.0,0.2,0.0,0.0
PIPE-2122,"The Walsh, Torres and Mendoza",ACC-25538,Erickson LLC - Core Platform Pilot,Enterprise,Energy,Midwest,Michael Suarez,REP-245,Erika Warren,Jennifer Davis,Core Platform,Pilot,PLG Expansion,Monte Carlo,dbt Labs,499000.0,434100.0,1044800.0,0.13,,$50k–$150k,17-Feb-2026,,,14,6,0,,16.0,Negotiation,Kayla Reeves,Data Platform Lead,Manager,5.4,,VP Engineering,True,2,2,1,,False,,1.3,1.9,0.6,0.39,36,14,3,6,[External] Re: Tiger Data POC,18,2.7,2,4,2,Demo,15,1,86,0,Contracting,2,True,1,False,True,False,True,False,True,,True,False,True,True,27.0,,,0,70.0,13,False,1.0,,Lost — wrong timing. No additional detail.,Result shake method he message industry company despite hard fast role wonder kitchen can out just then.,9.0,Best Case,False,,True,,,,watch,Competitor Displacement,0.2,0.3,overdue,1.5,0.9,1,pricing_objection_raised = 1.00 (threshold: 0.50),0,,0.167,0.2,0.0,0.0
PIPE-2012,"Holloway-Williams, Inc.",ACC-80819,Hatfield-Alexander - Full Bundle Annual,Mid-Market,Logistics,Midwest,Amy Williamson,REP-686,Vincent Sullivan,,Full Bundle,Annual,Cold Email Sequence,dbt Labs,,75400.0,67900.0,67900.0,0.1,False,,04/02/2026,,,20,5,1,,,Negotiation,Daniel Everett,Senior Data Engineer,IC,2.1,,SVP Technology,False,0,8,7,True,True,False,0.7,2.5,1.8,0.5,10,5,5,10,Introduction: Deleon <> Tiger Data,15,0.5,2,2,2,,10,3,82,-2,Expanding,1,True,3,False,False,False,True,True,False,True,True,True,False,False,,,True,2,68.0,6,False,2.0,63.0,Lost — chose competitor. No additional detail.,Authority mean technology skin whatever yourself single public force form my debate economic forward create newspaper gun assume my.,9.0,Omitted,False,,False,,,Exec Vacuum,critical,Exec Vacuum,1.0,1.0,overdue,1.5,2.1448,2,No executive sponsor engaged (required by this stage for recovery likelihood) | Only 0 economic buyer meeting(s) (threshold: 0),0,Rep notes suggest 'Competitor Displacement' but behavioral signals point to 'Exec Vacuum'. Investigate before intervening.,0.167,0.4,0.0,1.0
PIPE-2113,"The Torres, Yoder and Johnson",ACC-41064,Holden and Sons - Full Bundle Monthly,Mid-Market,Energy,Midwest,Rose Middleton,REP-844,Kevin Lara,Jennifer Hubbard,Full Bundle,Monthly,Executive Referral,None / Greenfield,Fivetran,93700.0,93700.0,234100.0,0.0,True,$150k–$500k,2026-03-22,,,6,3,1,19.0,27.0,Prospecting,Brian May Jr.,Analytics Engineer,IC,10.9,Michelle Braun,SVP Technology,True,2,6,5,True,False,False,2.1,0.7,-1.4,0.29,31,9,6,5,Q4 pricing — URGENT,7,1.4,12,4,2,Pricing,5,0,56,8,Contracting,2,True,2,True,False,True,False,False,False,False,True,False,False,False,,,True,1,54.0,14,True,7.0,46.0,Lost — missing feature. No additional detail.,Behavior short blue parent risk detail day wife by kitchen that star agent present pretty but.,7.0,,False,05/16/2026,False,,,,healthy,Champion Collapse,0.0,0.0,late,1.3,0.0,0,,0,,0.0,0.0,0.0,0.0
PIPE-2047,"The Reynolds, Newton and Martin",ACC-23543,,Enterprise,Logistics,West,Michelle Vincent,REP-399,Mallory Browning,Francisco Wiley,Core Platform,Annual,Inbound - Website,Starburst,Atlan,652400.0,508900.0,508900.0,0.28,True,,01-Mar-2026,,,7,3,2,,35.0,Prospecting,Patrick Ross,Senior Data Engineer,IC,6.7,,VP Operations,True,3,8,6,True,False,False,1.4,2.1,0.7,0.24,25,6,1,10,fwd: technical review docs,19,1.0,10,2,4,Demo,14,5,70,12,,4,True,1,True,False,False,False,False,True,True,True,False,,False,,,False,1,75.0,12,False,5.0,55.0,Lost to Fivetran on connector breadth. They had 200+ native connectors.,Really hospital senior order including trial night board pass crime security before trial consumer.,9.0,Commit,True,21-Apr-2026,False,,,Competitor Displacement,healthy,Champion Collapse,0.0,0.0,mid,1.0,0.0,0,,0,Rep notes suggest 'Competitor Displacement' but behavioral signals point to 'Champion Collapse'. Investigate before intervening.,0.0,0.0,0.0,0.0
PIPE-2058,Brown-Horton,ACC-66429,Weeks PLC - Governance Module Pilot,SMB,Logistics,Northeast,Stephanie Mendoza,REP-440,Ashley Jones,William Long,Governance Module,Pilot,Outbound SDR,Starburst,None / Greenfield,11700.0,11100.0,31300.0,0.05,False,>$500k,2026-01-31,,,6,6,0,19.0,,Proposal Sent,Ryan Martinez,Data Platform Lead,Manager,,Sue Ramirez,SVP Technology,False,0,5,1,,True,True,2.3,8.43,6.13,0.33,18,6,8,6,,18,1.9,4,5,3,Pricing,40,1,41,-33,Stable,2,True,4,False,True,True,True,False,False,True,True,,False,False,,36.0,False,2,50.0,11,False,,,Lost — security / compliance failed. No additional detail.,Fire interesting together while consumer bar enter mother total evidence film style girl task pass.,9.0,Pipeline,True,21-Apr-2026,False,,,Champion Collapse,critical,Champion Collapse,1.0,1.0,overdue,1.5,0.7747,6,Email response time has slowed by 6.1 days since deal start (threshold: 3.4d) | Champion engagement dropped 33 pts (threshold: -12) | Champion engagement at 41/100 — below healthy baseline of 54 | Last multi-thread touch was 40 days ago (threshold: 19d) | Only 1 stakeholder(s) engaged at midpoint (threshold: 3) | No executive sponsor engaged (required by this stage for recovery likelihood),0,,1.0,0.4,0.2,1.0
PIPE-2137,"Smith,LiandDawson",ACC-97227,Dudley Ltd - Core Platform Multi-Year,Enterprise,Financial Services,Northeast,Jeffrey Tyler,REP-247,Tiffany Rodriguez,Jill Rosales,Core Platform,Multi-Year,Inbound - Website,Fivetran,,215700.0,163900.0,451500.0,0.24,,$150k–$500k,23-Feb-2026,,,5,4,1,31.0,,Prospecting,Noah Garner,VP of Data,VP,7.0,Desiree Craig,CTO,False,0,8,7,True,True,True,2.3,0.7,-1.6,0.51,55,28,2,7,Q4 pricing — URGENT,11,2.9,9,2,1,Executive QBR,9,2,74,-2,Contracting,0,True,2,False,False,True,False,False,False,False,False,,False,True,9.0,,False,0,60.0,21,,0.0,,Lost — champion left. No additional detail.,Easy development trial computer citizen should letter address any true.,6.0,Commit,True,2026-05-09,False,,,,healthy,Champion Collapse,0.0,0.0,late,1.3,0.0,0,,0,,0.0,0.0,0.0,0.0
PIPE-2095,"Rodriguez, Smith and Yu",ACC-73107,"Lee, Robbins and Kelly - Analytics Suite Annual",Mid-Market,Education,West,Valerie Soto,REP-321,Kelsey Rangel,Edwin Williams,Analytics Suite,Annual,Executive Referral,Fivetran,,143900.0,133800.0,133800.0,0.07,False,<$50k,2026-03-03,,,58,3,1,18.0,24.0,Negotiation,Latoya Copeland,Data Engineer,IC,5.5,Anthony Thomas,VP Operations,True,3,6,6,False,True,True,0.8,1.1,0.3,0.13,38,4,19,40,[External] Re: Tiger Data POC,6,2.0,8,0,1,Demo,12,0,92,-2,Expanding,1,True,1,False,True,True,False,True,False,True,False,True,True,True,27.0,70.0,True,2,92.0,4,False,,42.0,lost — missing feature.. no additional detail..,,6.0,Pipeline,True,16-May-2026,,,,Ghost Stall,critical,Ghost Stall,1.0,1.0,overdue,1.5,2.7337,5,Last rep outreach was 19 days ago (threshold: 15d) | Deal has been stuck in current stage for 58 days (threshold: 28d) | Only 0 meetings in the last 30 days (threshold: 2) | days_since_last_activity = 40.00 (threshold: 14.00) | Only 13% of emails getting replies (threshold: 39%),0,,0.0,0.2,1.0,0.0
PIPE-2097,Miller-Mcbride Inc,ACC-80978,"Newman, Holland and Smith - Governance Module Annual",Mid-Market,Healthcare,Northeast,Dr. Peter Stevens,REP-270,Dr. John Russell,Jessica Smith,Governance Module,Annual,LinkedIn Outbound,Alation,,132600.0,132600.0,132600.0,0.26,True,,03-Feb-2026,,,8,2,3,16.0,,Technical Validation,Austin Frederick,Chief Data Officer,C-Suite,6.2,Robert Cochran,CFO,False,0,7,5,True,True,False,1.8,2.7,0.9,0.48,48,23,0,20,Introduction: Taylor <> Tiger Data,19,2.1,9,4,4,Pricing,6,2,80,13,Contracting,4,True,1,False,False,True,True,True,True,False,True,,True,False,,30.0,False,0,84.0,7,False,8.0,35.0,They went with Databricks. Had deeper existing footprint.,Rule finish community party prevent paper present think question win staff point surface.,9.0,Pipeline,True,24-Apr-2026,False,,,Competitor Displacement,critical,Exec Vacuum,1.0,1.0,mid,1.0,2.6575,2,No executive sponsor engaged (required by this stage for recovery likelihood) | Only 0 economic buyer meeting(s) (threshold: 0),0,Rep notes suggest 'Competitor Displacement' but behavioral signals point to 'Exec Vacuum'. Investigate before intervening.,0.167,0.8,0.2,1.0
PIPE-2018,"Sims Group, Inc.",ACC-98703,Morgan and Sons - Core Platform Monthly,SMB,Education,Southeast,Jennifer Davis,REP-935,Jenna Phillips,Gregory Jones,Core Platform,Monthly,LinkedIn Outbound,Atlan,Starburst,11500.0,11500.0,32200.0,0.0,False,$50k–$150k,"February 12, 2026",,,32,6,1,,,Technical Validation,Jerry Griffin,Data Platform Lead,Manager,2.0,Derek Roberts,CTO,False,0,2,1,False,False,,2.4,1.9,-0.5,0.09,14,1,27,36,Quick question on the proposal,14,1.7,6,0,2,Pricing,14,5,64,-6,Expanding,1,True,2,True,True,False,False,False,True,True,,True,False,False,,88.0,False,0,56.0,25,False,5.0,29.0,Lost — price / budget. No additional detail.,All investment board PM special action everything prevent side father by pattern identify final positive close ball all deep.,9.0,Best Case,True,2026-04-29,False,,,Ghost Stall,critical,Ghost Stall,1.0,1.0,overdue,1.5,0.7655,5,Last rep outreach was 27 days ago (threshold: 15d) | Deal has been stuck in current stage for 32 days (threshold: 28d) | Only 0 meetings in the last 30 days (threshold: 2) | days_since_last_activity = 36.00 (threshold: 14.00) | Only 9% of emails getting replies (threshold: 39%),0,,0.333,0.4,1.0,1.0
PIPE-2050,"Strong, Johnson and Sandoval Inc",ACC-23405,Bryant Inc - Governance Module Pilot,Mid-Market,Insurance,Southwest,Ruben Graham,REP-860,Paul Powell,Amy Palmer,Governance Module,Pilot,LinkedIn Outbound,None / Greenfield,Atlan,103900.0,103900.0,291500.0,0.0,False,$50k–$150k,2026-02-15,,,37,2,1,,,Discovery,Mary Bowen,Data Platform Lead,Manager,3.0,Mrs. Renee Mitchell,COO,False,0,3,3,True,True,False,0.5,2.7,2.2,0.09,42,3,27,35,fwd: technical review docs,15,3.0,10,0,3,Executive QBR,5,4,76,-9,Contracting,0,True,1,True,True,False,True,True,False,False,False,False,True,False,,,True,0,61.0,7,False,2.0,85.0,Multiple follow-ups with no reply. Probably went internal.,Last effort relationship address everything picture thing option stuff decade else what.,10.0,Commit,False,"April 26, 2026",True,,,Ghost Stall,critical,Ghost Stall,1.0,1.0,late,1.3,2.4327,5,Last rep outreach was 27 days ago (threshold: 15d) | Deal has been stuck in current stage for 37 days (threshold: 28d) | Only 0 meetings in the last 30 days (threshold: 2) | days_since_last_activity = 35.00 (threshold: 14.00) | Only 9% of emails getting replies (threshold: 39%),0,,0.167,0.2,1.0,0.0
PIPE-2002,The Torres LLC,ACC-53608,,Enterprise,Manufacturing,Midwest,John Gaines,REP-472,Xavier Zimmerman,Kristi Bush,Analytics Suite,Annual,Outbound SDR,Starburst,Monte Carlo,417000.0,417000.0,417000.0,0.22,True,$150k–$500k,"March 23, 2026",,,19,4,2,,30.0,Technical Validation,Cynthia Brown,Director of Data,Director,10.3,,Head of Product,True,2,8,6,True,True,,2.4,1.2,-1.2,1.0,14,14,2,16,Introduction: Moody <> Tiger Data,20,0.6,4,1,3,Technical Review,8,2,64,-5,Stable,7,True,1,True,False,False,True,False,True,False,False,False,False,True,10.0,,True,0,80.0,24,False,,3.0,Lost — chose competitor. No additional detail.,Forward thing economic at price whom much must teacher near important dinner laugh shoulder direction talk wear ahead.,8.0,Omitted,False,"May 13, 2026",True,,,Competitor Displacement,critical,Competitor Displacement,0.8,1.0,late,1.3,3.0,4,7 competitor mentions logged (threshold: 3) | Discount at 22.0% — above threshold of 16.0% | Deal has regressed 2 stage(s) (threshold: 2) | pricing_objection_raised = 1.00 (threshold: 0.50),0,,0.0,0.8,0.4,0.0
PIPE-2130,The Ferguson-Moore,ACC-91923,"Gonzalez, Morrison and Cox - Full Bundle Pilot",SMB,Financial Services,Southeast,Cheryl Carpenter,REP-552,Mrs. Chelsey Weber,Michael Gomez,Full Bundle,Pilot,PLG Expansion,Alation,Collibra,8200.0,8200.0,22600.0,0.0,False,$150k–$500k,"February 25, 2026",,,11,2,1,43.0,35.0,Technical Validation,Latoya Hernandez,Analytics Manager,Manager,4.6,Joshua Lewis,CFO,True,3,3,3,False,False,True,0.9,2.7,1.8,0.34,32,11,6,10,,16,1.4,9,3,4,Pricing,12,3,94,3,Stable,0,True,1,False,True,True,True,True,False,,True,,True,True,27.0,55.0,True,2,74.0,13,True,,,Lost — champion left. No additional detail.,,,Omitted,False,,True,,,,healthy,Competitor Displacement,0.2,0.2,mid,1.0,0.1198,1,pricing_objection_raised = 1.00 (threshold: 0.50),0,Rep notes suggest 'Champion Collapse' but behavioral signals point to 'Competitor Displacement'. Investigate before intervening.,0.0,0.2,0.2,0.0
PIPE-2081,"The Moody, Boyd and Medina",ACC-54131,"Flores, Rogers and Hall - Full Bundle Monthly",Mid-Market,Insurance,West,Robert Ferrell,REP-639,Angela Kirby,,Full Bundle,Monthly,Inbound - Website,Collibra,,109100.0,106900.0,239200.0,0.33,False,$150k–$500k,2026-03-28,,,20,4,3,,17.0,Prospecting,Lauren Hooper,Head of Data Engineering,Manager,,,CTO,True,1,8,6,True,True,True,1.9,1.5,-0.4,0.95,22,21,0,18,fwd: technical review docs,9,2.8,8,4,4,Technical Review,10,5,80,-10,Contracting,5,True,3,False,False,False,False,False,True,False,True,False,True,True,29.0,,True,1,73.0,7,,0.0,20.0,they went with databricks.. had deeper existing footprint..,Work chance fear and with share born media or.,9.0,Best Case,False,2026-05-12,False,,,Competitor Displacement,healthy,Champion Collapse,0.0,0.0,overdue,1.5,0.0,0,,0,Rep notes suggest 'Competitor Displacement' but behavioral signals point to 'Champion Collapse'. Investigate before intervening.,0.0,0.0,0.0,0.0
PIPE-2140,The Horne-Williams,ACC-73768,"Hernandez, Nicholson and Anderson - Analytics Suite Multi-Year",SMB,Manufacturing,Midwest,Steven Clark,REP-675,Mary Willis,Douglas Norris,Analytics Suite,Multi-Year,Cold Email Sequence,Fivetran,Atlan,32500.0,26000.0,54800.0,0.2,True,>$500k,27-Feb-2026,,,16,2,0,30.0,,Discovery,Susan Stevens,Director of Data,Director,5.7,Cody Freeman,VP Engineering,False,0,4,2,False,,True,2.3,1.4,-0.9,0.76,42,32,7,10,,12,2.1,11,5,2,Pricing,4,3,82,15,Expanding,2,True,2,False,False,True,True,False,False,True,False,True,True,False,,52.0,True,2,,15,True,,,lost — champion left.. no additional detail..,Very television probably interest federal example president commercial dark significant assume space note.,8.0,Best Case,True,05/07/2026,False,,,,at-risk,Competitor Displacement,0.6,0.78,late,1.3,1.1286,3,Discount at 20.0% — above threshold of 16.0% | pricing_objection_raised = 1.00 (threshold: 0.50) | 2 pricing objections raised (threshold: 1),0,Rep notes suggest 'Champion Collapse' but behavioral signals point to 'Competitor Displacement'. Investigate before intervening.,0.333,0.6,0.0,0.0
PIPE-2057,"Small, Smith and Orozco",ACC-55455,Hernandez-Garza - Governance Module Annual,Mid-Market,Financial Services,Southwest,Jeffrey Young,REP-551,Clinton Copeland,Julia Garcia,Governance Module,Annual,Event / Conference,Snowflake,Fivetran,117100.0,117100.0,117100.0,0.0,False,<$50k,2026-03-12,,,5,2,1,,,Discovery,Randy Rush,Head of Data Engineering,Manager,10.6,Hayley Ramirez,SVP Technology,False,3,8,1,,False,True,0.9,6.45,5.55,0.73,11,8,3,4,Quick question on the proposal,9,0.9,5,3,2,,35,3,28,-30,,0,False,0,False,True,False,True,True,True,,,True,True,True,21.0,,False,1,55.0,2,True,1.0,18.0,Our champion got moved to a different team mid-deal. Lost access.,,9.0,Pipeline,,"May 02, 2026",True,,,Champion Collapse,critical,Champion Collapse,1.0,1.0,mid,1.0,2.5424,6,Email response time has slowed by 5.5 days since deal start (threshold: 3.4d) | Champion engagement dropped 30 pts (threshold: -12) | Champion engagement at 28/100 — below healthy baseline of 54 | Last multi-thread touch was 35 days ago (threshold: 19d) | Only 1 stakeholder(s) engaged at midpoint (threshold: 3) | No executive sponsor engaged (required by this stage for recovery likelihood),0,,1.0,0.0,0.0,0.0
PIPE-2030,"Lynch, Day and Wolfe, Inc.",ACC-33764,"Lopez, Logan and Ho - Full Bundle Monthly",Mid-Market,Financial Services,Southeast,Victor Brooks,REP-409,Cameron Miller,Amy Robles,Full Bundle,Monthly,Executive Referral,dbt Labs,,85500.0,85500.0,241900.0,0.0,,,29-Mar-2026,,,18,6,1,41.0,,Proposal Sent,Rebecca Brady,Senior Data Engineer,IC,,Jimmy Butler,VP Operations,False,0,7,5,,True,False,0.7,2.5,1.8,1.0,43,43,1,10,following up again...,20,0.5,2,1,2,Discovery,14,5,91,6,Expanding,0,True,4,False,False,True,True,True,True,,False,True,True,False,,,False,1,59.0,21,,5.0,67.0,"Champion was IC level, couldn't drive the purchase alone.",Break character ground fear experience race someone mouth since sign.,6.0,Best Case,True,"April 27, 2026",True,,,Exec Vacuum,critical,Exec Vacuum,1.0,1.0,overdue,1.5,2.2565,2,No executive sponsor engaged (required by this stage for recovery likelihood) | Only 0 economic buyer meeting(s) (threshold: 0),0,,0.167,0.4,0.2,1.0
PIPE-2033,Moore-Gonzalez,ACC-79978,Wood and Sons - Full Bundle Annual,Enterprise,Logistics,Southwest,Carol Garcia,REP-961,,Brenda Hodge,Full Bundle,Annual,Cold Email Sequence,Atlan,Fivetran,515200.0,504900.0,,0.02,False,>$500k,2026-03-07,,,29,6,1,21.0,11.0,Prospecting,Steven Mcdonald,Analytics Manager,Manager,11.4,William Smith,VP Engineering,True,1,2,2,False,False,True,1.9,1.5,-0.4,0.06,18,1,31,16,following up again...,15,1.3,8,0,3,Executive QBR,14,5,73,4,Stable,0,False,0,,False,True,True,False,True,,False,False,,True,8.0,34.0,False,0,76.0,25,False,,,lost — no decision / stalled.. no additional detail..,,7.0,Pipeline,False,04/21/2026,True,,,Ghost Stall,healthy,Champion Collapse,0.0,0.0,overdue,1.5,0.0,0,,0,,0.0,0.0,0.0,0.0
PIPE-2111,"Murray, Hall and Campbell Inc",ACC-53137,Rice PLC - Full Bundle Annual,Enterprise,Logistics,Southeast,Mark Nguyen,REP-254,Jacob Hoffman,,Full Bundle,Annual,Outbound SDR,Atlan,,153200.0,116400.0,116400.0,0.25,True,,"February 02, 2026",,,6,5,1,,11.0,Proposal Sent,Nancy Patel,Data Engineer,IC,7.8,Tammy Turner,Head of Product,True,2,7,7,,False,True,2.5,2.0,-0.5,0.15,53,8,4,19,fwd: technical review docs,4,2.0,10,2,1,POC Review,4,0,64,1,Stable,4,True,4,True,True,False,True,False,False,,True,,True,True,15.0,,False,2,70.0,20,True,0.0,53.0,Lost — wrong timing. No additional detail.,Production per throughout more performance officer standard worker action plan food walk performance score one defense quite increase writer.,10.0,Pipeline,True,2026-05-15,,,,Competitor Displacement,critical,Competitor Displacement,0.8,1.0,overdue,1.5,2.7924,4,4 competitor mentions logged (threshold: 3) | Discount at 25.0% — above threshold of 16.0% | pricing_objection_raised = 1.00 (threshold: 0.50) | 4 pricing objections raised (threshold: 1),0,,0.0,0.8,0.4,0.0
PIPE-2124,"Johnson,GomezandGonzales",ACC-96576,Hurst Inc - Governance Module Monthly,SMB,Media,Southwest,Barbara Hardin,REP-520,Angela Lewis,Marissa Curtis,Governance Module,Monthly,LinkedIn Outbound,Atlan,Alation,16700.0,16700.0,42400.0,0.22,True,$150k–$500k,18-Feb-2026,,,15,6,2,,,Discovery,Tony Bowman,Data Architect,IC,7.5,Rebecca Turner,VP Engineering,False,0,3,3,True,False,,1.7,1.1,-0.6,1.0,12,12,8,20,,3,2.6,5,3,4,POC Review,15,2,78,15,Stable,4,True,3,True,False,False,False,False,False,,False,,,False,,,True,0,84.0,16,False,,4.0,They went with Databricks. Had deeper existing footprint.,Set begin entire movie look from thought site explain particularly enter organization former note add until according maintain.,9.0,Best Case,True,02-May-2026,False,,,Competitor Displacement,critical,Competitor Displacement,1.0,1.0,overdue,1.5,0.9821,5,4 competitor mentions logged (threshold: 3) | Discount at 22.0% — above threshold of 16.0% | Deal has regressed 2 stage(s) (threshold: 2) | pricing_objection_raised = 1.00 (threshold: 0.50) | 3 pricing objections raised (threshold: 1),0,,0.167,1.0,0.2,0.0
PIPE-2027,The Jackson-Cunningham,ACC-54329,Bright LLC - Analytics Suite Monthly,SMB,Retail,Southeast,Kevin Yu,REP-821,Jenna Mitchell,John Moody,Analytics Suite,Monthly,Cold Email Sequence,Databricks,,22500.0,17600.0,52100.0,0.33,,<$50k,20-Jan-2026,,,8,5,1,,27.0,Discovery,Jeremy Hawkins,Chief Data Officer,C-Suite,8.9,Nathan Medina,VP Engineering,True,5,2,1,True,True,,1.8,2.4,0.6,0.4,25,10,2,11,Introduction: Adams <> Tiger Data,4,2.7,9,5,3,Technical Review,4,2,68,-4,Contracting,5,True,3,False,False,False,False,False,True,,,True,,True,28.0,86.0,,1,83.0,5,True,,,snowflake offered a massive discount at teh last minute.. we couldn't match..,Account defense born clear still kid lose deep reduce indicate through middle walk performance billion wait system light find.,10.0,Commit,False,2026-04-22,True,,,Competitor Displacement,critical,Competitor Displacement,0.8,1.0,overdue,1.5,1.1787,4,5 competitor mentions logged (threshold: 3) | Discount at 33.0% — above threshold of 16.0% | pricing_objection_raised = 1.00 (threshold: 0.50) | 3 pricing objections raised (threshold: 1),0,,0.167,0.8,0.0,0.0
PIPE-2134,CrossLtd,ACC-17956,Jackson-Trevino - Full Bundle Pilot,Mid-Market,Energy,Southwest,Deanna Mcclain,REP-964,Amber Green,Katie Fischer,Full Bundle,Pilot,Cold Email Sequence,None / Greenfield,,118600.0,118600.0,281100.0,0.0,True,>$500k,03/01/2026,,,15,4,1,42.0,,Proposal Sent,Karen Stout,Data Architect,IC,9.5,Wesley Richmond,VP Operations,False,0,5,1,True,True,False,0.5,6.47,5.97,0.69,16,11,7,4,fwd: technical review docs,9,2.3,10,4,3,Demo,27,0,40,-33,Stable,0,False,0,False,True,True,True,True,True,True,True,False,True,True,10.0,61.0,True,1,78.0,7,False,8.0,43.0,Lost — missing feature. No additional detail.,Hospital practice wear cost suddenly receive home his.,,Best Case,True,21-Apr-2026,True,,,Champion Collapse,critical,Champion Collapse,1.0,1.0,late,1.3,2.5541,6,Email response time has slowed by 6.0 days since deal start (threshold: 3.4d) | Champion engagement dropped 33 pts (threshold: -12) | Champion engagement at 40/100 — below healthy baseline of 54 | Last multi-thread touch was 27 days ago (threshold: 19d) | Only 1 stakeholder(s) engaged at midpoint (threshold: 3) | No executive sponsor engaged (required by this stage for recovery likelihood),0,,1.0,0.0,0.0,1.0
PIPE-2091,Wilson-Brown,ACC-62852,"Maxwell, Pittman and Duran - Governance Module Pilot",Mid-Market,Financial Services,Northeast,Guy Crawford,REP-114,Dr. Joseph Reed,,Governance Module,Pilot,PLG Expansion,None / Greenfield,Snowflake,65900.0,65900.0,140000.0,0.0,False,<$50k,03/24/2026,,,3,5,1,,,Prospecting,Kimberly Owen,Data Architect,IC,1.8,Samantha Simpson,CFO,False,0,5,5,True,,,2.3,2.1,-0.2,0.31,16,5,7,3,,11,2.5,8,2,4,Pricing,14,3,55,-9,Contracting,2,True,4,False,True,False,False,False,False,,False,True,False,True,6.0,53.0,,1,55.0,20,False,0.0,,lost — chose competitor.. no additional detail..,Opportunity able give indeed citizen find return down research fly road field garden even.,9.0,Pipeline,True,14-May-2026,False,,,,healthy,Champion Collapse,0.0,0.0,overdue,1.5,0.0,0,,0,Rep notes suggest 'Competitor Displacement' but behavioral signals point to 'Champion Collapse'. Investigate before intervening.,0.0,0.0,0.0,0.0
PIPE-2119,"Conway Ltd, Inc.",ACC-48771,,SMB,Education,West,Diane Barber,REP-538,Mary Lopez,Gregory Schneider,Governance Module,Multi-Year,Partner Referral,Alation,,32600.0,22800.0,56100.0,0.3,True,$50k–$150k,"February 11, 2026",,,15,4,0,,,Prospecting,Kyle Jones,Data Platform Lead,Manager,11.6,Derek Chang,Chief Data Officer,False,2,7,1,,False,False,1.2,8.01,6.81,1.0,59,59,5,0,RE: RE: RE: Next steps??,15,1.3,9,2,4,,26,3,44,-29,Stable,1,True,3,,False,False,True,False,False,False,,False,True,False,,,False,1,79.0,25,True,,10.0,champion left teh company.. couldn't rebuild teh relationship in time..,,6.0,Pipeline,False,,,,,Champion Collapse,healthy,Champion Collapse,0.0,0.0,overdue,1.5,0.0,0,,0,,0.0,0.0,0.0,0.0
PIPE-2104,Scott Inc,ACC-18876,"Harper, Burns and Smith - Analytics Suite Annual",Enterprise,Logistics,EMEA,Rebecca Alexander,REP-335,Taylor Schultz,Brian Romero,Analytics Suite,Annual,LinkedIn Outbound,Collibra,,678000.0,678000.0,,0.0,False,,01-Feb-2026,,,3,2,1,,,Discovery,Patrick Rosario,Analytics Manager,Manager,7.8,James Simmons,COO,False,0,4,3,True,,False,1.0,2.0,1.0,0.57,14,8,7,7,Re: Follow up from our call,13,2.7,3,1,2,Executive QBR,6,2,59,8,Expanding,2,False,0,False,True,False,False,True,False,,False,False,True,True,5.0,,False,0,93.0,5,True,,,Lost — no decision / stalled. No additional detail.,Home success table full city mouth off policy television notice reduce car believe yourself instead.,,Omitted,True,"May 13, 2026",True,,,,healthy,Ghost Stall,0.2,0.2,mid,1.0,0.6,1,Only 1 meetings in the last 30 days (threshold: 2),0,,0.167,0.0,0.2,0.0
PIPE-2021,WILSON-COX,ACC-66585,Welch-Rogers - Core Platform Annual,SMB,Retail,Midwest,Virginia Johnson,REP-855,,Allen Owens,Core Platform,Annual,PLG Expansion,Collibra,,11500.0,10400.0,10400.0,0.2,True,<$50k,"March 18, 2026",,,9,3,2,33.0,9.0,Negotiation,Brittany Riddle,Data Engineer,IC,2.7,James Simmons Jr.,Head of Product,True,4,7,7,True,False,False,1.1,2.5,1.4,0.75,55,41,7,13,Quick question on the proposal,18,2.2,11,1,2,Executive QBR,13,5,60,0,Stable,5,True,1,,False,True,True,False,False,False,False,,False,False,,43.0,True,2,80.0,23,True,4.0,77.0,Snowflake offered a massive discount at the last minute. We couldn't match.,Marriage responsibility soon moment dinner agent job while key century this building fly.,7.0,Pipeline,True,,True,,,Competitor Displacement,critical,Competitor Displacement,0.8,1.0,late,1.3,0.7655,4,5 competitor mentions logged (threshold: 3) | Discount at 20.0% — above threshold of 16.0% | Deal has regressed 2 stage(s) (threshold: 2) | pricing_objection_raised = 1.00 (threshold: 0.50),0,,0.0,0.8,0.2,0.0
PIPE-2096,"Harrington, Williams and Juarez Inc",ACC-22039,Perez Ltd - Core Platform Multi-Year,Mid-Market,Financial Services,Southwest,William Jacobson,REP-271,Diane Flores,John Owens,Core Platform,Multi-Year,Cold Email Sequence,dbt Labs,Starburst,106900.0,106900.0,305400.0,0.0,True,$50k–$150k,"March 23, 2026",,,14,5,1,30.0,,Prospecting,,Analytics Engineer,IC,10.7,Zachary Oliver,VP Engineering,False,0,5,3,False,False,True,2.2,0.9,-1.3,0.62,16,10,2,9,,13,2.2,7,5,2,Demo,2,5,63,-10,Stable,1,True,1,,False,True,True,False,True,,False,True,True,True,21.0,85.0,False,1,70.0,17,,5.0,17.0,Lost — chose competitor. No additional detail.,Just guy summer try protect crime rich room team strong bank.,9.0,Best Case,True,20-May-2026,False,,,,healthy,Champion Collapse,0.0,0.0,overdue,1.5,0.0,0,,0,Rep notes suggest 'Competitor Displacement' but behavioral signals point to 'Champion Collapse'. Investigate before intervening.,0.0,0.0,0.0,0.0
PIPE-2109,jimenez inc,ACC-65879,Richardson PLC - Analytics Suite Multi-Year,Mid-Market,Technology,Midwest,Alan Griffin,REP-638,Kelsey Cox,,Analytics Suite,Multi-Year,PLG Expansion,Databricks,Monte Carlo,47200.0,40600.0,100400.0,0.14,False,<$50k,01/23/2026,,,18,5,1,38.0,,Proposal Sent,Lisa Martinez,Senior Data Engineer,IC,10.1,Curtis Gray,CFO,False,0,3,1,False,,True,1.3,2.3,1.0,0.54,39,21,5,4,RE: RE: RE: Next steps??,4,1.7,9,3,2,,8,5,81,3,Contracting,1,True,4,True,False,True,False,True,True,True,False,True,,False,,31.0,,0,60.0,16,,,38.0,No exec sponsor. Deal died when Q4 budgets froze.,Wall cultural music sing store office impact coach reality fill deal itself.,,Commit,False,14-May-2026,True,,,Exec Vacuum,critical,Exec Vacuum,1.0,1.0,overdue,1.5,1.744,2,No executive sponsor engaged (required by this stage for recovery likelihood) | Only 0 economic buyer meeting(s) (threshold: 0),0,,0.333,0.4,0.0,1.0
PIPE-2107,"Powell,GriffinandBaldwin",ACC-47753,Ponce Ltd - Governance Module Annual,Mid-Market,Education,Midwest,Curtis Cunningham,REP-497,William Garner,Patricia Pena,Governance Module,Annual,Cold Email Sequence,dbt Labs,Snowflake,79100.0,72800.0,72800.0,0.08,True,$150k–$500k,2026-03-11,,,5,2,0,19.0,,Negotiation,Elizabeth Guzman,Chief Data Officer,C-Suite,10.3,Russell Moses,CTO,False,5,8,1,False,,,0.6,7.06,6.46,0.8,54,43,0,2,[External] Re: Tiger Data POC,14,1.9,5,5,1,POC Review,23,4,41,-29,Stable,1,False,0,,False,True,True,False,False,,,,True,False,,60.0,False,1,87.0,15,,4.0,,New data lead came in and had a prior relationship with Snowflake.,,6.0,Commit,False,2026-05-08,,,,Champion Collapse,critical,Champion Collapse,1.0,1.0,mid,1.0,2.1872,6,Email response time has slowed by 6.5 days since deal start (threshold: 3.4d) | Champion engagement dropped 29 pts (threshold: -12) | Champion engagement at 41/100 — below healthy baseline of 54 | Last multi-thread touch was 23 days ago (threshold: 19d) | Only 1 stakeholder(s) engaged at midpoint (threshold: 3) | No executive sponsor engaged (required by this stage for recovery likelihood),0,Rep notes suggest 'Competitor Displacement' but behavioral signals point to 'Champion Collapse'. Investigate before intervening.,1.0,0.0,0.0,0.5
PIPE-2007,Williams-Walker LLC,ACC-25890,Bailey-Brown - Full Bundle Pilot,SMB,Technology,EMEA,Danielle Wright,REP-161,,Victoria Chavez,Full Bundle,Pilot,LinkedIn Outbound,Monte Carlo,Atlan,18700.0,15500.0,46100.0,0.17,False,$50k–$150k,"January 26, 2026",,,7,5,0,14.0,24.0,Technical Validation,Veronica Hendrix,BI Lead,Manager,0.9,Benjamin Ortega,CTO,True,5,3,2,False,True,,1.0,2.3,1.3,0.15,53,8,2,5,,10,1.0,2,5,4,,9,5,64,5,Contracting,0,False,0,False,False,True,True,False,True,,False,False,False,False,,74.0,False,1,81.0,11,True,,14.0,Lost — security / compliance failed. No additional detail.,Machine forget wide of education suddenly man street building something common sound conference six under she offer part local.,,,True,29-Apr-2026,False,,,,watch,Competitor Displacement,0.2,0.3,overdue,1.5,0.3163,1,Discount at 17.0% — above threshold of 16.0%,0,,0.167,0.2,0.2,0.0
PIPE-2061,"Collins,LopezandWhite",ACC-33546,Cordova Ltd - Analytics Suite Multi-Year,Enterprise,Manufacturing,Southwest,Ashley Jackson,REP-526,,Cheryl Obrien,Analytics Suite,Multi-Year,Inbound - Website,Snowflake,,387300.0,286600.0,631500.0,0.26,False,<$50k,2026-02-07,,,11,2,1,,,Prospecting,Mark Pham,Data Engineer,IC,9.7,Tammy Mcmillan,CTO,False,0,3,1,False,True,True,2.2,1.9,-0.3,0.2,46,9,2,0,Quick question on the proposal,9,1.1,2,5,2,Discovery,4,0,55,15,Stable,2,False,0,True,,False,False,False,True,False,,True,False,False,,42.0,True,1,92.0,14,False,4.0,28.0,lost — missing feature.. no additional detail..,Four note method six wish hand member professor religious down technology marriage choose in day whole suffer girl.,9.0,Pipeline,True,,True,,,Exec Vacuum,healthy,Champion Collapse,0.0,0.0,mid,1.0,0.0,0,,0,,0.0,0.0,0.0,0.0
PIPE-2114,The Hunt-Watts,ACC-67853,Kent Inc - Governance Module Monthly,Mid-Market,Energy,West,Tina Wagner,REP-942,Thomas Valenzuela,Jill Mclaughlin,Governance Module,Monthly,Partner Referral,Monte Carlo,,81500.0,61100.0,134100.0,0.25,True,$150k–$500k,2026-03-21,,,10,2,1,,,Negotiation,Ruth Jordan,BI Lead,Manager,8.4,Amanda Phillips,Head of Product,False,0,8,7,True,True,False,1.2,0.8,-0.4,0.91,45,41,4,5,fwd: technical review docs,11,0.7,8,5,2,Executive QBR,15,3,58,3,Expanding,0,False,0,False,False,False,False,False,True,True,False,False,True,True,17.0,79.0,,0,84.0,19,False,0.0,72.0,Lost — wrong timing. No additional detail.,Really wish my media people best summer respond eight tax true site education former company amount plant.,10.0,Best Case,,2026-04-25,False,,,,critical,Exec Vacuum,1.0,1.0,mid,1.0,2.2138,2,No executive sponsor engaged (required by this stage for recovery likelihood) | Only 0 economic buyer meeting(s) (threshold: 0),0,,0.167,0.2,0.0,1.0
PIPE-2035,The Dean Inc,ACC-96799,Payne-Werner - Full Bundle Monthly,Mid-Market,Logistics,Northeast,Mark Pena,REP-607,Lori Camacho,Jack Hoover,Full Bundle,Monthly,LinkedIn Outbound,Alation,Alation,141600.0,120400.0,274200.0,0.15,False,>$500k,01/24/2026,,,15,5,0,21.0,,Technical Validation,Mike Boyd,Data Engineer,IC,11.3,Scott Jenkins,VP Operations,False,0,8,8,False,True,True,2.4,0.9,-1.5,0.76,46,35,8,0,[External] Re: Tiger Data POC,3,1.2,8,1,3,Technical Review,4,3,80,11,Expanding,2,True,1,True,False,True,True,False,False,True,True,,False,False,,80.0,True,1,63.0,9,False,,,lost — chose competitor.. no additional detail..,Number avoid during clearly study into public develop this these remain need event win tax make project recognize rather.,10.0,Omitted,False,05/18/2026,True,,,,critical,Exec Vacuum,1.0,1.0,overdue,1.5,2.7187,2,No executive sponsor engaged (required by this stage for recovery likelihood) | Only 0 economic buyer meeting(s) (threshold: 0),0,Rep notes suggest 'Competitor Displacement' but behavioral signals point to 'Exec Vacuum'. Investigate before intervening.,0.167,0.2,0.2,1.0
PIPE-2105,"Boyd, Johnson and Kennedy LLC",ACC-82213,Armstrong-Lewis - Governance Module Multi-Year,Mid-Market,Financial Services,Southwest,Vincent Cooper,REP-170,Larry Mccoy,,Governance Module,Multi-Year,Inbound - Website,Databricks,,92500.0,88800.0,256500.0,0.04,False,$150k–$500k,26-Jan-2026,,,9,3,0,11.0,,Technical Validation,Mr. Peter Stewart,Analytics Engineer,IC,,Timothy Garner,VP Engineering,False,0,4,4,True,False,False,1.4,2.5,1.1,0.58,50,29,5,4,following up again...,7,2.4,7,5,1,Executive QBR,15,5,80,7,Stable,2,False,0,True,False,True,False,False,False,False,True,True,False,True,15.0,,True,0,67.0,2,True,3.0,10.0,Lost — missing feature. No additional detail.,Area forward risk fill this boy national smile choice class data may former.,9.0,Omitted,True,"May 07, 2026",True,,,Exec Vacuum,critical,Exec Vacuum,1.0,1.0,late,1.3,2.3273,2,No executive sponsor engaged (required by this stage for recovery likelihood) | Only 0 economic buyer meeting(s) (threshold: 0),0,,0.167,0.0,0.0,1.0
PIPE-2010,Huerta and Sons LLC,ACC-42367,Harrington-Lucero - Core Platform Monthly,Enterprise,Insurance,EMEA,Alyssa Shaffer,REP-353,Trevor Blair,Erica Williams,Core Platform,Monthly,Executive Referral,Fivetran,Fivetran,297000.0,297000.0,707300.0,0.0,True,$150k–$500k,2026-02-05,,,4,2,0,40.0,,Discovery,Lori Kelly,Analytics Engineer,IC,2.7,Katherine Hoffman,Director of IT,False,0,8,6,False,,False,2.2,0.7,-1.5,0.34,47,16,2,0,[External] Re: Tiger Data POC,9,1.0,3,5,3,Demo,8,1,86,-1,Expanding,0,False,0,False,,True,True,True,True,False,False,,False,False,,84.0,True,1,83.0,3,False,4.0,,Lost — chose competitor. No additional detail.,Level fine receive movement stuff market it star.,9.0,Best Case,False,"May 17, 2026",True,,,Exec Vacuum,healthy,Ghost Stall,0.2,0.2,mid,1.0,0.6,1,Only 34% of emails getting replies (threshold: 39%),0,Rep notes suggest 'Competitor Displacement' but behavioral signals point to 'Ghost Stall'. Investigate before intervening.,0.167,0.0,0.2,0.0
PIPE-2147,Johnson-Luna,ACC-91743,,SMB,Healthcare,Northeast,Robin Fuller,REP-449,Jonathan Fitzgerald,Courtney Thomas,Core Platform,Multi-Year,Outbound SDR,Collibra,,12100.0,9600.0,28700.0,0.21,,<$50k,23-Feb-2026,,,58,5,0,21.0,7.0,Technical Validation,Christina Chase,Chief Data Officer,C-Suite,11.8,Jeffrey House,VP Engineering,True,2,4,3,,True,False,1.9,0.5,-1.4,0.2,55,11,19,33,fwd: technical review docs,6,1.3,11,0,3,POC Review,9,1,85,14,,0,False,0,True,False,True,False,True,False,True,,False,False,True,24.0,44.0,,1,55.0,5,False,,34.0,Lost — missing feature. No additional detail.,,9.0,Omitted,False,03-May-2026,True,,,Ghost Stall,critical,Ghost Stall,1.0,1.0,overdue,1.5,0.793,5,Last rep outreach was 19 days ago (threshold: 15d) | Deal has been stuck in current stage for 58 days (threshold: 28d) | Only 0 meetings in the last 30 days (threshold: 2) | days_since_last_activity = 33.00 (threshold: 14.00) | Only 20% of emails getting replies (threshold: 39%),0,,0.0,0.2,1.0,0.0
PIPE-2071,Thornton-Miles LLC,ACC-80126,Long and Sons - Governance Module Pilot,SMB,Energy,Southeast,Amy Love,REP-567,Diana Love,Benjamin Williams,Governance Module,Pilot,Event / Conference,Fivetran,,34300.0,27400.0,76600.0,0.2,False,,2026-02-26,,,20,3,0,,13.0,Negotiation,Patrick Landry,Director of Data,Director,8.9,Lisa Miller,VP Operations,True,1,5,4,False,True,False,1.9,2.6,0.7,0.68,19,13,2,7,Introduction: Pena <> Tiger Data,3,2.7,7,2,2,Executive QBR,11,0,91,-1,Contracting,1,True,2,,False,False,True,True,False,False,False,False,True,True,7.0,93.0,,2,,22,False,2.0,,lost — security / compliance failed.. no additional detail..,Main music walk process may learn relate artist else day he wife people example scientist site involve tell.,,Commit,True,05/18/2026,True,,,,critical,Competitor Displacement,0.6,0.9,overdue,1.5,1.3396,3,Discount at 20.0% — above threshold of 16.0% | pricing_objection_raised = 1.00 (threshold: 0.50) | 2 pricing objections raised (threshold: 1),0,,0.0,0.6,0.0,0.0
PIPE-2149,brown-brown,ACC-95022,Phillips LLC - Full Bundle Multi-Year,Mid-Market,Energy,Southeast,Ronald Smith,REP-346,,Scott Morrison,Full Bundle,Multi-Year,Cold Email Sequence,Snowflake,dbt Labs,96900.0,96900.0,268100.0,0.28,True,$150k–$500k,18-Feb-2026,,,7,2,3,,11.0,Technical Validation,Barbara Kim,Analytics Manager,Manager,,Janet Cruz,Chief Data Officer,True,4,6,4,,True,False,0.5,2.4,1.9,0.44,48,21,8,17,,10,2.4,3,1,1,,1,0,69,-2,Stable,6,True,3,True,False,False,True,False,True,True,True,,False,False,,40.0,True,0,51.0,19,False,,,Lost — price / budget. No additional detail.,Find hold important right high note easy deal.,6.0,Omitted,False,05/18/2026,True,,,Competitor Displacement,critical,Competitor Displacement,1.0,1.0,mid,1.0,2.3693,5,6 competitor mentions logged (threshold: 3) | Discount at 28.0% — above threshold of 16.0% | Deal has regressed 3 stage(s) (threshold: 2) | pricing_objection_raised = 1.00 (threshold: 0.50) | 3 pricing objections raised (threshold: 1),0,,0.0,1.0,0.4,0.0
PIPE-2133,"The Burns, Wilson and Matthews",ACC-99573,Martinez PLC - Analytics Suite Monthly,Enterprise,Logistics,West,Dr. Blake Mcconnell,REP-361,Brenda Murray,Jeffrey Jones,Analytics Suite,Monthly,PLG Expansion,Databricks,Fivetran,486900.0,486900.0,1063600.0,0.0,True,,"March 02, 2026",,,13,2,0,14.0,33.0,Proposal Sent,Tiffany Brown,VP of Data,VP,,Frank Rollins,VP Engineering,True,5,4,4,True,,True,1.3,3.0,1.7,0.12,59,7,0,0,Checking in,20,2.5,3,1,1,Pricing,7,1,74,13,Stable,2,True,1,,False,True,False,True,True,False,False,True,False,True,24.0,68.0,,0,59.0,20,True,5.0,82.0,Lost — champion left. No additional detail.,Hear establish fast by box history top of inside sound art else assume around too front career shoulder.,7.0,Commit,True,2026-04-27,True,,,,watch,Ghost Stall,0.4,0.4,mid,1.0,1.2,2,Only 1 meetings in the last 30 days (threshold: 2) | Only 12% of emails getting replies (threshold: 39%),0,Rep notes suggest 'Champion Collapse' but behavioral signals point to 'Ghost Stall'. Investigate before intervening.,0.0,0.2,0.4,0.0
PIPE-2093,Harris Inc Inc,ACC-59700,Cruz LLC - Core Platform Annual,Enterprise,Energy,Midwest,Tonya Strickland,REP-222,Michael Contreras,Mary Snyder,Core Platform,Annual,Cold Email Sequence,Starburst,dbt Labs,184400.0,129100.0,129100.0,0.3,False,$50k–$150k,02/01/2026,,,10,4,1,33.0,,Proposal Sent,Jeffrey Smith,Senior Data Engineer,IC,11.6,Jessica Chaney,COO,False,4,3,1,False,False,,2.2,8.48,6.28,0.97,60,58,7,4,[External] Re: Tiger Data POC,11,0.5,8,1,1,Executive QBR,18,5,24,-34,,1,False,0,False,True,True,False,True,True,False,True,,True,False,,,False,1,60.0,23,True,,,New data lead came in and had a prior relationship with Snowflake.,,7.0,,True,2026-05-11,False,,,Champion Collapse,critical,Champion Collapse,0.833,1.0,late,1.3,2.9673,5,Email response time has slowed by 6.3 days since deal start (threshold: 3.4d) | Champion engagement dropped 34 pts (threshold: -12) | Champion engagement at 24/100 — below healthy baseline of 54 | Only 1 stakeholder(s) engaged at midpoint (threshold: 3) | No executive sponsor engaged (required by this stage for recovery likelihood),0,Rep notes suggest 'Competitor Displacement' but behavioral signals point to 'Champion Collapse'. Investigate before intervening.,0.833,0.2,0.2,0.5
PIPE-2031,The Holloway-Brown,ACC-24775,Gardner-Nguyen - Full Bundle Multi-Year,Mid-Market,Energy,Northeast,Pamela Rowe,REP-121,Brendan Ruiz,Melinda Brown,Full Bundle,Multi-Year,Event / Conference,None / Greenfield,,128300.0,115500.0,275400.0,0.1,,,01/26/2026,,,18,4,1,,,Discovery,Stephen Anderson,Senior Data Engineer,IC,0.6,,COO,False,0,5,5,,False,False,1.5,0.9,-0.6,0.1,58,6,8,4,,20,1.5,5,2,4,POC Review,15,1,74,5,Contracting,1,True,3,False,True,False,False,True,True,,True,True,False,False,,,False,2,81.0,22,True,,98.0,Lost — price / budget. No additional detail.,Measure remember perform thing quite make final little across public southern begin forward feeling notice discussion.,,Omitted,True,04-May-2026,,,,Exec Vacuum,watch,Competitor Displacement,0.4,0.52,late,1.3,1.366,2,pricing_objection_raised = 1.00 (threshold: 0.50) | 3 pricing objections raised (threshold: 1),0,,0.167,0.4,0.2,0.0
PIPE-2016,Brown-Holder LLC,ACC-96411,"Lewis, Williams and Walker - Analytics Suite Monthly",Mid-Market,Manufacturing,APAC,Rebecca Hogan,REP-207,Jennifer Brown,Michelle Rodriguez,Analytics Suite,Monthly,Event / Conference,Fivetran,dbt Labs,64800.0,49200.0,139700.0,0.24,,$150k–$500k,04/06/2026,,,18,4,0,16.0,,Negotiation,Corey Cruz,Data Platform Lead,Manager,,Timothy Kelley,VP Operations,False,0,8,1,True,,True,2.0,8.01,6.01,0.31,52,16,7,6,Introduction: Morris <> Tiger Data,5,2.8,6,5,4,Discovery,20,5,46,-35,Expanding,1,False,0,False,False,True,True,False,False,True,,False,False,True,9.0,,False,0,90.0,19,True,,97.0,Lost — wrong timing. No additional detail.,Entire thing letter side animal day economy you north.,10.0,Best Case,False,02-May-2026,,,,Champion Collapse,critical,Champion Collapse,1.0,1.0,late,1.3,2.0122,6,Email response time has slowed by 6.0 days since deal start (threshold: 3.4d) | Champion engagement dropped 35 pts (threshold: -12) | Champion engagement at 46/100 — below healthy baseline of 54 | Last multi-thread touch was 20 days ago (threshold: 19d) | Only 1 stakeholder(s) engaged at midpoint (threshold: 3) | No executive sponsor engaged (required by this stage for recovery likelihood),0,,1.0,0.2,0.2,1.0
PIPE-2064,"RYAN, JOYCE AND RAMIREZ",ACC-12184,Perkins-Thompson - Core Platform Multi-Year,Mid-Market,Healthcare,APAC,Christopher Wright,REP-622,,Richard Adams,Core Platform,Multi-Year,Event / Conference,Fivetran,,36800.0,28700.0,62600.0,0.22,False,$150k–$500k,04/09/2026,,,5,3,0,,,Technical Validation,Wyatt Vasquez,Senior Data Engineer,IC,7.9,Kelsey Robinson,Chief Data Officer,False,0,4,2,,False,False,2.3,1.2,-1.1,0.75,59,44,7,3,Introduction: Klein <> Tiger Data,6,0.7,8,5,3,Executive QBR,11,2,83,13,,0,True,1,False,True,False,True,True,False,,True,False,True,False,,56.0,True,2,95.0,23,False,,,Lost — missing feature. No additional detail.,Risk late small care wait their after evidence provide clearly but city why teacher five those three require someone.,8.0,Pipeline,False,"May 17, 2026",True,,,Exec Vacuum,critical,Exec Vacuum,1.0,1.0,mid,1.0,1.5433,2,No executive sponsor engaged (required by this stage for recovery likelihood) | Only 0 economic buyer meeting(s) (threshold: 0),0,,0.333,0.4,0.0,1.0
PIPE-2001,"Gordon,AndersonandTaylor",ACC-32651,Ford and Sons - Governance Module Monthly,SMB,Technology,Northeast,Benjamin Allison,REP-816,Lydia Chavez,Michelle Douglas,Governance Module,Monthly,Event / Conference,Snowflake,,29100.0,29100.0,79200.0,0.0,True,$150k–$500k,27-Feb-2026,,,40,4,0,16.0,9.0,Proposal Sent,Laurie Walker,Data Engineer,IC,7.8,Ian Valenzuela,COO,True,4,5,5,False,False,False,0.8,1.0,0.2,0.21,25,5,34,38,Re: Follow up from our call,12,2.6,8,0,1,Discovery,6,2,59,7,Contracting,1,True,4,True,True,True,True,False,True,False,False,True,True,False,,45.0,True,2,91.0,14,False,6.0,81.0,Lost — champion left. No additional detail.,Smile whom or half call worry cover tough race and past age appear stop sound note laugh reach.,8.0,Commit,True,08-May-2026,False,,,Ghost Stall,critical,Ghost Stall,1.0,1.0,overdue,1.5,1.3635,5,Last rep outreach was 34 days ago (threshold: 15d) | Deal has been stuck in current stage for 40 days (threshold: 28d) | Only 0 meetings in the last 30 days (threshold: 2) | days_since_last_activity = 38.00 (threshold: 14.00) | Only 21% of emails getting replies (threshold: 39%),0,Rep notes suggest 'Champion Collapse' but behavioral signals point to 'Ghost Stall'. Investigate before intervening.,0.0,0.4,1.0,0.0
PIPE-2048,"Williams-Peterson, Inc.",ACC-15106,,Enterprise,Logistics,APAC,Lauren Clark,REP-716,Sabrina Gonzalez,Sarah Malone MD,Core Platform,Monthly,PLG Expansion,Databricks,,235000.0,235000.0,607500.0,0.0,False,<$50k,"April 10, 2026",,,9,5,0,,31.0,Prospecting,Daniel Collins,Senior Data Engineer,IC,6.7,Justin Arnold,Head of Product,True,3,4,2,False,False,,1.0,3.0,2.0,0.74,47,35,2,5,Introduction: Walls <> Tiger Data,12,0.7,8,4,2,POC Review,5,4,60,9,,2,False,0,False,True,False,True,True,True,False,False,,,True,19.0,67.0,True,0,95.0,25,False,1.0,,Lost — price / budget. No additional detail.,Because huge same sell ago so although four street reflect.,6.0,Best Case,True,"May 05, 2026",,,,,healthy,Champion Collapse,0.0,0.0,overdue,1.5,0.0,0,,0,,0.0,0.0,0.0,0.0
PIPE-2083,Lee-Good,ACC-10146,"Rosales, Murphy and Kelley - Full Bundle Monthly",SMB,Healthcare,APAC,Kendra White,REP-484,Alexander Garcia,Felicia Davies,Full Bundle,Monthly,Outbound SDR,Fivetran,,24700.0,24000.0,56400.0,0.03,True,$50k–$150k,11-Feb-2026,,,20,4,0,,,Negotiation,Ryan Wright,Senior Data Engineer,IC,1.2,Margaret Alvarez,Director of IT,False,0,3,2,False,False,False,1.9,1.7,-0.2,0.43,14,6,7,6,,12,2.6,6,2,4,Demo,13,4,67,-3,Contracting,1,False,0,False,True,False,False,True,False,False,True,,True,False,,79.0,,2,79.0,15,,0.0,63.0,Lost — missing feature. No additional detail.,Ever exactly least eight relationship law son data church open present Mrs everybody.,7.0,Best Case,True,21-Apr-2026,,,,,critical,Exec Vacuum,1.0,1.0,overdue,1.5,1.2442,2,No executive sponsor engaged (required by this stage for recovery likelihood) | Only 0 economic buyer meeting(s) (threshold: 0),0,,0.333,0.0,0.0,1.0
PIPE-2146,Chang PLC LLC,ACC-40610,"Ray, Graham and Price - Analytics Suite Monthly",Enterprise,Financial Services,EMEA,Steven Johnson,REP-834,Charles Jackson,Samantha Lewis,Analytics Suite,Monthly,LinkedIn Outbound,dbt Labs,Atlan,446800.0,446800.0,,0.0,True,<$50k,08-Mar-2026,,,4,3,0,,29.0,Proposal Sent,Keith Price,VP of Data,VP,3.2,Ralph Bass,COO,True,5,8,8,,True,,2.4,1.2,-1.2,0.44,48,21,0,0,,4,1.0,6,4,4,Discovery,3,5,88,6,Expanding,0,True,4,True,,False,True,False,False,False,False,,False,False,,,False,2,60.0,12,,5.0,,lost — security / compliance failed.. no additional detail..,Occur particularly even never benefit need represent administration tonight woman poor media face wide well PM hair if.,6.0,Best Case,True,,False,,,,watch,Competitor Displacement,0.4,0.4,mid,1.0,1.2,2,pricing_objection_raised = 1.00 (threshold: 0.50) | 4 pricing objections raised (threshold: 1),0,,0.0,0.4,0.0,0.0
PIPE-2099,"Carpenter Group, Inc.",ACC-83583,Olson-Barber - Analytics Suite Monthly,Enterprise,Healthcare,West,Lindsay Howard,REP-350,Penny Anderson,,Analytics Suite,Monthly,Partner Referral,Starburst,,718200.0,675100.0,1751200.0,0.25,True,$50k–$150k,19-Mar-2026,,,16,5,1,12.0,27.0,Discovery,Jessica Walker,BI Lead,Manager,2.9,,SVP Technology,True,2,2,1,False,,False,2.3,3.0,0.7,0.3,43,13,0,15,,20,1.4,7,1,1,Discovery,15,5,58,10,,5,True,3,,True,True,False,True,False,True,,True,True,False,,38.0,True,2,69.0,4,,3.0,24.0,lost to fivetran on connector breadth.. they had 200+ native connectors..,Impact recently born political rise example social this around specific first yes indicate.,9.0,,False,22-Apr-2026,False,,,Competitor Displacement,critical,Competitor Displacement,0.8,1.0,overdue,1.5,3.0,4,5 competitor mentions logged (threshold: 3) | Discount at 25.0% — above threshold of 16.0% | pricing_objection_raised = 1.00 (threshold: 0.50) | 3 pricing objections raised (threshold: 1),0,,0.167,0.8,0.6,0.0
PIPE-2087,Davis-Lopez,ACC-92733,,Mid-Market,Logistics,Northeast,Karen Woods,REP-583,James Larson,Paul Martin,Governance Module,Pilot,Executive Referral,Alation,Databricks,114400.0,84700.0,193300.0,0.26,False,,21-Mar-2026,,,13,5,2,,17.0,Proposal Sent,Roger Austin,Head of Data Engineering,Manager,,Joshua Adkins,CTO,True,5,3,1,False,False,True,1.8,0.9,-0.9,0.28,60,17,1,10,Re: Follow up from our call,5,1.1,5,1,1,Discovery,9,2,72,-7,Expanding,7,True,2,False,True,False,True,True,True,False,False,False,False,True,23.0,42.0,True,0,63.0,21,False,,40.0,Lost — champion left. No additional detail.,Entire during support almost fill quite building large history I.,10.0,Best Case,True,,,,,Competitor Displacement,critical,Competitor Displacement,1.0,1.0,overdue,1.5,2.5209,5,7 competitor mentions logged (threshold: 3) | Discount at 26.0% — above threshold of 16.0% | Deal has regressed 2 stage(s) (threshold: 2) | pricing_objection_raised = 1.00 (threshold: 0.50) | 2 pricing objections raised (threshold: 1),0,Rep notes suggest 'Champion Collapse' but behavioral signals point to 'Competitor Displacement'. Investigate before intervening.,0.167,1.0,0.4,0.0
PIPE-2009,White-Garcia LLC,ACC-17917,Martin-Case - Full Bundle Monthly,SMB,Manufacturing,Northeast,Sherri Lambert,REP-297,Erin Miller,Matthew Johnson,Full Bundle,Monthly,Partner Referral,Collibra,dbt Labs,14400.0,12500.0,35600.0,0.13,False,,10-Mar-2026,,,59,3,1,,,Proposal Sent,Alex Williams,Director of Data,Director,7.4,Duane Hunter,Head of Product,False,0,3,1,,True,,1.7,1.3,-0.4,0.08,17,1,23,30,Introduction: Davis <> Tiger Data,15,1.3,12,0,2,POC Review,5,5,66,2,Contracting,0,True,3,True,False,False,True,False,True,,True,False,True,True,25.0,93.0,False,1,55.0,7,True,3.0,63.0,Lost — price / budget. No additional detail.,Report against thought deep protect list case order once show.,7.0,,True,"May 04, 2026",False,,,Ghost Stall,critical,Ghost Stall,1.0,1.0,overdue,1.5,0.892,5,Last rep outreach was 23 days ago (threshold: 15d) | Deal has been stuck in current stage for 59 days (threshold: 28d) | Only 0 meetings in the last 30 days (threshold: 2) | days_since_last_activity = 30.00 (threshold: 14.00) | Only 8% of emails getting replies (threshold: 39%),0,,0.333,0.4,1.0,1.0
PIPE-2144,The White Inc,ACC-29651,Gregory LLC - Governance Module Annual,Mid-Market,Media,West,James Howell,REP-178,Robert Robinson,Andrea Santiago,Governance Module,Annual,LinkedIn Outbound,Monte Carlo,,49200.0,49200.0,49200.0,0.0,True,$50k–$150k,"March 11, 2026",,,6,4,1,,10.0,Prospecting,Kimberly Gregory,Analytics Manager,Manager,3.3,Gilbert Hill,Head of Product,True,3,6,5,True,False,False,2.4,2.5,0.1,0.46,28,13,0,5,Quick question on the proposal,13,0.6,11,4,2,Discovery,4,5,82,-9,Contracting,2,False,0,,True,False,False,False,True,False,False,False,False,True,23.0,,False,1,84.0,15,False,5.0,82.0,Lost — price / budget. No additional detail.,Decide lay fact scene PM see study state every campaign enough may place their serious.,6.0,Commit,True,01-May-2026,True,,,,healthy,Champion Collapse,0.0,0.0,late,1.3,0.0,0,,0,,0.0,0.0,0.0,0.0
PIPE-2004,Jones-David,ACC-79685,Moss-Ramirez - Governance Module Pilot,SMB,Retail,Southeast,Jonathan Briggs,REP-727,Ana Wilson,,Governance Module,Pilot,Cold Email Sequence,Collibra,,10100.0,9300.0,20100.0,0.08,True,,19-Mar-2026,,,47,5,1,,5.0,Proposal Sent,Michael Grimes,Analytics Manager,Manager,,Amanda Buckley,VP Engineering,True,4,3,1,False,False,True,1.0,2.6,1.6,0.08,35,2,17,40,Re: Follow up from our call,20,2.3,12,0,4,Discovery,12,5,73,8,Expanding,0,False,0,,True,False,True,False,True,,True,,False,False,,86.0,True,0,85.0,3,,2.0,47.0,Lost — wrong timing. No additional detail.,,10.0,Commit,True,20-May-2026,False,,,Ghost Stall,critical,Ghost Stall,1.0,1.0,overdue,1.5,0.6981,5,Last rep outreach was 17 days ago (threshold: 15d) | Deal has been stuck in current stage for 47 days (threshold: 28d) | Only 0 meetings in the last 30 days (threshold: 2) | days_since_last_activity = 40.00 (threshold: 14.00) | Only 8% of emails getting replies (threshold: 39%),0,,0.167,0.0,1.0,0.0
PIPE-2038,"MITCHELL, STEVENS AND BRADLEY",ACC-47367,Molina and Sons - Core Platform Multi-Year,SMB,Education,Northeast,Melinda Johnson,REP-484,Katie Brown,Richard Parrish,Core Platform,Multi-Year,Inbound - Website,Fivetran,,21200.0,15100.0,37100.0,0.29,False,$150k–$500k,01/24/2026,,,12,3,0,33.0,16.0,Prospecting,Sherry Knapp,Data Engineer,IC,5.0,Michael Goodwin,VP Operations,True,4,2,2,,False,,2.4,2.4,0.0,0.78,49,38,4,2,Introduction: Ramirez <> Tiger Data,15,1.4,10,5,2,POC Review,15,5,83,4,Expanding,0,True,2,False,True,True,False,False,True,True,,False,True,True,19.0,,False,0,67.0,23,True,,69.0,Lost — no decision / stalled. No additional detail.,,8.0,Best Case,False,2026-04-25,False,,,,healthy,Champion Collapse,0.0,0.0,late,1.3,0.0,0,,0,,0.0,0.0,0.0,0.0
PIPE-2078,"Rich-Deleon, Inc.",ACC-48925,Ho and Sons - Core Platform Monthly,Mid-Market,Healthcare,West,Ricardo Harrison,REP-747,Jonathan Nelson,Daniel Alexander,Core Platform,Monthly,Outbound SDR,Starburst,,95900.0,95900.0,237300.0,0.0,True,$50k–$150k,2026-04-09,,,18,6,1,,,Proposal Sent,Ashley Taylor,Director of Data,Director,11.4,Margaret Keller,SVP Technology,False,0,6,4,False,True,False,1.1,0.5,-0.6,0.92,13,12,5,1,Re: Follow up from our call,10,1.0,11,2,4,Discovery,4,3,78,0,Expanding,2,True,2,False,True,False,True,False,True,True,False,False,True,False,,,True,0,88.0,21,,,34.0,Lost — chose competitor. No additional detail.,Represent suggest much might pay through world wall executive sometimes method end head strategy among generation.,9.0,Omitted,True,"May 19, 2026",True,,,,critical,Exec Vacuum,1.0,1.0,overdue,1.5,2.3599,2,No executive sponsor engaged (required by this stage for recovery likelihood) | Only 0 economic buyer meeting(s) (threshold: 0),0,Rep notes suggest 'Competitor Displacement' but behavioral signals point to 'Exec Vacuum'. Investigate before intervening.,0.167,0.4,0.0,1.0
PIPE-2073,"Potter, Norris and Bray Inc",ACC-24982,Baker-Jackson - Analytics Suite Monthly,Enterprise,Education,APAC,Doris Taylor,REP-828,Drew Aguirre,,Analytics Suite,Monthly,Executive Referral,None / Greenfield,,643800.0,643800.0,1357400.0,0.22,True,$50k–$150k,04/09/2026,,,17,4,3,,23.0,Discovery,James Ramsey,Data Engineer,IC,,Michele Monroe,CTO,True,1,4,4,False,True,,2.0,1.3,-0.7,0.88,40,35,6,16,Checking in,11,0.8,5,3,3,POC Review,3,3,70,9,Expanding,5,True,2,False,False,False,False,True,True,True,,True,True,True,30.0,52.0,False,2,80.0,6,,2.0,100.0,They went with Databricks. Had deeper existing footprint.,Require face avoid star her address discussion government federal foot table play.,9.0,Omitted,True,30-Apr-2026,False,,,Competitor Displacement,critical,Competitor Displacement,1.0,1.0,late,1.3,3.0,5,5 competitor mentions logged (threshold: 3) | Discount at 22.0% — above threshold of 16.0% | Deal has regressed 3 stage(s) (threshold: 2) | pricing_objection_raised = 1.00 (threshold: 0.50) | 2 pricing objections raised (threshold: 1),0,,0.0,1.0,0.2,0.0
PIPE-2131,"Parker, Ray and Harvey LLC",ACC-46654,Cortez Ltd - Analytics Suite Pilot,Enterprise,Technology,Midwest,Aimee Johnson,REP-416,Samantha Nelson,Jacob Cook,Analytics Suite,Pilot,Event / Conference,Collibra,,771900.0,771900.0,2203600.0,0.0,False,>$500k,2026-03-02,,,34,6,1,11.0,12.0,Technical Validation,Thomas Jones,BI Lead,Manager,10.6,Maria Cox,Director of IT,True,2,7,6,False,True,,1.3,2.6,1.3,0.17,16,2,31,33,Q4 pricing — URGENT,9,0.9,11,0,3,Executive QBR,11,0,68,13,Expanding,2,False,0,True,True,True,True,True,True,,False,True,True,False,,83.0,False,1,,18,False,2.0,34.0,Lost — price / budget. No additional detail.,Open nearly course call direction address interview military assume discuss wall space minute.,7.0,Commit,False,2026-04-23,,,,Ghost Stall,critical,Ghost Stall,1.0,1.0,overdue,1.5,3.0,5,Last rep outreach was 31 days ago (threshold: 15d) | Deal has been stuck in current stage for 34 days (threshold: 28d) | Only 0 meetings in the last 30 days (threshold: 2) | days_since_last_activity = 33.00 (threshold: 14.00) | Only 17% of emails getting replies (threshold: 39%),0,,0.0,0.0,1.0,0.0
PIPE-2034,edwards inc,ACC-30714,,SMB,Education,Northeast,Jason Brown,REP-687,Karen Webb,Victoria Brown,Governance Module,Multi-Year,Cold Email Sequence,Snowflake,Monte Carlo,17200.0,17200.0,49300.0,0.0,False,<$50k,15-Feb-2026,,,48,3,1,32.0,,Negotiation,Allen Mcdonald,Director of Data,Director,0.5,Sonya Kaufman,Director of IT,False,0,8,6,False,True,False,1.4,0.6,-0.8,0.19,57,10,34,16,Checking in,15,2.0,6,0,3,Technical Review,12,5,69,9,Expanding,0,True,3,False,True,True,False,False,False,False,,True,True,False,,75.0,,0,86.0,17,False,0.0,31.0,"Just went dark. Last email 3 weeks ago, no response.",Important attention third back various take also trip shake store model rule choice line market election option.,8.0,Pipeline,False,01-May-2026,False,,,Ghost Stall,critical,Ghost Stall,1.0,1.0,overdue,1.5,1.0006,5,Last rep outreach was 34 days ago (threshold: 15d) | Deal has been stuck in current stage for 48 days (threshold: 28d) | Only 0 meetings in the last 30 days (threshold: 2) | days_since_last_activity = 16.00 (threshold: 14.00) | Only 19% of emails getting replies (threshold: 39%),0,,0.167,0.4,1.0,1.0
PIPE-2112,Beck PLC,ACC-69396,Turner Group - Core Platform Annual,Mid-Market,Insurance,APAC,Luis Hunt,REP-293,Kathleen Roman,Mark Wall,Core Platform,Annual,Partner Referral,Collibra,,104600.0,95200.0,95200.0,0.28,False,>$500k,03/13/2026,,,12,2,2,11.0,19.0,Negotiation,Ashley Campbell,Head of Data Engineering,Manager,7.8,Mary Mason,Director of IT,True,1,5,4,True,False,True,1.5,0.7,-0.8,0.78,50,39,5,13,Quick question on the proposal,7,1.7,4,4,2,Demo,1,3,89,9,Expanding,5,True,2,True,True,True,True,False,False,False,False,True,False,True,25.0,29.0,False,1,57.0,18,False,1.0,100.0,Lost — price / budget. No additional detail.,Both need record serve quite account father agreement top hold specific use.,9.0,Commit,True,"May 10, 2026",True,,,Competitor Displacement,critical,Competitor Displacement,1.0,1.0,mid,1.0,2.4389,5,5 competitor mentions logged (threshold: 3) | Discount at 28.0% — above threshold of 16.0% | Deal has regressed 2 stage(s) (threshold: 2) | pricing_objection_raised = 1.00 (threshold: 0.50) | 2 pricing objections raised (threshold: 1),0,,0.0,1.0,0.0,0.0
PIPE-2056,"Kim, Travis and Solomon, Inc.",ACC-97360,Walker and Sons - Governance Module Multi-Year,SMB,Energy,Midwest,Jessica Barron,REP-930,,,Governance Module,Multi-Year,Outbound SDR,Snowflake,Fivetran,31400.0,31400.0,71800.0,0.31,True,$150k–$500k,02/26/2026,,,19,4,2,,22.0,Prospecting,Becky Alexander,Analytics Manager,Manager,5.6,Thomas Gray,COO,True,2,3,2,,False,True,1.8,2.2,0.4,0.67,39,26,5,13,,15,1.0,10,2,2,Executive QBR,15,3,80,13,,3,True,4,True,False,False,False,True,True,True,,True,,False,,,True,2,61.0,21,,,,Lost to Fivetran on connector breadth. They had 200+ native connectors.,Analysis keep raise last protect result occur however like value sometimes.,8.0,Pipeline,False,,,,,Competitor Displacement,healthy,Champion Collapse,0.0,0.0,overdue,1.5,0.0,0,,0,Rep notes suggest 'Competitor Displacement' but behavioral signals point to 'Champion Collapse'. Investigate before intervening.,0.0,0.0,0.0,0.0
PIPE-2069,ALLEN-COLEMAN,ACC-61371,Chung-Cohen - Full Bundle Annual,Mid-Market,Retail,Southwest,Gregory Gibson,REP-111,Julie Acosta,Derek Mcdonald,Full Bundle,Annual,Partner Referral,Collibra,dbt Labs,149600.0,142100.0,142100.0,0.05,True,>$500k,"March 28, 2026",,,14,2,1,37.0,,Technical Validation,Alexander Porter,VP of Data,VP,8.6,Maria Potter,Head of Product,False,0,4,3,True,True,False,2.4,2.9,0.5,1.0,12,12,3,7,Introduction: Davis <> Tiger Data,15,2.7,6,1,1,Demo,15,4,75,2,Contracting,1,False,0,True,True,True,False,False,True,True,False,True,True,False,,,False,1,50.0,2,False,3.0,55.0,Lost — chose competitor. No additional detail.,Cover north customer some least but item pretty work run enter responsibility though bit plant.,9.0,,True,2026-05-19,False,,,,critical,Exec Vacuum,1.0,1.0,mid,1.0,2.7701,2,No executive sponsor engaged (required by this stage for recovery likelihood) | Only 0 economic buyer meeting(s) (threshold: 0),0,Rep notes suggest 'Competitor Displacement' but behavioral signals point to 'Exec Vacuum'. Investigate before intervening.,0.167,0.0,0.2,1.0
PIPE-2044,Miller Inc LLC,ACC-16021,Bell Ltd - Governance Module Multi-Year,Enterprise,Technology,Midwest,Jim Padilla Jr.,REP-194,Derek Luna,John Orr,Governance Module,Multi-Year,Inbound - Website,Starburst,,286500.0,229200.0,491300.0,0.2,True,>$500k,01-Apr-2026,,,9,4,1,,,Proposal Sent,Edward Buchanan,Senior Data Engineer,IC,2.1,Joy Jones,Director of IT,False,0,3,3,False,True,False,1.7,1.5,-0.2,0.5,28,14,5,7,[External] Re: Tiger Data POC,19,2.9,6,2,1,POC Review,1,4,69,-2,Contracting,1,True,1,True,True,False,False,False,True,True,True,False,,False,,55.0,False,2,51.0,8,,0.0,89.0,"Champion was IC level, couldn't drive the purchase alone.",Church boy score outside of point hotel later common in hundred.,9.0,Omitted,True,"April 25, 2026",False,,,Exec Vacuum,critical,Exec Vacuum,1.0,1.0,late,1.3,3.0,2,No executive sponsor engaged (required by this stage for recovery likelihood) | Only 0 economic buyer meeting(s) (threshold: 0),0,,0.167,0.4,0.0,1.0
PIPE-2019,"Roberson, Richardson and Nichols LLC",ACC-70194,Mccoy-Griffin - Full Bundle Annual,Enterprise,Insurance,EMEA,Daniel Duarte,REP-747,Amanda Yoder,,Full Bundle,Annual,Inbound - Website,Fivetran,,632800.0,525200.0,525200.0,0.17,True,$150k–$500k,2026-03-28,,,7,3,1,,11.0,Negotiation,Jamie Obrien,Lead Data Engineer,IC,2.4,Kristin Fowler,Head of Product,True,4,7,6,True,,True,1.0,1.5,0.5,0.6,52,31,0,5,RE: RE: RE: Next steps??,5,1.7,2,3,2,Technical Review,11,1,66,6,Contracting,0,True,4,True,True,False,False,False,True,True,False,,,False,,,True,2,60.0,19,True,8.0,42.0,Lost — price / budget. No additional detail.,,10.0,Commit,True,,True,,,,at-risk,Competitor Displacement,0.6,0.6,mid,1.0,1.8,3,Discount at 17.0% — above threshold of 16.0% | pricing_objection_raised = 1.00 (threshold: 0.50) | 4 pricing objections raised (threshold: 1),0,,0.0,0.6,0.0,0.0
PIPE-2006,RIVERA LLC,ACC-92342,"Harris, Fisher and Owens - Governance Module Multi-Year",SMB,Education,APAC,Kelly Martin,REP-331,Adam Vaughn,Scott Watson,Governance Module,Multi-Year,Partner Referral,Databricks,Starburst,18200.0,16900.0,48400.0,0.07,False,,03/10/2026,,,12,2,0,,,Technical Validation,Patrick Johnson,Director of Data,Director,3.2,,CTO,False,0,5,1,,False,True,1.1,7.07,5.97,0.42,59,25,2,9,,6,1.0,4,1,2,Demo,22,0,50,-20,Contracting,0,True,4,True,,False,False,False,False,False,True,False,True,True,15.0,,True,2,87.0,10,False,,18.0,Lost — champion left. No additional detail.,Church find manager PM thought rise conference science whatever pull region open Congress per.,,Omitted,True,2026-05-10,,,,Champion Collapse,critical,Champion Collapse,1.0,1.0,late,1.3,1.0367,6,Email response time has slowed by 6.0 days since deal start (threshold: 3.4d) | Champion engagement dropped 20 pts (threshold: -12) | Champion engagement at 50/100 — below healthy baseline of 54 | Last multi-thread touch was 22 days ago (threshold: 19d) | Only 1 stakeholder(s) engaged at midpoint (threshold: 3) | No executive sponsor engaged (required by this stage for recovery likelihood),0,,1.0,0.4,0.2,1.0
PIPE-2055,hernandez group,ACC-80201,,Enterprise,Logistics,Southwest,Samantha Christensen,REP-405,Robin Davidson,Michele Sampson,Full Bundle,Pilot,Partner Referral,Atlan,Fivetran,266100.0,266100.0,534000.0,0.0,False,,2026-03-08,,,9,3,1,,,Discovery,Rebekah Robles,Senior Data Engineer,IC,,Kelly Quinn,CTO,False,0,4,3,,False,,1.2,1.2,0.0,0.66,58,38,4,1,Introduction: Fitzgerald <> Tiger Data,3,2.3,12,2,4,POC Review,8,4,65,7,Stable,2,True,3,,False,False,True,False,False,True,True,True,True,False,,53.0,,1,51.0,4,True,,21.0,Lost — price / budget. No additional detail.,Money care partner although move place court media.,7.0,Omitted,True,05/10/2026,,,,Exec Vacuum,watch,Competitor Displacement,0.4,0.4,mid,1.0,1.2,2,pricing_objection_raised = 1.00 (threshold: 0.50) | 3 pricing objections raised (threshold: 1),0,,0.167,0.4,0.0,0.0
PIPE-2075,hess-jackson,ACC-23901,Fields Inc - Full Bundle Monthly,Enterprise,Media,Southwest,Kelsey Williams MD,REP-844,Jimmy Orr,Joseph Bryant,Full Bundle,Monthly,PLG Expansion,Databricks,,561600.0,539100.0,1174900.0,0.33,True,$150k–$500k,"March 13, 2026",,,20,2,2,,9.0,Discovery,Anthony Griffin,Lead Data Engineer,IC,5.6,Catherine Jones,Chief Data Officer,True,3,5,3,,False,True,1.4,1.8,0.4,0.95,58,55,7,17,[External] Re: Tiger Data POC,14,2.9,8,1,2,Executive QBR,5,5,68,5,,7,True,2,False,False,False,False,True,True,True,,True,,True,30.0,49.0,,2,94.0,3,,2.0,100.0,Lost — chose competitor. No additional detail.,Old late really less suggest next understand us he present.,6.0,,True,11-May-2026,False,,,Competitor Displacement,critical,Competitor Displacement,1.0,1.0,mid,1.0,3.0,5,7 competitor mentions logged (threshold: 3) | Discount at 33.0% — above threshold of 16.0% | Deal has regressed 2 stage(s) (threshold: 2) | pricing_objection_raised = 1.00 (threshold: 0.50) | 2 pricing objections raised (threshold: 1),0,,0.0,1.0,0.4,0.0
PIPE-2000,Griffin LLC LLC,ACC-99335,,Enterprise,Financial Services,Northeast,Jacob Walker,REP-199,Daniel Reyes,Ray Rivera,Governance Module,Pilot,Cold Email Sequence,Atlan,,438100.0,438100.0,1306200.0,0.32,True,,"February 06, 2026",,,5,3,2,15.0,26.0,Prospecting,Mitchell Baker,Head of Data Engineering,Manager,5.8,Paul Nelson,VP Engineering,True,2,7,5,False,True,False,1.5,2.4,0.9,0.68,59,40,3,18,Re: Follow up from our call,16,2.0,6,4,1,Executive QBR,1,5,55,9,Expanding,4,True,2,False,True,True,False,False,True,,,False,False,False,,,False,2,87.0,7,False,,67.0,They went with Databricks. Had deeper existing footprint.,Style own possible traditional hard stage both commercial.,6.0,,True,2026-05-02,,,,Competitor Displacement,healthy,Champion Collapse,0.0,0.0,mid,1.0,0.0,0,,0,Rep notes suggest 'Competitor Displacement' but behavioral signals point to 'Champion Collapse'. Investigate before intervening.,0.0,0.0,0.0,0.0
PIPE-2135,"Cervantes, Barton and Anderson",ACC-77276,"Gutierrez, Gray and Soto - Full Bundle Multi-Year",Mid-Market,Financial Services,Northeast,Meghan Oneill,REP-442,,Tammy Fischer,Full Bundle,Multi-Year,Inbound - Website,Alation,,148800.0,111600.0,,0.25,,,01/29/2026,,,11,6,0,37.0,11.0,Negotiation,Rachel Meadows,Data Architect,IC,9.4,David Ingram,VP Engineering,True,2,6,4,False,True,True,1.2,1.0,-0.2,0.51,51,26,6,4,Introduction: Phillips <> Tiger Data,18,2.2,8,3,4,,14,1,65,15,Stable,2,True,2,True,False,True,True,True,True,False,True,True,False,False,,,False,2,76.0,11,,,,Lost — price / budget. No additional detail.,Bar method kind road much someone future opportunity require trade question audience else but spend be song seem.,9.0,Pipeline,False,16-May-2026,True,,,,critical,Competitor Displacement,0.6,0.9,overdue,1.5,2.4886,3,Discount at 25.0% — above threshold of 16.0% | pricing_objection_raised = 1.00 (threshold: 0.50) | 2 pricing objections raised (threshold: 1),0,,0.0,0.6,0.0,0.0
PIPE-2127,"The Cobb, Patel and Baldwin",ACC-57064,,Mid-Market,Retail,Southeast,Rhonda Medina,REP-542,Michael Powers,,Full Bundle,Monthly,Event / Conference,Atlan,None / Greenfield,139600.0,139600.0,331400.0,0.0,False,<$50k,04-Apr-2026,,,11,2,1,,8.0,Discovery,Jessica Lynch PhD,Lead Data Engineer,IC,1.2,Courtney Reynolds,VP Operations,True,4,8,8,False,False,True,1.8,0.9,-0.9,0.25,57,14,0,4,Q4 pricing — URGENT,10,1.1,6,2,4,POC Review,13,4,95,-6,Contracting,1,False,0,False,True,False,False,True,True,,False,True,,True,6.0,,False,1,73.0,12,True,6.0,5.0,lost — champion left.. no additional detail..,,6.0,Pipeline,True,2026-04-21,,,,,healthy,Ghost Stall,0.2,0.2,mid,1.0,0.5411,1,Only 25% of emails getting replies (threshold: 39%),0,Rep notes suggest 'Champion Collapse' but behavioral signals point to 'Ghost Stall'. Investigate before intervening.,0.0,0.0,0.2,0.0
PIPE-2068,GilesandSons,ACC-53947,"Lloyd, Salazar and Campbell - Core Platform Monthly",Mid-Market,Technology,EMEA,Matthew Burton,REP-945,Judy Weaver,Victor Byrd,Core Platform,Monthly,PLG Expansion,Collibra,Fivetran,110400.0,96000.0,245600.0,0.13,True,,"February 11, 2026",,,8,5,1,,,Prospecting,Joseph Miller,Data Architect,IC,4.8,Laura White,COO,False,0,5,5,True,False,True,1.4,2.7,1.3,1.0,15,15,1,5,Quick question on the proposal,17,0.6,10,3,1,Demo,15,3,94,-10,Stable,2,True,1,True,False,False,False,False,False,False,True,False,,True,8.0,,True,0,69.0,13,False,4.0,73.0,Lost — security / compliance failed. No additional detail.,,6.0,Best Case,False,,,,,,healthy,Champion Collapse,0.0,0.0,overdue,1.5,0.0,0,,0,,0.0,0.0,0.0,0.0
PIPE-2136,"Henderson, Sullivan and Clark",ACC-73762,,Enterprise,Media,Southwest,Mr. Jimmy Wright,REP-394,Sherry Andrews,,Analytics Suite,Annual,Cold Email Sequence,Snowflake,Starburst,186900.0,157000.0,157000.0,0.16,False,$50k–$150k,24-Jan-2026,,,15,3,0,,,Negotiation,Brittany Ayala,Data Platform Lead,Manager,7.0,Lisa Owens,VP Engineering,False,3,8,1,False,True,False,1.1,7.01,5.91,0.82,51,42,3,2,Introduction: Tucker <> Tiger Data,4,2.9,2,5,3,Executive QBR,19,0,48,-24,Contracting,2,False,0,False,True,False,True,False,True,True,True,,False,False,,51.0,,1,58.0,23,True,,,New data lead came in and had a prior relationship with Snowflake.,,9.0,Commit,False,2026-05-12,False,,,Champion Collapse,critical,Champion Collapse,1.0,1.0,late,1.3,2.9801,6,Email response time has slowed by 5.9 days since deal start (threshold: 3.4d) | Champion engagement dropped 24 pts (threshold: -12) | Champion engagement at 48/100 — below healthy baseline of 54 | Last multi-thread touch was 19 days ago (threshold: 19d) | Only 1 stakeholder(s) engaged at midpoint (threshold: 3) | No executive sponsor engaged (required by this stage for recovery likelihood),0,Rep notes suggest 'Competitor Displacement' but behavioral signals point to 'Champion Collapse'. Investigate before intervening.,1.0,0.0,0.0,0.5
PIPE-2042,Walters Inc,ACC-99551,"Wilson, Decker and Luna - Full Bundle Multi-Year",SMB,Insurance,West,Michael Walker,REP-136,Jacqueline Bailey,,Full Bundle,Multi-Year,PLG Expansion,Atlan,,18700.0,16600.0,36600.0,0.22,False,<$50k,2026-01-30,,,20,6,2,12.0,5.0,Negotiation,Alan Wells,Lead Data Engineer,IC,2.6,Johnathan Dyer,CFO,True,3,2,1,,False,False,2.5,1.0,-1.5,0.45,29,13,2,14,[External] Re: Tiger Data POC,10,2.7,4,4,2,POC Review,6,1,65,9,Stable,3,True,2,True,False,True,True,True,False,True,True,True,,False,,62.0,False,0,62.0,5,,5.0,65.0,Lost — security / compliance failed. No additional detail.,Court imagine sea would serve thought main court executive alone law local TV section.,6.0,Commit,False,,True,,,Competitor Displacement,critical,Competitor Displacement,0.8,1.0,overdue,1.5,1.0543,4,Discount at 22.0% — above threshold of 16.0% | Deal has regressed 2 stage(s) (threshold: 2) | pricing_objection_raised = 1.00 (threshold: 0.50) | 2 pricing objections raised (threshold: 1),0,,0.167,0.8,0.0,0.0
PIPE-2110,Reese Inc LLC,ACC-82432,Simpson and Sons - Full Bundle Multi-Year,SMB,Education,Midwest,Sean Perez,REP-580,Brian Jimenez,,Full Bundle,Multi-Year,Partner Referral,Monte Carlo,dbt Labs,28100.0,28100.0,67300.0,0.0,True,$150k–$500k,04-Mar-2026,,,6,4,0,39.0,,Proposal Sent,Cynthia Jenkins,Analytics Engineer,IC,0.5,Christopher Hall,VP Operations,False,0,8,6,False,True,True,0.7,3.0,2.3,0.5,28,14,5,3,Checking in,8,2.6,10,2,4,Discovery,7,3,64,7,Contracting,0,False,0,True,True,True,False,False,False,,,True,,True,29.0,28.0,True,0,69.0,2,True,5.0,52.0,"Champion was IC level, couldn't drive the purchase alone.",Story animal follow firm least beautiful alone raise back should explain again know significant of.,9.0,Commit,True,12-May-2026,True,,,Exec Vacuum,critical,Exec Vacuum,1.0,1.0,late,1.3,1.3376,2,No executive sponsor engaged (required by this stage for recovery likelihood) | Only 0 economic buyer meeting(s) (threshold: 0),0,,0.167,0.0,0.0,1.0
PIPE-2089,The Weeks-Peterson,ACC-55434,Horne-Hernandez - Full Bundle Monthly,SMB,Manufacturing,Southwest,Katherine Wood,REP-141,Gabriel Castro,Eric Valdez,Full Bundle,Monthly,PLG Expansion,Alation,,29300.0,27200.0,77500.0,0.07,True,,28-Feb-2026,,,18,3,1,10.0,,Prospecting,Katie Weaver,Head of Data Engineering,Manager,,Robert Butler,COO,False,0,2,1,False,True,False,0.8,2.7,1.9,0.42,45,19,6,1,Introduction: Hughes <> Tiger Data,6,1.4,9,3,3,POC Review,8,4,69,-7,Contracting,0,True,1,True,True,True,True,False,True,False,False,True,False,False,,21.0,False,2,57.0,21,False,0.0,,Lost — chose competitor. No additional detail.,Perhaps class inside beat leave career including threat cut natural east always worry include wonder in.,10.0,Pipeline,True,"May 03, 2026",False,,,,healthy,Champion Collapse,0.0,0.0,late,1.3,0.0,0,,0,Rep notes suggest 'Competitor Displacement' but behavioral signals point to 'Champion Collapse'. Investigate before intervening.,0.0,0.0,0.0,0.0
PIPE-2072,"Nash,GonzalezandOwens",ACC-50920,"Butler, George and Wang - Analytics Suite Annual",SMB,Media,Southwest,Lauren Warren,REP-945,Matthew Nichols,Ashley Thompson,Analytics Suite,Annual,Executive Referral,Starburst,,18600.0,14100.0,14100.0,0.24,True,<$50k,"March 01, 2026",,,11,2,0,,,Proposal Sent,Robert Gonzalez,Analytics Engineer,IC,,Jared Huff,VP Engineering,False,0,4,1,False,,True,0.8,7.74,6.94,0.86,37,32,2,0,[External] Re: Tiger Data POC,14,1.9,4,5,2,POC Review,21,5,43,-22,Stable,0,False,0,,False,False,True,False,False,True,False,True,False,True,12.0,48.0,False,2,68.0,7,,5.0,72.0,lost — price / budget.. no additional detail..,Similar image from their interview before cup sit amount weight blue century themselves cup these say.,6.0,Best Case,False,,False,,,Champion Collapse,critical,Champion Collapse,1.0,1.0,mid,1.0,1.0508,6,Email response time has slowed by 6.9 days since deal start (threshold: 3.4d) | Champion engagement dropped 22 pts (threshold: -12) | Champion engagement at 43/100 — below healthy baseline of 54 | Last multi-thread touch was 21 days ago (threshold: 19d) | Only 1 stakeholder(s) engaged at midpoint (threshold: 3) | No executive sponsor engaged (required by this stage for recovery likelihood),0,,1.0,0.2,0.0,1.0
PIPE-2023,"FISCHER, ELLIOTT AND MORAN",ACC-21970,"Adkins, Duncan and Gonzalez - Analytics Suite Pilot",Enterprise,Logistics,Northeast,Frank Ortiz,REP-602,Brian Brown,John Costa,Analytics Suite,Pilot,LinkedIn Outbound,Monte Carlo,Alation,420600.0,332300.0,,0.21,,<$50k,18-Feb-2026,,,34,5,1,,17.0,Negotiation,Sierra Thompson,Senior Data Engineer,IC,7.2,Valerie Sharp,COO,True,2,8,8,,True,False,2.2,1.5,-0.7,0.24,16,3,21,20,fwd: technical review docs,10,1.5,6,0,1,POC Review,15,2,73,15,Expanding,0,False,0,True,True,False,True,False,False,,False,,False,True,12.0,,False,0,68.0,4,,2.0,15.0,Lost — wrong timing. No additional detail.,Decision up middle stage available health president easy different religious.,6.0,Pipeline,True,"May 11, 2026",True,,,Ghost Stall,critical,Ghost Stall,1.0,1.0,overdue,1.5,3.0,5,Last rep outreach was 21 days ago (threshold: 15d) | Deal has been stuck in current stage for 34 days (threshold: 28d) | Only 0 meetings in the last 30 days (threshold: 2) | days_since_last_activity = 20.00 (threshold: 14.00) | Only 24% of emails getting replies (threshold: 39%),0,,0.0,0.2,1.0,0.0
PIPE-2142,"Sanders, Lewis and Robertson Inc",ACC-36547,Thomas-Parker - Full Bundle Annual,Mid-Market,Media,EMEA,Kelsey Johnson,REP-646,,Brian Brooks,Full Bundle,Annual,Event / Conference,Collibra,,81800.0,74400.0,74400.0,0.29,False,>$500k,2026-02-07,,,3,3,2,,,Proposal Sent,Hannah Hoffman,Senior Data Engineer,IC,,Stephanie Adams,Chief Data Officer,False,0,3,2,False,False,False,1.4,1.6,0.2,0.88,59,52,4,13,,19,2.1,4,2,2,POC Review,7,2,72,12,Expanding,7,True,2,,True,False,True,False,True,,,True,False,False,,65.0,False,0,87.0,10,,,75.0,Snowflake offered a massive discount at the last minute. We couldn't match.,Fill no color community bit size line interest enter administration senior but cover.,6.0,Commit,False,03-May-2026,False,,,Competitor Displacement,critical,Competitor Displacement,1.0,1.0,mid,1.0,2.217,5,7 competitor mentions logged (threshold: 3) | Discount at 29.0% — above threshold of 16.0% | Deal has regressed 2 stage(s) (threshold: 2) | pricing_objection_raised = 1.00 (threshold: 0.50) | 2 pricing objections raised (threshold: 1),0,,0.333,1.0,0.0,1.0
PIPE-2092,Juarez Ltd,ACC-91041,,SMB,Energy,West,Jennifer Martinez,REP-742,Jerry Luna,Linda Jackson,Full Bundle,Multi-Year,LinkedIn Outbound,Snowflake,Fivetran,34100.0,26900.0,67800.0,0.32,False,,"March 29, 2026",,,8,2,1,,,Technical Validation,Steven Fisher,VP of Data,VP,0.6,Jason Brown,Head of Product,False,0,7,5,,True,True,2.0,1.5,-0.5,0.64,50,32,0,10,[External] Re: Tiger Data POC,9,2.5,5,1,4,,7,5,83,14,Stable,7,True,2,False,False,False,True,False,False,False,False,False,False,False,,90.0,True,2,81.0,11,True,0.0,,Lost — chose competitor. No additional detail.,Help reality begin provide quality father morning manage recently indicate state increase rest method office eight list.,9.0,Omitted,False,05/05/2026,,,,Competitor Displacement,critical,Exec Vacuum,1.0,1.0,mid,1.0,1.4839,2,No executive sponsor engaged (required by this stage for recovery likelihood) | Only 0 economic buyer meeting(s) (threshold: 0),0,Rep notes suggest 'Competitor Displacement' but behavioral signals point to 'Exec Vacuum'. Investigate before intervening.,0.167,0.8,0.2,1.0
PIPE-2103,"Johnson, Walker and Hartman, Inc.",ACC-65206,"Aguilar, Jimenez and Austin - Analytics Suite Annual",Mid-Market,Retail,Southwest,Laura Grant,REP-336,Stephen Cook,Matthew Simpson,Analytics Suite,Annual,LinkedIn Outbound,Starburst,,56900.0,56900.0,56900.0,0.0,False,<$50k,02/13/2026,,,4,2,0,,,Proposal Sent,Phillip Hughes,BI Lead,Manager,4.1,Maria Rogers,COO,False,3,6,1,False,True,False,1.9,9.39,7.49,0.84,43,36,1,5,fwd: technical review docs,14,1.9,9,3,2,POC Review,33,0,30,-22,Stable,2,False,0,False,False,False,False,False,True,,True,True,False,False,,38.0,False,1,91.0,20,False,,,Champion left the company. Couldn't rebuild the relationship in time.,Learn ten assume agreement can traditional management skill media blue after shake tough contain understand cover.,8.0,Best Case,True,,,,,Champion Collapse,critical,Champion Collapse,1.0,1.0,mid,1.0,1.9006,6,Email response time has slowed by 7.5 days since deal start (threshold: 3.4d) | Champion engagement dropped 22 pts (threshold: -12) | Champion engagement at 30/100 — below healthy baseline of 54 | Last multi-thread touch was 33 days ago (threshold: 19d) | Only 1 stakeholder(s) engaged at midpoint (threshold: 3) | No executive sponsor engaged (required by this stage for recovery likelihood),0,,1.0,0.0,0.0,0.5
PIPE-2067,"Castro and Sons, Inc.",ACC-27396,"Knox, Khan and Wilkins - Analytics Suite Monthly",Mid-Market,Education,Northeast,Jesse Klein,REP-392,Monica Jones,Brandi Thornton,Analytics Suite,Monthly,PLG Expansion,Starburst,Snowflake,86700.0,85000.0,,0.02,,$150k–$500k,"February 13, 2026",,,5,4,0,,,Prospecting,Andrew Brown,Analytics Engineer,IC,10.2,Benjamin Smith,VP Engineering,False,0,6,4,True,True,,0.7,2.7,2.0,0.82,51,42,8,3,Re: Follow up from our call,13,1.0,12,1,1,Demo,5,5,59,3,Expanding,1,False,0,False,True,False,True,True,True,False,False,True,False,False,,86.0,False,2,81.0,22,,4.0,69.0,never got above teh data team.. budget decision was above champion's level..,I these find yourself all court spend against western fine realize ready.,10.0,Best Case,True,05/12/2026,True,,,Exec Vacuum,healthy,Champion Collapse,0.0,0.0,late,1.3,0.0,0,,0,,0.0,0.0,0.0,0.0
PIPE-2025,Johnson Inc,ACC-32996,"Skinner, Edwards and Evans - Full Bundle Multi-Year",Enterprise,Media,APAC,James Edwards,REP-738,Kristin Hall,Jason Davis,Full Bundle,Multi-Year,Executive Referral,Collibra,None / Greenfield,272400.0,272400.0,766700.0,0.0,False,<$50k,"February 01, 2026",,,15,4,1,,,Negotiation,George Alvarado,Analytics Manager,Manager,6.2,Lucas Carlson,Chief Data Officer,False,0,3,2,False,True,False,0.9,1.6,0.7,0.27,26,7,3,6,[External] Re: Tiger Data POC,12,0.7,5,1,4,Pricing,4,1,65,-2,Contracting,1,False,0,True,False,False,True,True,True,,True,False,False,False,,,True,1,,7,,7.0,69.0,Lost — wrong timing. No additional detail.,Age week fine add long two culture way.,6.0,Best Case,False,,,,,,critical,Exec Vacuum,1.0,1.0,late,1.3,3.0,2,No executive sponsor engaged (required by this stage for recovery likelihood) | Only 0 economic buyer meeting(s) (threshold: 0),0,,0.333,0.0,0.4,1.0
